evaluation,offline_var_0,offline_var_1,offline_var_2,offline_var_3,offline_var_4,offline_var_5,offline_var_6,offline_var_7,offline_var_8,offline_var_9,offline_var_10,offline_var_11,offline_var_12,offline_var_13,offline_var_14,offline_var_15,offline_var_16,offline_var_17,offline_var_18,offline_var_19,offline_var_20,offline_var_21,offline_var_22,offline_var_23,offline_var_24,offline_var_25,offline_var_26,offline_var_27,offline_var_28,offline_var_29,offline_var_30,offline_var_31,offline_var_32,offline_var_33,offline_var_34,offline_var_35,offline_var_36,offline_var_37,obj_Maximize_Volume,con_Maintain_L/D_Ratio,38_DV_Model_cl,38_DV_Model_cd,38_DV_Model_Volume,38_DV_Model_CL,38_DV_Model_CD,38_DV_Model_K,38_DV_Model_-CL,38_DV_Model_-CD,38_DV_Model_-K,convergence_metric,acqf_value
1,0,0,0,0,0,0,0,0,0,0,0,0,0,0,0,0,0,0,0,0,0,0,0,0,0,0,0,0,0,0,0,0,0,0,0,0,0,0,9.067777351,0.045322136,4.122615646,0.909625194,9.067777351,4.122615646,0.909625194,4.532213566,-4.122615646,-0.909625194,-4.532213566,0.082194207,
2,0.168458652,0.262021869,0.070524668,0.155174752,0.239808688,-0.06801682,0.106810849,-0.100828017,0.026505446,-0.178719901,-0.13780107,-0.134914397,0.142416645,0.43925377,0.306755999,0.116545156,-0.036114364,0.167568327,0.023408705,0.030373601,0.064862961,0.000963322,0.259965957,0.038625563,0.139954919,0.153160257,-0.032104003,-0.022541194,0.090582646,0.062066786,-0.055171974,0.099559403,0.033782294,-0.138558189,0.014104135,-0.139572293,-0.008444005,-0.011412035,10.73063121,-0.365255205,3.603446418,0.874275705,10.73063121,3.603446418,0.874275705,4.121636226,-3.603446418,-0.874275705,-4.121636226,0.082194207,
3,-0.020710511,0.026502603,0.041796163,-0.238252932,-0.169356651,0.046692003,-0.049482557,0.114898937,-0.189171291,-0.006011859,-0.054515563,-0.031188252,0.499252375,0.017268782,0.074411275,0.316656488,0.244107117,0.082762805,0.27734463,0.271080481,0.238817145,0.2420483,-0.020313201,0.233112463,0.045677286,0.027133309,0.103583855,0.119723093,8.59E-05,0.021660128,0.090349565,-0.061853617,-0.146158371,-0.074120617,-0.101896245,-0.019166588,-0.107614532,-0.046478269,13.65804629,-0.963790857,4.077933936,1.157484395,13.65804629,4.077933936,1.157484395,3.523100574,-4.077933936,-1.157484395,-3.523100574,0.082194207,
4,0.065858411,0.102883111,0.170931241,0.290464809,-0.061105416,0.198613024,0.027379993,0.048595531,-0.122996845,-0.034652331,0.020680727,0.006803117,0.027898781,0.20819357,-0.075430683,-0.07842997,0.268469045,0.321187337,0.280248489,0.110960804,-0.031009521,0.169467801,0.137854441,0.07963008,0.194020351,0.043894984,0.051538435,0.175252514,0.148180607,-0.001551442,-0.024834603,0.020618031,-0.014283655,0.014485704,-0.168271119,-0.023068439,-0.021678151,-0.027749334,10.87710861,-0.431032884,3.339121935,0.823283627,10.87710861,3.339121935,0.823283627,4.055858547,-3.339121935,-0.823283627,-4.055858547,0.082194207,
5,0.289213419,-0.030942928,-0.082297244,-0.107790107,0.100276569,-0.113945326,-0.119368794,-0.032672782,-0.043873213,-0.080392233,-0.07856802,-0.080069915,0.309553913,0.099308017,0.397467208,0.271467108,0.149111667,-0.073192308,0.058174854,0.347209038,0.139184599,0.061570362,0.12244814,0.191929232,-0.015149518,0.135539991,0.177031338,0.04750302,0.057729966,0.077875924,0.03315813,-0.033580252,-0.098690667,-0.165280227,-0.055880946,-0.072072549,-0.059596249,-0.088410739,12.6176164,-0.588945942,3.84181377,0.985599666,12.6176164,3.84181377,0.985599666,3.897945488,-3.84181377,-0.985599666,-3.897945488,0.082194207,
6,0.374899799,0.149507662,-0.018935628,-0.023031595,0.054799894,-0.037015457,0.07034445,0.009654316,-0.068163108,0.044443335,0.005024709,-0.089714311,-0.041700761,-0.03847403,0.360558405,0.168191194,0.067666056,-0.001410434,0.390445451,-0.024181256,0.121631988,0.017874077,0.182300805,0.144579973,0.018689257,0.089679208,0.034496752,0.093214374,0.072340136,0.046571726,-0.029070648,0.05201477,-0.127907638,-0.004171832,-0.124189181,0.016256002,-0.090190283,-0.074362936,10.98626184,-0.079075969,3.537248494,0.802494688,10.98626184,3.537248494,0.802494688,4.407815462,-3.537248494,-0.802494688,-4.407815462,0.082194207,
7,0.048250644,-0.084165891,0.102219213,0.197125872,-0.094710348,0.052759784,-0.09040041,-0.025706747,-0.029511147,-0.159089076,-0.097914295,0.014363104,0.201199703,0.383520284,0.024693239,0.038899317,0.349500453,0.393999618,0.13636376,0.212900317,0.292509417,0.195695986,0.079517088,0.127155402,0.170422589,0.090823979,0.161925524,0.011600792,-0.018197551,0.037125592,0.012734756,-0.089208873,-0.059107904,-0.183474975,-0.0064435,-0.11794933,0.008967219,-0.040960388,13.24313274,-0.901553819,3.574147742,0.996878991,13.24313274,3.574147742,0.996878991,3.585337612,-3.574147742,-0.996878991,-3.585337612,0.082194207,
8,-0.141241614,0.213500324,-0.039780721,-0.149204742,-0.238239429,0.104929982,0.131679575,-0.076990593,0.039222348,-0.131182535,-0.105720465,-0.037672308,0.072832817,0.192599493,0.106689257,0.363091156,0.163102486,0.153238972,-0.054004212,0.04564705,-0.000365909,0.111090315,0.215839844,0.270509654,0.072887955,0.196771265,-0.015091627,0.073663661,0.11021252,-0.01701717,-0.097039079,0.030699004,-0.175466823,-0.098885446,-0.062080644,-0.10065709,-0.077003064,-0.059685707,12.10452678,-0.79353168,4.144217455,1.122072512,12.10452678,4.144217455,1.122072512,3.693359751,-4.144217455,-1.122072512,-3.693359751,0.082194207,
9,0.219568355,0.081519985,0.156119855,0.074707001,0.167168217,-0.182708872,-0.001239248,0.062848548,-0.132692387,-0.054130802,-0.031741369,-0.124896654,0.390919028,0.301475724,0.20253757,0.084130963,0.045255829,0.237014096,0.168217019,0.285754482,0.172905677,0.079521304,0.0229376,0.001052146,0.109686965,-0.017126638,0.118718981,0.141693696,0.019802888,0.093370792,0.056870726,-0.018712883,-0.011133435,-0.033985198,-0.1762021,-0.064789532,-0.039072407,0.00263886,12.15101526,-0.499187489,3.48039849,0.872782569,12.15101526,3.48039849,0.872782569,3.987703942,-3.48039849,-0.872782569,-3.987703942,0.082194207,
10,0.261251468,0.137703319,-0.059047762,0.182717886,-0.146454532,-0.131134204,0.04236104,0.015285349,-0.097325434,-0.10162712,-0.016888397,-0.149882764,0.247748566,0.158916109,-0.049981602,0.195035666,0.296064964,-0.042922313,0.361800168,0.147690572,0.090137387,0.209489249,0.240534027,0.166917238,0.1553535,0.162467923,0.077054294,-0.000213858,-0.022377387,-0.008041329,-0.049670308,-0.038751294,0.047338247,-0.019491971,-0.088955063,-0.09384751,0.017746954,-0.095452045,12.16847176,-0.351222245,3.45424758,0.835233048,12.16847176,3.45424758,0.835233048,4.135669186,-3.45424758,-0.835233048,-4.135669186,0.082194207,
11,-0.0995385,-0.046982504,0.138025027,-0.007412668,0.200267405,0.153454236,-0.09970771,-0.001351566,-8.49E-05,-0.020787057,-0.119125632,-0.017511916,-0.069458606,0.335617616,0.440648741,-0.001399084,0.114183095,0.292787389,0.104078121,0.385810079,0.258625627,0.037922714,-0.000732441,0.104807842,0.005422456,0.017176684,-0.036750825,0.097556642,0.068077457,0.091755789,0.008331492,0.00081334,-0.163879151,-0.198570826,0.022923428,-0.045051922,-0.098832542,-0.020839233,12.57054477,-0.764361657,4.070582403,1.093498951,12.57054477,4.070582403,1.093498951,3.722529774,-4.070582403,-1.093498951,-3.722529774,0.082194207,
12,0.020074924,0.27713539,-0.000757538,0.055736058,0.091985563,0.00143475,0.122231825,-0.067618399,0.069038516,0.011248575,-0.08306152,-0.007724493,0.36258067,-0.072742542,0.246961805,0.389352875,-0.002015461,0.052494896,-0.026291639,-0.008201005,0.036605493,0.094137413,0.211098742,0.290203441,0.094007616,0.055349036,0.191869547,0.167560749,0.035223388,0.048204293,-0.080351718,-0.065853321,-0.03198422,-0.11042724,-0.036266972,0.001499763,-0.047851208,-0.053193746,10.85311262,-0.691870433,3.535328842,0.931570298,10.85311262,3.535328842,0.931570298,3.795020997,-3.535328842,-0.931570298,-3.795020997,0.082194207,
13,0.346813309,-0.009243648,0.121564945,-0.12956754,-0.006891942,-0.085107418,-0.029381532,0.083447921,-0.162246268,-0.188731562,-0.008380258,-0.067006742,0.119971318,0.417076764,0.065535059,0.043249354,0.21577905,0.195969971,0.199553415,0.234376809,0.201333673,0.132499351,0.049012338,-0.018631172,0.058996975,0.125154131,0.067877084,0.05526808,0.125718629,0.028167386,0.065184742,0.078583382,-0.085116881,-0.045751288,-0.151769686,-0.119111823,-0.068359873,-0.004605584,12.34524878,-0.588387746,3.929574891,1.007970034,12.34524878,3.929574891,1.007970034,3.898503685,-3.929574891,-1.007970034,-3.898503685,0.082194207,
14,0.32910379,0.223807273,0.189023642,-0.188580458,-0.086395512,-0.162499932,0.078673152,-0.106435059,0.013415614,-0.063597117,-0.070915348,-0.1044412,0.452120766,0.241878524,0.167005064,0.156841844,0.196811461,0.268278293,-0.008054109,0.096879057,0.05812778,0.228531678,0.168356686,0.018273649,0.032298208,0.064541641,0.143685429,0.131336418,0.004351548,0.006458787,-0.071818844,-0.009834834,-0.110432003,-0.121443101,-0.026502365,-0.042802206,-0.116380408,0.009676812,12.05245528,-0.893017679,3.476739802,0.967407328,12.05245528,3.476739802,0.967407328,3.593873752,-3.476739802,-0.967407328,-3.593873752,0.082194207,
15,0.105863057,0.037685905,-0.063037203,0.10616851,0.000682698,0.147068897,-0.058925707,0.090538528,-0.17634562,-0.113369021,0.011667993,0.027578377,0.170757317,0.065167978,0.210862721,0.289810074,0.016537925,0.123844821,0.249754671,0.338857647,0.223539226,-0.019363013,0.093652364,0.253453958,0.124773441,0.114893366,0.021560464,-0.026623595,0.09475955,0.077284814,0.082094126,0.046796779,-0.07290662,-0.05722993,-0.140238305,-0.078875615,0.000186529,-0.066599162,12.47501841,-0.620280426,3.708413012,0.959086137,12.47501841,3.708413012,0.959086137,3.866611004,-3.708413012,-0.959086137,-3.866611004,0.082194207,
16,-0.048461307,0.192620753,0.051181084,-0.053554373,0.144181259,0.094802138,0.018068116,0.039232684,-0.110832527,-0.14564743,-0.046863088,-0.052485357,0.337304937,0.473522999,0.334558392,-0.037546418,0.095651905,0.362737107,0.312638521,-0.077255814,-0.018797874,0.04669361,0.283639162,0.056634728,-0.02892844,0.17378008,0.125269865,0.021844607,0.042220951,0.062675076,-0.004298304,-0.082281889,-0.18928581,0.027822323,-0.188690944,-0.138392926,-0.050829175,-0.034241558,12.43861231,-1.328977863,3.720525033,1.178159235,12.43861231,3.720525033,1.178159235,3.157913568,-3.720525033,-1.178159235,-3.157913568,0.082194207,
17,0.140752889,-0.095193831,0.023624785,0.237440058,-0.198733404,-0.016710145,-0.147356799,-0.053292031,-0.056300075,0.022777323,-0.146813604,-0.111416292,-0.018652332,-0.01628727,-0.017966565,0.245207101,0.314961717,0.027985802,0.086704903,0.161696804,0.149007724,0.148318349,-0.045010222,0.214934849,0.178453168,0.006513514,0.009534347,0.193380906,0.132763012,0.013667006,0.037528684,0.070063613,0.00632431,-0.151719203,-0.071344798,-0.004396146,-0.030307484,-0.081166033,11.33032306,-0.38888492,3.743062187,0.9133861,11.33032306,3.743062187,0.9133861,4.098006511,-3.743062187,-0.9133861,-4.098006511,0.082194207,
18,0.154227732,0.170804191,0.133420371,-0.165924628,0.120598083,0.127611485,-0.041707465,0.033296907,-0.006773399,-0.162535609,-0.14283883,-0.083625777,0.411804282,-0.048224877,0.420149949,0.1063298,0.25783532,0.060116403,0.29576147,0.013350607,0.270715593,0.121488947,-0.028333899,0.237807237,0.051494645,0.189572341,-0.004737956,0.186280537,0.062113212,0.073071835,-0.032445875,0.008370348,0.037916734,-0.010191234,-0.083931756,-0.051036341,-0.016624692,-0.014725407,11.95626473,-0.959884745,4.114808278,1.166657352,11.95626473,4.114808278,1.166657352,3.527006685,-4.114808278,-1.166657352,-3.527006685,0.082194207,
19,-0.069321404,-0.118650918,-0.045077825,0.092294263,-0.034282756,-0.161357178,0.097134528,-0.047502941,-0.086425025,0.039176702,-0.03989979,0.008868633,0.056613926,0.355047529,-0.033708122,0.325454011,0.127301161,0.21969956,0.043582783,0.250710429,0.099794164,0.092182931,0.290171622,0.011206188,0.131385051,-0.009062242,0.107636317,0.029025592,-0.027638395,0.003182019,0.022421428,-0.045529343,-0.158668128,-0.175597151,-0.197640097,-0.087109153,-0.067105202,-0.050059641,12.76682126,-0.714301443,3.481132209,0.92274332,12.76682126,3.481132209,0.92274332,3.772589988,-3.481132209,-0.92274332,-3.772589988,0.082194207,
20,0.120368059,0.244649714,0.107451626,-0.039479131,-0.172016031,-0.007876703,-0.13064471,-0.116090046,-0.156281574,-0.048674045,0.013183167,-0.045901821,0.227074265,0.164784542,0.0470809,-0.058158922,-0.040342222,-0.020596816,0.038806053,0.127836931,0.194835524,0.005420658,0.087119898,0.196762531,-0.002116656,0.076440242,0.039730588,-0.033980444,0.119744028,0.016943781,-0.088132577,0.086634711,-0.04084558,-0.090552337,-0.131236857,-0.125517804,-0.012129772,-0.030902046,10.86423273,-0.305058994,4.1096141,0.982730456,10.86423273,4.1096141,0.982730456,4.181832437,-4.1096141,-0.982730456,-4.181832437,0.082194207,
21,0.309361971,0.063450121,0.003992785,0.21498549,0.227048704,0.08012352,0.035877095,0.100105378,0.058862029,-0.127804304,-0.060795967,-0.12152116,-0.053520276,0.292382682,0.260922224,0.250743249,0.229190603,0.299005261,0.262871712,0.367783972,0.021527941,0.185360985,0.151680377,0.052429609,0.192711606,0.10321127,0.157421155,0.138729747,0.029950822,0.066888047,0.054275669,-0.074686658,-0.079345705,-0.040474782,-0.01397526,0.00847838,-0.106384257,-0.092153608,12.17125231,-0.422100463,3.286426232,0.808510513,12.17125231,3.286426232,0.808510513,4.064790968,-3.286426232,-0.808510513,-4.064790968,0.082194207,
22,0.361209145,0.296488262,-0.077146524,0.274000524,0.177675332,0.171057686,-0.080075173,-0.062165933,-0.169788668,-0.003663818,-0.009588321,-0.128367401,0.2886113,0.449015075,0.228912407,0.189321257,0.160265565,0.341309127,-0.069398885,-0.037344856,0.21701934,0.17665939,0.04384385,0.089122264,0.15837564,0.040013102,0.053847382,0.063045616,0.100026064,0.088479136,-0.057864504,0.043530568,-0.11645776,-0.130743898,-0.146412942,-0.08486226,-0.084512158,-0.077864447,11.14597432,-0.421094549,3.137514785,0.771685078,11.14597432,3.137514785,0.771685078,4.065796882,-3.137514785,-0.771685078,-4.065796882,0.082194207,
23,0.000173717,0.005187449,0.193776822,-0.089913723,-0.232959928,-0.142892478,0.063090458,0.078141691,0.002646869,-0.174307968,-0.092873791,-0.03552172,0.044138589,0.045733365,0.153176504,0.019158759,0.02821611,0.020866755,0.182690781,0.203640176,0.043029115,0.066522274,0.195786412,0.15989381,0.021025943,0.140273981,0.173506294,0.159644054,0.010321276,-0.012254193,0.099158593,-0.005789664,-0.062350358,-0.080203556,-0.034449903,-0.036067288,-0.034019073,-0.044300799,11.69747318,-0.53559081,4.098930442,1.037362336,11.69747318,4.098930442,1.037362336,3.95130062,-4.098930442,-1.037362336,-3.95130062,0.082194207,
24,-0.086189607,0.120965194,0.019013845,0.138438108,-0.122695375,-0.089164349,-0.010403685,0.024457019,-0.0623963,-0.084750631,-0.123495261,-0.000435537,0.47336218,0.236000348,0.002396182,0.353881032,0.058813671,0.259755612,0.374931625,0.058898131,0.161118468,-0.003916564,0.014579906,-0.036764636,0.104673159,0.150113416,-0.018825205,0.105063288,0.138041083,0.032380243,-0.015245403,0.063962384,-0.195688766,0.007947483,0.021158655,-0.010800385,-0.088960133,-0.063455197,13.05671406,-0.724770912,3.639241506,0.967337832,13.05671406,3.639241506,0.967337832,3.762120518,-3.639241506,-0.967337832,-3.762120518,0.082194207,
25,0.240248767,-0.062080104,0.065145879,-0.220648915,0.036252016,0.023806339,0.142452813,-0.010435563,-0.10052438,-0.037175757,-0.024246552,-0.076406189,0.154288512,0.108411515,0.318685198,0.093824056,0.326738156,0.10101275,0.150953157,0.294986074,-0.009119694,0.235056525,0.245702511,0.285954285,0.082219234,0.029315107,0.09152163,-0.007932618,0.048201036,0.051480954,0.02968543,-0.076962666,0.016503373,-0.156995756,-0.094371659,-0.131411355,0.005281309,-0.000432736,12.48050301,-0.611964527,3.697484852,0.954207639,12.48050301,3.697484852,0.954207639,3.874926903,-3.697484852,-0.954207639,-3.874926903,0.082194207,
26,0.20835105,0.202453067,0.037193201,-0.071349085,-0.027003146,0.072287977,-0.108204803,-0.082765111,-0.198819169,-0.114925189,-0.033259257,-0.097176282,-0.002410444,0.270122828,0.090250915,0.207509643,-0.024558068,0.330448511,-0.040876187,0.134600062,0.24544383,0.054907995,0.029471555,0.109480432,0.007583796,0.184443561,0.135625171,0.148980651,-0.005176074,0.032912734,-0.063009816,-0.053905945,0.020196311,-0.115360158,-0.181614862,-0.011973117,-0.04279775,-0.098952926,11.5783093,-0.69254881,3.86675807,1.019085111,11.5783093,3.86675807,1.019085111,3.794342621,-3.86675807,-1.019085111,-3.794342621,0.082194207,
27,-0.118073626,0.072113253,0.084492915,0.253956756,0.065441847,-0.037449645,0.053636946,0.068769637,0.03194173,-0.07087213,-0.115842616,0.023940873,0.31636926,0.074708716,0.286426819,-0.015290923,0.207439242,-0.050162822,0.215088165,0.376418375,0.079983016,0.154431776,0.23251766,0.13954594,0.143145232,-0.005015071,-0.001554233,0.066193634,0.084618761,0.043295066,0.079401596,0.090829731,-0.145112294,-0.065044221,-0.063841582,-0.146177751,-0.075868823,-0.024179437,11.96073238,-0.396817776,3.628656604,0.887186127,11.96073238,3.628656604,0.887186127,4.090073655,-3.628656604,-0.887186127,-4.090073655,0.082194207,
28,0.035919256,0.161426502,-0.096412297,-0.206102797,0.203144722,-0.191027062,-0.019705214,0.000102042,-0.032448762,0.030120637,-0.101886353,-0.059014657,0.182626969,0.482552142,0.411329256,0.372422444,0.280318734,0.188257824,0.347334315,0.004684627,0.127223169,0.222627929,0.062839274,-0.013765661,0.068503602,0.074316418,0.148917095,0.018661224,0.052457721,0.096647446,-0.007771003,-0.025919587,-0.027271439,0.019537857,-0.004622819,-0.065134806,0.014061183,-0.056963446,13.42350757,-0.929411163,4.05106392,1.138745296,13.42350757,4.05106392,1.138745296,3.557480268,-4.05106392,-1.138745296,-3.557480268,0.082194207,
29,0.397033432,-0.077168826,0.175683298,0.122957575,-0.133423218,0.119872694,0.114456741,-0.01606645,-0.130210082,-0.144281384,-0.001935821,-0.107065171,0.426223493,0.011445439,-0.093513857,0.059726945,0.112346771,0.089684437,0.119497694,0.243915379,-0.040623793,-0.027513105,0.175766831,0.262944844,0.089155128,0.105970633,0.017061596,0.085985735,0.142204954,-0.012804305,0.047117884,0.013736321,-0.09704639,-0.145180984,-0.118828824,-0.029267947,-0.097602265,-0.007677806,10.96299811,-0.488423738,3.338485696,0.834941271,10.96299811,3.338485696,0.834941271,3.998467693,-3.338485696,-0.834941271,-3.998467693,0.082194207,
30,0.276739427,0.103268959,0.088107017,0.038196948,-0.209014957,0.028427174,-0.069698956,0.053916466,-0.019731862,-0.020325558,-0.074201105,-0.141676427,0.103745651,0.130661635,0.010699332,0.140777767,0.080906107,0.131578843,0.327105218,0.080163044,0.280526208,0.103512049,0.107136974,0.215476347,0.116266701,0.05582044,0.194180129,0.039897491,-0.012228187,0.018383353,-0.039983635,-0.095206441,-0.130256596,-0.027369797,-0.043350008,-0.110757841,-0.058338267,0.006363229,12.17669749,-0.442659989,3.561790549,0.880708881,12.17669749,3.561790549,0.880708881,4.044231442,-3.561790549,-0.880708881,-4.044231442,0.082194207,
31,0.087866093,-0.025635305,-0.014179572,-0.112761719,0.139165451,-0.056376508,0.087837599,-0.038139839,-0.073731179,-0.095202988,0.028036113,-0.020910543,0.383463433,0.326084766,0.379046052,0.307263684,0.311392691,0.231066763,0.071288005,0.318122146,0.111996646,0.144002796,0.132687114,0.033547494,0.038164665,0.123831091,0.064346123,0.182865473,0.077607658,0.057853816,0.004956265,0.057230334,-0.044874367,-0.192551419,-0.159265838,0.009647187,-0.025254152,-0.070181159,13.51489698,-0.812817806,3.677750158,1.001000669,13.51489698,3.677750158,1.001000669,3.674073625,-3.677750158,-1.001000669,-3.674073625,0.082194207,
32,-0.032087205,0.259123804,0.151511752,0.164906425,0.028870409,-0.110202721,-0.140102798,-0.091729318,-0.143985436,-0.19498031,-0.053304784,-0.013833811,-0.081271488,-0.081763798,0.186297643,-0.024059869,0.176440696,-0.009697309,0.006527764,-0.060511249,0.179553099,0.19805876,-0.015145886,0.177072568,0.177081299,0.168925709,0.090330922,0.111934722,0.025784024,0.082088903,-0.082946775,-0.022082756,-0.178231139,-0.103937658,-0.110841783,-0.057849968,-0.115150256,-0.03739364,10.24868443,-0.506957874,4.218337155,1.059901402,10.24868443,4.218337155,1.059901402,3.979933557,-4.218337155,-1.059901402,-3.979933557,0.082194207,
33,0.19151746,0.021964023,-0.025818762,0.009120796,-0.067561063,0.175776415,0.00774287,0.105712679,0.046303797,0.010733544,-0.12798603,-0.061533012,0.273625476,0.389333884,0.127154496,0.23220355,0.006855824,0.369999491,0.234219077,0.182344828,0.014775594,0.028749095,0.275277135,0.072109304,-0.015944675,0.011584409,-0.04880755,-0.014643166,0.115490269,0.001725326,0.074091244,0.034847831,0.002684744,-0.054084392,0.001520792,-0.1068534,-0.003499383,-0.084908695,12.19764362,-0.748220132,3.385593154,0.905560528,12.19764362,3.385593154,0.905560528,3.738671298,-3.385593154,-0.905560528,-3.738671298,0.082194207,
34,0.176717475,0.096064124,-0.003591959,-0.228534296,0.161741971,0.116031228,-0.126011677,0.073201148,-0.084968646,-0.171200105,-0.096413088,0.025158013,-0.079597008,0.142559686,-0.010531937,0.132370252,0.035256543,0.175448734,0.156368777,0.274197858,-0.024780326,0.212565444,0.171662762,0.184628074,0.101826445,0.182045364,-0.007831011,0.045759871,0.075794872,0.029990869,0.06870542,-0.056829731,-0.117887454,-0.099723103,-0.193307308,-0.008452025,-0.062143515,-0.090257596,11.47077544,-0.764661189,4.448974455,1.195244293,11.47077544,4.448974455,1.195244293,3.722230242,-4.448974455,-1.195244293,-3.722230242,0.082194207,
35,-0.046828754,-0.037762316,0.119755964,0.12895833,-0.247453877,-0.19341887,0.031221514,-0.089108773,-0.012672996,0.001515536,0.003515148,-0.101229229,0.239182832,0.314620105,0.322911348,0.298856087,0.153103198,0.095476047,0.384088273,0.034309186,0.153613421,0.034812644,0.066922015,0.085636713,0.081166357,-0.002395504,0.111701456,0.173270785,-0.013231387,0.053721422,-0.085408376,0.093753564,-0.064694779,-0.049308956,-0.08097322,-0.129064254,-0.021417835,-0.029435151,13.40231501,-0.528347792,3.657360311,0.923915623,13.40231501,3.657360311,0.923915623,3.958543639,-3.657360311,-0.923915623,-3.958543639,0.082194207,
36,0.074115699,0.268325318,-0.057346923,-0.080098729,-0.107952271,-0.047734024,-0.046358564,-0.02096818,0.056126548,-0.042232569,-0.027456877,-0.113925948,0.110107463,-0.093844563,0.241862487,-0.032467562,0.333729757,0.335768537,0.177268753,0.344238068,0.053171113,0.097584799,0.225677584,0.228493617,0.163018018,0.070227969,0.042975606,0.121529385,0.105330925,0.086235946,0.000983816,-0.035483643,-0.197194607,-0.023063671,-0.01816737,-0.082579909,-0.110255738,-0.051491315,12.80953265,-0.867055324,3.726848405,1.029562747,12.80953265,3.726848405,1.029562747,3.619836106,-3.726848405,-1.029562747,-3.619836106,0.082194207,
37,0.263097758,0.032805663,0.141040354,0.281148432,0.053399218,0.063866543,0.101772184,0.006912378,-0.149563522,-0.08798007,-0.110018626,-0.049362675,0.353703841,0.400688918,0.148955626,0.223796231,0.051895364,-0.063443553,-0.078578416,0.106936828,0.229850953,0.129086833,0.036290302,0.041929161,0.027465581,0.110280478,0.153203607,-0.020505528,0.016264268,-0.009867583,-0.040641965,0.023300424,0.013960873,-0.187908759,-0.134111665,-0.033783678,-0.008431103,-0.016586199,10.59445795,-0.019145799,3.353449627,0.750590992,10.59445795,3.353449627,0.750590992,4.467745632,-3.353449627,-0.750590992,-4.467745632,0.082194207,
38,0.383828442,0.219908901,0.057562314,0.224279856,0.101676292,0.184391354,-0.015039303,-0.044919067,0.00961788,0.036436687,-0.058822033,-0.019317432,0.18095028,0.258228632,0.042865261,0.215946626,0.132950517,-0.015019611,0.257457003,0.208884389,0.031648577,0.225177801,0.268458768,-0.006207567,-0.006871255,0.059962566,0.058038073,0.147332679,0.091234575,0.015468572,0.046459553,-0.091892362,0.039399832,0.017117319,-0.029921292,-0.128451499,-0.0389573,-0.002328905,10.40462591,0.125753923,3.300660805,0.715567869,10.40462591,3.300660805,0.715567869,4.612645353,-3.300660805,-0.715567869,-4.612645353,0.396175664,
39,0.022806402,0.087928162,0.031319361,-0.031812682,-0.047864447,-0.100114893,0.147102374,0.058849304,-0.172316463,-0.167103353,-0.133481016,-0.146055944,0.460668489,0.086159244,0.273877541,-0.006854307,0.252307898,0.383278838,0.029648493,-0.027145199,0.207645817,-0.015974254,-0.008306181,0.276474842,0.186159747,0.119467608,0.170287687,0.079067796,0.002255156,0.068272628,-0.011743454,0.053916303,-0.15614837,-0.148162403,-0.144098819,0.005545934,-0.079678471,-0.064921935,12.68780012,-1.043374475,3.486421386,1.01245948,12.68780012,3.486421386,1.01245948,3.443516956,-3.486421386,-1.01245948,-3.443516956,0.396175664,
40,-0.132311357,0.142788686,0.181508902,0.08496303,-0.16014125,-0.054177826,-0.075420918,0.112028893,-0.106208032,-0.123114494,-0.080047333,-0.068725886,-0.008769894,0.494629053,0.424381337,0.380859149,0.234498286,0.144386554,0.04900573,0.289683385,0.084154851,0.043505709,0.12860467,0.122495111,0.054453581,0.171377557,-0.022924812,0.005787059,0.146101108,0.071684491,0.076939994,-0.012908898,-0.039408147,-0.117872282,-0.099265135,-0.054080159,0.009125063,-0.042869281,12.97125782,-0.663406205,4.037706057,1.056027634,12.97125782,4.037706057,1.056027634,3.823485226,-4.037706057,-1.056027634,-3.823485226,0.396175664,
41,0.194121466,-0.090885268,-0.069525362,-0.175956467,0.245235899,0.03246481,0.058459394,-0.096188278,-0.060695218,-0.04605513,0.022168308,-0.0038113,0.346126634,0.000104537,-0.046631005,0.06816374,-0.045723198,0.225272881,0.304940083,0.04875695,0.263231906,0.151472358,0.111240756,0.147925015,0.132550151,0.008911177,0.094648707,0.087633717,0.056987631,0.004654507,-0.06839564,0.025674022,-0.076993544,-0.067892879,0.018536617,-0.09015422,-0.092703613,-0.076003498,12.0369645,-0.715732373,3.685215769,0.977210378,12.0369645,3.685215769,0.977210378,3.771159057,-3.685215769,-0.977210378,-3.771159057,0.396175664,
42,0.235133195,0.284364456,0.164588607,0.016921326,-0.19330144,0.084086567,-0.024337997,-0.050531801,0.03020441,-0.094046898,0.007358867,0.016080787,0.489077696,0.460360398,0.182071432,0.180913556,0.305743337,-0.033872034,0.225061457,0.397318392,-0.004969197,-0.002458293,0.153053492,-0.028550052,0.172830041,0.191943301,0.132378265,0.053436306,0.009230226,0.083483561,0.025665005,0.005056292,-0.13554322,0.003749141,-0.068704939,-0.055554749,-0.070838934,-0.009678621,12.57120469,-0.614120845,3.625437506,0.936135365,12.57120469,3.625437506,0.936135365,3.872770586,-3.625437506,-0.936135365,-3.872770586,0.396175664,
43,-0.091279627,-0.002014183,-0.089957795,0.174334873,0.153389988,-0.005606477,0.119112715,0.034483145,-0.19316761,-0.013199204,-0.066597951,-0.093628966,0.1338872,0.033661161,0.140082547,0.010751376,0.086433528,0.304330743,0.001113002,0.158145994,0.178885202,0.245503742,0.08576811,0.298807063,-0.02198966,-0.011654547,0.002669039,0.165491783,0.098301086,0.000245524,-0.01595171,-0.042215335,-0.051196221,-0.161754979,-0.184263731,-0.104556922,-0.047659095,-0.058535144,11.68500181,-0.567969408,3.505026259,0.894385303,11.68500181,3.505026259,0.894385303,3.918922022,-3.505026259,-0.894385303,-3.918922022,0.396175664,
44,-0.006040702,0.131810038,0.078073439,-0.122659469,0.013918901,-0.151389597,-0.103553525,0.10266036,-0.127720114,0.003728795,-0.148290261,-0.123089677,0.299653191,0.22454539,0.014920279,0.34547361,0.00154814,0.065906212,0.080466678,0.222956886,0.115322833,0.166348714,0.299741986,0.102816746,0.118722516,0.080555141,0.152012067,0.099215549,0.03876913,0.019865876,0.093822267,0.07746083,-0.18368536,-0.135075,-0.114273382,-0.108401793,-0.101541952,-0.022639606,12.54024098,-0.888838906,3.981616192,1.106603132,12.54024098,3.981616192,1.106603132,3.598052524,-3.981616192,-1.106603132,-3.598052524,0.396175664,
45,0.355070567,-0.052875385,0.048322918,0.030999805,-0.084989116,0.136349717,0.048999612,-0.11681327,-0.03944523,-0.196258972,-0.045372851,-0.041497666,0.019058799,0.120300996,0.366096035,0.085416495,0.181821674,0.206888612,0.332528219,-0.018802831,0.29746332,0.064654499,-0.037882936,0.167613798,0.038823109,0.098875053,0.012990764,0.001676695,0.127793932,0.056461922,-0.060276608,-0.065512824,-0.003682775,-0.084871192,-0.002338814,0.012001976,0.017828059,-0.096983978,12.02455336,-0.418871967,3.723500338,0.915310355,12.02455336,3.723500338,0.915310355,4.068019464,-3.723500338,-0.915310355,-4.068019464,0.396175664,
46,0.303659517,0.186622304,-0.036912346,0.113611879,-0.008297384,0.015264658,-0.135466859,0.078833807,-0.080421252,-0.071665174,-0.117627081,-0.028680052,0.211356388,-0.059575481,0.398374,0.114766512,0.200398811,0.253967186,0.128654395,0.328263412,-0.037318924,0.021018985,0.255251834,0.204974522,0.065935566,0.035844552,0.198277849,0.19916935,-0.020294971,0.098883321,0.051863567,0.046454329,0.025658033,-0.088149764,-0.163484782,-0.068160413,-0.030260581,-0.082907722,11.76356174,-0.79249348,3.365208222,0.910894892,11.76356174,3.365208222,0.910894892,3.694397951,-3.365208222,-0.910894892,-3.694397951,0.396175664,
47,0.114791735,-0.101191879,0.157967361,-0.213854097,0.078750313,-0.099325436,0.003093488,-0.064752023,-0.016956031,-0.121444677,-0.018400614,-0.138038535,-0.033116745,0.367133009,-0.089298147,0.333890869,-0.017395703,0.113825973,0.352749996,0.085465704,0.144138921,0.192516144,0.005009245,0.065279795,0.088384463,0.144663863,0.061224769,0.027392242,0.068816876,-0.015183601,-0.093468902,-0.008713473,-0.138737273,-0.037511328,-0.0461947,-0.032294803,-0.053436378,-0.035822099,12.50316413,-0.633805029,4.142026768,1.07498933,12.50316413,4.142026768,1.07498933,3.853086402,-4.142026768,-1.07498933,-3.853086402,0.396175664,
48,-0.073908161,0.230936478,-0.020597942,0.261238754,0.191057724,-0.145358874,-0.074352818,-0.011594353,0.052232964,-0.137640767,-0.00409311,-0.077648094,0.400764601,0.176244782,0.103173728,-0.049722032,0.105355169,0.354586618,0.20590858,0.172145086,0.060259586,0.114470061,0.19713857,0.251504308,0.011947277,0.147688778,0.086142149,-0.032347113,0.034568539,0.035294794,0.021715123,0.073526464,-0.022007796,-0.007655886,0.005823463,-0.014904142,0.000412577,-0.071720834,11.89018417,-0.948982804,3.51687866,0.99405582,11.89018417,3.51687866,0.99405582,3.537908626,-3.51687866,-0.99405582,-3.537908626,0.396175664,
49,0.149683115,0.04481551,0.09923784,-0.061400002,-0.15188745,0.167287765,0.092468912,0.027513327,-0.1454081,0.030791585,-0.087357024,0.003592603,0.081691363,0.280479925,0.28219537,0.259179829,0.287237042,0.015542654,-0.046298276,-0.065755434,0.244797252,0.076175367,0.042470354,0.018928765,0.14930244,0.03196105,-0.045594636,0.125840959,0.123552331,0.041061912,-0.036466299,-0.086526794,-0.090747516,-0.172725269,-0.107856413,-0.149107528,-0.118961943,0.004394123,11.27671862,-0.337954242,3.793491197,0.914328423,11.27671862,3.793491197,0.914328423,4.148937188,-3.793491197,-0.914328423,-4.148937188,0.396175664,
50,0.128646583,0.237933492,-0.094565309,0.067423921,0.042530461,-0.074944636,0.022652893,-0.005819619,-0.186692641,-0.154033528,-0.088556491,-0.024726643,0.324953547,0.249126525,0.119485155,0.150305927,0.342606466,0.042840397,0.162801341,0.261165818,0.185874673,0.049618736,0.058561322,0.049096223,0.075259605,0.159801837,-0.02742594,0.132981663,0.104984852,-0.018460369,0.042913747,-0.0483093,-0.122563085,0.023150742,-0.106088521,-0.09761715,-0.102744654,-0.086971459,12.25909012,-0.440964468,3.789630708,0.936653267,12.25909012,3.789630708,0.936653267,4.045926963,-3.789630708,-0.936653267,-4.045926963,0.396175664,
51,0.4,-0.12,-0.099671854,0.299758402,-0.249996812,-0.199543979,0.149866938,-0.119888226,-0.199857304,0.049793006,0.029793317,-0.149952962,-0.099847067,0.499467249,0.449308563,0.399639601,-0.04996779,-0.079442308,0.399976555,0.399475961,0.299666708,0.249677039,-0.049690916,-0.039568527,-0.029906005,-0.01991283,-0.049686399,0.199901218,0.149985985,-0.019899924,-0.099885173,-0.099961725,0.02641436,-0.199916001,0.029929411,-0.149828811,0.019967045,-0.099962964,13.84807986,-0.830161832,3.183244928,0.870516904,13.84807986,3.183244928,0.870516904,3.656729599,-3.183244928,-0.870516904,-3.656729599,0.396175664,3.068314769
52,0.4,-0.12,-0.099671854,0.299758402,-0.249996812,-0.199543979,0.122462976,-0.119888226,-0.199857304,0.027891372,0.029793317,-0.149952962,0.004214657,0.499467249,0.449308563,0.111865093,0.349857372,-0.077096676,0.399976555,-0.008175592,0.299666708,0.249677039,0.299828583,-0.039568527,0.199924199,0.057480864,0.175839353,0.199901218,0.149985985,-0.019899924,-0.099885173,-0.099961725,0.011874326,-0.199916001,-0.199749958,-0.149828811,0.019967045,0.009930368,13.77077571,-0.865674012,3.115453746,0.860333249,13.77077571,3.115453746,0.860333249,3.621217418,-3.115453746,-0.860333249,-3.621217418,0.396175664,1.961169826
53,0.242108272,-0.12,-0.099671854,0.086023994,0.10136749,0.199481387,-0.149656014,-0.119888226,-0.199857304,-0.199726607,0.029793317,-0.149952962,-0.099847067,0.499467249,0.449308563,0.399639601,0.349857372,-0.079442308,0.399976555,0.399475961,0.299666708,0.249677039,0.299828583,0.058093318,0.199924199,-0.01991283,-0.049686399,0.199901218,0.149985985,-0.019899924,-0.099885173,-0.099961725,0.04992842,-0.199916001,-0.199749958,-0.149828811,-0.119852193,-0.099962964,14.38472802,-1.025222851,3.665865148,1.058987902,14.38472802,3.665865148,1.058987902,3.461668579,-3.665865148,-1.058987902,-3.461668579,0.396175664,2.589495815
54,0.4,0.293848481,-0.099671854,0.246217426,-0.249996812,-0.199543979,0.149866938,-0.119888226,0.06968716,-0.199726607,-0.149910238,-0.149952962,-0.099847067,0.255894227,0.449308563,0.399639601,0.349857372,-0.079442308,0.197225333,0.399475961,0.299666708,0.249677039,-0.049690916,-0.039568527,-0.029906005,-0.01991283,0.199711339,-0.039903003,0.149985985,-0.019899924,-0.099885173,0.099844502,-0.19978815,0.029815312,0.029929411,0.019910559,0.019967045,0.009930368,12.59972394,-0.431754702,3.437462141,0.847680947,12.59972394,3.437462141,0.847680947,4.055136729,-3.437462141,-0.847680947,-4.055136729,0.396175664,3.121539842
55,0.4,-0.12,0.084114092,0.225809752,-0.249996812,0.199481387,0.149866938,-0.119888226,-0.199857304,-0.199726607,0.029793317,-0.149952962,0.076476037,0.200716123,0.449308563,0.399639601,0.349857372,-0.079442308,0.399976555,0.399475961,0.015736396,0.249677039,-0.049690916,-0.039568527,-0.029906005,0.038586902,-0.049686399,-0.039903003,0.149985985,-0.019899924,-0.099885173,-0.099961725,-0.19978815,-0.199916001,-0.077123119,0.019910559,-0.119852193,0.009930368,12.89925795,-0.464189682,3.52388764,0.876000226,12.89925795,3.52388764,0.876000226,4.022701748,-3.52388764,-0.876000226,-4.022701748,0.396175664,2.221104022
56,0.4,0.168261685,0.165126705,0.299758402,0.153940955,-0.199543979,0.014586245,-0.119888226,0.06968716,0.049793006,0.029793317,-0.149952962,0.186471034,0.181712532,-0.099895063,0.250250462,0.349857372,-0.079442308,0.32789209,0.399475961,0.299666708,0.249677039,-0.049690916,-0.039568527,-0.029906005,0.199882026,-0.049686399,-0.039903003,0.149985985,0.099934194,-0.099885173,0.099844502,-0.19978815,-0.199916001,-0.199749958,0.019910559,0.019967045,-0.099962964,11.67574471,-0.189159222,3.216843261,0.748497837,11.67574471,3.216843261,0.748497837,4.297732209,-3.216843261,-0.748497837,-4.297732209,0.396175664,1.601873655
57,0.4,-0.12,-0.099671854,0.252953683,-0.249996812,-0.199543979,0.032336762,-0.119888226,-0.199857304,0.049793006,-0.149910238,-0.149952962,0.228252632,0.2449131,-0.099895063,0.399639601,0.349857372,-0.079442308,-0.054325102,0.399475961,0.299666708,0.249677039,0.066624828,-0.039568527,-0.029906005,0.047057678,-0.049686399,0.199901218,0.149985985,0.099934194,-0.099885173,-0.099961725,0.04992842,0.007943659,-0.199749958,-0.149828811,-0.119852193,-0.099962964,12.49787407,-0.72189192,3.415842432,0.907262384,12.49787407,3.415842432,0.907262384,3.764999511,-3.415842432,-0.907262384,-3.764999511,0.396175664,1.595974632
58,0.4,0.107799326,-0.099671854,0.258102404,-0.249996812,-0.199543979,-0.149656014,-0.119888226,-0.199857304,0.049793006,-0.149910238,-0.005166044,0.147290263,0.499467249,0.449308563,-0.037531753,-0.011605225,-0.079442308,0.399976555,0.399475961,0.009909249,0.249677039,-0.049690916,0.299954615,0.199924199,0.199882026,-0.049686399,0.199901218,0.149985985,-0.019899924,-0.099885173,-0.099961725,-0.19978815,-0.199916001,-0.199749958,0.019910559,0.00188265,0.009930368,14.20076249,-1.162686031,3.200366895,0.962746434,14.20076249,3.200366895,0.962746434,3.324205399,-3.200366895,-0.962746434,-3.324205399,0.396175664,3.718336918
59,0.4,-0.12,-0.099671854,0.299758402,-0.249996812,0.199481387,0.149866938,-0.119888226,-0.199857304,0.049793006,-0.019727623,-0.149952962,-0.099847067,0.499467249,0.148062989,0.399639601,0.349857372,-0.079442308,0.399976555,0.399475961,0.299666708,0.249677039,0.299828583,-0.039568527,-0.029906005,0.03212794,0.059583409,0.053412961,0.149985985,0.099934194,0.006451028,0.099844502,0.04992842,-0.199916001,-0.199749958,-0.149828811,-0.119852193,0.009930368,13.327101,-0.829221285,3.147327168,0.860473209,13.327101,3.147327168,0.860473209,3.657670146,-3.147327168,-0.860473209,-3.657670146,0.396175664,3.586329588
60,0.326541839,0.102668077,0.080749317,0.228692392,-0.249996812,-0.199543979,-0.149656014,-0.012096473,-0.199857304,-0.199726607,-0.149910238,-0.149952962,-0.099847067,0.134907251,0.449308563,0.399639601,0.349857372,-0.02576643,0.399976555,0.039387118,0.299666708,0.249677039,0.299828583,-0.039568527,-0.029906005,0.199882026,0.199711339,0.199901218,0.149985985,0.099934194,-0.099885173,-0.099961725,-0.19978815,-0.199916001,-0.199749958,-0.149828811,-0.119852193,-0.099962964,13.55120027,-0.915157378,3.48587571,0.97596172,13.55120027,3.48587571,0.97596172,3.571734052,-3.48587571,-0.97596172,-3.571734052,0.396175664,1.82224319
61,0.4,0.3,0.104096316,0.263590993,0.083471913,-0.199543979,0.149866938,-0.119888226,-0.199857304,-0.199726607,0.029793317,-0.149952962,-0.099847067,0.298941275,-0.099895063,0.118246655,0.349857372,-0.079442308,0.399976555,0.399475961,0.299666708,0.249677039,-0.049690916,0.299954615,-0.029906005,-0.01991283,0.199711339,0.199901218,0.149985985,-0.019899924,-0.099885173,-0.099961725,0.04992842,-0.199916001,-0.199749958,0.019910559,-0.119852193,0.009930368,11.93948957,-0.62955421,3.217936605,0.834237823,11.93948957,3.217936605,0.834237823,3.857337221,-3.217936605,-0.834237823,-3.857337221,0.396175664,2.63519904
62,0.046243954,0.22733101,-0.013302451,0.002038347,-0.188287187,0.142076825,-0.137836857,0.109287145,-0.092746677,-0.124011564,0.026688944,-0.061971491,0.178780979,0.182421884,0.281895673,0.046173731,0.234352672,0.228873413,0.033674516,0.367511406,0.072743501,0.065803201,0.186358195,0.02337001,0.03058247,0.050895958,0.009140667,0.070096855,0.070427688,0.055772672,0.079254049,0.044028588,-0.023517756,-0.066999762,-0.001980414,-0.140326703,-0.026963876,-0.059652638,11.92315359,-0.766482505,3.984207227,1.070905728,11.92315359,3.984207227,1.070905728,3.720408926,-3.984207227,-1.070905728,-3.720408926,0.396175664,0
63,0.4,-0.12,-0.099671854,0.299758402,0.171793522,-0.172107294,0.149866938,-0.119888226,-0.199857304,0.049793006,-0.149910238,-0.149952962,-0.074046434,0.195614527,0.449308563,0.017122319,0.349857372,-0.079442308,0.399976555,0.155352549,0.079337556,-0.029778321,0.135291823,-0.039568527,-0.029906005,0.199882026,-0.049686399,-0.036810482,0.149985985,0.099934194,-0.099885173,-0.099961725,-0.19978815,0.029815312,0.029929411,-0.149828811,-0.119852193,0.009930368,11.73143511,-0.229740029,3.258343581,0.765381184,11.73143511,3.258343581,0.765381184,4.257151402,-3.258343581,-0.765381184,-4.257151402,0.396175664,2.054396043
64,0.4,-0.12,0.199834344,0.233171433,0.159018686,-0.199543979,0.149866938,-0.119888226,0.008890406,0.049793006,0.029793317,-0.149952962,0.007331261,0.041394073,0.449308563,0.399639601,0.349857372,-0.075036035,0.399976555,0.127383745,0.299666708,0.249677039,0.15375818,-0.039568527,-0.029906005,0.165858541,-0.049686399,-0.039903003,0.149985985,-0.019899924,-0.099885173,-0.099961725,0.04992842,-0.131235788,-0.199749958,-0.149828811,-0.119852193,0.009930368,12.08497629,-0.224072806,3.200338347,0.750756396,12.08497629,3.200338347,0.750756396,4.262818624,-3.200338347,-0.750756396,-4.262818624,0.396175664,1.680383592
65,0.4,0.116411685,0.02477612,0.299758402,0.147297954,-0.199543979,0.149866938,-0.119888226,-0.199857304,0.049793006,0.029793317,-0.149952962,0.108651502,0.499467249,0.202789411,0.399639601,0.349857372,-0.079442308,0.399976555,0.060634786,0.299666708,0.058436265,-0.043662316,-0.039568527,-0.029906005,-0.01991283,-0.049686399,0.069521325,0.149985985,0.099934194,0.069344563,-0.099961725,-0.19978815,0.020879357,0.029929411,0.004614092,-0.107310164,-0.099962964,11.87257966,-0.182418308,3.133688107,0.728007358,11.87257966,3.133688107,0.728007358,4.304473123,-3.133688107,-0.728007358,-4.304473123,0.396175664,2.111792792
66,0.36767797,-0.043503246,-0.010282287,-0.150342508,0.059106694,-0.124337606,-0.015617973,0.112432295,0.032241421,0.035608949,-0.093174636,-0.148803469,0.127592564,0.182756145,-0.051920592,0.047256444,0.276684092,0.280674265,0.245006217,0.205587069,0.092868792,0.139317715,0.099122219,0.256139266,0.141727714,0.158992526,0.026635807,0.012993891,0.009387854,0.081760098,-0.034748126,-0.057659574,-0.115204025,-0.154440663,-0.158585073,-0.115818144,0.018301663,-0.049405849,12.61943541,-0.538464124,3.568333822,0.903735474,12.61943541,3.568333822,0.903735474,3.948427306,-3.568333822,-0.903735474,-3.948427306,0.396175664,0
67,0.382985946,-0.12,-0.099671854,0.204051926,0.099480284,0.199481387,0.149866938,-0.119888226,0.010211646,0.049793006,-0.149910238,-0.149952962,0.080623904,0.499467249,-0.099895063,-0.000578625,0.349857372,-0.04574,0.399976555,0.099832985,0.045815568,0.249677039,0.025696705,0.021585839,-0.029906005,0.199882026,-0.000858555,-0.039903003,0.149985985,0.099934194,-0.099885173,0.023248518,-0.19978815,-0.199916001,-0.050795503,-0.149828811,-0.024960369,-0.079879332,11.49079536,-0.375804102,3.259826134,0.792935268,11.49079536,3.259826134,0.792935268,4.111087329,-3.259826134,-0.792935268,-4.111087329,0.396175664,1.648357042
68,0.351180794,-0.12,0.054779658,0.199783786,0.104117837,-0.199543979,0.088166347,-0.119888226,-0.199857304,0.049793006,-0.149910238,-0.149952962,0.144931322,0.119390509,0.449308563,0.399639601,0.349857372,-0.079442308,-0.007429046,0.399475961,0.299666708,0.249677039,0.007646151,-0.039568527,0.199924199,0.199882026,0.073560125,-0.039903003,0.149985985,-0.019899924,-0.099885173,-0.099961725,-0.19978815,0.029815312,0.029929411,-0.149828811,0.019967045,-0.099962964,12.82644056,-0.728252581,3.249357769,0.864503853,12.82644056,3.249357769,0.864503853,3.75863885,-3.249357769,-0.864503853,-3.75863885,0.396175664,2.233399393
69,0.087395429,-0.077242381,-0.080923817,0.269628362,0.231695012,-0.065371516,-0.012838749,-0.054053515,-0.142815346,-0.000801611,-0.100263989,-0.081194746,0.403551289,0.466006205,-0.089045753,-0.022299419,0.117284675,0.245889093,0.327868727,0.121397406,0.194918425,0.027132406,0.066543175,-0.038258458,0.18469289,0.064259582,0.13894727,0.165225954,0.069783187,0.083328525,0.043583151,-0.08917555,-0.066498302,-0.186669002,0.02600979,-0.137685674,0.018175134,-0.026861936,12.54295323,-0.571649158,3.213645332,0.820803697,12.54295323,3.213645332,0.820803697,3.915242272,-3.213645332,-0.820803697,-3.915242272,0.396175664,0
70,0.4,0.282126368,-0.099671854,0.299758402,0.028516628,-0.199543979,0.149866938,-0.119888226,-0.199857304,0.020553174,-0.149910238,0.014039457,0.018029595,-0.012478128,0.176625834,0.399639601,0.349857372,-0.077973208,0.399976555,0.180708738,0.299666708,-0.029778321,0.02856638,-0.002446628,-0.029906005,0.199882026,-0.049686399,-0.039903003,0.149985985,0.099934194,-0.099885173,-0.099961725,0.04992842,-0.199916001,-0.199749958,-0.149828811,-0.119852193,-0.099962964,11.57610907,-0.374180484,3.231250483,0.785674103,11.57610907,3.231250483,0.785674103,4.112710947,-3.231250483,-0.785674103,-4.112710947,0.396175664,2.443921586
71,0.4,-0.12,-0.099671854,0.299758402,-0.03913517,-0.199543979,0.0155216,-0.119888226,0.06968716,0.01542501,-0.042058209,-0.149952962,0.001209735,0.236319754,0.449308563,0.399639601,0.349857372,-0.079442308,0.169074536,0.058683635,-0.049984607,0.249677039,-0.025583288,0.299954615,0.199924199,0.199882026,-0.049686399,0.199901218,0.149985985,0.099934194,0.099741752,-0.099961725,-0.19978815,-0.199916001,-0.199749958,-0.149828811,-0.119852193,-0.099962964,12.4957331,-0.556648268,3.258982447,0.829206314,12.4957331,3.258982447,0.829206314,3.930243163,-3.258982447,-0.829206314,-3.930243163,0.396175664,2.478177679
72,0.4,-0.12,0.066937803,0.299758402,-0.249996812,-0.199543979,0.149866938,-0.119888226,0.06968716,0.049793006,0.029793317,-0.149952962,0.044418001,0.499467249,-0.099895063,0.399639601,0.349857372,-0.079442308,0.399976555,0.399475961,-0.049984607,0.076829327,0.234412261,-0.039568527,-0.029906005,-0.01991283,-0.049686399,0.199901218,0.149985985,-0.019899924,-0.099885173,-0.099961725,-0.19978815,-0.199916001,-0.199749958,-0.149828811,-0.096558336,0.009930368,12.93617643,-0.60141031,3.175520832,0.817278667,12.93617643,3.175520832,0.817278667,3.885481121,-3.175520832,-0.817278667,-3.885481121,0.396175664,2.081269599
73,0.4,-0.12,-0.099671854,0.299758402,0.163331784,-0.199543979,0.149866938,-0.119888226,0.06968716,-0.000584044,0.029793317,-0.149952962,0.128825975,0.198580492,0.059711208,0.116431415,0.349857372,-0.046464481,0.294622961,0.062430183,0.299666708,-0.029689282,0.207477539,0.003074565,-0.029906005,0.199882026,-0.049686399,-0.03203699,0.149985985,-0.019899924,0.099045719,-0.099961725,-0.19978815,-0.199916001,-0.199749958,0.019910559,0.019967045,0.009930368,11.46495031,-0.292997368,3.142616918,0.749331497,11.46495031,3.142616918,0.749331497,4.193894063,-3.142616918,-0.749331497,-4.193894063,0.396175664,1.636522088
74,0.4,-0.12,-0.099671854,0.228549608,0.24977951,-0.199543979,-0.029159932,-0.119888226,0.030888031,0.044649341,0.029793317,0.029930462,0.085433876,-0.00682169,0.449308563,0.399639601,0.349857372,-0.023478827,0.14169139,0.121097626,0.299666708,0.249677039,0.043311737,0.027599591,-0.029906005,-0.01991283,-0.049686399,-0.039903003,0.149985985,0.099934194,-0.099885173,-0.099961725,-0.19978815,0.020250444,-0.199749958,-0.07132688,-0.119852193,0.009930368,11.82996374,-0.14231833,3.409177604,0.78469795,11.82996374,3.409177604,0.78469795,4.344573101,-3.409177604,-0.78469795,-4.344573101,0.396175664,1.146424052
75,-0.141207921,0.192766726,0.014916973,0.193142634,-0.002633898,0.131412261,-0.113421615,0.018223207,0.023418145,-0.122127121,-0.034915132,-0.137756086,0.03481829,0.263955364,0.059670225,0.313552938,0.198982815,-0.058535499,-0.005578897,0.073930386,0.089506875,0.154092898,0.127635214,0.017826707,0.031842669,0.140012155,0.162281511,0.188894079,0.03046763,0.08568235,-0.083219823,0.026317758,-0.019515905,0.012961509,-0.025611113,-0.00225486,-0.011729237,0.002880988,10.59724928,-0.417052028,4.095777029,1.006373133,10.59724928,4.095777029,1.006373133,4.069839403,-4.095777029,-1.006373133,-4.069839403,0.396175664,0
76,0.4,0.223216271,0.199834344,0.299758402,0.117011511,0.070379632,0.038446969,-0.119888226,0.007762961,0.049793006,-0.149910238,-0.149952962,0.135816563,0.23375313,0.449308563,0.399639601,0.349857372,-0.079442308,0.399976555,0.180586954,0.112848953,-0.029778321,0.058826594,-0.039568527,-0.029906005,-0.01991283,-0.049686399,-0.039903003,0.149985985,0.099934194,-0.099885173,-0.099961725,-0.19978815,-0.199916001,-0.199749958,-0.149828811,-0.119852193,-0.099962964,11.4101756,0.049377157,3.282648569,0.723645107,11.4101756,3.282648569,0.723645107,4.536268588,-3.282648569,-0.723645107,-4.536268588,0.445826849,1.950255509
77,-0.130251812,0.064615536,-0.078262244,0.075349983,-0.069569799,0.113972269,0.133072011,0.038429322,-0.137479749,-0.043203307,-0.13370667,-0.129582143,0.250566054,-0.069997124,0.280669961,0.279756503,0.181423802,-0.00984454,-0.036589815,0.327433071,0.005950741,0.241510439,0.094550657,0.091645431,0.085230693,-0.00631612,0.188943283,0.193741588,0.01201203,0.027842028,-0.097462062,0.062541816,-0.059386014,-0.035037143,-0.175035675,-0.119064032,-0.086183277,-0.054169821,11.75189625,-0.567649829,3.791728506,0.967464854,11.75189625,3.791728506,0.967464854,3.919241601,-3.791728506,-0.967464854,-3.919241601,0.445826849,0
78,0.399264378,0.144327615,0.169441852,0.279911838,0.182362634,-0.199543979,0.117154729,0.029378772,0.06968716,0.049793006,0.023853249,-0.149952962,0.09897435,0.205356859,0.449308563,0.399639601,0.349857372,-0.043506359,0.229711313,0.153136987,0.046954742,0.249677039,0.06951951,-0.02754055,-0.029906005,0.022012392,-0.049686399,-0.039903003,0.149985985,0.099934194,-0.099885173,-0.099961725,-0.19978815,-0.199916001,0.029929411,-0.149828811,-0.119852193,0.009930368,11.26563008,0.260811876,3.230456652,0.680425132,11.26563008,3.230456652,0.680425132,4.747703307,-3.230456652,-0.680425132,-4.747703307,1.053360146,1.115543041
79,0.353860222,0.152067948,0.199834344,0.234449062,0.162083324,-0.199543979,0.084934663,-0.119888226,0.053640164,0.049793006,0.029793317,-0.108581505,0.07191767,0.140803365,0.020457619,0.399639601,0.349857372,-0.044547609,0.08389055,0.105466914,0.050501193,0.249677039,0.106032708,-0.027159454,-0.029906005,0.012454642,7.60E-05,-0.020843893,0.149985985,0.05861762,-0.099885173,-0.099961725,-0.19978815,-0.199916001,-0.114835426,-0.09552747,-0.119852193,0.009930368,10.29639472,0.251213466,3.377679341,0.712875594,10.29639472,3.377679341,0.712875594,4.738104897,-3.377679341,-0.712875594,-4.738104897,1.053360146,0.402738367
80,0.4,0.078580706,-0.023486835,0.299758402,0.142737402,-0.199543979,0.149866938,-0.119888226,0.06968716,0.049793006,0.029793317,-0.149952962,0.038058694,0.18745306,0.449308563,0.399639601,0.349857372,-0.036867515,0.399976555,0.161893944,-0.004499346,0.249677039,-0.037012788,-0.039568527,-0.029906005,-0.01991283,-0.049686399,-0.039903003,0.04586715,0.099934194,-0.099885173,-0.099961725,-0.19978815,-0.199916001,-0.199749958,-0.062843727,-0.119852193,0.009930368,11.8151674,0.095723527,3.231909158,0.705254356,11.8151674,3.231909158,0.705254356,4.582614957,-3.231909158,-0.705254356,-4.582614957,1.098826549,1.262195241
81,0.4,0.1982791,-0.099671854,0.255436372,0.18944639,-0.199543979,0.140607161,-0.119888226,0.004420189,0.049793006,0.029793317,-0.011529348,0.196382967,0.256252511,0.449308563,0.399639601,0.185270581,-0.06545729,0.144215765,0.194989323,0.058445485,0.249677039,0.102877629,-0.025766687,-0.029906005,0.076518199,-0.049686399,-0.038669516,0.149985985,-0.017849636,0.004886813,-0.02072951,-0.19978815,-0.168458335,-0.199749958,-0.114816432,-0.010247143,0.009930368,11.47570971,0.068667097,3.226392355,0.708232006,11.47570971,3.226392355,0.708232006,4.555558528,-3.226392355,-0.708232006,-4.555558528,1.098826549,0.339924445
82,0.378021008,0.134174891,0.199834344,0.272984473,0.176778147,-0.199543979,0.059497542,0.027859779,0.06968716,0.049793006,0.029793317,-0.022294956,0.068736217,0.178090027,0.074841826,0.399639601,0.349857372,-0.038288097,0.186491425,0.098451563,0.046714669,0.249677039,0.033443789,-0.022573926,-0.029906005,-0.01991283,-0.049686399,0.033718526,0.149985985,0.046610121,-0.099885173,-0.000135788,0.04992842,-0.116023541,0.029929411,-0.002919126,-0.104316051,0.009930368,10.01306382,0.535233896,3.361085733,0.669255647,10.01306382,3.361085733,0.669255647,5.022125327,-3.361085733,-0.669255647,-5.022125327,1.855913526,0.442958243
83,0.001406883,0.072812575,-0.099164112,0.15366873,-0.034790823,-0.164351586,0.023024479,-0.034702147,-0.098743243,-0.043505258,0.029338556,-0.099498558,0.257566629,0.227978683,0.281407304,0.242904042,0.272574158,0.328222738,0.286172425,0.098546522,0.02533569,0.017758267,0.064692635,0.152087395,0.149014439,0.097007868,0.125591751,0.004206862,0.039314282,0.048151911,0.035001123,-0.063182114,0.045137973,-0.17683088,-0.150169607,0.01095939,-0.068999801,-0.026116871,13.12980673,-0.594325515,3.455097415,0.887614363,13.12980673,3.455097415,0.887614363,3.892565916,-3.455097415,-0.887614363,-3.892565916,1.855913526,0
84,0.380698253,0.098204182,0.010312198,0.275274115,0.132412703,-0.199543979,0.034039917,0.046787503,0.06968716,0.049793006,0.029793317,0.029930462,0.151290194,0.264249227,0.449308563,0.399639601,0.349857372,-0.016856849,0.399976555,0.169580533,0.085272132,0.249677039,-0.008508951,0.013875667,-0.029906005,-0.01991283,-0.049686399,0.049852792,0.149985985,-0.008628495,-0.099885173,-0.099961725,0.04992842,-0.199916001,-0.14867128,0.019910559,-0.119852193,0.009930368,12.09029241,0.036553437,3.234689327,0.71509423,12.09029241,3.234689327,0.71509423,4.523444868,-3.234689327,-0.71509423,-4.523444868,1.865970291,0.343196357
85,0.4,0.177018675,0.199834344,0.282337967,0.132752383,-0.199543979,0.118892299,0.119956165,0.06968716,0.049793006,0.029793317,-0.149952962,0.083181728,0.149552153,0.326184449,0.399639601,0.349857372,0.005759496,0.267674855,0.109794357,0.016165502,0.249677039,0.006688525,-0.033815752,-0.029906005,-0.01991283,-0.049686399,-0.039360416,0.149985985,0.099934194,-0.099885173,-0.099961725,-0.19978815,-0.040021769,0.029929411,-0.144000371,-0.119852193,-0.066038857,10.77164955,0.398169963,3.258920843,0.667119731,10.77164955,3.258920843,0.667119731,4.885061393,-3.258920843,-0.667119731,-4.885061393,1.970168175,0.32686088
86,0.4,0.118494345,0.027260966,0.299758402,0.093608761,-0.199543979,0.149866938,0.077038021,0.06968716,0.049793006,0.029793317,-0.049335398,0.177880312,0.300182968,0.449308563,0.399639601,0.349857372,-0.079442308,0.399976555,0.162794908,0.085460127,0.249677039,0.04921344,-0.00505365,0.199924199,-0.01991283,-0.049686399,-0.039903003,0.149985985,0.099934194,-0.099885173,-0.099961725,-0.19978815,-0.051462955,-0.199749958,0.019910559,-0.119852193,0.009930368,12.44115693,-0.118735232,3.089454204,0.707267337,12.44115693,3.089454204,0.707267337,4.368156199,-3.089454204,-0.707267337,-4.368156199,1.970168175,0.479828748
87,0.4,0.239572454,0.199834344,0.264805139,0.208948273,-0.199543979,0.086937331,-0.119888226,0.06968716,0.049793006,0.029793317,-0.149952962,0.095473379,0.149121028,-0.082766184,0.399639601,0.349857372,-0.036281744,0.24089636,0.040332131,-0.037733434,0.249677039,0.011855583,-0.039568527,-0.029906005,-0.01991283,-0.049686399,-0.02500938,0.149985985,0.099934194,-0.099885173,0.099844502,0.04992842,0.002745538,0.029929411,-0.018156453,-0.119852193,-0.099962964,9.348941725,0.52659238,3.365088807,0.671207674,9.348941725,3.365088807,0.671207674,5.013483811,-3.365088807,-0.671207674,-5.013483811,1.970168175,0.276312719
88,0.366497156,-0.12,0.102706893,0.224151588,0.098058784,-0.199543979,0.096268165,-0.119888226,-0.199857304,0.049793006,0.029793317,-0.149952962,0.131204632,0.142509053,0.449308563,0.399639601,0.349857372,0.03513283,0.344951351,0.143045879,0.032828207,0.249677039,0.069799003,-0.039568527,-0.029906005,-0.01991283,-0.049686399,0.001930317,0.149985985,0.099934194,-0.099885173,0.001042267,-0.19978815,-0.199916001,0.029929411,-0.133354989,-0.119852193,-0.080655392,12.41547845,-0.056703254,3.307369187,0.746552755,12.41547845,3.307369187,0.746552755,4.430188177,-3.307369187,-0.746552755,-4.430188177,1.970168175,0.247333184
89,0.4,0.227967839,0.191676438,0.299758402,0.196106604,-0.199543979,0.149866938,-0.119888226,0.06968716,0.049793006,0.029793317,-0.149952962,-0.02153717,0.173321531,0.050531827,0.399639601,0.349857372,-0.024580147,0.192924563,0.058667716,0.016975998,-0.029778321,-0.049690916,-0.039568527,-0.029906005,-0.01991283,-0.049686399,0.034543574,0.111699777,0.099934194,-0.099885173,-0.099961725,0.04992842,-0.070256422,-0.199749958,-0.129584415,-0.119852193,0.009930368,9.369467052,0.675825219,3.342137637,0.647360269,9.369467052,3.342137637,0.647360269,5.16271665,-3.342137637,-0.647360269,-5.16271665,2.267553291,0.23910365
90,0.317578803,0.110317924,0.125332083,0.295642215,-0.193978159,-0.199543979,0.149866938,-0.119888226,0.06968716,0.049793006,0.029793317,-0.149952962,0.084711897,0.227980001,0.449308563,0.399639601,0.349857372,0.044523087,0.238064589,0.156161324,0.071819661,0.249677039,-0.049690916,0.008541426,-0.029906005,0.198575374,-0.049686399,0.052232798,0.091625459,0.099934194,-0.099885173,-0.099961725,0.008192092,-0.053818629,-0.199749958,-0.134807269,-0.119852193,-0.020862261,12.24808982,-0.137567634,3.293069089,0.757145074,12.24808982,3.293069089,0.757145074,4.349323797,-3.293069089,-0.757145074,-4.349323797,2.267553291,0.29243215
91,0.198059897,0.051767598,0.040438792,-0.099803949,0.195857837,0.10932966,0.147866226,-0.056084617,-0.037530394,0.026346672,-0.082125952,-0.071127461,0.28360521,0.478873814,0.216320546,0.167265791,0.083132666,0.392522846,0.22719588,0.146251546,0.136473278,0.156880932,0.006541502,0.213301026,0.128915662,0.034431913,0.024428868,0.004920525,0.08997573,-0.016233287,-0.017202807,-0.080820368,0.016333247,-0.120501335,0.016730757,-0.033334786,-0.026400191,-0.031534136,12.78763609,-0.65411369,3.512977803,0.916561836,12.78763609,3.512977803,0.916561836,3.832777741,-3.512977803,-0.916561836,-3.832777741,2.267553291,0
92,0.03879979,-0.072104757,-0.060717895,0.037475571,-0.019449323,0.144120774,-0.018247724,0.054661197,-0.067467734,-0.124423096,-0.025353098,-0.089001312,0.278945531,-0.089676108,0.184786731,0.014039938,0.029548908,0.150516415,-0.046483045,0.215037576,0.257411676,0.195549733,0.117740506,0.287962456,-0.024397747,0.118806986,-0.013898334,0.101875508,0.14511529,0.077645775,0.076792177,0.076813509,-0.146337832,-0.161354745,-0.185353719,-0.014842853,0.019028962,-0.001333224,11.74465971,-0.728046944,3.76735219,1.002263383,11.74465971,3.76735219,1.002263383,3.758844487,-3.76735219,-1.002263383,-3.758844487,2.267553291,0
93,0.345872271,-0.025207601,0.088527974,0.251115368,0.152834894,-0.199543979,0.147198276,0.013289794,0.06968716,0.049793006,0.029793317,-0.149952962,0.135880901,0.329783799,0.449308563,0.399639601,0.349857372,0.012670239,0.238608405,0.263855841,0.067401649,0.093175188,-0.01080719,0.01647962,-0.029906005,-0.01991283,-0.049686399,0.017529114,0.04531229,0.037082851,-0.099885173,-0.099961725,0.008758852,-0.100371672,-0.199749958,-0.149828811,-0.119852193,0.009930368,11.96214306,0.103299204,3.236318394,0.705050978,11.96214306,3.236318394,0.705050978,4.590190634,-3.236318394,-0.705050978,-4.590190634,2.281526412,0.156678848
94,0.364152162,0.151999546,-0.013749995,0.229991574,0.12460934,-0.199543979,0.074792361,-0.119888226,0.06968716,0.049793006,0.029793317,-0.149952962,0.039602569,0.198488551,0.359829062,0.399639601,0.349857372,0.03774906,0.29578494,0.160702488,0.054165305,0.117615239,0.007145386,-0.017619982,-0.029906005,-0.01991283,-0.045637248,0.054853178,0.149985985,0.099934194,-0.099885173,-0.099961725,-0.198396789,-0.087982706,0.029929411,-0.149828811,-0.119852193,0.009930368,11.70129493,0.102546964,3.319163512,0.723217794,11.70129493,3.319163512,0.723217794,4.589438394,-3.319163512,-0.723217794,-4.589438394,2.281526412,0.094384614
95,0.4,0.2142549,0.199834344,0.299758402,0.248751666,-0.199543979,0.149866938,0.119956165,0.06968716,0.049793006,0.029793317,-0.149952962,-0.08938544,0.107900229,0.169902071,0.399639601,0.349857372,-0.050113218,0.196293248,0.059402354,0.026567029,-0.029778321,-0.049690916,-0.039568527,-0.029906005,-0.01991283,-0.049686399,-0.039645265,0.149985985,0.099934194,0.001713199,-0.027065029,0.04992842,-0.199916001,-0.199749958,-0.149828811,-0.101079848,0.009930368,9.026010286,0.776495737,3.351495932,0.636756489,9.026010286,3.351495932,0.636756489,5.263387167,-3.351495932,-0.636756489,-5.263387167,2.459893268,0.352091399
96,0.4,0.125110028,0.196393263,0.299758402,0.168527368,-0.199543979,0.149866938,0.040604087,-0.199857304,0.049793006,0.029793317,-0.149952962,0.012704303,0.203010917,0.242830289,0.23420767,0.349857372,-0.022082808,0.247169774,0.10227868,0.06841191,0.249677039,-0.049690916,-0.025863917,-0.029906005,-0.012208276,-0.049686399,-0.039903003,0.149985985,0.099934194,-0.099885173,-0.099961725,0.04992842,-0.199916001,-0.199749958,-0.149828811,-0.119852193,-0.086964535,10.43208738,0.429846135,3.291372299,0.669422001,10.43208738,3.291372299,0.669422001,4.916737565,-3.291372299,-0.669422001,-4.916737565,2.47316633,0.216624592
97,0.4,-0.016075211,0.191821487,0.298284167,0.166381635,-0.199543979,0.149866938,0.119956165,0.06968716,0.014844899,0.029793317,-0.149952962,0.12548936,0.220578086,0.449308563,0.399639601,0.349857372,0.006869884,0.388877748,0.20193911,0.03546204,0.249677039,0.040703656,-0.015954679,-0.018221045,-0.01991283,-0.049686399,0.005372269,0.149985985,0.099934194,0.061845769,-0.043136171,0.014270227,-0.011896695,-0.199749958,-0.149828811,-0.119852193,0.009930368,11.58505405,0.155690969,3.173649132,0.68359565,11.58505405,3.173649132,0.68359565,4.6425824,-3.173649132,-0.68359565,-4.6425824,2.489901517,0.087502212
98,0.4,-0.002383799,0.186605001,0.274022487,0.119408734,-0.199543979,0.139168553,0.119956165,-0.199857304,0.049793006,0.029793317,-0.01828936,0.097210409,0.226410508,0.449308563,0.399639601,0.349857372,-0.010985412,0.277353862,0.149910029,0.056371055,0.000563119,-0.031113033,-0.01272686,-0.029906005,-0.01991283,0.149035125,-0.039903003,0.072230903,0.099934194,-0.099885173,-0.099961725,-0.113118548,-0.199916001,0.029929411,-0.149828811,0.019967045,0.009930368,11.3884244,0.192759194,3.151031262,0.673347546,11.3884244,3.151031262,0.673347546,4.679650625,-3.151031262,-0.673347546,-4.679650625,2.494453284,0.114054055
99,0.4,0.104116419,0.150508108,0.277459691,0.151777388,-0.199543979,0.149866938,0.119956165,0.06968716,0.049793006,0.029793317,-0.142838846,-0.013721157,0.212742398,0.449308563,0.399639601,0.349857372,0.04667794,0.254201631,0.106464583,0.089313116,0.249677039,-0.049690916,-0.006145895,0.012389767,-0.01991283,-0.049686399,-0.039903003,-0.029886779,-0.019899924,-0.099885173,-0.060720488,0.028688215,-0.199916001,-0.143576186,0.019910559,-0.119852193,0.009930368,10.97350713,0.3672242,3.25434822,0.670430716,10.97350713,3.25434822,0.670430716,4.85411563,-3.25434822,-0.670430716,-4.85411563,2.515933418,0.059961303
100,0.35485445,0.212998432,0.02277699,-0.137981811,0.127904304,0.085397145,0.085804105,0.024699126,-0.157671019,-0.014471543,-0.135211454,-0.075186146,-0.062327169,0.064807655,0.108687182,0.385323526,0.346865849,0.19759303,0.248686531,-0.019462108,0.24579217,0.120583401,-0.017585252,-0.036449957,0.070392497,0.035015824,0.076580346,0.121234651,0.056956512,-0.00137061,0.009147145,-0.093314539,-0.13137204,0.022409354,-0.170567393,-0.070116126,-0.030618467,-0.071124748,11.04368885,-0.352207926,3.730360318,0.902211817,11.04368885,3.730360318,0.902211817,4.134683504,-3.730360318,-0.902211817,-4.134683504,2.515933418,0
101,0.334976396,0.08352292,-0.052614141,0.237044009,0.061375669,-0.199543979,0.149866938,0.119956165,-0.034863788,0.049793006,0.029793317,-0.149952962,0.074195994,0.262254534,0.256788008,0.399639601,0.349857372,0.028058174,0.295941311,0.143363672,0.064462356,0.128788331,-0.012656847,0.048175638,-0.017511213,-0.01991283,-0.049686399,-0.039903003,0.149985985,0.099934194,-0.099885173,-0.099961725,-0.008198933,-0.199916001,-0.199749958,-0.149828811,-0.119852193,-0.099962964,11.78402784,0.08026385,3.259962897,0.713784117,11.78402784,3.259962897,0.713784117,4.56715528,-3.259962897,-0.713784117,-4.56715528,2.515933418,0.087211015
102,-0.064025166,0.264729234,-0.080531862,-0.156852774,-0.230558292,-0.184860539,0.060982883,-0.035939992,-0.117103201,-0.009742197,-0.033341083,-0.029412387,-0.048994387,0.281384298,-0.020696321,0.075755937,0.158879767,0.02090984,0.265415806,0.112382559,0.265610757,0.146062115,0.149894443,0.221188617,0.057631313,0.086124117,-0.033946082,0.047609524,-0.013176405,0.083371856,-0.063891921,0.095805808,0.03612346,-0.152382166,0.009165342,-0.087589225,-0.097866949,-0.032796624,12.53924886,-0.588286566,4.141931611,1.062413801,12.53924886,4.141931611,1.062413801,3.898604864,-4.141931611,-1.062413801,-3.898604864,2.515933418,0
103,-0.013538451,0.007959958,0.099251343,-0.172132914,-0.171790557,-0.109336905,0.006814911,0.09588773,-0.015768344,-0.040516695,-0.040470823,-0.023669409,0.404206151,0.351784156,0.351741164,0.059774942,0.226329009,0.044160376,0.368812525,-0.075183384,0.232407895,-0.00824054,0.05253264,0.157975868,0.075804562,0.176188701,0.099157725,0.183213329,0.127312518,-0.007299355,-0.086216162,0.024166808,-0.040316297,-0.096810672,-0.034098407,-0.069036253,-3.36E-05,-0.0508196,13.49974153,-0.797174072,3.958777919,1.072921726,13.49974153,3.958777919,1.072921726,3.689717359,-3.958777919,-1.072921726,-3.689717359,2.515933418,0
104,0.220272667,0.140591283,-0.054657733,-0.244794105,0.021189419,0.031871437,-0.083416031,-0.029333964,-0.023837954,0.010912132,-0.146834588,-0.015019343,0.329790883,0.295437042,0.388072327,-0.020473679,0.240212998,0.012011536,0.375728396,-0.060124207,-0.007287579,0.000654953,0.28251932,0.078742946,-0.007415594,0.137255734,0.163573157,0.159078938,0.084483257,0.056303616,-0.003887494,0.093441834,-0.056834465,-0.130063737,-0.088785902,-0.142660974,-0.034417124,-0.08187373,12.21679857,-0.863056274,3.892823636,1.07422757,12.21679857,3.892823636,1.07422757,3.623835157,-3.892823636,-1.07422757,-3.623835157,2.515933418,0
105,0.091393341,0.153456082,0.148693872,0.020132287,-0.13190719,0.163039276,-0.096858728,-0.057784008,-0.01878558,-0.087775388,0.010822073,-0.133410489,0.243034829,0.207814214,-0.014378366,0.381674493,0.195569516,0.32843797,0.12916582,0.075414334,0.020843942,0.212013274,-0.027225577,0.095136703,0.042376302,0.144170014,0.118995956,-0.007727927,0.12369754,0.000359204,-0.006395909,-0.041555773,-0.134801583,-0.176552007,-0.012289516,-0.055773634,-0.10389772,-0.036321256,11.88736354,-0.730307255,3.77451573,1.004773367,11.88736354,3.77451573,1.004773367,3.756584175,-3.77451573,-1.004773367,-3.756584175,2.515933418,0
106,0.165117135,0.02170727,0.037505651,0.08099364,0.196453764,0.041627248,-0.026846473,-0.006508544,-0.0590089,-0.071356467,-0.058505084,-0.126435326,-0.02351542,0.219907136,0.349430248,0.01634979,-0.013679396,-0.049331858,-0.001788363,0.207472583,0.119351849,0.077790996,-0.003536556,0.015224715,0.081765555,-0.004708093,0.168164552,0.040132251,0.118570362,0.065276777,0.067925984,0.025900099,-0.043403461,-0.172280944,0.011493003,-0.108477254,-0.057501359,-0.090855763,10.28653324,-0.039688707,3.860593812,0.868094857,10.28653324,3.860593812,0.868094857,4.447202724,-3.860593812,-0.868094857,-4.447202724,2.515933418,0
107,0.022166351,0.107468938,0.18299228,0.049994047,0.245875967,-0.167218191,-0.055245846,-0.067617538,0.006001228,-0.103411568,-0.139893416,-0.066334177,0.275366529,0.285862295,-0.047943635,0.267651116,0.179204365,0.333936591,0.383942738,-0.052334727,0.137412649,0.060108449,0.103903032,0.192485345,0.059711193,0.180136635,0.138098884,0.103621831,0.044782165,0.030392238,0.050354203,-0.011263357,-0.148271288,-0.095697656,-0.058543122,-0.116680708,-0.111665217,-0.030325308,12.45726853,-0.994551396,3.645012764,1.043716456,12.45726853,3.645012764,1.043716456,3.492340035,-3.645012764,-1.043716456,-3.492340035,2.515933418,0
108,0.1730268,0.025972358,-0.055965563,-0.216830415,-0.246002438,-0.17052196,0.007570704,-0.065803588,0.005942811,0.007886544,-0.138245692,0.015193794,0.372336254,0.338489775,0.439323148,0.329798665,0.270929401,0.156590283,0.370272017,0.165111876,0.223148161,0.167192361,-0.004719972,0.097173869,0.183869894,0.13656607,0.128779462,0.011426664,0.031045845,0.013970927,0.034173625,0.0205674,0.004649249,-0.191969326,-0.155110935,-0.003022047,-0.060308718,-0.045982159,14.87958562,-0.855664397,3.796305629,1.04546083,14.87958562,3.796305629,1.04546083,3.631227034,-3.796305629,-1.04546083,-3.631227034,2.515933418,0
109,0.333865175,-0.083449338,0.023125254,0.164075849,0.231210978,-0.18909416,0.075824113,0.021525444,-0.198811892,-0.062078072,0.000296411,-0.06451652,-0.024529832,0.038547589,0.273330491,0.25807045,0.283167357,0.056948816,0.303756481,0.164356287,0.048543162,0.057870663,0.030265627,0.208631724,0.019013355,0.041811505,0.158745502,-0.034273251,0.146565201,0.083829661,-0.021981547,-0.074383585,0.040618788,-0.164004674,0.022138401,-0.05913633,0.019122776,-0.011554891,11.40906254,-0.063141043,3.408803916,0.770568775,11.40906254,3.408803916,0.770568775,4.423750387,-3.408803916,-0.770568775,-4.423750387,2.515933418,6.57E-08
110,0.045431838,0.006025962,0.1064399,-0.039233383,-0.097337955,0.144494614,0.009973889,0.046349856,-0.013411848,0.045762034,0.012874048,0.007290868,-0.020876579,0.04798721,0.181421155,0.219099556,0.07039641,0.237635171,0.115401386,0.269394317,0.017095539,0.237272234,0.231112819,-0.038162122,-0.004851342,0.128136061,0.064198502,0.074104216,0.05237463,0.070536088,-0.040844131,0.024200487,-0.087215874,-0.174720125,-0.113155813,-0.041097163,-0.063085305,-0.099939226,11.71264087,-0.655177176,3.692662439,0.963710286,11.71264087,3.692662439,0.963710286,3.831714255,-3.692662439,-0.963710286,-3.831714255,2.515933418,0
111,0.165816832,0.21845499,-0.030603512,-0.093443553,0.146781328,0.121310722,0.052071895,0.095434982,-0.052667721,0.0382551,0.023504716,-0.037743913,-0.08440561,0.241054316,0.135964245,0.089875065,0.064020706,0.177364141,0.056431969,-0.028548631,-0.049693235,0.164349262,-0.048075986,0.169000112,0.104756484,0.118927019,0.17402477,-0.023814466,0.005123057,0.041245471,-0.011297436,0.025595554,-0.097987304,-0.119734881,-0.185754092,-0.078173854,-0.043318775,-0.031701731,10.0636843,-0.283108234,3.892550137,0.92596358,10.0636843,3.892550137,0.92596358,4.203783197,-3.892550137,-0.92596358,-4.203783197,2.515933418,0
112,0.334017248,0.111494933,0.153552624,0.252990094,-0.018110475,-0.045563404,0.112756267,-0.080402549,-0.131409757,-0.137993308,-0.110882686,-0.109814416,0.450912627,0.341127197,0.024232797,0.007467078,0.304463843,0.201974798,0.100179859,0.080262512,-0.042858836,-0.018461737,-0.008786571,0.040301614,0.172111088,0.184967301,0.075937004,0.107810557,0.140570077,0.060202779,0.004401264,0.018137109,-0.1196006,-0.052442145,-0.082266499,-0.123368673,-0.060651923,-0.043093194,11.12781167,-0.353752228,3.207321715,0.776001378,11.12781167,3.207321715,0.776001378,4.133139203,-3.207321715,-0.776001378,-4.133139203,2.515933418,0
113,0.342743623,0.138838106,0.140480741,0.264814217,-0.159149602,0.063836599,0.043208271,0.007309697,-0.047805488,-0.009883624,-0.067730156,0.024192208,0.119528111,-0.06856451,0.087813936,-0.030399727,0.177930909,0.358296564,0.341567225,0.314400672,0.105914666,0.052011802,0.201995448,0.253943517,0.143026766,0.078112393,0.111363306,0.143707601,0.143396888,0.072328569,0.035113926,-0.084178442,-0.000192934,-0.052994907,-0.067053941,-0.10463983,-0.081316801,-0.025741024,11.94211136,-0.547377975,3.029785945,0.769076176,11.94211136,3.029785945,0.769076176,3.939513456,-3.029785945,-0.769076176,-3.939513456,2.515933418,0
114,0.302920147,-0.060635052,0.068011746,-0.121074823,0.24089393,0.025978378,0.031625881,0.01964954,-0.065669249,0.037861164,-0.057579599,-0.117366505,0.299314093,0.209162116,0.439320867,-0.026126635,0.062383414,0.334136086,0.024013828,0.359641572,0.166744965,0.17100235,0.021959499,0.054555166,0.044887063,0.070695576,0.187045868,0.135990935,0.007527587,0.048830123,-0.00542934,-0.04405888,-0.131484318,-0.118926099,-0.12410108,-0.075104339,-0.03159491,-0.036676654,12.50963622,-0.729337975,3.459896435,0.920784355,12.50963622,3.459896435,0.920784355,3.757553455,-3.459896435,-0.920784355,-3.757553455,2.515933418,0
115,0.005795544,-0.007458727,0.082317394,-0.180859294,-0.052008886,-0.065661528,0.00979987,-0.042373956,0.062392051,-0.153114889,-0.134170521,-0.112361837,-0.010788635,0.247746785,0.431365465,0.131002566,0.291464292,0.019316659,0.300039409,0.099595033,0.140702379,0.119108247,-0.046458157,0.043102512,0.003138023,0.090514319,0.109529281,0.068891229,0.02526228,0.013329752,0.0984088,0.033204189,-0.095846141,0.0296387,-0.033643628,-0.080490842,-0.008518076,-0.098647305,12.36535817,-0.594554849,4.31733901,1.109189537,12.36535817,4.31733901,1.109189537,3.892336581,-4.31733901,-1.109189537,-3.892336581,2.515933418,0
116,0.255156353,-0.104204274,0.175131085,0.089925266,0.106815565,0.08923574,-0.047229288,-0.025672762,0.065447927,-0.151038652,0.014669481,-0.127946206,-0.017340951,0.132847122,0.435843892,0.189129481,-0.045157265,0.327103673,0.266476053,0.180151761,-0.007223833,0.247210226,-0.018063388,0.009782927,0.117916853,0.1786508,0.104728803,0.121490628,0.10046756,0.009687611,0.072926596,0.047294399,-0.161158225,-0.005359049,-0.100490747,0.013454921,-0.065621878,-0.069619669,11.87515725,-0.482308429,3.717110045,0.92821401,11.87515725,3.717110045,0.92821401,4.004583002,-3.717110045,-0.92821401,-4.004583002,2.515933418,0
117,0.335789664,0.106447172,-0.036529547,0.279934252,-0.140538801,-0.112657644,-0.048963468,-0.035087379,-0.045934845,-0.079289221,-0.064911249,-0.034200662,-0.050916,0.498227672,0.125687279,0.134253993,0.315966029,0.300888635,0.210345745,-0.054538375,0.16409244,0.039392927,0.226593277,0.007718187,0.187868295,-0.014407053,0.022790923,0.041571837,0.057707096,0.041730405,0.074471361,-0.03617772,-0.153698525,-0.124754679,0.009702384,-0.117995617,-0.039084764,-0.04958835,11.97419092,-0.435779493,3.299332604,0.814426423,11.97419092,3.299332604,0.814426423,4.051111938,-3.299332604,-0.814426423,-4.051111938,2.515933418,0
118,0.314407034,-0.03141965,0.084445965,0.299758402,0.24977951,-0.013706321,0.149866938,0.119956165,0.01168535,0.049793006,0.029793317,-0.022262865,0.261374053,0.344374064,0.449308563,0.399639601,0.349857372,-0.042090118,0.2186636,0.329092385,0.049529247,0.249677039,-0.049690916,-0.039568527,-0.012981134,-0.01991283,-0.049686399,0.158746806,0.149985985,-0.019899924,-0.099885173,-0.049918567,0.042946019,-0.199916001,0.029929411,-0.028049447,-0.119852193,0.009930368,11.71563618,0.160373082,3.14970713,0.67775508,11.71563618,3.14970713,0.67775508,4.647264513,-3.14970713,-0.67775508,-4.647264513,2.524306889,0.082106755
119,-0.134948438,0.071381187,-0.0495566,-0.091122098,-0.047342878,0.109589315,-0.041333817,-0.034162541,-0.109589182,-0.153210492,-0.14360348,0.021230053,0.420661421,0.312331768,-0.094625044,0.264706075,0.202757823,0.037463336,0.029738646,0.019885706,-0.028301548,0.194846181,0.093873405,0.170937967,-0.012431623,0.044875946,0.173326983,0.039704389,0.119614609,-0.015444409,-0.061568548,-0.066642382,0.026662836,-0.084428171,-0.046623158,-0.082477562,-0.071522673,-0.017363793,11.64931476,-0.842054019,4.219494923,1.157663414,11.64931476,4.219494923,1.157663414,3.644837412,-4.219494923,-1.157663414,-3.644837412,2.524306889,0
120,-0.134091719,-0.041197075,0.11493985,0.253227651,0.029981176,0.119914018,0.030039096,-0.055562824,-0.055040997,-0.062700368,0.004471088,0.010407873,0.182668071,0.12335644,0.240523193,0.328494338,0.236850406,-0.053642941,0.269617509,0.20927479,-0.037873473,0.010465013,0.172228306,0.263997284,0.076119201,0.020878925,0.069066324,0.05969423,0.145357733,0.004412865,0.036798813,0.056176097,-0.136134378,0.014552903,-0.047866202,-0.058092671,-0.045153463,-0.018885444,11.75007151,-0.41110467,3.679106865,0.902674031,11.75007151,3.679106865,0.902674031,4.07578676,-3.679106865,-0.902674031,-4.07578676,2.524306889,0
121,0.288655689,0.061133061,0.134737543,0.299758402,0.154913503,-0.199543979,0.097994205,0.119956165,-0.045648764,0.049793006,0.029793317,-0.149952962,0.193535207,0.319936964,0.449308563,0.399639601,0.349857372,-0.044870637,0.260277664,0.200020934,0.0472213,0.192827258,-0.049690916,-0.010874398,-0.015142302,-0.01991283,-0.049686399,-0.039903003,0.149985985,-0.019899924,-0.099885173,-0.02544268,-0.005138367,0.029815312,0.029929411,-0.149828811,-0.119852193,-0.024382933,11.49546205,0.250447987,3.313135353,0.69936626,11.49546205,3.313135353,0.69936626,4.737339418,-3.313135353,-0.69936626,-4.737339418,2.541032151,0.035189857
122,0.062651462,-0.002740007,0.012715001,0.151774637,0.04430665,-0.040361486,0.112415266,0.116995107,0.025937995,-0.04863576,0.008589801,-0.096096527,0.396116516,0.431959534,0.113412655,0.235798454,0.005446315,0.123852397,0.314875396,0.15613894,0.041528575,0.208566097,0.217994433,0.190377621,-0.024704295,-0.003956666,0.109163969,0.196430615,0.119432535,0.06401931,-0.008301144,-0.031091501,-0.09925256,0.0071464,-0.159054899,-0.106734805,-0.026244648,-0.009832085,12.79343065,-0.61165424,3.316298532,0.855766594,12.79343065,3.316298532,0.855766594,3.875237191,-3.316298532,-0.855766594,-3.875237191,2.541032151,0
123,-0.080296585,0.092070534,0.185767451,-0.154058657,0.015212168,0.091250598,0.1476472,0.002017643,0.042019715,-0.079379069,-0.075580605,-0.121967855,0.000254267,0.455333546,0.045675966,0.193328669,0.266954165,0.372429672,0.051593969,-0.009033445,0.007016978,0.214582319,0.113929893,-0.026546824,0.029608581,0.192182909,-0.047917615,0.025446367,0.022170353,0.086442165,-0.059186072,0.097230638,-0.038881251,-0.058100168,-0.041290946,-0.020446349,-0.06802642,-0.040310145,11.48563519,-0.965364555,3.954780329,1.123030001,11.48563519,3.954780329,1.123030001,3.521526876,-3.954780329,-1.123030001,-3.521526876,2.541032151,0
124,0.296881733,-0.086538553,0.156649858,0.242633556,0.227908274,0.165847168,-0.052313742,0.054740724,-0.148585579,-0.15654561,-0.053972606,-0.118400959,0.448943818,0.492866634,0.039149221,0.326594198,0.089453361,0.059300236,0.140202067,0.127295373,0.062188141,0.045168484,0.114257545,-0.039413173,0.062544047,0.144443206,-0.012658611,0.072537121,0.074667958,0.003208159,0.098786261,0.066357008,-0.052888561,-0.065851285,-0.117962255,-0.132904798,-0.06814787,-0.05245617,11.0267061,-0.297384045,3.504105758,0.836400425,11.0267061,3.504105758,0.836400425,4.189507386,-3.504105758,-0.836400425,-4.189507386,2.541032151,0
125,0.393219657,0.047356822,0.078967651,0.263484158,-0.009016423,0.140612532,-0.067285676,-0.06034896,-0.163037496,0.046169242,-0.038414616,-0.066887525,-0.001191138,0.468052036,0.23768202,0.381546988,0.215244436,0.167386993,-0.035844654,-0.030952183,0.110406674,0.070726691,0.254557493,0.071189508,0.18845348,0.058572562,0.161966618,-0.001817657,0.068305399,-0.013096734,-0.061284488,0.092765983,-0.002289075,-0.151456519,-0.0909804,-0.099795165,-0.045357994,-0.038093014,10.98686634,-0.340958059,3.163012725,0.762919334,10.98686634,3.163012725,0.762919334,4.145933372,-3.163012725,-0.762919334,-4.145933372,2.541032151,0
126,0.036465053,-0.001405838,-0.052256089,-0.187811507,0.129172098,0.02229453,-0.067065867,0.024961183,0.05815877,0.019792157,-0.074818756,-0.083238362,0.33497829,-0.0921198,0.275710342,-0.054195947,0.340077377,-0.045328199,0.339085097,0.201568087,-0.00800263,0.239526976,0.059653491,0.014837722,0.169202977,0.017805481,0.186014697,-0.006876874,0.040945183,0.06086878,0.051146382,-0.06052326,-0.094904069,-0.049876487,-0.063301045,-0.144898164,-0.078104908,-0.043568725,11.93141556,-0.738265743,4.10461685,1.09496578,11.93141556,4.10461685,1.09496578,3.748625688,-4.10461685,-1.09496578,-3.748625688,2.541032151,0
127,0.210340718,0.209507758,-0.078531783,-0.210283701,-0.055016473,0.020901551,0.092203549,-0.066017458,0.063783129,0.016351833,-0.013803611,-0.107268182,0.212773383,0.454584252,0.232974579,0.304008385,0.05588103,0.336375095,0.091935869,0.142753354,0.190894247,0.090547306,0.028014675,0.046899006,0.105825035,0.196206179,0.105694986,-0.032157469,0.062070413,0.009745067,0.09412018,0.036191924,0.038661063,-0.078018862,-0.062557895,-0.022673339,-0.097332084,-0.021998368,12.68554809,-0.77560067,3.660463918,0.986304807,12.68554809,3.660463918,0.986304807,3.711290761,-3.660463918,-0.986304807,-3.711290761,2.541032151,0
128,0.04245738,0.190130023,0.192882222,-0.016684635,-0.037639718,-0.0537237,0.101459156,0.002439373,0.032409326,-0.06592851,-0.059439663,-0.117250797,0.040371507,0.401850938,0.359190529,0.239383973,-0.019283758,0.246459419,0.155253415,0.220985556,0.236688546,0.062073511,0.05949668,-0.023385788,0.056334762,0.103635984,0.004954935,0.040024086,-0.003323419,0.024983857,0.046580258,0.067393612,0.030745798,0.01944705,-0.15348935,-0.062442031,-0.104214468,-0.053077281,12.16338845,-0.533556323,3.81954967,0.966158842,12.16338845,3.81954967,0.966158842,3.953335108,-3.81954967,-0.966158842,-3.953335108,2.541032151,0
129,0.262771675,0.004579917,-0.047414117,-0.000950646,-0.064846915,-0.019215404,-0.077772449,0.075083668,-0.036430558,-0.13936841,-0.033136492,-0.044211563,0.283378538,0.160885871,0.153635618,0.326422355,0.043243468,0.183175073,0.352003519,-0.037382741,0.163936124,0.101501985,0.150184852,-0.025345886,0.002185255,0.117906592,0.055942824,0.096386001,0.069528404,0.077142101,-0.086510112,-0.064866905,-0.116760794,-0.180498093,-0.168170808,-0.09855618,-0.052350762,-0.073697746,12.57250624,-0.648907424,3.681292885,0.959173586,12.57250624,3.681292885,0.959173586,3.837984007,-3.681292885,-0.959173586,-3.837984007,2.541032151,0
130,0.052353956,0.116570858,0.11259811,-0.243466406,0.109407444,-0.194881316,0.043364721,0.11324498,0.005644396,-0.166821121,-0.144252679,-0.103669784,0.197336226,-0.019088146,0.159612567,-0.042750008,0.043583831,0.228299872,0.302491698,0.116196721,0.023004393,0.049297075,0.197026087,-0.024750622,0.104796559,0.093397637,0.139828461,0.149416349,0.078824306,0.000479799,-0.068262223,-0.086473846,-0.087687575,-0.10371056,-0.011426763,-0.012020148,-0.030290872,-0.048712865,11.92108046,-0.877498109,4.142929484,1.147818792,11.92108046,4.142929484,1.147818792,3.609393322,-4.142929484,-1.147818792,-3.609393322,2.541032151,0
131,0.251631478,0.160115915,0.157570506,0.145201622,0.175519362,0.107462318,-0.030143369,0.106228455,-0.159993601,-0.067753762,-0.131568799,-0.002347233,0.329735303,-0.077129275,0.404195617,0.337571551,0.171861559,-0.027717053,0.016203711,-0.073467294,0.028660775,0.037637686,0.23171971,0.211890947,-0.018733881,0.092253419,0.155235017,-0.017710673,0.050144151,0.063640724,0.023442311,0.006651866,0.013161049,-0.089782946,-0.123773222,-0.029953197,-0.047105181,-0.032537433,9.771065709,-0.304871812,3.517038743,0.840990494,9.771065709,3.517038743,0.840990494,4.182019619,-3.517038743,-0.840990494,-4.182019619,2.541032151,0
132,0.118058048,0.073943861,0.171477988,0.04913866,0.189183302,0.044352504,0.075605588,-0.099992689,-0.01406984,-0.192717995,-0.109287352,-0.148670303,0.18691239,0.337456229,-0.058888732,0.224212707,0.280785712,0.286218983,0.389153039,0.06320001,0.116954916,0.095487112,0.022802713,0.24252793,0.146366128,0.016102226,0.0176535,0.162639926,0.033950492,-0.005263811,-0.017665528,0.086030473,0.016494938,-0.041475521,0.020844696,-0.107652009,-0.044971652,-0.023082789,12.05683859,-0.764001706,3.634857219,0.976353717,12.05683859,3.634857219,0.976353717,3.722889725,-3.634857219,-0.976353717,-3.722889725,2.541032151,0
133,0.093855157,-0.110214632,0.006593905,-0.052371075,0.162283026,-0.006865213,-0.071089806,0.020604688,0.059489051,-0.127415236,-0.001220018,-0.022694583,-0.045403112,0.38794853,0.093084278,-0.05642841,0.05257546,0.243676878,-0.02190699,0.273170346,0.201929564,0.014518963,0.279833203,0.288536623,0.035763967,0.123018844,-0.013460036,-0.031363013,0.064636325,-0.019256036,-0.034181858,0.082392803,-0.126128737,0.01576861,-0.197298155,-0.129266252,-0.045340696,-0.098014416,11.99424148,-0.705682134,3.959176365,1.047066178,11.99424148,3.959176365,1.047066178,3.781209297,-3.959176365,-1.047066178,-3.781209297,2.541032151,0
134,0.291856526,0.023091543,-0.0472889,0.014129319,-0.018473785,-0.198264542,0.087190317,0.112555922,-0.011934828,-0.150971711,-0.091252273,-0.064175965,0.240231641,0.027062359,0.004009294,0.217182846,0.127954063,0.27563702,-0.031161334,0.168692093,0.116034674,0.192912651,0.077147939,0.000660915,0.047969065,0.068649803,0.109591915,0.009322134,0.056604902,0.060177111,0.085713709,0.076682565,-0.072424577,-0.194165248,-0.082935555,-0.066080664,-0.09557983,-0.005278596,11.32883678,-0.655175229,3.455595439,0.90184013,11.32883678,3.455595439,0.90184013,3.831716202,-3.455595439,-0.90184013,-3.831716202,2.541032151,0
135,-0.061455953,-0.06551221,0.078226628,0.142122889,0.058178581,-0.101698454,0.12690277,0.115554373,-0.008967418,-0.082196815,-0.016041754,-0.112069697,0.488007214,0.491351649,0.427287382,0.143304647,0.140230204,-0.025531042,0.126182908,0.258221216,0.270882044,0.165312604,0.038128946,-0.008549057,0.094051661,0.163096973,-0.005540055,0.021145545,0.085005782,0.040043849,-0.008336698,-0.004203748,-0.13136995,-0.165116261,-0.061399101,-0.061478894,0.013093694,-0.051946842,13.34325833,-0.504665971,3.574533249,0.897622017,13.34325833,3.574533249,0.897622017,3.98222546,-3.574533249,-0.897622017,-3.98222546,2.541032151,0
136,0.147863727,-0.004320933,0.199569041,-0.204054577,0.095580586,-0.159167787,0.142336295,0.067309721,-0.078896568,-0.045132538,-0.012918511,-0.117443476,0.224871974,0.422936454,0.15773899,0.377488919,0.019805002,-0.027511428,0.237045653,-0.050267367,0.140553344,0.009920199,0.150324938,0.237426048,0.152252798,0.014576741,0.005026956,0.061966549,0.135733913,0.096431398,-0.086899675,-0.001563749,-0.120863582,-0.020240875,-0.179337728,-0.028391,0.006304224,-0.088167539,12.33506114,-0.559288061,3.863356929,0.98364233,12.33506114,3.863356929,0.98364233,3.92760337,-3.863356929,-0.98364233,-3.92760337,2.541032151,0
137,-0.065996048,0.24574702,0.045499409,-0.037697622,-0.041711554,-0.196496682,0.012447112,-0.000822052,-0.146880163,-0.022064308,-0.055869726,0.002390801,0.13067094,-0.014433677,-0.086491795,0.029825837,0.146440038,-0.067326576,-0.032147234,0.067741715,-0.017182335,0.234055546,0.185089086,0.040899018,0.077844771,0.061887577,0.069660924,0.152525066,0.102097284,0.076786499,-0.012813558,-0.080879347,0.015594324,-0.068551151,-0.165908353,-0.080996463,0.011327004,0.0040593,10.14132206,-0.443986657,4.130344743,1.021628006,10.14132206,4.130344743,1.021628006,4.042904774,-4.130344743,-1.021628006,-4.042904774,2.541032151,0
138,-0.031915984,0.268827293,0.024902984,0.248722659,0.196340685,-0.116979538,-0.09209532,-0.044219309,-0.132874005,-0.176997905,-0.001183724,0.022238128,0.391470436,0.103566868,0.275406916,0.161251167,-0.002054087,-0.011110708,0.360897162,0.066808332,-0.048810605,0.016712093,-0.048941381,-0.023042873,0.190195772,0.195707342,0.146497699,0.181670467,0.123109238,0.015252477,-0.085274101,-0.080200626,0.032478398,-0.033282839,-0.111396139,-0.059592953,-0.014954522,-0.031604674,11.29832574,-0.527256991,3.917852995,0.989448156,11.29832574,3.917852995,0.989448156,3.95963444,-3.917852995,-0.989448156,-3.95963444,2.541032151,0
139,0.113839744,-0.024384322,0.132322232,-0.199525932,-0.125672955,-0.145004532,-0.113460262,0.099981999,-0.156900885,-0.176077045,-0.000473784,-0.002863955,-0.052334159,0.049261461,-0.021442057,-0.031959671,0.328906897,-0.020227538,0.053158109,0.333021434,0.210445444,0.062361805,0.01935588,0.210355345,0.196809368,0.087060807,-0.01411539,0.004660721,-0.019504692,0.008714813,0.048601429,-0.012829339,-0.12139384,-0.173089126,0.027481649,-0.124310533,-0.107616215,-0.062823458,11.79338722,-0.642007679,4.461714784,1.160429046,11.79338722,4.461714784,1.160429046,3.844883751,-4.461714784,-1.160429046,-3.844883751,2.541032151,0
140,0.391939656,0.074329871,-0.053086933,0.022280004,-0.015394761,-0.169168366,0.067738974,-0.020554265,-0.176562124,-0.175570785,-0.11401901,-0.014263119,0.44441639,0.097296222,0.171350965,0.188038991,0.318453011,0.019968443,0.226677634,0.215475155,0.229143058,0.029580103,0.077603934,0.068074705,-0.029434505,0.197554199,0.059241225,0.188121227,0.064418505,-0.010215244,0.039371943,0.088655383,-0.034923173,-0.032233155,-0.076210491,-0.010233137,-0.035055717,-0.068163539,12.32632715,-0.524317976,3.524600177,0.889472515,12.32632715,3.524600177,0.889472515,3.962573455,-3.524600177,-0.889472515,-3.962573455,2.541032151,0
141,-0.003234204,0.031614303,0.145092364,-0.143044208,-0.20713514,-0.188976969,0.119056798,0.114338955,0.030032955,0.005421989,-0.114883202,-0.084887829,0.177378033,-0.067798407,0.083693265,0.367140897,0.173508505,0.294558385,0.382062367,-0.055866751,-0.010944295,0.021788917,-0.033649643,0.001871461,0.091251385,0.078264602,0.127085417,-0.030245956,0.142897126,0.029508467,0.005425932,0.081574664,-0.057417352,-0.038857781,-0.023257683,0.002959818,-0.091156227,-0.013781542,12.03243182,-0.614968635,3.861401314,0.997282621,12.03243182,3.861401314,0.997282621,3.871922795,-3.861401314,-0.997282621,-3.871922795,2.541032151,0
142,0.182482167,0.288330105,0.124808574,-0.087654865,0.136880706,0.139957089,0.081075132,-0.027042243,-0.044721077,0.023652756,-0.019034908,0.007119281,0.109778453,0.146137901,0.429279607,0.017772381,0.308822234,0.012306064,-0.077498139,0.34852482,0.090056222,0.069651822,0.281456158,0.127450933,0.196201824,0.11230067,0.026623277,0.131918976,0.03409393,0.028423388,-0.014721068,-0.09927727,0.005514686,-0.049283067,-0.067694465,-0.008024013,-0.007844397,-0.054458471,11.0089465,-0.566418223,3.74207724,0.954496318,11.0089465,3.74207724,0.954496318,3.920473208,-3.74207724,-0.954496318,-3.920473208,2.541032151,0
143,0.379411492,0.26427378,0.094109078,0.211280543,-0.181897715,-0.164326396,-0.036631887,0.015985279,0.007150678,0.019770806,-0.05279394,-0.09444923,0.438444889,0.068343508,-0.09400954,0.177735494,0.264240057,0.375393527,-0.030768894,0.018673056,0.106218162,0.121633224,0.291004676,-0.019052449,0.032556098,0.115659215,0.066345331,-0.033400829,0.006984948,0.006924485,0.009345593,-0.093831192,-0.110899119,-0.174064977,-0.153131875,0.017279228,-0.055798626,-0.057546353,11.02753566,-1.27016578,2.737518814,0.851026513,11.02753566,2.737518814,0.851026513,3.216725651,-2.737518814,-0.851026513,-3.216725651,2.541032151,0
144,0.089812332,0.183534697,0.039748215,0.134546061,-0.056260766,-0.073634037,0.025818139,-0.026810068,-0.105327846,0.002904851,-0.042718844,-0.093317821,0.371912695,0.104603648,0.07078475,0.259847843,0.292957291,-0.035433616,0.110307673,0.016017002,0.103826578,0.05533378,0.001888394,0.215497186,0.03237581,0.09952236,0.066108,0.020428795,-0.008525589,-0.017480551,-0.050237188,0.053241063,-0.049328148,-0.079204205,0.011287223,-0.143400291,-0.095319327,-0.056827428,11.03377609,-0.126260073,3.659530119,0.839220246,11.03377609,3.659530119,0.839220246,4.360631358,-3.659530119,-0.839220246,-4.360631358,2.541032151,0
145,0.016308714,-0.051892341,-0.042998018,-0.222470145,0.210103944,0.000972393,0.018358224,-0.065239727,-0.189571335,-0.017131396,-0.051050771,-0.024624935,0.440364149,0.212591766,0.098910916,-0.050112383,0.086824075,0.289891886,0.050752361,0.074648964,0.192510131,0.239287761,0.24342986,0.110181091,-0.010982106,0.101543979,0.179332571,0.112373303,0.126078364,0.056367866,-0.073403613,0.049037343,0.014113648,-0.11435838,-0.006078766,-0.114594763,-0.080278258,-0.048393755,12.4996711,-1.240341656,3.72380362,1.147003397,12.4996711,3.72380362,1.147003397,3.246549775,-3.72380362,-1.147003397,-3.246549775,2.541032151,0
146,0.176366204,-0.065812805,0.080730596,0.251098313,-0.237650206,0.189202518,-0.105410169,-0.043650073,0.044158279,0.045479535,0.009522217,-0.090479515,0.073350291,0.358080631,0.254596813,0.21887676,0.253962988,0.068607304,-0.058268093,0.225270455,0.099049483,0.191012274,0.237742998,0.18537654,0.17166067,0.028137862,-0.033882059,0.115608917,0.026966332,0.07483326,-0.010740407,-0.098917044,0.022489666,-0.068752417,-0.035935355,0.012864985,-0.013296505,-0.07174427,11.86744435,-0.326682159,3.549554358,0.853215338,11.86744435,3.549554358,0.853215338,4.160209272,-3.549554358,-0.853215338,-4.160209272,2.541032151,0
147,0.213024549,0.261408628,-0.084918673,0.060936341,-0.091140813,-0.090696619,0.050722887,-0.042916916,-0.043082709,-0.0525247,-0.031339202,0.027291451,0.317389331,0.289836679,-0.080538409,0.001279419,0.31063063,0.134193888,0.275614629,0.06148624,0.17944921,0.040336558,0.109584336,0.092789238,0.178593576,0.045889338,-0.035309813,0.115721542,0.079601762,0.027924297,0.066232143,0.003300372,-0.140181756,-0.158668,0.021223317,-0.119286917,-0.001107563,0.002047902,11.93668031,-0.376945288,3.51862203,0.856123635,11.93668031,3.51862203,0.856123635,4.109946142,-3.51862203,-0.856123635,-4.109946142,2.541032151,0
148,0.4,0.214467584,0.199834344,0.299758402,0.24977951,-0.092402242,0.149866938,0.119956165,0.06968716,0.049793006,0.029793317,0.015124916,-0.099847067,0.134958439,0.230068779,0.399639601,0.077802894,-0.079442308,0.186101392,0.04814768,-0.03066914,-0.008782946,-0.049690916,-0.010130995,-0.029906005,-0.01991283,-0.049686399,0.023059206,0.071371475,-0.019899924,-0.099885173,-0.030908098,0.04992842,0.003275131,-0.014055848,-0.035058983,-0.027456313,0.009930368,8.499900163,0.942450602,3.361391331,0.619115781,8.499900163,3.361391331,0.619115781,5.429342033,-3.361391331,-0.619115781,-5.429342033,2.747758522,0.220283502
149,0.06448762,0.264990061,0.074971331,0.153365105,0.207579142,-0.195746479,-0.010151955,-0.108609934,-0.016683038,-0.111388311,-0.120995121,0.016124894,0.062605342,0.496426452,0.324111449,0.210364589,0.138213181,0.027000884,0.059870118,0.379670962,-0.001516392,0.175429508,0.200154628,0.251758055,0.065371909,0.002210329,0.138023959,-0.017525495,0.073713236,0.030356487,0.080308068,0.066361989,0.041098189,-0.145376349,-0.076773446,-0.134389718,-0.069868196,-0.011415835,11.89927549,-0.496076125,3.749962096,0.939648119,11.89927549,3.749962096,0.939648119,3.990815306,-3.749962096,-0.939648119,-3.990815306,2.747758522,0
150,0.4,0.097221764,0.199834344,0.299758402,0.231988417,-0.135131853,0.149866938,0.119956165,0.06968716,0.049793006,0.029793317,-0.022187688,-0.053371153,0.143988403,0.313128629,0.399639601,0.349857372,-0.079442308,0.19929592,0.086435821,-0.001102523,0.249677039,-0.049690916,-0.005317566,-0.029906005,-0.01991283,-0.049686399,0.038565301,0.149985985,-0.019899924,-0.099885173,-0.083472418,-0.163176794,-0.189039836,-0.002574713,-0.030244637,0.019967045,0.009930368,9.936029275,0.644650715,3.288660762,0.640871821,9.936029275,3.288660762,0.640871821,5.131542146,-3.288660762,-0.640871821,-5.131542146,2.809749958,0.106356546
151,0.028092756,0.109842208,-0.076617849,0.240605292,-0.138627708,0.130988216,0.071598772,-0.069579056,0.047828935,-0.063339504,-0.069305254,-0.063931457,0.3210404,0.278840717,0.049731187,0.37792161,0.294240749,-0.049400243,-0.029500153,0.364790766,-0.022092713,0.22879846,0.144985628,0.074673262,0.006646007,0.107552025,-0.049255859,0.142653748,0.10964814,0.060769087,-0.089244037,-0.006699985,-0.145177519,-0.02470455,-0.092563739,-0.06716445,-0.090732585,-0.050825215,11.90398693,-0.14782738,3.612214838,0.832487098,11.90398693,3.612214838,0.832487098,4.339064051,-3.612214838,-0.832487098,-4.339064051,2.809749958,0
152,0.207039728,-0.116742998,0.037555094,0.291339803,0.237670857,-0.132423661,0.084644556,0.067808043,-0.023543266,-0.048212953,-0.030120771,-0.055242384,0.45831694,0.008350631,0.096487162,0.010745542,0.274252715,0.258031639,0.358849419,-0.062475498,0.178756296,-0.017251781,-0.000381887,-0.012049699,-0.007022172,0.043730757,0.100917177,-0.02079054,0.052975047,0.055640852,-0.021610281,0.047060813,-0.051683011,-0.104874985,-0.155543112,-0.050380897,-0.095033734,-0.093758186,11.11958041,-0.452059397,3.111342928,0.771120805,11.11958041,3.111342928,0.771120805,4.034832034,-3.111342928,-0.771120805,-4.034832034,2.809749958,0
153,0.277340062,0.08812827,0.171142523,-0.000682673,-0.241177962,-0.176641163,0.024197353,0.100859122,0.024681596,-0.003921459,-0.057893887,-0.069197544,0.08826953,-0.09720537,0.359839284,0.16261726,0.340107256,0.136211433,0.344711663,0.015783379,0.241978529,-6.23E-05,0.008550073,0.111562736,0.009433056,0.120876277,0.068302288,-0.003141745,-0.016430464,0.078548465,-0.044710494,0.050793501,-0.039456063,-0.152505463,-0.145849299,-0.07558332,-0.047468164,-0.083199444,11.98380319,-0.264664222,3.627649217,0.859179063,11.98380319,3.627649217,0.859179063,4.222227209,-3.627649217,-0.859179063,-4.222227209,2.809749958,0
154,0.289210964,0.219869852,0.035607293,0.295125723,-0.024248134,-0.152223605,-0.012371561,0.00958803,-0.031137251,-0.196461612,-0.079047669,-0.14244359,0.215841751,0.208364402,0.14094321,0.365381722,0.121553834,0.148780179,0.054783626,0.040928964,0.172959586,0.077488823,0.149009592,0.268360002,0.166726258,0.001357861,-0.005699739,0.010297855,0.014236799,0.051775792,-0.049772371,0.007920714,-0.083761403,-0.044557763,-0.067050766,-0.099341679,-0.113275028,-0.062117369,11.47797322,-0.286597062,3.447495342,0.820774698,11.47797322,3.447495342,0.820774698,4.200294369,-3.447495342,-0.820774698,-4.200294369,2.809749958,0
155,0.033604845,-0.106115607,0.023837381,-0.087679487,-0.054080065,-0.006187154,-0.038995264,-0.007337599,-0.067163006,0.020790183,-0.136262276,-0.000133728,0.222307405,0.072707157,0.001121334,0.203606714,0.003767504,0.335098569,0.286606415,0.185069946,-0.023896066,0.057631103,0.130096383,0.287100107,0.002179703,0.012892221,0.081455023,0.049829272,-0.021276135,0.078765439,-0.015855537,-0.070441478,-0.018805687,-0.03446662,-0.118072926,-0.124297406,0.011288972,-0.026074803,12.5843613,-0.819680397,3.710602017,1.011832148,12.5843613,3.710602017,1.011832148,3.667211034,-3.710602017,-1.011832148,-3.667211034,2.809749958,0
156,0.210355888,-0.087885064,0.095700612,0.039713771,0.018660404,-0.020593671,0.048296521,0.052657314,-0.074177319,-0.188351501,-0.080590666,-0.011238018,0.278516516,0.16358034,0.443076315,0.035849594,0.080758598,0.03803,0.391286196,0.217539318,0.076717178,0.176241464,0.289780603,-0.008869853,0.009974471,0.102863968,0.047640168,0.105753707,0.020224491,0.021321428,0.037901026,-0.033882802,0.020536733,-0.069043774,-0.141523809,-0.103739611,0.015565787,-0.050220464,12.52582517,-0.519118202,3.675361924,0.926303423,12.52582517,3.675361924,0.926303423,3.967773229,-3.675361924,-0.926303423,-3.967773229,2.809749958,0
157,-0.071761722,-0.101604844,0.196189891,0.087202791,-0.126733414,-0.017202284,0.013465521,-0.10292591,-0.068413541,-0.143056828,-0.113238448,0.000309585,0.126982512,0.45933625,0.408011233,-0.045970101,0.186733785,0.364765474,-0.01111614,0.353265183,0.277726909,0.101373025,0.163860598,0.283078788,0.173872639,0.167555191,0.049575584,0.021612348,0.10388661,0.015576603,0.016716764,0.001598966,0.010789997,-0.110654731,-0.186352597,-0.097718849,0.016041071,-0.050970853,13.97089325,-0.970957727,3.687845224,1.048894983,13.97089325,3.687845224,1.048894983,3.515933704,-3.687845224,-1.048894983,-3.515933704,2.809749958,0
158,-0.043370527,-0.062813444,0.172658323,-0.204493761,0.028857426,-0.126646789,0.034173911,-0.048499757,-0.138138686,0.036472502,-0.009427257,-0.097460903,0.245056217,0.352281472,-0.089190201,0.350671165,0.113438558,0.177930718,0.299002812,-0.067115528,0.229147694,0.221562591,0.124143335,0.158322172,0.009188113,0.011092929,0.161769615,0.0757438,0.074699453,-0.009204541,-0.034966592,-0.058601632,-0.174670707,-0.042415483,0.012168614,-0.050359552,-0.115507003,0.00692436,13.01854644,-0.981831377,3.865886141,1.102944338,13.01854644,3.865886141,1.102944338,3.505060053,-3.865886141,-1.102944338,-3.505060053,2.809749958,0
159,-0.10484968,0.289051574,0.024263089,0.121893115,0.200164077,-0.176862495,0.141909392,-0.08710312,0.005991565,-0.075898645,-0.019208958,0.025464027,0.011451601,0.343924716,0.240443575,0.008989764,0.279057912,0.310998649,0.092536235,0.213810726,-0.034883858,0.082854288,0.007339183,0.215953526,-0.01457874,0.067369791,0.105532445,0.183637034,0.066293795,0.06494042,0.048810449,-0.043076199,0.032357933,-0.060161542,-0.130422385,-0.10483566,-0.012399235,-0.013983689,11.47208594,-0.656096625,3.770043302,0.98414128,11.47208594,3.770043302,0.98414128,3.830794806,-3.770043302,-0.98414128,-3.830794806,2.809749958,0
160,-0.103568351,-0.040514042,0.042993019,0.292319239,0.192500594,-0.18632668,-0.147798992,-0.010688087,-0.120338314,-0.05801037,-0.096841022,0.014583845,0.251614783,0.018017536,0.165159326,0.028579694,-0.034086202,0.367422437,0.187722561,0.190905006,0.181594663,0.055927679,0.207311637,0.192984055,0.057530905,0.103966201,0.027213893,0.091561712,0.004082079,0.027505636,-0.032894822,0.004228542,0.011652881,-0.049715251,-0.155062101,-0.123904438,-0.116230141,-0.084087517,12.30315237,-0.753530639,3.502346335,0.938121583,12.30315237,3.502346335,0.938121583,3.733360792,-3.502346335,-0.938121583,-3.733360792,2.809749958,0
161,0.012882105,0.18699092,0.01153457,-0.006661095,0.10838605,-0.186485747,-0.019868809,-0.017911363,-0.116484862,-0.026490678,-0.071006037,-0.048914625,0.110983289,0.298020808,0.361808569,0.203941888,0.260352014,0.161318391,0.164143515,-0.015509642,0.298912596,0.102678617,0.16989961,0.257750733,0.125461734,0.129578797,0.055636711,-0.005483572,0.082486196,0.078513702,-0.082078508,0.067359084,-0.17851532,-0.177634764,-0.108673057,-0.01108216,-0.075380566,-0.053766018,13.02346684,-0.724571724,3.816863763,1.014497454,13.02346684,3.816863763,1.014497454,3.762319706,-3.816863763,-1.014497454,-3.762319706,2.809749958,0
162,0.176425775,0.163846457,0.155910885,-0.025311354,0.128909613,-0.00492145,-0.069403917,-0.102277879,-0.194841846,-0.190229756,-0.123032709,-0.124701472,0.39380472,0.403255205,-0.061717734,0.300833274,0.096959494,0.3831821,0.020138658,0.218862072,-0.00469521,0.19876755,0.089197605,0.101892758,-0.015338081,0.16866937,0.142629609,0.071948528,-0.017629874,0.043512517,-0.001676019,-0.061198969,-0.115427931,-0.173379569,-0.091038364,-0.017292425,-0.076500782,-0.092879997,12.23942305,-0.998562875,3.68802222,1.057246232,12.23942305,3.68802222,1.057246232,3.488328556,-3.68802222,-1.057246232,-3.488328556,2.809749958,0
163,0.298075199,0.233110543,0.085393845,0.195818268,-0.245546835,0.111773863,0.01794024,-0.027188048,0.039410458,-0.077960051,-0.023078966,-0.010989262,0.043467793,0.086930814,0.124672948,0.139551856,0.3488858,0.313329123,0.065139979,0.203955164,0.273566287,-0.018737242,0.209436846,0.15375782,-0.000628117,0.144022347,0.040939773,-0.034016743,0.128345187,0.087508804,-0.005790539,-0.058765769,-0.097935404,-0.084716569,-0.106977597,-0.148714126,-0.061582417,-0.037962962,11.60963033,-0.593939832,3.238284944,0.83183283,11.60963033,3.238284944,0.83183283,3.892951598,-3.238284944,-0.83183283,-3.892951598,2.809749958,0
164,0.013888263,0.061019317,0.0698786,-0.136685258,-0.008773214,-0.036157845,-0.022897553,-0.096022236,0.064599626,-0.157950405,-0.08710531,-0.093929289,0.193038303,0.077431163,0.253948397,0.379312921,0.032532552,0.29853638,0.216387796,0.182930599,0.004310187,0.247562588,0.112176239,0.250754074,0.13248783,0.167634698,-0.016974133,0.132646747,0.077150197,0.010364449,-0.008242331,0.015790768,0.038177459,-0.180482121,-0.023190845,-0.099240932,-0.107958439,-0.080596409,13.1233927,-0.883489873,4.046835174,1.123059728,13.1233927,4.046835174,1.123059728,3.603401558,-4.046835174,-1.123059728,-3.603401558,2.809749958,0
165,0.029172989,0.260200755,-0.058364258,0.276531498,-0.039440405,-0.062222354,0.063354935,-0.054127319,-0.016490337,-0.068792481,0.003165627,0.009999803,0.219932713,-0.016711461,0.04303891,-0.005751706,0.152944899,-0.026893156,0.009088903,0.294539722,0.156575248,0.158725086,0.043028621,0.095130542,0.082455052,0.09687186,0.019844867,0.090571215,0.053154237,0.072691222,-0.044903794,0.036140952,-0.078689438,-0.146250864,-0.188295801,-0.093343576,-0.088375088,-0.087731608,10.75287057,-0.067560373,3.624240676,0.820088069,10.75287057,3.624240676,0.820088069,4.419331058,-3.624240676,-0.820088069,-4.419331058,2.809749958,0
166,-0.038237248,-0.022451114,0.183455381,-0.228791732,0.102069364,-0.122465802,0.094628598,-0.06170793,-0.005662655,-0.080013383,-0.06572627,0.008624988,0.046123344,0.080189647,0.4070212,0.348905291,0.294798139,0.099678215,0.090904415,0.395908091,0.104487599,0.103956497,0.2534867,0.168339078,0.012235976,0.042233576,-0.026619186,0.198379072,0.074335158,0.083676347,0.000575309,-0.067192126,-0.158439681,-0.177753524,-0.187349832,-0.056470548,-0.003872531,-0.037752244,13.20946027,-0.872624934,4.06972936,1.126018063,13.20946027,4.06972936,1.126018063,3.614266497,-4.06972936,-1.126018063,-3.614266497,2.809749958,0
167,0.26972941,-0.036018949,0.15816001,-0.131799615,0.239121687,-0.03920723,-0.033098376,0.062298246,-0.000493122,-0.037987474,-0.048160515,-0.011481807,-0.077986021,-0.021862166,0.164486712,0.314014939,0.189259424,-0.01227223,0.304212645,0.117221164,0.166619489,-0.005563456,0.197952869,0.055599864,0.170406339,0.01403232,0.079995475,0.185607196,0.072910759,0.051772665,-0.059205985,0.096934647,-0.139629156,-0.157409962,-0.090982362,-0.063610244,-0.048194955,-0.050897104,11.26874489,-0.419316753,3.922504782,0.964335038,11.26874489,3.922504782,0.964335038,4.067574677,-3.922504782,-0.964335038,-4.067574677,2.809749958,0
168,0.00502824,-0.046655236,0.042075814,0.041633178,0.044708398,0.078546217,0.081074821,-0.042421568,-0.069403596,-0.065376107,-0.03403552,-0.051228957,0.409126959,0.043953945,0.333095457,0.332027486,0.326054716,0.349104089,0.140777711,0.024087233,-0.036184424,0.180504992,0.029827805,-0.035940796,0.007090914,0.121234929,0.169480212,0.119580508,-0.007276399,0.034783296,-0.059707591,-0.062241686,-0.117355993,-0.090847351,-0.145659182,-0.052627013,-0.034181754,-0.070138205,12.30017457,-0.884096749,3.458181155,0.959860736,12.30017457,3.458181155,0.959860736,3.602794682,-3.458181155,-0.959860736,-3.602794682,2.809749958,0
169,0.387000627,0.114699469,0.199834344,0.299758402,0.138106991,-0.147929852,0.149866938,0.119956165,0.06968716,0.049793006,0.029793317,0.029930462,-0.004867894,0.251666797,0.449308563,0.399639601,0.349857372,-0.065484191,0.212736713,0.145892175,-0.047097783,0.249677039,-0.049690916,0.02729926,-0.029906005,-0.01991283,-0.049686399,0.016817025,0.128084286,0.099934194,-0.099885173,-0.033920232,-0.154108164,-0.130152589,0.029929411,-0.128385105,-0.119852193,-0.099962964,10.63914835,0.456394884,3.249603373,0.65737713,10.63914835,3.249603373,0.65737713,4.943286315,-3.249603373,-0.65737713,-4.943286315,2.832930619,0.099916256
170,0.366743397,-0.038312869,0.038628666,0.242637638,0.228948096,0.197218375,-0.092099467,0.097573778,-0.102418347,-0.181851718,-0.120530726,-0.126720831,-0.094154415,0.314726908,0.004897464,0.068331547,0.027929978,-0.035355869,0.212872845,0.127964791,0.043915979,0.046058157,0.237114195,0.129273478,-0.01697836,0.149157945,-0.005344871,0.038317881,0.106980331,0.010058514,-0.091237458,-0.069177792,-0.141951073,-0.003824076,-0.06546834,-0.057191175,-0.082434094,0.00420995,10.11461261,-0.011659909,3.706472968,0.828219266,10.11461261,3.706472968,0.828219266,4.475231522,-3.706472968,-0.828219266,-4.475231522,2.832930619,0
171,0.134780098,-0.11131506,0.138781456,0.272795137,0.147984871,0.116147051,0.005127816,-0.021746268,0.032354002,-0.00689701,-0.048964942,-0.126761631,0.150440842,0.166009075,-0.04472389,0.182814532,0.15464028,-0.033359606,0.119907515,-0.002541568,0.271212034,0.19706027,-0.039336608,-0.022740888,0.034035842,0.186262082,0.090473039,-0.037053971,0.053855187,-0.000252502,-0.045972944,0.027048403,-0.163542903,-0.190097159,-0.139501034,-0.009684706,-0.068484462,-0.087330729,10.37479034,-0.147282119,3.488675408,0.803914629,10.37479034,3.488675408,0.803914629,4.339609312,-3.488675408,-0.803914629,-4.339609312,2.832930619,0
172,-0.047689172,0.268833715,-0.005248304,-0.141320176,0.008916815,0.199002926,-0.135980921,-0.111849038,-0.051430081,-0.087521713,-0.051997999,-0.099077615,0.014577003,-0.060167131,0.233926514,-0.064797429,0.198327549,0.063435541,0.16122765,-0.073385214,0.184328446,0.164137748,0.158805864,0.164158416,0.158104775,0.085294718,0.067386885,0.143972746,0.145632906,0.028808367,-0.033163696,0.050186769,-0.004679825,-0.072214229,-0.104796404,0.017240797,-0.066184038,-0.055895941,10.87108862,-0.80117317,4.482657883,1.216223695,10.87108862,4.482657883,1.216223695,3.685718261,-4.482657883,-1.216223695,-3.685718261,2.832930619,0
173,0.040852223,-0.032033302,-0.028438674,0.115953656,0.191350656,0.025649828,-0.092960365,-0.10007572,-0.183997896,-0.12945814,-0.093665907,-0.03332486,0.298552545,0.405832857,0.263530078,0.16114587,0.007242119,0.000149011,0.031449058,0.052858749,0.210033403,0.013068191,-0.031697376,0.049583651,0.038507277,0.09961482,0.147862962,0.176002124,0.044005718,0.072800237,-0.050480262,-0.077699407,-0.184020163,-0.120660622,-0.067140063,-0.106585989,-0.081262174,0.009294763,11.82135778,-0.343557697,3.891163968,0.939138437,11.82135778,3.891163968,0.939138437,4.143333734,-3.891163968,-0.939138437,-4.143333734,2.832930619,0
174,0.132898534,0.153102007,0.183730113,0.278828899,0.035482233,0.141321531,-0.034421796,0.072883567,-0.18665561,-0.034050532,-0.039967972,-0.132833797,-0.011260414,0.002853954,0.447133037,0.341397636,0.279426522,-0.038038464,0.05495374,-0.02027487,-0.034486721,0.035090206,0.1890225,0.228394571,-0.008020162,0.143000855,0.187581296,0.157312443,0.109236906,-0.001084301,0.022628487,0.086184205,-0.022295586,-0.077349245,-0.147889095,-0.132718641,-0.093745515,-0.027570847,9.975898581,-0.095526321,3.540715983,0.806290503,9.975898581,3.540715983,0.806290503,4.39136511,-3.540715983,-0.806290503,-4.39136511,2.832930619,0
175,-0.057815048,0.189827559,0.079377546,-0.026487457,-0.142583698,0.043101378,-0.071094789,-0.119576759,-0.041693235,-0.086463152,0.02256929,0.00526947,-0.088173132,-0.066695934,0.032943712,0.111428928,0.276562445,0.122447594,0.232286087,0.093092697,0.145618162,0.153853036,0.275002933,0.250124502,0.090235209,0.000119256,0.026849578,0.093908643,0.10363083,0.070938118,-0.033074397,0.064631423,-0.01586704,-0.018814881,-0.098744617,-0.087843655,-0.002468648,-0.057629718,11.50452704,-0.61092797,4.135740942,1.067022686,11.50452704,4.135740942,1.067022686,3.875963461,-4.135740942,-1.067022686,-3.875963461,2.832930619,0
176,0.279633157,0.267960027,-0.015392712,0.020173374,-0.153678626,0.02698207,0.145278192,0.060573295,-0.166445066,-0.173073312,-0.123670511,-0.092606727,0.47004018,0.041079659,0.137126537,0.161417593,0.214464018,0.387659325,-0.013925377,0.133359884,0.162797583,0.146875824,0.026278753,0.192871218,0.027801668,0.037489877,0.066248487,0.033884052,0.11240077,0.040177813,0.06053848,0.086213184,-0.022877644,-0.160436884,-0.06072022,-0.13654684,-0.098229675,-0.020965497,11.77861386,-0.89188828,3.270155251,0.90963905,11.77861386,3.270155251,0.90963905,3.595003151,-3.270155251,-0.90963905,-3.595003151,2.832930619,0
177,0.111329151,-0.08427739,-0.054783571,-0.247154016,-0.02931073,0.148225253,-0.045895005,-0.114593301,0.069222105,-0.194400089,-0.033686889,0.016988232,0.346522769,0.089191568,-0.023435067,0.11569785,0.0799121,0.289782761,0.383736358,-0.050542729,0.070511698,0.112245388,0.040169242,0.147409833,0.15259996,0.167353453,0.01560171,0.126605422,0.08863561,0.078820784,-0.008235587,0.033487505,-0.143872856,-0.148686736,0.028730076,-0.111437073,-0.096275115,-0.02803201,12.72259774,-1.030255464,4.085363252,1.181889933,12.72259774,4.085363252,1.181889933,3.456635967,-4.085363252,-1.181889933,-3.456635967,2.832930619,0
178,0.128422398,-0.009114677,-0.004893756,0.299758402,-0.051827143,-0.184001831,0.149866938,0.113192529,0.06968716,0.049793006,0.029793317,-0.127674187,0.270301269,0.291211746,0.449308563,0.399639601,0.11387103,-0.079442308,0.152384867,0.250462624,0.05731769,0.249677039,-0.049690916,0.073566765,-0.010712351,-0.01991283,-0.049686399,0.033386732,0.052077708,-0.019899924,-0.099885173,0.03948569,-0.19978815,-0.199916001,0.029929411,0.019910559,-0.037232097,0.009930368,12.30067521,0.059011908,3.339032695,0.734514671,12.30067521,3.339032695,0.734514671,4.545903338,-3.339032695,-0.734514671,-4.545903338,2.848223748,0.043730722
179,-0.029380677,0.089002986,-0.064802208,-0.152891445,0.115237904,0.058948862,-0.121401905,0.050461949,-0.193359948,-0.092942347,-0.10885422,0.002859618,0.128812074,0.37584879,0.398976457,0.157658176,0.066945525,0.268379267,0.316411831,0.121692517,0.063027502,0.208173835,0.012457423,0.263118119,-0.011362838,0.047756799,0.112743802,0.070003805,-0.000435709,0.022637772,-0.070204821,-0.043770273,0.00094439,-0.166935244,-0.198434896,-0.081587564,0.019136483,-0.050503292,13.31257833,-0.957226782,4.216821483,1.194680487,13.31257833,4.216821483,1.194680487,3.529664649,-4.216821483,-1.194680487,-3.529664649,2.848223748,0
180,0.334943727,0.215964501,-0.042529822,-0.208942992,0.193893459,0.056362548,-0.090115889,0.087012276,-0.193374135,-0.167566156,-0.09760387,0.021119365,0.218465338,0.125406545,0.217492785,0.254699387,0.217583236,0.285543077,0.194614975,0.378980818,0.161434436,-0.001856769,0.082160268,0.135119519,0.152913075,0.055104699,0.146935373,0.113523467,0.032905954,0.043721817,-0.095668572,-0.091438883,-0.179615986,-0.172169345,0.025197485,-0.012327853,0.002750099,-0.032371322,12.93049057,-0.970740809,3.967655602,1.128408885,12.93049057,3.967655602,1.128408885,3.516150622,-3.967655602,-1.128408885,-3.516150622,2.848223748,0
181,0.2653944,-0.027885321,0.072233627,0.104120142,0.180165045,0.019168488,0.012300482,-0.05766485,-0.176367198,-0.05072814,-0.045247473,0.015804468,0.186930804,0.029039953,0.373047434,0.335312713,0.225169266,0.279453872,0.279843212,0.218561719,0.136740978,0.228283676,0.293417801,0.077477608,0.164537407,-0.002478989,0.127774189,0.187922448,0.072128854,0.01415566,0.056606516,-0.023650717,-0.003661087,0.0265758,-0.101950827,0.008438089,-0.049034844,-0.044226447,12.65422706,-0.696891898,3.258219171,0.859688542,12.65422706,3.258219171,0.859688542,3.789999533,-3.258219171,-0.859688542,-3.789999533,2.848223748,0
182,0.045086933,0.25472054,0.079625612,-0.119455164,-0.20110258,-0.087662735,-0.037004117,0.045878555,-0.107244776,-0.00999137,0.017034378,0.028160853,0.404185433,0.076223738,0.201735017,0.330588505,0.341122164,0.31376447,0.182754936,0.152049559,0.067845655,0.144916893,-0.026308077,0.051598856,0.147412645,0.128365319,0.039381885,0.014104554,0.0043649,-0.012970046,-0.040152583,0.015928795,-0.142051729,0.027065988,-0.105204001,-0.113495054,-0.081772194,-0.084667086,12.9409233,-0.794077488,3.829431573,1.036995536,12.9409233,3.829431573,1.036995536,3.692813943,-3.829431573,-1.036995536,-3.692813943,2.848223748,0
183,-0.057686271,0.123422258,0.031637203,-0.087903282,0.048828857,-0.010481898,0.077227749,0.037037691,-0.132020079,-0.027801383,-0.052596031,-0.14995012,0.129802168,0.261020622,0.20193661,0.034400578,0.056019366,0.307864843,-0.066531101,0.103387046,0.225203231,0.223608859,0.109204786,0.23015547,0.003624337,0.123101849,0.18144075,0.13664278,0.060510441,0.065014878,-0.063775313,0.042024111,-0.129509043,-0.118000453,-0.000126116,-0.041741936,0.017942561,0.007560034,12.19367568,-0.894853934,3.789997205,1.055110702,12.19367568,3.789997205,1.055110702,3.592037497,-3.789997205,-1.055110702,-3.592037497,2.848223748,0
184,0.200474817,0.043932366,0.183206057,0.062541702,-0.199173184,-0.091916403,0.037471743,-0.072451978,-0.101049743,0.044164168,-0.070402975,-0.095749183,-0.062647354,-0.077142548,0.081483735,0.049174332,0.059302735,0.359795089,0.157268222,0.106960741,0.208359271,0.11610475,0.107468442,-0.02202876,0.144719143,0.119074531,0.056638829,-0.039805453,0.074214199,0.047595793,-0.042885097,0.058817832,-0.123456223,-0.015962307,-0.014089011,-0.053584887,0.016833469,-0.082730977,11.40270023,-0.507075319,3.494934391,0.878164793,11.40270023,3.494934391,0.878164793,3.979816111,-3.494934391,-0.878164793,-3.979816111,2.848223748,0
185,0.174669339,0.292400071,0.064726392,-0.167497384,-0.013674372,0.010711297,-0.149429699,0.109729425,-0.034413461,-0.159283661,-0.115139195,-0.105808765,-0.063665292,0.023834994,0.449052397,-0.066926655,0.071077898,-0.007161433,0.264039393,0.140714362,0.221930805,0.06989092,0.059561801,0.063964802,0.170227354,0.197844684,0.121643595,0.066310895,0.127077614,0.058112208,0.077712044,0.03739051,-0.164294513,0.005043497,-0.068698531,-0.081866753,-0.115784333,-0.042098045,11.51126329,-0.748661677,4.403086259,1.177853302,11.51126329,4.403086259,1.177853302,3.738229754,-4.403086259,-1.177853302,-3.738229754,2.848223748,0
186,0.373477694,0.191817382,0.038907513,0.239165566,0.113865148,-0.015490903,0.024186353,-0.048897231,-0.00111253,0.010538556,-0.005709665,-0.100386708,0.187841688,0.199830977,0.097561343,0.005409619,-0.03828921,0.234762246,0.144192078,0.053334531,0.201062468,0.08890932,-0.032252711,0.122847495,0.115117148,0.014494244,-0.048377646,0.053313087,0.010594509,0.002393738,0.029493918,-0.062333594,0.042433693,-0.198112227,-0.176517307,0.014731293,0.018043439,-0.074505662,10.38976823,0.131734251,3.273959459,0.708860099,10.38976823,3.273959459,0.708860099,4.618625682,-3.273959459,-0.708860099,-4.618625682,2.848223748,0
187,0.097958685,0.271429157,-0.019689268,-0.141898566,-0.01570117,0.071391613,0.146142873,-0.056883013,0.047941252,0.002868093,-0.137671874,-0.126997692,0.323524583,0.08684412,0.318269502,-0.077656171,0.150922485,0.126024707,0.128851897,0.048963392,0.103325445,0.090750491,0.238640101,0.033372968,-0.019197475,0.118373082,0.131833882,0.162833828,-0.02490069,0.08858697,-0.077978765,0.047562746,0.02196875,-0.002442997,-0.026307719,-0.020570258,-0.018260248,-0.001718257,11.22345097,-0.745298116,3.748702484,1.001900038,11.22345097,3.748702484,1.001900038,3.741593315,-3.748702484,-1.001900038,-3.741593315,2.848223748,0
188,0.007609915,-0.011091546,-0.071056353,-0.113753183,0.201819347,0.061076796,-0.090537087,0.109738232,-0.168034965,-0.080149204,-0.106346424,-0.085134792,0.24403304,0.144679756,-0.054396962,0.120516892,0.069153121,0.346832979,-0.010414006,0.361915137,0.249941438,0.068413522,0.029719104,0.222551611,0.13448538,0.16730667,0.096150531,0.077199621,0.115108699,0.085210901,-0.073271598,-0.095938303,-0.149425453,-0.143234855,-0.06051204,-0.111024223,-0.097100139,-0.005654305,12.87076898,-1.081195028,3.903118945,1.146056044,12.87076898,3.903118945,1.146056044,3.405696403,-3.903118945,-1.146056044,-3.405696403,2.848223748,0
189,0.089051241,0.040211067,-0.012948608,0.072218647,-0.058424687,-0.16375592,-0.038204289,-0.01050138,-0.105982211,0.04016471,-0.027088178,-0.102620481,-0.069357198,0.042113586,0.312509023,0.100310157,0.175453966,0.397442259,0.175922198,-0.034106848,-0.046002858,0.243353623,0.092568566,0.149265653,0.079672719,0.059002777,0.163699685,0.047539959,0.037073034,0.052874885,-0.094892428,0.088498429,-0.104660582,-0.180669704,-0.100571658,0.000307874,0.00601646,-0.019521731,11.96872367,-0.575474345,3.506505724,0.896479625,11.96872367,3.506505724,0.896479625,3.911417086,-3.506505724,-0.896479625,-3.911417086,2.848223748,0
190,0.032860726,-0.037892999,-0.00914587,0.182391652,-0.083895296,-0.192308233,0.12588217,-0.054391604,0.007893798,-0.089177251,-0.028629744,-0.028263711,0.450978279,0.118447677,0.140276955,0.193487104,0.062816157,0.271120662,-0.077698951,-0.054767433,0.181358051,0.219446195,0.199970866,0.027478445,0.046240367,0.021172324,-0.002092249,0.038970844,0.055968475,0.047379913,-0.034455598,0.087237125,-0.061317879,-0.061675621,0.013479589,-0.028124142,-0.080409158,-0.041222717,11.67774609,-0.924136911,3.233667322,0.907631245,11.67774609,3.233667322,0.907631245,3.56275452,-3.233667322,-0.907631245,-3.56275452,2.848223748,0
191,-0.082833173,0.123220313,0.120439073,0.057127753,-0.188274787,0.0018338,0.145441864,0.023342365,-0.124741291,-0.113108072,-0.146857212,-0.149373993,0.171692042,0.192210446,0.198125102,0.256250676,0.229547624,0.273599225,-0.018587224,0.350102122,0.216929084,-0.016831325,0.069590809,0.282131852,0.012427054,0.161945653,0.110070398,0.072863094,0.127060673,-0.006513127,-0.098399903,-0.035746089,-0.173369958,0.028756089,-0.048651488,0.018647956,-0.057518474,-0.067150654,13.08624167,-0.791376455,3.655216516,0.989095306,13.08624167,3.655216516,0.989095306,3.695514976,-3.655216516,-0.989095306,-3.695514976,2.848223748,0
192,0.319397098,0.091292146,-0.072730961,-0.178835593,-0.039957654,0.107248578,-0.134025752,-0.036056106,-0.069493536,-0.115235191,-0.020356176,-0.037850618,0.068856736,0.014219678,0.089559113,-0.006737842,0.017862871,-0.053136185,0.270833676,0.389541755,0.089616106,0.050725019,0.116564579,0.065374664,0.07540083,0.07848075,-0.034529172,0.116183364,0.011705194,0.043614287,0.05884939,0.01527603,-0.081098028,-0.001355686,-0.022127081,-0.086939387,-0.01384312,-0.077420504,11.34312988,-0.420325683,4.174162604,1.0264589,11.34312988,4.174162604,1.0264589,4.066565747,-4.174162604,-1.0264589,-4.066565747,2.848223748,0
193,-0.147575655,0.203320756,0.146110839,0.272904408,-0.196548178,0.036238614,0.003631663,-0.0319986,-0.190448317,-0.197565846,-0.139332937,-0.128046982,0.47565671,0.349994141,0.164633974,-0.058463371,0.342809092,0.168273961,0.217341943,-0.049655185,0.239410786,0.180851619,0.166458641,-0.030817228,0.141920522,0.102251555,0.182598241,0.161380189,0.101621033,0.037061245,0.099198459,0.09267617,-0.136871858,-0.02728476,-0.160253293,-0.076737751,-0.036487677,-0.055089253,12.46430585,-0.884005625,3.626572983,1.006574501,12.46430585,3.626572983,1.006574501,3.602885806,-3.626572983,-1.006574501,-3.602885806,2.848223748,0
194,0.222010868,0.107720482,-0.051034519,0.142381942,-0.143043478,-0.014483389,-0.020907803,-0.077790969,-0.120978646,-0.120509271,-0.138228256,0.02764915,0.198144341,0.356628497,0.399509284,0.000476688,0.09260033,0.261429228,0.00810971,0.043761112,0.10626475,0.114360048,0.059214783,-0.013963749,0.149819852,0.013847272,0.05083874,-0.022738474,0.01803886,0.07950441,-0.087306183,0.026309041,-0.020830894,-0.014899099,-0.001680779,-0.116989869,-0.005839642,-0.072709782,11.72596655,-0.368846232,3.596676947,0.873394238,11.72596655,3.596676947,0.873394238,4.118045199,-3.596676947,-0.873394238,-4.118045199,2.848223748,0
195,-0.057717362,0.062382554,0.186020531,0.044443902,-0.003852519,0.173056519,0.137203771,0.034541437,-0.035914235,-0.109032667,0.00889942,0.020902215,0.175242435,0.470805703,0.10615818,-0.014931858,-0.000715193,-0.01525434,-0.038310544,0.381598307,0.219114694,0.017203132,0.120145231,0.062243683,0.109677383,0.190117609,0.074401573,-0.011932026,0.031442254,0.080226017,0.06460487,-0.090069846,0.010937137,0.005803241,-0.008450176,-0.142465808,-0.021686913,-0.011597351,11.31532886,-0.676330353,3.826047488,1.004064076,11.31532886,3.826047488,1.004064076,3.810561077,-3.826047488,-1.004064076,-3.810561077,2.848223748,0
196,-0.082861265,0.265862585,-0.062406261,0.14065131,-0.220236682,0.187960706,0.02264014,0.012125196,-0.020611064,-0.142978881,-0.117671852,-0.141127148,0.060279997,0.262033741,0.249859339,-0.023014926,-0.009128007,0.086791883,0.083583616,0.319463197,0.273136823,0.246423247,0.170699396,0.121332012,0.107472577,0.121593057,0.192877636,0.052501222,-0.028522687,0.096941635,0.04785188,0.016904219,-0.123316476,-0.080275898,-0.011557799,-0.089415322,0.012894549,-0.052536921,12.31752227,-0.624624276,3.816218824,0.988077383,12.31752227,3.816218824,0.988077383,3.862267155,-3.816218824,-0.988077383,-3.862267155,2.848223748,0
197,0.172021087,-0.079088229,0.098472912,0.178179414,0.057445914,0.127825829,0.127312205,0.030396243,-0.013357207,-0.060204684,-0.04996904,-0.070296586,0.045722659,0.449249199,-0.076514463,0.034576242,0.104456715,0.337475764,0.036553504,0.178111829,0.02639618,0.030904813,0.085664498,0.100576246,-0.023824229,0.043773805,0.061259132,0.042901595,0.042387543,-0.013562826,-0.083393381,-0.079847882,-0.052380487,-0.155262961,-0.09907194,-0.098842553,-0.115860614,-0.063680024,10.97024066,-0.302670837,3.338546242,0.797889635,10.97024066,3.338546242,0.797889635,4.184220593,-3.338546242,-0.797889635,-4.184220593,2.848223748,0
198,0.297150074,0.090214118,0.056252553,0.070663656,0.042715086,0.165327134,0.126166287,0.012604127,-0.084660418,-0.054933627,-0.070744407,0.02629487,0.187491926,0.362241054,0.12523752,0.123202211,0.09338344,0.072176057,-0.029542245,0.384936322,0.084453784,-0.01751267,-0.018276221,0.04072627,0.030040176,0.151974779,-0.03502086,0.094618428,-0.025105367,0.086357061,-0.085301647,-0.016985893,-0.140209392,-0.01865733,-3.08E-05,-0.054548834,-0.104598278,-0.032160014,10.99613744,-0.022994829,3.527891676,0.79031662,10.99613744,3.527891676,0.79031662,4.463896602,-3.527891676,-0.79031662,-4.463896602,2.848223748,0
199,0.360175465,0.100188502,0.138825087,0.299758402,0.09057954,-0.11524725,0.140920551,0.119956165,-0.006315794,0.014543413,0.029793317,-0.09247969,0.150448882,0.235123292,0.449308563,0.399639601,0.212088015,-0.044382931,0.225587037,0.191517451,0.057768147,0.233107646,-0.035069005,0.013263545,-0.008637423,-0.01991283,-0.049686399,0.043748598,0.053458892,-0.019267571,-0.099885173,-0.035684169,-0.196525077,-0.147636376,0.023647253,-0.05826291,0.009536799,-0.012375668,11.29800002,0.328982352,3.234625953,0.671659204,11.29800002,3.234625953,0.671659204,4.815873783,-3.234625953,-0.671659204,-4.815873783,2.870680061,0.040137782
200,0.091202796,0.196128684,0.073422606,0.249461621,-0.015097559,-0.105357698,-0.017387502,-0.039099372,-0.014674013,-0.084716653,-0.141218424,-0.005318034,-0.029430214,0.096948103,-0.061702295,0.248237232,0.219626068,0.125102441,0.38642867,0.161047582,0.211610944,0.124075665,0.116935766,0.290373931,0.144209483,-0.002057357,0.190497785,0.160790761,0.012066074,0.079059819,-0.027605936,0.04607452,0.017966817,-0.058381584,-0.13923023,-0.0103047,-0.090867407,-0.001386693,11.9631365,-0.49675363,3.496946658,0.876397466,11.9631365,3.496946658,0.876397466,3.990137801,-3.496946658,-0.876397466,-3.990137801,2.870680061,0
201,-0.100152346,0.081322746,0.153366988,-0.196351005,-0.205173374,0.073313295,-0.102851996,-0.067531858,0.034703714,-0.017641646,0.01926352,-0.09574634,-0.025003553,0.415247385,0.41249262,0.097287428,0.024799606,0.088803431,0.130939681,-0.020320444,0.245876959,0.140812337,0.071431899,0.100996825,-0.010198931,0.116543492,0.190189766,0.07676228,0.149103551,0.039493666,0.057158002,-0.016369016,-0.038547729,-0.18084755,-0.023648625,-0.017099611,-0.054893028,-0.091658441,12.41523936,-0.855425026,4.323406728,1.190540197,12.41523936,4.323406728,1.190540197,3.631466405,-4.323406728,-1.190540197,-3.631466405,2.870680061,0
202,0.031430729,0.229020012,0.0092433,-0.200296853,0.064016411,0.078953367,0.106361889,-0.072135223,0.053483878,-0.168605675,-0.085983457,-0.033933098,0.140900913,0.439285208,0.37909886,0.108241612,0.263765659,0.105645065,0.375318753,0.061481562,0.262977718,0.098223397,-0.043118774,0.237096071,0.092413013,0.031254946,0.065815638,0.039816922,-0.02287341,0.027946196,0.003713841,0.020099464,-0.146633683,-0.181186977,-0.105411158,-0.004729278,-0.054043631,-0.061881841,13.08331835,-0.930691705,4.136539317,1.163190944,13.08331835,4.136539317,1.163190944,3.556199726,-4.136539317,-1.163190944,-3.556199726,2.870680061,0
203,0.061271977,-0.101804081,0.075884685,0.05770951,0.06772823,0.091623684,-0.108475225,-0.084430337,-0.193107477,-0.150183333,-0.023729184,-0.121368416,0.010977251,-0.005542386,0.433894977,0.200180698,0.226868728,0.082094864,0.288951196,-0.059249907,-0.018726709,0.045539549,0.234445959,0.120870692,0.162346946,0.192938576,0.072486668,0.008573592,0.045810707,0.035894661,-0.083631907,-0.002094728,-0.119888954,-0.094294901,-3.20E-05,-0.038468611,0.018111228,-0.096883107,11.79000981,-0.508433137,3.988251521,1.002461563,11.79000981,3.988251521,1.002461563,3.978458294,-3.988251521,-1.002461563,-3.978458294,2.870680061,0
204,-0.076311019,-0.071854421,0.070941021,-0.098784643,0.247373168,0.134895073,-0.090928305,-0.05567692,-0.086650806,-0.165000156,-0.0666925,-0.141086107,0.180191065,0.370466036,-0.065358134,-0.025904519,0.279362025,0.155628545,0.119555858,0.291829032,0.291159525,-0.000901062,0.269358094,0.276376919,0.122624645,0.021814751,-0.010774,0.139758315,-0.011666435,0.038990407,-0.053097519,0.085276778,-0.178808005,-0.187782446,-0.072414945,-0.103959168,-0.053646206,-0.042705362,12.76056322,-1.028798265,4.182491769,1.209479204,12.76056322,4.182491769,1.209479204,3.458093166,-4.182491769,-1.209479204,-3.458093166,2.870680061,0
205,0.382183387,0.06184412,0.174776298,-0.238985074,-0.202032169,-0.089429084,0.120118087,-0.046773277,0.030509922,-0.030555982,-0.077135896,-0.041769635,0.424756934,0.192827877,0.148109823,0.121471101,0.215366198,0.345197663,0.016291529,0.057813129,0.071577241,0.132867134,0.128457602,0.088003433,0.03902971,0.005710362,0.151577203,-0.014422432,0.049981738,0.04781572,0.001122747,0.091850124,-0.05640263,-0.190045575,-0.012879149,-0.073579315,-0.075576481,-0.022639174,12.0092511,-0.929590228,3.381267648,0.950514858,12.0092511,3.381267648,0.950514858,3.557301203,-3.381267648,-0.950514858,-3.557301203,2.870680061,0
206,0.294315388,-0.06241574,0.069900325,-0.150088229,-0.005088549,0.166846397,-0.07078862,0.073829741,-0.064519807,0.022845159,-0.064050878,-0.128481807,0.491961947,0.021714178,0.225064783,0.333887135,0.110274954,0.042865393,-0.003751383,0.367848144,0.195419648,0.167055113,0.276230737,0.084663506,0.183314142,-0.000498987,0.014250634,0.023938746,0.028180294,-0.002128695,-0.054194323,-0.062855075,-0.160950082,-0.058783388,-0.00746552,-0.07779918,-0.1109498,-0.083222968,12.56180543,-0.851449316,3.617972006,0.995194502,12.56180543,3.617972006,0.995194502,3.635442114,-3.617972006,-0.995194502,-3.635442114,2.870680061,0
207,-0.051021194,-0.042125175,0.04815014,0.152282696,-0.029391462,-0.144148466,-0.024150539,0.113633097,-0.127720893,0.033397224,-0.041796209,-0.021626138,0.273996348,0.006280737,0.424753725,0.022678123,0.335431132,0.102607867,-0.011981407,0.043158219,0.006489027,0.203850222,-0.028300898,0.034525792,0.068040758,-0.008898606,0.073379482,0.130832137,0.100213874,0.047963933,-0.000142774,0.006622167,-0.010235387,-0.051710776,-0.058696946,-0.0611959,-0.021724563,-0.032456767,11.16524577,-0.299075004,3.7165521,0.887467769,11.16524577,3.7165521,0.887467769,4.187816426,-3.7165521,-0.887467769,-4.187816426,2.870680061,0
208,0.111634282,0.286234085,-0.08325904,0.248743833,0.075854438,0.03474199,0.034140086,0.016038914,-0.01546956,-0.14685433,-0.099945529,-0.116081015,0.474399555,0.175595575,0.119101527,-0.055415309,-0.048955726,-0.003307662,0.296495211,0.169678747,0.003804596,0.204430651,0.010161143,0.004414592,-0.003497456,0.171432052,0.153416293,0.166600427,0.120070963,0.00661579,0.049237332,-0.026765647,-0.139700148,-0.006587914,0.017692925,-0.110146254,-0.097448632,-0.005059243,11.04364831,-0.26760006,3.547142914,0.840696364,11.04364831,3.547142914,0.840696364,4.21929137,-3.547142914,-0.840696364,-4.21929137,2.870680061,0
209,0.059648407,0.244611801,-0.003105555,0.240080793,-0.15900731,-0.041115547,-0.081353151,-0.076830726,-0.0599408,0.034286136,-0.127778889,-0.122260154,0.199105449,0.147678095,0.264829977,0.392766013,-0.025437398,0.177423098,0.268560569,0.310204935,0.105753117,0.170882492,-0.026484436,0.043082671,0.030712024,0.141154787,-0.01043056,0.105257409,0.126060988,0.048544398,0.025658357,-0.057995516,-0.110641811,-0.046383192,0.028611846,-0.104012703,-0.002207803,-0.011977425,12.69634476,-0.367152364,3.566291965,0.865659671,12.69634476,3.566291965,0.865659671,4.119739067,-3.566291965,-0.865659671,-4.119739067,2.870680061,0
210,-0.105442796,0.043892097,0.126317359,0.298543122,-0.137418117,0.027622851,-0.129079608,-0.022841659,0.005845939,-0.029562693,-0.066899755,-0.125417837,0.20561431,0.100875155,0.195441221,0.237783833,0.005147325,0.388732334,0.389720449,0.316556665,0.129286332,-0.013185468,0.118905066,0.076554505,0.075447735,0.109501411,-0.042414948,0.069969757,0.089925182,-0.010536629,0.043027897,-0.050422583,0.036813907,-0.098998216,0.016857635,-0.107827869,-0.016797249,-0.007923992,13.02590895,-0.631187537,3.577293514,0.927792593,13.02590895,3.577293514,0.927792593,3.855703894,-3.577293514,-0.927792593,-3.855703894,2.870680061,0
211,0.316258466,0.150926278,-0.083886586,0.204349042,0.110892224,0.157522712,-0.090132977,0.073152328,-0.002505019,-0.01840456,-0.133876192,-0.124405051,0.241738086,-0.008875163,0.071206394,-0.006371442,-0.026566359,0.237626746,0.288064575,0.034159158,0.059081018,0.18943864,0.0153314,0.293420158,0.040570291,0.176548375,0.195325751,0.189582762,0.111477632,0.054981249,-0.068854477,0.077490521,-0.138241289,-0.169844571,-0.06006476,-0.101757669,-0.033334206,-0.021077396,11.08066362,-0.469900049,3.26311257,0.812327501,11.08066362,3.26311257,0.812327501,4.016991381,-3.26311257,-0.812327501,-4.016991381,2.870680061,0
212,-0.092088679,0.274753484,-0.049741489,0.006852306,-0.106264611,-0.067919734,0.042296091,0.089375825,-0.114398807,-0.012845283,-0.108342204,0.013694295,-0.063532708,0.314554958,0.118455666,0.129637098,-0.025366489,-0.02469984,-0.078923536,0.385588165,0.148193668,0.160796406,0.070508684,0.161475657,0.045165973,-0.01962306,0.15112786,-0.004009479,-0.010588279,0.092415086,-0.099010351,0.068962359,-0.053836052,-0.122028763,0.010198929,-0.142499686,-0.093090575,-0.095825004,11.48216259,-0.365426684,4.063960716,0.986047671,11.48216259,4.063960716,0.986047671,4.121464747,-4.063960716,-0.986047671,-4.121464747,2.870680061,0
213,0.323250894,0.269534861,-0.04350087,0.253472194,0.120841493,-0.133935075,0.148521503,0.095527126,0.002981398,-0.021289483,0.016834396,-0.077012165,0.48191279,0.146348208,0.421160719,0.228408916,0.343901186,0.11026196,0.399908172,0.09414615,0.244254713,0.24552274,0.100458532,0.134278087,0.152140521,0.116309174,-0.033322405,0.055021287,0.091110078,0.042430624,-0.059809126,-0.07381391,-0.056468647,-0.113309241,-0.178843191,-0.059877395,-0.09344521,-0.080396494,12.89911734,-0.4689031,3.034280277,0.75517399,12.89911734,3.034280277,0.75517399,4.01798833,-3.034280277,-0.75517399,-4.01798833,2.870680061,0
214,0.304713714,0.142008465,-0.01187799,0.163215918,0.086184459,0.15587924,0.009297481,0.109318165,-0.029694144,-0.085771262,-0.071653659,0.019906062,0.406571821,0.259550341,0.317905455,0.229984887,0.131573949,-0.015454715,-0.060388994,0.352652329,0.207264304,0.221564485,0.274127029,0.119984341,0.127970256,0.104289995,-0.039807202,0.061867998,0.037206057,0.075872052,-0.091351387,-0.030972232,-0.124717541,-0.152150448,-0.012131286,-0.007589576,-0.030733393,-0.044577259,11.95310835,-0.378850626,3.368239876,0.819913929,11.95310835,3.368239876,0.819913929,4.108040804,-3.368239876,-0.819913929,-4.108040804,2.870680061,0
215,0.319236959,0.14672123,0.171030859,0.019316052,0.120691108,-0.158808655,-0.13382088,-0.087967902,-0.007671159,-0.18527147,-0.034509172,-0.061846499,0.12805365,0.263884945,0.074932124,0.075029645,0.013349119,-0.039444721,-0.032031209,0.343887428,0.069456166,0.123921151,0.040359074,0.131601126,0.190396971,0.099259203,0.071843682,0.059141551,0.004765496,0.053479343,-0.090930642,0.090952155,-0.043938712,-0.129826647,-0.010674684,-0.135442251,-0.002696366,-0.009225338,10.89042294,-0.3364444,4.031476148,0.971335405,10.89042294,4.031476148,0.971335405,4.15044703,-4.031476148,-0.971335405,-4.15044703,2.870680061,0
216,0.112576952,-0.012434231,0.081616659,0.263710752,-0.183507143,0.110296074,-0.086562466,0.040413873,-0.040976422,-0.124184695,-0.131911247,-0.058435242,0.298037105,0.0164483,0.318891109,0.295819636,0.036080738,0.012633529,0.307398622,0.135490689,0.03700106,0.009495051,0.161020292,0.121999132,0.198748501,0.189511815,0.103954873,-0.01056055,0.035841735,0.0365526,-0.041961177,0.088282695,-0.175241917,-0.10888944,-0.123435257,-0.137592664,-0.059761289,-0.011487984,12.24204764,-0.439624522,3.644360552,0.900449769,12.24204764,3.644360552,0.900449769,4.047266909,-3.644360552,-0.900449769,-4.047266909,2.870680061,0
217,0.373837072,0.063225753,-0.066642887,0.222412213,0.220860911,0.039121132,0.101388534,0.006228163,-0.140827586,-0.088583033,-0.120126406,-0.125452559,0.021915081,0.494995373,0.280575846,0.384741857,0.094209901,0.208924135,-0.05488896,-0.040859284,0.080891056,-0.012676015,0.088744406,0.153023333,0.003750878,-0.019622419,-0.048335324,0.115198613,0.056991356,0.024375289,0.023161478,0.077226624,-0.14851029,0.013773209,-0.105276165,-0.144907104,-0.058940675,-0.092540974,10.55330118,0.032474338,3.314992923,0.733508437,10.55330118,3.314992923,0.733508437,4.519365769,-3.314992923,-0.733508437,-4.519365769,2.870680061,0
218,0.345583572,0.289195505,0.05259534,-0.00965431,0.098872011,-0.155910952,-0.077910512,-0.096020259,-0.178807274,-0.075591212,-0.121420048,-0.134308219,-0.082690726,0.220818738,0.405101577,0.228378745,0.187016806,-0.063524284,0.037217316,0.213335455,0.00536171,0.173510207,-0.00403664,0.053247723,-0.027222528,0.188707532,0.11213522,0.078076017,0.011011695,-0.0164354,-0.02867869,0.0087321,-0.179465611,-0.074771889,-0.07788038,-0.133907751,-0.070141715,-0.046138024,10.9253423,-0.074278961,3.925075736,0.889512905,10.9253423,3.925075736,0.889512905,4.412612469,-3.925075736,-0.889512905,-4.412612469,2.870680061,0
219,-0.076931894,-0.108525722,0.030579959,0.274552521,0.205092915,-0.195117673,-0.027835022,-0.119124938,-0.023218875,-0.015383925,-0.128026807,-0.047769672,0.185215392,0.441793334,0.15096318,0.199973748,0.156437804,0.071551381,-0.031016823,0.006429487,0.237918837,0.171881444,0.249440027,0.083228658,0.128949574,0.0314992,0.021194763,0.105253208,-0.022171467,0.095855783,-0.060556973,-0.093601784,-0.023612067,-0.104700647,-0.076925051,-0.080956333,-0.063691845,-0.053444797,11.98367997,-0.352101522,3.590568135,0.868379824,11.98367997,3.590568135,0.868379824,4.134789908,-3.590568135,-0.868379824,-4.134789908,2.870680061,0
220,0.207757349,0.260359423,0.124993275,0.141577827,-0.113546529,-0.09689312,0.036007642,-0.115051876,-0.039261413,-0.161413497,-0.003870208,-0.142110966,-0.031821121,-0.038224503,-0.046512878,0.327955904,0.167200458,0.332085309,0.222931564,0.10647327,0.006557292,0.012650379,0.090572945,0.00252735,0.109893504,0.116904716,0.10529441,-0.01569454,0.021616321,0.06567767,-0.035814885,0.06722116,-0.026516257,-0.087672385,-0.141541589,-0.066761751,-0.076625619,0.009168642,10.87116864,-0.314052049,3.601983282,0.863197203,10.87116864,3.601983282,0.863197203,4.172839382,-3.601983282,-0.863197203,-4.172839382,2.870680061,0
221,0.260222979,0.290062409,0.030822276,-0.028087582,0.201734671,-0.079835043,0.090638317,-0.100537966,0.041389201,-0.059665707,-0.0884358,-0.111311757,0.125466868,0.103898451,0.27682117,0.298710615,0.280955544,0.244762105,0.165647764,0.035940636,-0.027338841,0.075748212,0.135140534,0.060669053,0.10296604,0.118060744,0.068399992,0.092830137,0.038351583,0.058004661,0.052261428,0.043199707,0.025973644,-0.01860655,0.02990494,-0.044061044,-0.105641348,-0.070091876,10.90033221,-0.39439287,3.649581213,0.891773365,10.90033221,3.649581213,0.891773365,4.09249856,-3.649581213,-0.891773365,-4.09249856,2.870680061,0
222,0.173979901,0.277935206,0.01209,0.221637244,-0.049270673,-0.011662651,-0.119047515,0.080874652,-0.171329057,-0.190778157,-0.086418521,-0.127521484,0.372971722,0.446534581,-0.068575858,0.155858112,0.142820622,0.08870061,0.04209448,0.114237011,0.158431981,0.163193306,0.270369905,-0.017941532,0.189480993,0.052133237,-0.016235962,0.052611572,0.008954318,0.080667286,-0.066556295,0.057111374,-0.006424617,-0.055196035,-0.175027787,-0.098680928,0.009260857,-0.039177459,11.47644918,-0.521912719,3.673646668,0.92652368,11.47644918,3.673646668,0.92652368,3.964978712,-3.673646668,-0.92652368,-3.964978712,2.870680061,0
223,-0.049849823,0.041093107,0.010126609,0.165054414,-0.190463381,-0.195265842,0.079682155,-0.071911439,-0.153369956,0.007219042,-0.126007886,-0.102983829,0.04450779,0.124161456,-0.028807282,0.002843264,0.038338036,0.162231949,0.079630248,-0.068208927,0.174806211,0.019140385,0.200823322,0.259585493,-0.02622036,0.062090958,0.088389227,0.129538245,0.142507035,0.047541516,0.034730323,0.059363062,0.042481072,-0.042481485,-0.031977221,0.013213843,-0.111959934,-0.040633226,11.12307971,-0.511575787,3.652322629,0.918750348,11.12307971,3.652322629,0.918750348,3.975315643,-3.652322629,-0.918750348,-3.975315643,2.870680061,0
224,0.124296734,-0.017620888,0.167823335,0.11169499,0.221027924,-0.103404422,0.058839724,-0.066365696,0.065014143,0.032451547,0.026385881,-0.118606805,0.35018937,0.101847235,0.18091713,0.21475299,0.259850516,0.100851932,0.169875406,0.274324471,-0.027727279,0.187743846,0.154407413,0.267438223,0.054163647,0.046778033,0.116340053,0.100429242,0.078204477,0.010874818,0.043853129,-0.059751299,-0.001000237,-0.060478695,-0.104976977,-0.067354052,0.002251667,-0.048735165,11.80831503,-0.437911202,3.394440943,0.838344658,11.80831503,3.394440943,0.838344658,4.048980229,-3.394440943,-0.838344658,-4.048980229,2.870680061,0
225,0.051160485,0.258988255,0.023107234,0.051097444,0.067695677,0.07714731,-0.005092473,0.025143738,-0.002869477,-0.191027585,-0.100105086,0.003799104,0.098304794,0.009307953,-0.095989674,0.251242707,0.298002013,-0.030366326,0.22845834,0.198935216,0.067487949,0.118607463,0.16495603,0.195961472,0.077885118,0.18412772,0.012622587,0.065333423,0.145066494,0.039937086,0.019506387,-0.055128279,-0.025794803,-0.111711881,-0.135295046,-0.053436419,0.008878197,-0.032092535,10.99851101,-0.460381272,4.082252826,1.013843916,10.99851101,4.082252826,1.013843916,4.026510159,-4.082252826,-1.013843916,-4.026510159,2.870680061,0
226,0.353376933,0.207504945,0.055569555,-0.04834901,0.058037153,0.000207455,-0.054343929,-0.055415268,-0.037844026,0.041914264,-0.015841815,-0.045806947,-0.041408209,0.23561617,0.273480598,0.104241663,0.078882828,0.211983647,0.329249776,-0.073294784,0.230086701,0.068566707,0.261774619,0.088894516,0.131175336,0.001297747,0.022186849,0.053734952,0.034520142,0.075306149,-0.035165641,0.014446689,-0.016394951,-0.045411471,0.017825447,-0.102478328,0.013644738,-0.025476861,11.43522228,-0.317113107,3.589257886,0.860779065,11.43522228,3.589257886,0.860779065,4.169778324,-3.589257886,-0.860779065,-4.169778324,2.870680061,0
227,0.042596379,-0.108699752,0.085972183,0.026604898,0.03540152,0.006635533,-0.075609088,0.070030458,-0.110274679,-0.134858293,-0.091000462,-0.012849504,0.019656666,0.281469364,0.207657671,0.305396488,0.119316719,0.14257308,0.108220688,0.364905268,0.274215214,-0.020849354,0.069454406,0.018821932,0.160219485,0.191302464,0.072147409,0.099680448,0.108637941,0.069450928,-0.096207296,-0.011734265,-0.146955217,-0.156878624,-0.183723712,-0.038280752,-0.080936858,-0.097955198,13.16811664,-0.800105597,3.834361466,1.040028263,13.16811664,3.834361466,1.040028263,3.686785833,-3.834361466,-1.040028263,-3.686785833,2.870680061,0
228,0.202000242,-0.106884004,0.098144571,0.01276677,0.173829114,0.007988738,0.077185717,-0.093846792,0.005794096,-0.135059925,-0.087098479,-0.029795158,0.014535805,-0.013429018,-0.058002995,-0.070950858,0.043685866,0.09032834,0.072746642,0.315937922,0.189464859,-0.028380652,0.173475504,-0.000165686,0.137791329,0.111558592,-0.035980766,0.197729177,-0.011317345,0.012790483,-0.074654102,0.088229421,-0.166556384,-0.124188921,-0.083282969,-0.032633832,-0.08471449,-0.070197653,10.73408088,-0.27033668,3.765899337,0.893122361,10.73408088,3.765899337,0.893122361,4.216554751,-3.765899337,-0.893122361,-4.216554751,2.870680061,0
229,-0.007080095,-0.075759976,0.005911231,0.179560214,0.036834861,0.050246564,0.091057714,0.032051737,-0.04149019,-0.139271571,0.018049661,-0.092845377,0.290775649,0.451658848,0.34802069,0.08773897,0.200938284,0.031128367,0.296994713,0.344846942,-0.015750771,0.107030818,0.021432699,0.199901327,0.094751595,-0.008136008,0.172548682,0.063764878,0.055125761,0.020013466,-0.008046477,-0.098427253,-0.124000646,-0.132834319,-0.077175936,-0.105884961,-0.100471009,-0.094618542,13.14491173,-0.647250263,3.49699462,0.910760789,13.14491173,3.49699462,0.910760789,3.839641168,-3.49699462,-0.910760789,-3.839641168,2.870680061,0
230,0.062080334,0.262486061,-0.042053733,-0.102919967,-0.110859439,0.009748542,0.147870187,0.069857187,-0.116811071,-0.023770095,0.002897235,-0.040395672,0.449020696,0.161181492,0.258410488,0.252041072,0.10347861,0.184804931,-0.003914542,0.274988111,0.101202085,0.006033647,0.021663143,0.126453761,0.072961317,-0.017415122,0.128958433,0.168474507,0.100193712,0.099174955,-0.066904883,0.001573633,-0.023748845,-0.088491423,-0.132072156,0.005956232,-0.083692014,-0.099148989,12.32820185,-0.73627032,3.646127431,0.972139633,12.32820185,3.646127431,0.972139633,3.750621111,-3.646127431,-0.972139633,-3.750621111,2.870680061,0
231,0.125388087,0.003126278,0.185640222,0.025957947,0.051800502,0.098681444,-0.040314205,-0.018012491,0.044222054,-0.151637248,0.014311089,-0.134464567,0.371006755,0.279715314,0.346257248,0.170932263,0.224264984,0.115799055,0.350585749,0.182778861,0.129451064,0.233613768,-0.007521343,0.265208624,0.144694722,0.07763874,-0.037826041,0.160677816,0.033462343,-0.004276267,-0.079036117,-0.013762999,-0.168634057,-0.134288836,-0.053230627,-0.038145174,-0.043675988,-0.072105428,13.27123603,-0.839917744,3.753464613,1.029199807,13.27123603,3.753464613,1.029199807,3.646973686,-3.753464613,-1.029199807,-3.646973686,2.870680061,0
232,-0.031672935,-0.032639381,0.00930902,-0.072671935,0.243800892,0.117169185,0.124009361,-0.014700009,-0.092531252,-0.171067251,-0.07968453,-0.021177091,0.259489782,0.280671216,0.051824813,0.233847049,0.297865262,0.381139219,0.018569745,0.086431163,0.193336403,0.054767435,-0.035769005,0.217241786,0.182016051,0.080097459,0.041440357,0.109659181,0.087474514,0.07664559,-0.025288659,-0.092008351,0.010455125,-0.102162327,-0.173616488,-0.037670539,-0.000875307,-0.044693664,12.30276733,-0.964680103,3.806745779,1.080782901,12.30276733,3.806745779,1.080782901,3.522211328,-3.806745779,-1.080782901,-3.522211328,2.870680061,0
233,0.281531539,0.253665911,0.131901949,0.206280514,-0.096298144,-0.009839827,0.079088938,0.047023979,0.028382364,-0.168914536,-0.131153392,0.011650961,0.103811239,0.12842678,0.036015573,0.243925281,0.082068115,0.000978212,-0.079622759,0.243764832,-0.005218695,0.124165458,0.219129199,0.012250273,0.1766574,0.037005337,0.003274369,0.189741922,0.144532837,0.078582382,0.055536824,0.077791072,-0.1435736,-0.137317608,-0.053953453,-0.090700453,-0.101083562,-0.091622565,10.1396238,-0.064899421,3.554343559,0.803787875,10.1396238,3.554343559,0.803787875,4.421992009,-3.554343559,-0.803787875,-4.421992009,2.870680061,0
234,-0.106807638,0.03393662,-0.008625884,-0.106511285,0.102198413,-0.1022336,0.04588033,0.031340088,0.027678256,-0.036923487,0.011126974,-0.123903821,0.374398857,-0.061605986,0.368068337,-0.041120575,0.179577745,-0.060612778,0.25135704,0.251243517,0.214093408,0.158622989,0.129585631,0.019297738,0.138028582,0.080193383,-0.016150272,0.13999381,0.091607673,0.074790312,-0.0155963,-0.08056911,-0.169313271,-0.022381538,0.011278373,-0.14060484,-0.099664832,-0.067612051,12.65019196,-0.706942958,4.057205158,1.073349329,12.65019196,4.057205158,1.073349329,3.779948473,-4.057205158,-1.073349329,-3.779948473,2.870680061,0
235,-0.058382982,-0.099105675,-0.008614924,0.242072515,-0.158759318,0.063142785,0.006607747,0.082336383,-0.144129683,-0.145935593,-0.027919305,-0.025647315,0.417040868,0.498400616,0.380271788,-0.007178523,0.079067076,0.320207181,0.356446179,0.14764448,0.151387777,0.053701208,-0.012954001,-0.021515679,0.199743635,0.17644085,0.083811485,-0.003673303,-0.026821822,0.086783945,0.030080157,-0.097169483,-0.039801712,-0.129466088,-0.101573002,-0.093786292,0.012198212,-0.007827663,13.89844179,-0.791306156,3.509416077,0.949623893,13.89844179,3.509416077,0.949623893,3.695585275,-3.509416077,-0.949623893,-3.695585275,2.870680061,0
236,0.352453309,-0.017060166,0.030824662,-0.206656626,-0.005543017,-0.025712111,0.051618042,0.107468037,-0.022534923,-0.156517847,-0.089253712,-0.117559215,0.429245108,0.326205099,0.182829505,-0.000163816,0.327944385,0.012666934,0.094574812,0.345402448,-0.009938448,0.2344678,0.156376245,0.174057129,-0.016419224,0.106642908,0.075575405,0.132465702,-0.004719139,0.018960835,-0.002232961,0.032815774,-0.10862066,-0.01865792,0.022769085,-0.147573624,-0.002949921,-0.053768623,12.42799249,-0.558256371,3.827933538,0.974367301,12.42799249,3.827933538,0.974367301,3.92863506,-3.827933538,-0.974367301,-3.92863506,2.870680061,0
237,0.379626717,0.263028766,0.067278302,-0.088583133,0.18000376,-0.030336752,0.086764952,0.102577682,0.022311817,-0.033824509,-0.012873125,-0.057235124,-0.033926107,0.466736013,0.107436368,0.337178246,0.18806629,-0.060309404,0.327938275,0.040539447,0.018189833,-0.027914816,0.296866735,0.25723976,0.104125576,0.144426706,0.105173525,0.14943582,-0.017098699,0.076619268,0.070305066,-0.017976644,0.006079898,-0.158569772,-0.086048293,-0.114584138,-0.070392619,-0.061432365,11.17819799,-0.52357846,3.544615222,0.894356628,11.17819799,3.544615222,0.894356628,3.96331297,-3.544615222,-0.894356628,-3.96331297,2.870680061,0
238,0.00737753,0.013486847,-0.092021614,-0.144902603,-0.235175613,0.18206841,-0.013030033,-0.053373802,-0.003154196,-0.182161228,-0.144409131,-0.069588697,0.394620787,-0.074079441,0.381855871,0.213664428,0.275831965,0.30353093,0.171792485,0.261562423,0.21074664,-0.004823712,0.252988966,0.197017973,0.129635956,0.092685247,0.054695415,0.058383107,0.099728511,0.07848033,0.07423377,-0.002899955,-0.049440671,-0.157212097,-0.111578298,-0.105439773,-0.049852813,-0.028638231,13.8983051,-1.214400074,3.841754494,1.173954054,13.8983051,3.841754494,1.173954054,3.272491357,-3.841754494,-1.173954054,-3.272491357,2.870680061,0
239,0.100662134,0.272008898,0.188698951,-0.108957379,-0.076872956,-0.110103775,-0.03854833,-0.028867858,-0.062075703,-0.080992478,-0.140584069,0.001519592,0.286128391,0.045801116,0.27805915,0.230553963,0.055532292,0.170798468,0.190056868,0.345373481,-0.016396016,0.112839769,0.295164076,0.261620236,-0.02494997,0.174812765,-0.04709515,0.06638191,0.114343242,0.092619788,0.011996113,0.078124669,-0.067587591,-0.114691689,-0.002093611,-0.000814452,-0.044323227,-0.032452288,12.5786668,-0.784826492,3.903810211,1.054495336,12.5786668,3.903810211,1.054495336,3.702064939,-3.903810211,-1.054495336,-3.702064939,2.870680061,0
240,0.19194721,0.109968357,0.095153582,-0.132098567,-0.010047099,0.073071763,0.127665274,0.094624532,-0.189768036,-0.154131972,0.029712613,-0.004980584,0.152124064,0.124128297,0.422805552,-0.071174038,-0.004353163,0.073099581,-0.079195149,0.185282561,0.073833395,0.159228775,0.23982919,0.274765899,0.155191349,0.024126416,0.063167023,0.165028458,0.032203182,0.027743958,0.044337809,0.027791139,-0.033152872,-0.195557689,-0.10981603,-0.107802421,-0.060706927,-0.097425526,11.24428031,-0.578967271,3.82223643,0.978073339,11.24428031,3.82223643,0.978073339,3.90792416,-3.82223643,-0.978073339,-3.90792416,2.870680061,0
241,0.392723686,-0.105389736,-0.056952639,0.065938746,-0.062533853,-0.032514253,0.100587258,0.073128663,-0.000177633,-0.129158892,0.01646689,-0.025910705,-0.03670095,0.176916107,0.344091807,0.347366812,0.033506321,0.221682921,-0.038065796,0.149775552,0.222221236,0.008475805,0.257944983,0.181271151,0.193551837,0.185295738,0.193529875,0.061356193,0.044713877,0.071481113,-0.056535122,0.019933121,-0.014039293,-0.100400682,-0.110491104,-0.146661445,0.009943369,0.000165993,12.23691161,-0.735440345,3.249979978,0.866326097,12.23691161,3.249979978,0.866326097,3.751451086,-3.249979978,-0.866326097,-3.751451086,2.870680061,0
242,0.142814214,0.07323407,0.074920248,0.154782595,0.017535503,-0.150692119,-0.038815649,0.038642566,-0.187888535,-0.058246945,-0.122607359,-0.052508695,0.127681481,0.329335869,0.138943063,0.301243099,0.344501136,0.13987818,0.269076461,0.191212427,0.221256379,0.164616525,0.090185297,0.127532028,0.194685398,0.079602609,0.108215175,0.195761436,0.12667895,0.031586475,-0.095831465,-0.000613634,-0.060764101,-0.065808596,-0.070179875,-0.149204161,-0.028120259,-0.042572466,13.2171541,-0.542174852,3.506554265,0.88892426,13.2171541,3.506554265,0.88892426,3.944716579,-3.506554265,-0.88892426,-3.944716579,2.870680061,0
243,0.199639202,0.27620816,0.052545207,-0.168504938,-0.230164504,-0.160682288,-0.085474449,-0.062773053,-0.183385891,-0.074222443,-0.079734429,-0.124503431,0.4493851,0.027808139,0.128941651,0.300603416,-0.003600737,0.312091874,0.171782166,0.239753869,0.16835353,0.141518189,0.131970129,0.171526838,-0.015035798,0.122097497,-0.003227604,0.055943862,0.008289864,0.063754571,0.055199652,0.0896466,-0.182110522,-0.167395376,0.013812744,-0.007696366,-0.036061275,-0.060193424,13.23882642,-0.94835701,3.748821678,1.059427783,13.23882642,3.748821678,1.059427783,3.538534421,-3.748821678,-1.059427783,-3.538534421,2.870680061,0
244,0.046427977,-0.06315338,0.182416613,0.169482628,0.083137213,-0.14458897,0.094477491,0.073437459,-0.111974264,-0.013066638,-0.132569563,0.011192914,0.302507677,0.383613666,0.060795827,-0.06408433,0.1532537,0.108706168,0.214722316,-0.011919681,0.134722272,0.162154867,0.230306877,0.287304489,0.083400345,0.030735993,-0.036815971,0.073501892,0.055048761,-0.004723756,-0.083097412,-0.051602885,-0.138744374,0.019629398,-0.089355571,0.001273551,-0.033736933,0.009124353,11.98065899,-0.453727204,3.420064665,0.847985471,11.98065899,3.420064665,0.847985471,4.033164227,-3.420064665,-0.847985471,-4.033164227,2.870680061,0
245,0.11825262,0.295629799,-0.047162894,0.227376347,-0.159361334,0.008542464,-0.059283485,0.1115659,-0.017930392,-0.008245347,-0.024026069,-0.149731858,0.297386609,0.15570624,0.404022218,0.02169284,0.012303301,0.196728922,0.098624514,0.033244325,0.25050641,0.103368777,0.247735935,0.290329464,0.074658203,0.025727377,0.137378508,-0.019640292,-0.029053679,0.024426788,-0.022152782,0.044912449,-0.04824979,-0.031897981,-0.040558416,-0.085417675,-0.010324327,-0.022944339,11.84246158,-0.501084384,3.329600358,0.835364161,11.84246158,3.329600358,0.835364161,3.985807047,-3.329600358,-0.835364161,-3.985807047,2.870680061,0
246,0.061810535,-0.049037553,0.120288276,-0.15338191,-0.082345915,0.196406151,0.028557622,-0.060884759,-0.091009471,-0.198208839,0.00347768,0.004044405,0.3599417,-0.001224508,0.006390195,0.284401369,0.300103795,-0.024168435,-0.027928589,0.362502657,-0.001945043,0.126836358,0.064258837,0.164306873,0.07106782,0.07827201,0.0938983,0.09648324,0.136881986,0.092282506,-0.027900476,-0.096267233,0.01012135,-0.007650622,0.01534069,-0.044380724,-0.114350447,-0.081323031,11.59491556,-0.755001679,4.175617099,1.118901516,11.59491556,4.175617099,1.118901516,3.731889751,-4.175617099,-1.118901516,-3.731889751,2.870680061,0
247,-0.031167142,0.099758273,-0.042834977,-0.221156918,0.158872567,-0.170607562,0.099280973,-0.012841049,-0.181282675,0.038930226,-0.02162521,-0.06725252,0.385925289,0.188905065,0.293085453,0.046943057,0.023095819,0.299502389,0.009097113,0.22503745,-0.023323657,0.040317509,0.176553983,0.177893784,0.07897102,0.042665655,0.118537269,0.18756231,0.10733683,0.050536492,0.025276193,-0.055866608,-0.137209643,-0.019953049,-0.143989787,-0.014069616,-0.090839927,-0.014660237,12.66643514,-1.11609913,3.791927497,1.12493656,12.66643514,3.791927497,1.12493656,3.370792301,-3.791927497,-1.12493656,-3.370792301,2.870680061,0
248,0.299154501,0.062071111,-0.077614271,-0.019934053,-0.199482803,0.089157964,-0.087133491,-0.012392495,-0.126543054,-0.086831187,0.003514834,0.024634756,-0.056509763,-0.065421001,0.08953888,0.289227599,0.062019537,0.257586052,0.207112216,0.295147142,0.237656298,0.168746911,0.208668529,0.10947066,0.048793753,0.031871293,-0.000410922,0.159401549,0.073076973,0.0054268,-0.020902581,0.069642229,-0.079821455,-0.01533585,-0.119244212,0.001691062,-0.0504221,-0.007830919,12.31730416,-0.54262735,3.707301058,0.93992212,12.31730416,3.707301058,0.93992212,3.94426408,-3.707301058,-0.93992212,-3.94426408,2.870680061,0
249,0.363074897,-0.072909093,0.072555849,0.039019476,-0.037820726,-0.193092985,0.14235754,0.054904189,-0.168470284,-0.154191855,-0.045151254,-0.106109043,0.359008983,0.2298988,-0.063036562,0.36858512,0.295990479,0.217979189,0.206373613,0.289030531,-0.043522966,0.2129723,0.116863331,0.240206042,0.113075135,0.11744961,0.024972185,0.096401961,0.013932505,-0.014226474,0.052202651,0.055964264,-0.157616745,-0.068437163,-0.195770071,-0.066268989,-0.097575251,-0.014021605,12.96279346,-0.565821076,3.371841712,0.859928899,12.96279346,3.371841712,0.859928899,3.921070355,-3.371841712,-0.859928899,-3.921070355,2.870680061,0
250,0.173785243,0.015400481,0.162980224,0.193200664,-0.190848848,-0.119266632,0.079770039,-0.049219666,-0.120846153,-0.015617103,-0.038151265,-0.110194339,0.211377233,0.068897492,0.331342575,0.222169312,0.006900886,0.251407961,0.38214226,-0.047132432,0.034686294,0.18882559,0.074241891,0.045326284,-0.011206906,0.037555869,-0.04652122,0.02322991,0.04638788,0.073503247,-0.040647267,-0.051696681,0.045057303,-0.102476618,-0.070390902,0.013247056,-0.103062894,-0.048948259,11.94971304,-0.334587246,3.423691164,0.824528024,11.94971304,3.423691164,0.824528024,4.152304185,-3.423691164,-0.824528024,-4.152304185,2.870680061,0
251,-0.000986276,0.102433214,0.142949446,-0.058600743,-0.024172134,-0.196859315,-0.017427376,-0.114207502,-0.193729456,-0.152776437,-0.022225108,-0.100768928,0.155704927,0.165587433,-0.013197417,0.323498909,0.185788625,0.088937668,0.190513051,0.379197621,0.129608253,0.026881112,0.079013634,0.154387974,-0.003800599,0.022643424,0.156449513,-0.001525957,0.001740765,0.044509627,0.064447328,0.036543899,-0.119220917,-0.00904573,-0.057279432,-0.032650009,-0.091071812,-0.033592924,12.48863468,-0.588376065,4.094703204,1.050323731,12.48863468,4.094703204,1.050323731,3.898515365,-4.094703204,-1.050323731,-3.898515365,2.870680061,0
252,0.278116057,0.113902405,0.038957461,-0.054426231,-0.187409551,0.027341396,0.119788776,0.080965509,-0.127115891,0.02414852,-0.054050589,-0.077908315,0.142647123,0.204705056,0.194798497,0.317278836,0.326402323,-0.068796734,-0.078950626,0.099034659,0.059825953,0.175988524,0.293473981,0.150203935,0.091152762,0.104322717,0.157642808,0.099220525,0.079830087,0.066187883,0.021286321,0.007450864,-0.129693278,-0.140957151,-0.029005005,-0.044748954,-0.054544376,-0.041137137,11.40377319,-0.333373951,3.527560622,0.849294758,11.40377319,3.527560622,0.849294758,4.15351748,-3.527560622,-0.849294758,-4.15351748,2.870680061,0
253,0.231169318,0.256450707,0.122041615,0.170088473,-0.221171372,0.035129454,-0.002707069,0.025913089,0.056054905,-0.092601415,-0.009317149,-0.069644931,0.407714433,0.246517782,-0.078682469,0.143107939,0.331941519,0.391914804,0.182255815,0.180836752,0.180546983,-0.028757908,0.138023638,-0.018682518,0.02871014,0.165826864,-0.044000697,0.055864334,0.107078606,0.086201072,-0.009417774,-0.065690462,-0.076734964,0.015284347,-0.004792136,-0.132729476,-0.041002238,-0.068259812,12.03326387,-0.853724331,3.205025166,0.882157379,12.03326387,3.205025166,0.882157379,3.6331671,-3.205025166,-0.882157379,-3.6331671,2.870680061,0
254,0.072541253,-0.017265289,0.154303595,0.11502824,0.090178256,-0.164920897,0.034684113,0.119199543,-0.087588767,-0.197681295,-0.115476439,-0.036809928,0.338459825,0.407190984,0.363443524,0.167435837,0.181524406,-0.042083423,-0.053050535,0.392131306,0.138599206,0.163670954,-0.048271469,0.091499415,0.175341682,0.093267742,0.103877633,0.068828161,0.122745486,0.019471097,-0.098007673,-0.021705779,0.013361805,-0.076208089,-0.107858544,-0.145188722,-0.01787942,-0.056437479,12.49795002,-0.450199242,3.815536065,0.945213528,12.49795002,3.815536065,0.945213528,4.036692189,-3.815536065,-0.945213528,-4.036692189,2.870680061,0
255,0.105431275,0.193637449,-0.086781017,0.285541321,0.223059287,0.172154318,-0.097287071,-0.082426858,0.068292592,-0.180226964,-0.135303953,-0.036306252,0.232978154,0.330985828,0.038612204,0.09447412,0.282808794,0.371911159,0.237947533,0.000870876,-0.041384159,0.167104554,0.153442046,0.075898014,0.070927738,0.116378587,0.01592148,-0.016215859,0.093885778,-0.016706221,0.019487381,0.017148695,-0.018941392,0.010870798,-0.072188224,0.003778454,-0.104972397,-0.095111347,11.03378848,-0.705183271,3.513604281,0.929105085,11.03378848,3.513604281,0.929105085,3.78170816,-3.513604281,-0.929105085,-3.78170816,2.870680061,0
256,0.005898691,0.052927813,0.00099751,-0.138316107,-0.035222681,0.19368362,0.025628531,-0.08981104,0.032091215,-0.108135075,-0.143706346,-0.136406468,0.081143683,0.459531131,-0.087941182,0.052874847,0.19990752,0.283958013,0.068528351,0.383590136,0.245206861,0.082749127,0.160727539,0.096203212,0.095631031,0.158306078,0.145601678,0.020991144,0.007566336,-0.017970975,0.073355333,-0.07810295,-0.095952302,-0.075412832,-0.133834537,-0.007999448,-0.000431229,-0.084333798,12.85087382,-0.949593067,3.938710125,1.113479758,12.85087382,3.938710125,1.113479758,3.537298364,-3.938710125,-1.113479758,-3.537298364,2.870680061,0
257,-0.07381151,0.161363986,0.0502229,-0.224594021,0.025923419,-0.155436554,-0.071734775,-0.052950414,-0.130081192,-0.015151072,-0.122850259,-0.045234023,0.372789681,0.378103506,-0.044583063,0.207392167,0.285192978,0.111190488,0.252864367,0.340845031,0.11773695,0.041087825,0.122092352,-0.001270632,0.066431196,-0.011310052,0.00065913,0.172228752,0.059245602,0.030324759,0.055557063,0.051676197,0.010285603,-0.075804609,-0.106598039,-0.114123016,-0.086597941,-0.037882965,13.12119676,-0.918149006,4.278545725,1.198894517,13.12119676,4.278545725,1.198894517,3.568742425,-4.278545725,-1.198894517,-3.568742425,2.870680061,0
258,-0.12004109,0.091609282,-0.006348386,0.12220167,-0.217873119,0.024408735,-0.037787687,0.069751264,-0.196640368,-0.168168947,0.004114715,-0.116724364,0.079177623,-0.096579281,0.330757865,0.104382316,0.129391944,-0.004294746,0.172227224,0.031870802,0.206917802,0.07961431,0.252437797,-0.022698242,0.00495042,0.137014303,0.064725298,0.108685589,0.027417355,0.029568405,-0.058122087,0.011273562,-0.052415366,-0.07078923,-0.093299594,0.003357329,-0.017451858,-0.054225202,11.53578757,-0.536881513,4.005198321,1.013971712,11.53578757,4.005198321,1.013971712,3.950009918,-4.005198321,-1.013971712,-3.950009918,2.870680061,0
259,-0.024210031,0.100471187,-0.019208465,0.230683947,0.063536444,-0.148654999,-0.035504505,-0.006147762,0.003394286,-0.037450503,-0.088416786,-0.066811022,-0.033416567,0.458320888,0.146235181,-0.011440469,0.256101004,-0.020563011,0.23850294,0.250447726,0.035840743,-0.001708589,0.105269455,0.154217847,0.003042097,0.153115789,0.100265183,0.06795947,-0.017994841,-0.013180593,-0.01916237,0.092435095,-0.164493846,-0.137753949,-0.099261435,-0.104863535,0.006527211,-0.074859748,11.83409858,-0.308732481,3.673375706,0.879185246,11.83409858,3.673375706,0.879185246,4.17815895,-3.673375706,-0.879185246,-4.17815895,2.870680061,0
260,0.264514675,0.098631043,-0.090411201,-0.048122754,0.170401006,0.034643019,0.040800894,-0.014714979,-0.058384104,-0.143924795,-0.109055356,-0.114685109,0.402759404,-0.003869961,0.065228975,0.231656971,0.094893484,0.097057836,-0.07576189,-0.016223482,0.171573509,0.238324489,0.255317367,0.148875016,0.029429054,0.119223152,0.176410083,0.198139242,0.001268607,-0.018026756,-0.097314499,0.077169644,-0.040202936,-0.005323405,-0.027838717,-0.119879376,-0.047479715,-0.062925553,10.85700912,-0.885179839,3.478288337,0.965732055,10.85700912,3.478288337,0.965732055,3.601711592,-3.478288337,-0.965732055,-3.601711592,2.870680061,0
261,0.356317861,0.183087143,0.131097392,0.20135405,-0.050425107,-0.187737203,-0.118051768,0.112167962,-0.018265435,-0.024744997,-0.127842209,-0.023158672,0.110435107,0.435437889,0.226303266,0.328847559,0.162778517,0.383174774,0.386146001,-0.073491619,0.018466664,-0.007843848,0.223412107,0.051805625,0.004275485,0.056691345,-0.029096229,0.139224287,0.11416226,0.042842723,0.013025172,0.028904987,-0.06409764,-0.015696895,-0.152279261,-0.048124836,-0.023068154,-0.032154541,12.13255133,-0.602991371,3.248821058,0.836484206,12.13255133,3.248821058,0.836484206,3.88390006,-3.248821058,-0.836484206,-3.88390006,2.870680061,0
262,0.181478322,0.059150535,0.171792327,-0.141902107,-0.008656709,-0.026306658,0.081249337,0.088870833,-0.111946129,-0.089920903,0.028186312,-0.149919388,0.372924648,0.431638654,0.317057379,-0.001707675,0.12336752,0.387639969,-0.019015646,0.004015515,0.073278829,0.023494076,-0.02444207,0.119344312,0.032632037,0.028679424,0.103836013,0.039544037,0.106905569,0.031234987,0.093686252,0.030191313,-0.18566857,0.015638528,-0.110200415,-0.006951501,-0.078846589,-0.01275029,11.81345677,-0.79704075,3.650518726,0.989340502,11.81345677,3.650518726,0.989340502,3.68985068,-3.650518726,-0.989340502,-3.68985068,2.870680061,0
263,0.363500954,0.129745259,0.05888123,0.295150513,0.160884842,-0.120970811,0.102549736,-0.096766646,0.056391364,-0.05088343,-0.131417911,-0.087251838,0.055886687,0.125185501,0.292584208,0.120252267,0.082077655,0.34095327,-0.016762213,0.394691971,0.229906896,0.130658609,0.006712849,-0.006786574,0.050635445,-0.019115365,0.181169863,-0.036842333,0.088806974,-0.007659967,0.013334485,0.06218417,-0.167956748,-0.108806317,-0.138029772,-0.012622383,-0.064962762,-0.046466948,11.29941924,-0.333177053,3.110476578,0.748842192,11.29941924,3.110476578,0.748842192,4.153714377,-3.110476578,-0.748842192,-4.153714377,2.870680061,0
264,0.223075673,0.160050858,-0.068492262,0.223237073,0.020012203,0.074304162,-0.096592987,0.033085168,0.011613192,-0.000804958,-0.139965703,-0.001418225,-0.022615765,0.478236748,-0.073834444,0.00971272,0.177273071,0.049883494,0.043125779,0.151551432,0.221392706,0.092161736,0.072207878,0.149452775,-0.017916999,0.016380676,0.037664907,0.02372768,0.058914173,0.023021199,0.088857174,0.02099565,-0.179565316,-0.173929314,-0.199297602,-0.053638668,-0.004802911,-0.094117529,10.67153579,0.087923211,3.639312551,0.795510384,10.67153579,3.639312551,0.795510384,4.574814642,-3.639312551,-0.795510384,-4.574814642,2.870680061,0
265,-0.105804123,-0.011397851,-0.048955776,0.051641614,0.122276156,-0.123198302,0.123625953,0.065280795,-0.050603356,-0.121674474,-0.021851938,-0.06975449,0.474980758,0.476064722,0.129875641,0.337565686,0.058268514,0.105413618,0.228756241,-0.057610984,0.173453267,0.061624591,-0.004769123,-0.036447026,0.173461793,0.090800377,0.080294306,0.147224126,0.079212636,0.054903367,0.04201498,-0.012347937,-0.174582203,-0.035897221,-0.196473145,-0.051092492,-0.02590781,-0.049318542,12.81164137,-0.667840765,3.746641284,0.981039953,12.81164137,3.746641284,0.981039953,3.819050666,-3.746641284,-0.981039953,-3.819050666,2.870680061,0
266,-0.092384351,0.046189042,-0.044852993,-0.123666092,-0.152377213,-0.064573592,0.038694888,-0.070943087,-0.024267475,-0.151064525,-0.017028477,0.003376174,0.11940939,0.087163497,0.401216867,0.108124901,0.217369348,0.146931193,-0.042935612,0.22632745,0.083278468,0.004418045,0.048863802,0.13755916,0.008301469,0.160117329,0.168528165,0.126012267,-0.021703413,0.007306727,0.070253854,-0.037083404,0.036828826,-0.031819191,-0.157239903,-0.139564712,-0.087576418,-0.01951385,12.174884,-0.674302832,4.15027228,1.088570711,12.174884,4.15027228,1.088570711,3.812588599,-4.15027228,-1.088570711,-3.812588599,2.870680061,0
267,0.133890523,0.257138173,0.032825258,0.298461195,-0.130963495,0.010590055,0.072867332,0.054482462,0.028531817,-0.109720446,-0.064643429,-0.043572767,0.230456214,0.437539628,0.083846659,0.347507421,-0.001378323,0.269055383,0.169322405,0.232267139,0.175950639,0.001067639,0.188668423,0.283086684,0.007160892,-0.010032012,0.196689858,0.143959692,0.047007972,0.096144536,-0.076350623,-0.056812928,0.004352057,-0.049354543,-0.066215301,-0.042216876,-0.049981369,-0.05385093,12.51551213,-0.593806185,3.166866372,0.813459293,12.51551213,3.166866372,0.813459293,3.893085246,-3.166866372,-0.813459293,-3.893085246,2.870680061,0
268,0.337634862,0.014112797,-0.026312464,-0.139247026,-0.09538815,0.046076534,0.031087273,-0.110586158,-0.093634181,-0.07180351,-0.070846833,-0.018860463,0.380132598,0.314234433,0.018192651,0.107196024,-0.020264866,0.250145143,-0.066135892,0.210649092,0.053670186,-0.017138234,0.178541336,0.004571455,0.010450399,-0.014361794,-0.023330273,0.045120845,0.130224026,0.065031552,0.03676667,0.081921751,-0.019260876,-0.177592761,-0.05343901,-0.076155365,-0.098665572,-0.004193696,11.45143343,-0.695554672,3.576235781,0.943265136,11.45143343,3.576235781,0.943265136,3.791336758,-3.576235781,-0.943265136,-3.791336758,2.870680061,0
269,-0.033901533,0.089237242,-0.075243625,0.2862476,-0.04565789,0.148901855,0.041489504,-0.102166942,0.045351427,-0.135843322,0.020197275,-0.023489337,-0.092792617,0.149436561,0.315352633,-0.03533182,0.340959319,-0.019950119,0.23917116,0.173836164,0.276816239,0.086061673,0.177326982,0.128020846,0.031754512,0.013082122,0.068153692,0.192973861,0.002341578,0.066608406,-0.084030846,0.077884417,-0.177008705,-0.16078926,0.017645924,-0.059040975,-0.043614246,-0.00745835,11.74974509,-0.306437507,3.656005579,0.874547512,11.74974509,3.656005579,0.874547512,4.180453924,-3.656005579,-0.874547512,-4.180453924,2.870680061,0
270,0.10318653,-0.087130143,-0.011724722,-0.133853806,0.155841992,0.038972032,0.075375522,-0.002719056,0.009380408,-0.185573538,-0.114329226,0.019331368,0.221413042,0.238319311,0.246606582,0.209399755,0.078069985,-0.006552431,0.346572145,0.338317289,0.177177134,0.093118209,0.086438344,0.116608705,-0.009144088,0.081362483,0.026394334,0.010053556,0.024862584,-0.007374594,0.040411564,0.006936595,-0.165972396,-0.148616078,-0.099896118,-0.105088575,-0.05151261,-0.027931031,12.92420529,-0.579489064,4.036216999,1.03296682,12.92420529,4.036216999,1.03296682,3.907402367,-4.036216999,-1.03296682,-3.907402367,2.870680061,0
271,-0.134333447,0.198741466,0.004776554,0.054319997,0.152667212,-0.08279052,0.023428759,0.073377133,0.061187611,-0.122163439,-0.07612643,-0.118642592,0.075118642,0.27574521,-0.080196215,0.299328991,0.256030123,0.294217868,0.363098371,0.287048983,0.063517804,0.154858467,0.058720062,0.22082925,0.088032015,0.013757808,0.087260056,0.06174122,0.147560655,0.008336556,0.04140035,0.032834474,-0.083768497,0.017531341,-0.15213344,-0.003009208,-0.021781431,-0.003763108,12.7159359,-0.823615936,3.941666792,1.075995185,12.7159359,3.941666792,1.075995185,3.663275494,-3.941666792,-1.075995185,-3.663275494,2.870680061,0
272,0.102446518,0.216933508,-0.016507681,0.029401241,-0.204157541,-0.029622296,0.082584419,0.040195181,-0.199354274,0.007630045,-0.021248105,0.015027788,0.01431047,0.357227072,0.118962917,0.10070672,0.042149188,-0.061439857,0.110281843,0.2447172,-0.001352426,-0.005571912,-0.0129795,0.223859953,0.002475534,0.107017302,-0.019873411,0.008860236,0.090286402,-0.000235686,0.06854728,-0.042142178,-0.146201265,-0.068113711,0.013662542,-0.128780775,0.0139595,-0.070008508,11.19851612,-0.075450201,3.815647995,0.864943631,11.19851612,3.815647995,0.864943631,4.41144123,-3.815647995,-0.864943631,-4.41144123,2.870680061,0
273,0.279037306,-0.019139663,0.112578493,0.03504938,0.062266747,0.08729637,-0.042116355,-0.025677921,-0.189653963,0.024259456,-0.031574493,-0.069374306,0.397899759,0.445149994,-0.085949768,0.025554978,0.262873142,0.399524114,0.321066106,-0.011305782,0.204157828,0.191811418,0.027924083,-0.009033624,0.064106882,0.036814296,0.140718874,-0.033813784,0.113762283,0.04051468,0.078545839,0.050763976,-0.053491796,-0.129070824,-0.025063884,-0.1137074,-0.071686716,-0.097254163,12.20780388,-0.857099661,3.247133328,0.894578404,12.20780388,3.247133328,0.894578404,3.62979177,-3.247133328,-0.894578404,-3.62979177,2.870680061,0
274,0.303198219,0.12004998,0.143610346,0.199034944,-0.125283539,0.125912708,0.056533097,-0.112056438,-0.116800494,-0.191805052,-0.090880749,0.016382154,0.094365098,-0.031292168,0.121822854,0.138209252,0.26362053,-0.055892898,0.161633255,0.123561559,0.237812059,0.118020341,0.066975711,0.253051828,0.055557581,0.104149209,-0.016545351,0.067120294,0.036959687,0.058757183,-0.050640936,0.022220866,-0.110828441,0.010374974,0.016554845,-0.060462875,-0.073499329,0.005560181,10.7578097,-0.168776685,3.676872692,0.851499534,10.7578097,3.676872692,0.851499534,4.318114746,-3.676872692,-0.851499534,-4.318114746,2.870680061,0
275,0.063085677,-0.096050701,0.144528382,-0.074470206,0.237316774,-0.013000151,-0.148905268,0.01164695,-0.167482526,0.047207691,-0.004953485,-0.071559772,0.244621386,0.378331018,0.434517898,0.115983445,0.300246996,0.325293677,-0.029997914,0.124226993,0.115750058,0.07142975,0.290831758,0.063390919,-0.012672842,0.067120459,0.110844371,0.034128126,0.040043307,0.02169873,-0.024641879,0.063964915,0.02356004,-0.048456584,-0.081048199,-0.044768063,-0.036609723,-0.068228023,12.28949568,-1.073436162,3.681220261,1.078443973,12.28949568,3.681220261,1.078443973,3.413455269,-3.681220261,-1.078443973,-3.413455269,2.870680061,0
276,0.359944929,0.069013852,-0.042011349,0.186084677,0.051343082,-0.15994139,0.057493205,-0.078507113,-0.040637544,-0.140633456,-0.052014965,-0.001903849,0.388792675,0.478277423,0.40164348,0.261208649,0.314248675,0.198151816,0.223274005,0.08678048,0.023958963,0.061307065,0.023074038,0.191026661,0.168422759,0.192033026,0.151895819,0.170254752,0.035618033,0.014544229,-0.026398203,-0.073467297,-0.082656934,-0.099810679,0.012957609,-0.007843507,-0.043917068,-0.083874773,13.1939246,-0.554301026,3.220420906,0.818905753,13.1939246,3.220420906,0.818905753,3.932590405,-3.220420906,-0.818905753,-3.932590405,2.870680061,0
277,0.391285671,0.04670398,-0.075046654,-0.006712325,0.140930833,-0.073742428,-0.072583953,0.066109669,0.049956348,0.009485959,-0.087677361,-0.12898457,0.178395842,0.139307201,0.252880293,0.183212113,0.036227341,0.235997046,0.094360855,0.360936508,0.220251648,0.024223313,0.170296731,0.220782662,0.05796604,0.046344816,0.066695476,0.123068493,-0.027027273,0.052949746,0.092784112,-0.06620182,-0.051856443,-0.123437113,-0.033136852,-0.061622181,-0.115937383,-0.032507743,12.29240797,-0.569447747,3.40891931,0.870189742,12.29240797,3.40891931,0.870189742,3.917443684,-3.40891931,-0.870189742,-3.917443684,2.870680061,0
278,-0.037486504,0.17540012,0.17941836,-0.101363187,0.126398057,-0.074299131,-0.135727923,-0.037804504,-0.006500432,-0.012149489,-0.092217319,-0.051781408,0.302537786,0.110119952,0.237770946,0.220961505,0.138034293,0.333818725,0.330097966,0.145792037,0.265372978,0.08339445,0.219103031,0.038430126,0.044559487,0.07531739,-0.022157567,0.171553221,0.104086897,0.07619769,-0.061539545,0.079200469,-0.007843039,-0.110662243,-0.007246258,-0.11352997,-0.008897714,-0.04362517,13.04332503,-1.104488989,3.979575294,1.176552868,13.04332503,3.979575294,1.176552868,3.382402442,-3.979575294,-1.176552868,-3.382402442,2.870680061,0
279,0.005289884,-0.067857333,-0.025871754,-0.019763338,0.128741733,-0.039430778,-0.142257151,0.046941452,-0.065221921,-0.036039912,-0.130836006,0.002480981,0.150420091,0.213359198,0.260527156,0.184396975,-0.017421138,0.053761981,0.34059108,0.142601138,0.082925757,-0.01488676,0.125803114,0.182843784,0.067517573,0.150594991,0.12979333,-0.013503362,-0.000148739,-0.00975629,-0.030385021,0.049741029,0.028669347,-0.164096662,-0.057764109,-0.063734525,0.002914299,-0.087773646,12.38868498,-0.594057663,4.012366878,1.030705937,12.38868498,4.012366878,1.030705937,3.892833767,-4.012366878,-1.030705937,-3.892833767,2.870680061,0
280,0.143290979,0.017002518,-0.063688473,0.189999494,-0.021957913,0.089493757,-0.019462909,-0.107602448,-0.15279703,-0.156139516,-0.149514104,0.016042673,0.349293363,0.442192932,0.392925636,0.024004733,0.188976203,0.213181245,0.208451907,0.128377043,0.013689763,0.218045678,0.274764899,0.14467722,0.155501007,0.142497503,-0.033724831,0.146964194,0.091325287,0.065704611,-0.045349969,0.038095377,-0.024484201,0.012282803,-0.074791988,-0.112979874,-0.005200209,-0.016808239,13.10475007,-0.681681877,3.484620189,0.915749879,13.10475007,3.484620189,0.915749879,3.805209553,-3.484620189,-0.915749879,-3.805209553,2.870680061,0
281,0.033941184,0.13510233,-0.055213175,-0.207957133,0.106017051,-0.154454812,0.059117325,-0.033288586,-0.055872138,0.014769438,0.013694205,-0.106857285,0.359206059,0.224296242,0.375531494,0.005428586,0.061004149,0.197874855,0.19703054,0.21747614,0.136368342,0.049813911,0.154891898,0.18562595,0.139629543,0.048682629,0.172130966,0.100718755,0.009797819,0.030185157,-0.03673874,-0.089940073,-0.103522316,-0.062968229,-0.089935413,-0.134499825,-0.045867853,-0.004333235,13.30320329,-0.878740117,3.833862142,1.06255581,13.30320329,3.833862142,1.06255581,3.608151314,-3.833862142,-1.06255581,-3.608151314,2.870680061,0
282,0.263688499,-0.050551921,0.182787351,0.059103325,0.066794866,0.048132022,0.104533565,0.010393346,0.035853508,-0.051480546,-0.078715624,-0.042529087,0.233306531,0.089742253,0.152693877,0.183131914,0.34391971,0.104754868,0.356932213,0.123702291,0.169182306,-0.001068916,-0.026515414,0.191532743,0.036321903,0.150812385,-0.034339558,0.037704971,0.02124365,0.037097124,0.037584971,-0.018729688,-0.130137698,-0.146161499,-0.055531876,-0.072803165,-0.093089457,-0.07788383,11.79121427,-0.270773089,3.526609749,0.836458909,11.79121427,3.526609749,0.836458909,4.216118341,-3.526609749,-0.836458909,-4.216118341,2.870680061,0
283,0.29176278,0.171126826,0.111937742,-0.10938491,-0.068503461,-0.083725256,0.108276199,0.048506018,0.035359482,-0.01890123,-0.090614479,-0.057840512,0.416649069,0.195911221,-0.056487046,-0.006460068,0.246341695,0.272712136,0.142817182,-0.018391734,0.016899043,0.163096761,0.185166729,-0.004965538,0.102348943,0.025597405,0.018007103,0.025231126,0.131274457,0.027173104,-0.078837708,0.03486152,-0.027014913,-0.093443475,-0.039006043,-0.046749595,-0.07547779,-0.028760974,11.18729667,-0.7544565,3.361314855,0.900568909,11.18729667,3.361314855,0.900568909,3.732434931,-3.361314855,-0.900568909,-3.732434931,2.870680061,0
284,0.124985718,-0.050813521,0.008438838,0.288862936,0.170435689,0.086771491,0.045192681,0.110847971,-0.150270706,-0.030777691,-0.001524921,-0.086500963,0.459461715,0.213782486,0.27395722,0.393639898,0.10259725,0.267102953,0.282858713,0.28762892,0.275809431,0.116966871,0.253374759,0.259018154,-0.016864991,0.121496357,0.122496142,0.161358878,0.098415099,0.084428031,-0.01376799,-0.062927085,-0.038376564,-0.130013831,-0.061224318,-0.142632088,-0.035493347,-0.056944075,13.63633068,-0.939792441,2.932535372,0.826741904,13.63633068,2.932535372,0.826741904,3.54709899,-2.932535372,-0.826741904,-3.54709899,2.870680061,0
285,0.119614744,0.073191919,0.170818195,-0.21024605,0.072535502,0.094033163,-0.017947639,-0.093737027,-0.193699148,-0.08135069,-0.063855148,-0.039212952,0.3234263,-0.024050312,-0.022304109,0.356720314,0.281664611,0.154357396,0.288086425,0.179182945,0.105003498,0.227154157,0.134664057,0.138873691,0.176346298,0.122654013,0.107500482,0.196473686,0.127440559,0.077578066,-0.010522426,-0.094002588,-0.041416772,0.026919752,-0.145365425,0.011683433,-0.019743471,-0.00234976,12.58011203,-0.934671055,3.976881005,1.11954794,12.58011203,3.976881005,1.11954794,3.552220376,-3.976881005,-1.11954794,-3.552220376,2.870680061,0
286,0.4,0.157016933,0.165109831,0.299758402,0.189917015,-0.181954937,0.093757584,0.119956165,-0.199857304,0.037730518,0.029793317,-0.149952962,0.087442472,0.25568581,0.268688192,0.399639601,0.349857372,-0.073624939,0.177630932,0.205444949,-0.049984607,0.140597097,-0.049690916,-0.029358608,-0.029906005,-0.01991283,-0.049686399,0.079003761,-0.029886779,-0.019899924,-0.099885173,-0.006366433,-0.19978815,-0.199916001,-0.199749958,0.019910559,0.019967045,0.009930368,10.48611105,0.350077737,3.30819696,0.683940055,10.48611105,3.30819696,0.683940055,4.836969168,-3.30819696,-0.683940055,-4.836969168,2.870680061,0.070938334
287,0.165609171,0.023527386,-0.028763707,-0.130125281,0.051563112,0.10853974,0.058344089,0.034201777,-0.027978129,-0.020813245,-0.057076153,-0.106251415,-0.067368184,0.312671482,0.123662459,0.163151234,0.249829984,0.30657992,0.352735085,0.040901608,0.239032622,0.028731632,0.064092174,0.149813046,0.134881838,0.17888743,0.122775831,0.190651456,0.149457645,0.015017197,0.005507692,0.02862063,-0.068061618,0.016824789,-0.185113792,-0.086404586,-0.111254249,-0.045549079,12.72374458,-0.726002977,3.683390348,0.979393671,12.72374458,3.683390348,0.979393671,3.760888454,-3.683390348,-0.979393671,-3.760888454,2.870680061,0
288,0.079380046,-0.106921262,0.065733028,0.285064688,-0.086432695,0.019483341,0.038899397,-0.046509338,-0.18906641,-0.173196346,-0.077387335,-0.076386767,-0.022382485,0.438723988,-0.092706155,-0.003101984,0.156308621,-0.023470809,0.243616906,0.163799555,-0.045569164,-0.029596427,0.150818628,0.282176754,0.149512291,0.094348233,0.127766236,-0.013930827,0.084277835,0.085845192,0.019732935,0.061444857,0.018791314,-0.090722369,-0.010445124,-0.124511047,-0.113885555,-0.005290478,11.29816328,-0.397795166,3.605021534,0.881618162,11.29816328,3.605021534,0.881618162,4.089096265,-3.605021534,-0.881618162,-4.089096265,2.870680061,0
289,0.010894963,0.033729902,0.091687689,0.02623292,0.088173338,-0.008341942,-0.145423922,-0.105340392,-0.138476612,-0.080199554,-0.016828609,-0.091634382,-0.000699722,0.285714067,0.29773771,0.232606161,0.211856451,0.347648709,0.257717981,0.107315232,0.024062762,0.101837208,0.267453959,0.128423264,0.187518074,0.152543695,0.016939201,0.188978561,0.064753548,0.080617466,-0.099108925,0.089129089,-0.153539322,-0.00461765,-0.150994723,-0.006477336,-0.068213119,-0.05235527,13.12746125,-0.825101187,3.827843422,1.04534754,13.12746125,3.827843422,1.04534754,3.661790244,-3.827843422,-1.04534754,-3.661790244,2.870680061,0
290,0.097890515,0.242572386,-0.081192211,-0.231777519,-0.078872651,0.104427392,0.021410144,0.090087636,-0.134839171,-0.115243905,-0.076861136,-0.034662843,0.188172584,0.059307912,0.359437229,0.163626181,0.318242602,0.105479588,0.180544082,0.207728142,0.07288862,0.029197389,0.174677696,0.112292321,0.160107611,0.027490632,0.06988799,0.083137822,-0.016433711,-0.008443764,0.006049709,-0.016176666,-0.129263065,0.021653091,-0.095144554,-0.109670959,-0.005099701,-0.054371696,12.30526436,-0.673269996,4.151448969,1.088584444,12.30526436,4.151448969,1.088584444,3.813621435,-4.151448969,-1.088584444,-3.813621435,2.870680061,0
291,0.278285893,-0.031647783,0.178284464,0.094494552,0.229700189,-0.089796714,0.038325813,-0.003922689,-0.006926126,-0.000897717,-0.005625953,-0.094214921,0.186747941,0.096128959,-0.012114472,0.043945905,0.073240586,0.213052666,0.32006111,0.088784431,0.054217132,0.125642887,-0.015649532,0.226448152,0.05072613,0.097262155,0.053387835,0.149567654,-0.016713808,0.081550149,-0.08731029,0.029004574,-0.064650052,-0.05204244,-0.145175775,-0.14476424,-0.070481893,-0.004421694,11.11090803,-0.270453595,3.394137615,0.804977507,11.11090803,3.394137615,0.804977507,4.216437835,-3.394137615,-0.804977507,-4.216437835,2.870680061,0
292,0.218644437,0.277054424,0.077365306,0.156281477,-0.057898693,0.064520046,0.13999044,0.091914923,0.003893496,-0.160905437,-0.065950025,-0.086503333,0.428253445,0.392789919,0.16069451,-0.033461751,0.103780962,0.008755959,0.191373616,0.300230036,0.061053036,0.176861733,0.014377228,0.160287544,-0.004473895,0.011666003,0.085862508,0.1779485,0.040847787,0.019317049,0.031722158,-0.013360815,-0.043789032,-0.005856125,-0.117085952,-0.132171587,-0.099364143,-0.024276433,11.46532375,-0.246096828,3.481722594,0.821007127,11.46532375,3.481722594,0.821007127,4.240794602,-3.481722594,-0.821007127,-4.240794602,2.870680061,0
293,0.396603754,-0.005430985,0.139826048,-0.12567137,0.090991569,0.17433289,0.079949836,-0.107552597,-0.172227954,-0.138921468,-0.023336245,-0.147566821,-0.071581323,0.305459799,0.3706315,-0.046872344,0.211457482,0.271882865,0.073286083,0.155594897,0.228320115,0.037628641,0.200803403,0.092597058,0.166623957,0.09410902,0.063033655,0.01135101,-0.026563267,0.082066323,-0.007082471,-0.013314579,-0.042429155,-0.067706227,-0.058611684,-0.081183892,-0.066446264,-0.077087117,11.68143205,-0.485787062,3.663683633,0.915668099,11.68143205,3.663683633,0.915668099,4.001104369,-3.663683633,-0.915668099,-4.001104369,2.870680061,0
294,-0.111794821,0.050758774,0.006620624,0.217479044,-0.242844206,0.038906235,-0.011719169,-0.003086474,-0.140667794,-0.119501487,-0.107883165,-0.025397831,0.004161779,0.200431651,0.066220771,0.26234538,0.241088735,0.133756903,0.022139754,0.32507573,0.229978659,0.099900909,0.194512425,0.015814707,0.189125682,0.134157013,0.029214461,0.079272912,0.105758301,0.056175821,0.046244348,-0.023806785,-0.006984067,-0.01113312,-0.055313071,-0.069631885,-0.076937993,-0.023945689,12.42430956,-0.570551683,3.767244453,0.961929939,12.42430956,3.767244453,0.961929939,3.916339748,-3.767244453,-0.961929939,-3.916339748,2.870680061,0
295,-0.09149806,0.16690632,0.143310183,0.168408238,0.119184278,0.071531542,0.044063317,0.025543882,-0.138995859,-0.153199359,-0.012341334,-0.043471284,0.476164865,0.086787674,0.315197599,0.015467689,-0.046765112,0.087849724,0.136626528,0.124114545,-0.028247004,0.020600843,0.032212147,-0.030705485,0.168152582,0.152748124,0.037703199,0.021695637,0.091390068,0.035473197,-0.072747118,-0.079328599,-0.005078066,-0.069311033,-0.094814413,-0.015437847,-0.032679829,-0.097258437,10.90767226,-0.573573562,3.826023556,0.977693018,10.90767226,3.826023556,0.977693018,3.913317869,-3.826023556,-0.977693018,-3.913317869,2.870680061,0
296,0.208287651,0.193012553,-0.082496631,0.074358689,-0.049592798,0.03884606,-0.081794509,0.024092018,-0.066881043,-0.014997674,-0.091510201,0.018971411,0.000125277,0.159613362,0.261298815,0.379850264,0.263744418,0.153241696,0.258461762,-0.066573845,0.171982079,0.081782292,0.18689746,0.203806963,0.148664826,0.123839277,0.018953345,-0.005314157,0.141713882,0.048721191,-0.07650855,-0.029240628,0.002503117,-0.035811305,-0.187139205,-0.109478894,-0.062406928,-0.020480327,12.0546836,-0.396660555,3.634248435,0.888519144,12.0546836,3.634248435,0.888519144,4.090230875,-3.634248435,-0.888519144,-4.090230875,2.870680061,0
297,-0.039087403,0.229610204,0.028163634,-0.165699672,-0.092249153,0.006842611,0.00311535,0.078497934,-0.195848179,-0.08560676,-0.000361095,-0.075251324,0.418850838,0.228608188,0.122342225,-0.002128771,-0.042360121,0.008542708,0.338339481,0.119370378,0.108179715,0.028416011,0.124453963,0.01624912,-0.019196353,0.152614066,0.031238884,0.071864293,0.008780006,0.023487105,0.007586158,-0.041471828,-0.106303186,-0.055925494,0.01106703,-0.032864924,-0.094226955,-0.006917776,12.08788435,-0.710500897,4.197312873,1.111461549,12.08788435,4.197312873,1.111461549,3.776390534,-4.197312873,-1.111461549,-3.776390534,2.870680061,0
298,0.063951206,0.285005457,0.020910254,-0.163720381,-0.056888168,0.164803774,0.096521981,0.076694096,-0.092748811,-0.083837931,-0.095169631,-0.044946005,0.025836368,0.340605023,-0.093067321,0.250354878,0.075182544,0.034070607,0.357477606,0.163962597,0.126660042,0.067068703,0.152929431,0.061368667,-0.012244613,0.092505103,0.068020476,0.13621817,0.116152323,0.003259393,0.042393175,0.039717277,-0.143970339,-0.051830703,-0.012745489,-0.0044896,-0.099361851,-0.00871126,11.65427525,-0.615809068,4.074046488,1.052430847,11.65427525,4.074046488,1.052430847,3.871082363,-4.074046488,-1.052430847,-3.871082363,2.870680061,0
299,-0.098426162,0.093765792,0.082300783,0.293175312,0.121156423,0.131772711,-0.121905784,-0.091291926,0.046652085,0.007032947,-0.097347535,0.02188294,0.042037663,0.116794394,0.072213473,-0.05464744,0.164267498,0.174904897,0.355637883,0.016749024,0.121864025,0.13977749,0.261400123,0.11567213,0.091840614,-0.011412835,0.072227324,0.110912633,0.006247018,0.024574636,-0.019759605,0.061413964,-0.017074461,-0.05418483,-0.111655064,-0.145505891,-0.011973021,-0.004764303,10.95371595,-0.464240861,3.642425971,0.905479088,10.95371595,3.642425971,0.905479088,4.022650569,-3.642425971,-0.905479088,-4.022650569,2.870680061,0
300,0.000840803,-0.036551294,-0.058927015,0.294987547,-0.219051691,0.053255855,-0.039952319,-0.037827222,-0.136792808,-0.170685365,-0.131867909,-0.149232919,0.280448753,0.188300459,0.122461754,0.315945635,0.315319794,0.01155572,-0.04183005,0.18649945,0.099140985,0.051349104,-0.012255805,0.152347733,0.140646227,0.144518925,0.001465504,-0.011648504,0.099121915,0.020251273,-0.034659824,0.080363472,0.041979524,-0.006033029,-0.174356201,-0.103717712,0.011066594,0.001428871,11.80063308,-0.339629191,3.817117797,0.920394606,11.80063308,3.817117797,0.920394606,4.147262239,-3.817117797,-0.920394606,-4.147262239,2.870680061,0
301,0.207536097,0.262358349,0.038620323,0.02691595,0.185764517,-0.070219177,0.009566004,0.07767547,0.065332298,0.036967139,-0.004734772,0.020683085,0.345770255,0.099968828,0.429424995,0.053325602,-0.019164159,0.376178402,0.023838973,-0.005119038,0.065204844,0.002462236,0.218043278,0.081721272,0.012003596,0.046720621,0.066806624,-0.00138875,0.030177563,0.022367903,0.085335328,-0.021920279,-0.142954138,-0.055478426,-0.048292815,-0.075173307,-0.031334501,-0.042885852,10.78281546,-0.873171503,3.267183291,0.904105287,10.78281546,3.267183291,0.904105287,3.613719927,-3.267183291,-0.904105287,-3.613719927,2.870680061,0
302,0.314716139,0.178011957,0.191264524,0.125207272,0.128474664,-0.183038018,-0.057069462,-0.107554381,-0.014459254,0.041230191,-0.124335154,-0.102237032,0.102744299,0.38820786,0.090449534,-0.02151218,0.192191774,0.310449562,0.085946613,0.285266155,0.012824772,0.196190073,0.290502453,0.064413806,0.036697283,0.158312753,0.056024721,0.117414193,0.079123134,0.007028223,-0.032114875,0.073012137,-0.097542396,-0.165328082,-0.176620125,-0.116709077,-0.04889339,-0.006512437,11.79838948,-0.588165679,3.290098561,0.84389074,11.79838948,3.290098561,0.84389074,3.898725752,-3.290098561,-0.84389074,-3.898725752,2.870680061,0
303,-0.136244275,-0.055276985,0.178401326,-0.211178651,0.182477691,-0.053502419,-0.13936611,-0.099513983,-0.039685363,-0.091851459,-0.104525804,-0.093693723,0.390797606,0.308990066,0.319705204,0.288835511,0.247742157,0.120509437,0.213984898,0.162680361,0.095872029,0.219105761,0.16304304,0.14603619,0.004416901,0.002463257,0.15939073,0.154102073,0.086560434,0.085042007,-0.028567642,0.092264054,-0.026649798,-0.114905971,-0.186751953,-0.040392901,-0.028119767,-0.063988892,13.47217662,-1.119795758,4.383570107,1.301884631,13.47217662,4.383570107,1.301884631,3.367095673,-4.383570107,-1.301884631,-3.367095673,2.870680061,0
304,0.044552511,0.24000999,0.023789081,0.192129143,0.233434943,0.140425634,-0.064543629,-0.071285241,-0.175316056,-0.15035332,-0.028123784,0.006087102,0.369448881,0.250746523,0.324187171,0.249251421,0.334170722,0.102223312,0.340556654,0.170567625,0.238573528,0.24159585,0.287675268,0.297199829,0.051017193,0.059409262,0.162322748,0.036370939,-0.020294249,-0.007788908,0.065227986,-0.018164703,-0.197648285,-0.007530631,-0.12419247,-0.08963876,-0.062441469,-0.057594601,12.96504583,-0.961366227,3.568605389,1.012219508,12.96504583,3.568605389,1.012219508,3.525525204,-3.568605389,-1.012219508,-3.525525204,2.870680061,0
305,0.209262219,0.021599276,0.020267841,-0.210402023,0.150209076,0.115785418,-0.148333226,-0.054392994,0.038238708,-0.010611768,-0.107459325,-0.14524831,0.382497444,0.049887044,0.144910236,0.398737391,0.285126816,0.236879267,0.140917803,0.153956133,0.028682192,0.119972326,0.24720242,0.091820968,0.150024796,0.169903254,0.129814728,-0.009446708,-0.023379988,0.002335897,0.059907168,0.040888148,-0.16954233,-0.032014262,-0.1715913,-0.140819197,-0.001062183,-0.041352135,12.40107943,-1.050265535,3.83633771,1.116309376,12.40107943,3.83633771,1.116309376,3.436625896,-3.83633771,-1.116309376,-3.436625896,2.870680061,0
306,0.381679878,0.199585906,0.081572906,0.207599374,-0.247099435,0.030125836,-0.062000634,0.073460936,0.004163014,-0.127919689,-0.126447525,-0.132424648,0.023853816,-0.041655685,0.232176399,0.224406593,0.022835813,-0.009421145,0.379310506,0.078768764,0.2209777,0.15849215,0.003844283,0.220954027,0.024319125,0.174822289,-0.039997832,0.123832345,0.039889033,-0.006785168,-0.042126944,-0.071765305,-0.139760008,-0.035334086,0.013914675,-0.13677407,-0.10273157,-0.01724551,11.46951289,-0.277310084,3.605049311,0.856391411,11.46951289,3.605049311,0.856391411,4.209581347,-3.605049311,-0.856391411,-4.209581347,2.870680061,0
307,0.06030368,0.27329647,0.196594782,-0.077664273,0.162955024,-0.168684596,-0.033795815,-0.050717239,-0.058086244,0.02006825,-0.034223405,-0.133845323,0.416448411,-0.024115841,0.394616238,0.389885429,0.329411742,0.32604654,-0.056045873,0.074707866,0.211021221,0.225030586,0.050247228,0.29563678,0.190801634,-0.006545728,0.092183548,0.033571966,0.069457928,0.015993346,-0.098020942,0.089355824,-0.18799745,-0.014218952,0.026274405,-0.097060221,-0.098730055,-0.021645856,12.48995654,-1.180474342,3.662661061,1.107743205,12.48995654,3.662661061,1.107743205,3.306417088,-3.662661061,-1.107743205,-3.306417088,2.870680061,0
308,-0.011833677,0.199274241,0.022399214,-0.219789679,-0.115844495,0.124198811,-0.050982604,-0.069941292,-0.069152443,-0.198255494,0.008224254,-0.011593627,0.136471928,0.361299745,0.067030213,0.101772334,0.149532388,0.199937813,0.333872616,0.159969352,0.045672179,0.12070963,0.017371743,0.01650253,2.79E-05,0.161564431,0.03803221,0.019178536,0.140331261,-0.019065389,0.055151067,-0.039633948,-0.083361045,-0.096830551,-0.168747741,-0.080281881,-0.062985214,-0.027937627,12.50292128,-0.875597353,4.4442483,1.23065256,12.50292128,4.4442483,1.23065256,3.611294078,-4.4442483,-1.23065256,-3.611294078,2.870680061,0
309,0.125377096,-0.004306701,0.04892456,-0.07564098,0.187350784,0.185933042,0.046756221,0.026299202,-0.001512139,0.026891622,-0.118026779,-0.136759036,0.470793865,0.297678645,0.335680612,0.048913014,0.227032278,0.239187272,-0.048875762,0.075334594,0.140883873,0.113761117,0.261348295,0.196852326,0.158082856,-0.016644,0.04249562,0.028491429,0.125748869,0.099575571,-0.086532201,-0.006349943,-0.190296399,-0.142395887,0.007701062,-0.046198502,-0.040741814,-0.056051591,12.23923405,-0.926121391,3.485304171,0.978806307,12.23923405,3.485304171,0.978806307,3.56077004,-3.485304171,-0.978806307,-3.56077004,2.870680061,0
310,0.194911082,0.03569794,-0.074892316,0.087526151,-0.041330171,-0.110066616,-0.136891288,-0.021620802,-0.141967394,-0.049072192,-0.084725982,-0.067345285,0.016790613,-0.027215811,0.00408627,0.065614814,-0.010927498,0.27635128,0.285401057,0.212134564,0.206288564,0.065138156,0.060103114,0.225949197,0.098005199,0.158858835,-0.033367858,-0.039692627,0.123739773,0.074878407,0.020896194,-0.004077967,-0.053043567,-0.143686942,-0.023469584,-0.054105367,-0.107486554,-0.038163203,12.20663439,-0.410437361,3.716826696,0.911779363,12.20663439,3.716826696,0.911779363,4.07645407,-3.716826696,-0.911779363,-4.07645407,2.870680061,0
311,0.226657125,-0.030354716,0.033296272,-0.12575283,-0.003918833,0.121904128,-0.135619787,0.033871227,0.011799622,-0.159998417,-0.106609193,-0.113526366,0.110761722,0.139907005,0.228968966,-0.009346165,0.131799826,0.006564221,0.173183436,0.212355761,-0.042706193,0.148504299,0.101114634,0.249362146,0.014743457,0.027776876,0.036490485,0.134150975,0.001768717,0.065725752,0.059792317,-0.094299596,0.017666484,-0.118987138,-0.164402219,-0.112062394,-0.01218758,-0.092370909,11.35447438,-0.603800043,4.182056873,1.076991617,11.35447438,4.182056873,1.076991617,3.883091388,-4.182056873,-1.076991617,-3.883091388,2.870680061,0
312,0.075982185,-0.115636215,0.164715427,-0.17461659,0.241242789,-0.07076523,0.122036159,0.061013759,0.058816838,0.011746699,-0.050586558,-0.12729104,0.173194947,0.313809209,-0.042656448,0.255506702,0.078470926,0.02187769,0.077857345,0.286965743,0.284339222,0.044252524,0.165660121,0.20200259,0.141495578,0.165497432,0.064269233,0.167052479,0.012440416,-0.003905786,0.054459329,0.076184349,-0.006882319,-0.187003013,-0.085896457,-0.103002359,-0.057162094,-0.069769107,12.16902119,-0.722632158,3.816665842,1.013922146,12.16902119,3.816665842,1.013922146,3.764259273,-3.816665842,-1.013922146,-3.764259273,2.870680061,0
313,0.187258998,0.050015782,-0.086746135,0.003999471,0.065691573,-0.007153952,-0.019792246,-0.029984966,-0.017539061,-0.024546132,0.029563393,0.015964922,0.330607301,0.397787738,0.447424634,0.18932017,0.195278299,-0.072320555,0.248777054,0.26964871,-0.013728681,0.099252804,0.150824698,0.206014619,0.111398924,0.145279763,0.049864308,0.113282254,0.024233916,0.008056967,-0.028861101,0.010832894,-0.165547284,-0.05278524,-0.188584664,-0.060758026,-0.031174884,-0.030949671,13.05682649,-0.506400765,3.617553353,0.908820961,13.05682649,3.617553353,0.908820961,3.980490666,-3.617553353,-0.908820961,-3.980490666,2.870680061,0
314,0.065535682,0.227352183,0.056649501,0.213705682,-0.213398725,0.185281678,0.051374724,-0.023491121,-0.11718895,-0.118312607,0.016153046,-0.035160711,-0.07896325,0.252896951,0.134344955,0.224743904,-0.019028591,0.27547233,0.042042737,0.072508829,0.123333509,0.026036703,-0.007666002,0.271247304,0.064472127,0.064958228,0.087368001,0.108347253,-0.027361987,0.012608464,0.073894067,-0.082484748,-0.016306622,-0.16117335,-0.16010684,-0.084464426,-0.001074894,-0.066979113,10.96034232,-0.256235656,3.650421682,0.862850082,10.96034232,3.650421682,0.862850082,4.230655775,-3.650421682,-0.862850082,-4.230655775,2.870680061,0
315,-0.056817871,0.077162897,0.158799709,-0.085528439,-0.003799458,-0.161308033,0.02420325,-0.088753954,-0.021146877,-0.075289678,-0.113650986,-0.087376357,0.245923435,0.332347475,0.149049436,-0.043653613,0.207181047,0.367930116,0.130096706,0.010450199,0.087209544,-0.02640301,-0.026185272,0.078851703,0.131512471,0.129684335,0.113331882,0.108309152,0.10301376,0.077450295,-0.013666744,0.063277804,-0.109606782,-0.116666892,-0.019700884,-0.009563682,0.010884956,-0.006682241,12.31339013,-0.799053566,3.916593073,1.062029627,12.31339013,3.916593073,1.062029627,3.687837865,-3.916593073,-1.062029627,-3.687837865,2.870680061,0
316,-0.149772429,0.2855728,0.071795202,0.258491923,0.0536488,0.16185528,0.093733188,0.119730466,-0.045859932,-0.033947472,-0.006039031,-0.034325123,0.204733603,0.113966816,0.244499428,0.106600434,0.158185375,0.244874341,-0.024935692,0.157666004,0.083580671,0.052616235,0.034937542,0.238949916,0.04998504,-0.009440448,-0.041373739,0.192607716,0.072726755,0.015683442,-0.00928688,-0.066230796,0.048660512,-0.159701557,-0.079178444,-0.006930627,-0.010276622,-0.023837955,10.64837906,-0.548355402,3.582324766,0.909557445,10.64837906,3.582324766,0.909557445,3.938536029,-3.582324766,-0.909557445,-3.938536029,2.870680061,0
317,-0.109937922,-0.056629937,0.04833907,-0.198034656,0.039534333,0.097396036,0.105006949,0.003088928,-0.163084618,-0.030144949,-0.089007394,-0.070711488,0.335219135,0.27115226,0.241977034,0.08434533,0.250150641,0.303481091,0.343582306,-0.012074475,0.183915845,0.003755439,0.114295203,0.117477121,-0.022289258,0.052084933,0.13819192,0.013419443,0.069378675,0.090907186,-0.024972028,0.025047633,-0.188938307,-0.193612416,0.026964591,-0.093187341,0.005549962,-0.021596782,13.28948156,-1.057141195,3.855376857,1.12409843,13.28948156,3.855376857,1.12409843,3.429750236,-3.855376857,-1.12409843,-3.429750236,2.870680061,0
318,0.265754698,-0.108244804,0.084498884,0.162919984,0.112278579,-0.094150621,0.038256883,0.020922197,-0.091449584,-0.060545815,-0.147739425,-0.105867096,0.446172059,-0.034823698,0.348908038,0.362688343,0.304736867,0.355263757,0.375496015,0.215415824,0.261458311,0.026268997,-0.016305892,0.273198122,0.00036075,0.14425188,0.066458773,0.01873834,0.059943174,0.066262162,-0.008684065,0.031858868,-0.121759981,-0.096966364,-0.040029664,-0.042116388,-0.093467215,-0.074232067,13.65859389,-0.881437465,3.140521774,0.871047531,13.65859389,3.140521774,0.871047531,3.605453966,-3.140521774,-0.871047531,-3.605453966,2.870680061,0
319,-0.020860796,-0.054589336,-0.044521741,-0.074221089,-0.218117763,-0.011461788,0.125855492,-0.083235368,-0.126641201,-0.037025626,-0.053550065,-0.113795405,0.249447796,-0.074216819,-0.011109675,0.165867803,0.200436007,0.294764431,0.086831991,0.217353707,0.190144778,-0.002827601,0.005334481,0.11911621,-0.02914841,0.11542725,0.18184261,0.108052176,0.036512314,0.036089293,0.014503012,-0.093502551,-0.040247012,-0.039006453,-0.172783984,-0.08134278,-0.083888219,-0.015521546,12.46387146,-0.800462227,3.68899834,1.000696917,12.46387146,3.68899834,1.000696917,3.686429204,-3.68899834,-1.000696917,-3.686429204,2.870680061,0
320,-0.051555678,0.259656636,0.048483269,0.069877891,-9.36E-06,0.188891492,-0.097990647,-0.089523097,0.032545569,-0.004562124,0.01154141,-0.039943092,0.447187874,0.17657736,0.181695773,0.259930688,0.191392621,0.122547828,0.056394689,-0.044909541,0.266482855,0.028814493,-0.047738333,-0.018578192,0.030259437,0.005547581,-0.022853563,-0.022742572,0.116803925,0.011093742,0.043609245,0.038926272,-0.100732529,0.005954108,-0.121429769,-0.044491374,0.00671583,-0.030147405,10.85973678,-0.63489471,3.943534907,1.023763828,10.85973678,3.943534907,1.023763828,3.851996721,-3.943534907,-1.023763828,-3.851996721,2.870680061,0
321,0.075565001,0.068256119,0.029124226,-0.064395665,0.246227436,0.122054797,-0.099798282,-0.022673565,0.048574172,-0.084244765,-0.10489225,-0.072592165,0.492640761,0.463458328,-0.052381887,0.287865815,0.299547258,0.002798524,0.167912976,0.245406826,0.131521198,0.004014465,-0.007218707,0.01538984,0.047831129,0.13872096,0.199603572,-0.005164611,0.127584506,0.014823865,0.040424588,0.009539216,-0.003075553,-0.184446861,-0.189016085,-0.098532103,-0.012489224,-0.085015593,12.00651185,-0.801820314,4.01553836,1.089677304,12.00651185,4.01553836,1.089677304,3.685071117,-4.01553836,-1.089677304,-3.685071117,2.870680061,0
322,0.330452777,0.048517199,0.198785572,0.005971901,-0.228121477,-0.175719294,0.093386136,0.110489485,0.043160645,-0.18656657,0.001048492,0.004291502,0.013611575,0.155868863,0.394099416,0.025380731,-0.029040202,0.093683633,0.372453475,0.293451496,0.153452584,0.097051616,0.093984311,0.164224678,0.007977708,0.081340113,0.034675136,0.141729541,0.103781983,0.093562607,-0.098491774,-0.037435607,0.028228278,-0.183696591,-0.137037289,0.016380721,-0.033846389,-0.012854292,12.67667886,-0.500468842,3.641350609,0.913438184,12.67667886,3.641350609,0.913438184,3.986422588,-3.641350609,-0.913438184,-3.986422588,2.870680061,0
323,0.385857448,0.08795907,0.114533969,0.287096358,-0.083029036,0.023317597,-0.088047311,0.108268731,0.007238785,0.004509927,-0.094298637,-0.124299858,0.097858027,0.499077277,0.304351611,0.295222127,0.024122351,0.163937172,0.20774633,0.125582499,0.280326502,0.149501798,-0.002181945,0.263817584,0.179984976,-0.012174546,-0.043074366,0.124206733,0.023033268,0.052830804,-0.004581529,0.021771958,-0.030409043,-0.125928058,-0.032746502,0.016877697,-0.038977931,-0.088932812,12.35112222,-0.355693588,3.246198969,0.785776691,12.35112222,3.246198969,0.785776691,4.131197843,-3.246198969,-0.785776691,-4.131197843,2.870680061,0
324,0.157120919,0.0534705,0.010336258,-0.243059619,0.231213028,0.074112937,-0.1211099,0.093551828,-0.09618681,-0.187795116,-0.125393596,-0.105587862,0.080583604,-0.070678012,0.333616025,0.171946683,-0.046944377,0.232834824,0.389868019,0.162209887,0.276235352,0.215753416,0.188450422,0.195236957,0.077824637,0.005480464,0.047693657,0.078685859,0.106600358,0.047698334,0.032829655,0.042190177,-0.008155955,-0.163775489,-0.160797461,-0.139513827,-0.0953694,-0.035503536,12.68589136,-1.022715591,4.34171799,1.25331917,12.68589136,4.34171799,1.25331917,3.46417584,-4.34171799,-1.25331917,-3.46417584,2.870680061,0
325,0.262439875,0.287146352,0.140020259,-0.110203533,-0.116117434,0.176741543,-0.066626228,-0.039067149,-0.047015598,-0.199345947,-0.099936314,-0.014431175,0.117788798,0.149234018,0.310460633,-0.006921123,0.125458788,0.05414305,0.345062892,0.284115164,0.239169538,0.179985123,0.292173935,0.040607613,0.085694895,0.021084087,0.103390106,0.152665544,0.029511017,0.004815619,0.052188099,-0.056227687,-0.124358254,-0.114427534,-0.105062838,-0.021224756,0.017415804,-0.005458057,12.31902011,-0.715523665,3.990336938,1.058060944,12.31902011,3.990336938,1.058060944,3.771367766,-3.990336938,-1.058060944,-3.771367766,2.870680061,0
326,0.18677015,-0.105314043,-0.042869769,0.299758402,0.160331937,-0.199543979,0.149866938,-0.111969888,-0.028204938,-0.076393546,-0.023958663,0.029930462,0.318075252,0.499467249,0.449308563,0.316610824,-0.04996779,-0.079442308,0.048010973,0.19748603,0.114934983,0.249677039,-0.049690916,0.04766033,-0.029906005,-0.01991283,-0.049686399,0.062691202,-0.029886779,-0.019899924,-0.099885173,-0.099961725,-0.168171351,-0.199916001,0.029929411,-0.149828811,0.019967045,0.009930368,12.16701342,0.106069885,3.43956445,0.748877296,12.16701342,3.43956445,0.748877296,4.592961315,-3.43956445,-0.748877296,-4.592961315,2.881003837,0.059475032
327,0.134257869,-0.073933383,0.192310456,0.01430254,-0.027101419,0.056500645,0.11441805,0.027998506,-0.192493434,-0.049342141,-0.065084251,-0.04878319,-0.070930854,0.062012528,0.14749636,0.382338711,0.18719546,0.352434416,0.095833542,0.026921166,0.006915608,0.103320068,0.139580364,0.274602188,0.083345813,0.048345192,0.189706481,0.096847821,0.100840633,-0.015151577,-0.000199447,-0.014511433,0.038684298,-0.077923567,-0.107467627,-0.080454292,-0.003850292,-0.039715812,11.46904208,-0.609955603,3.510810995,0.90556335,11.46904208,3.510810995,0.90556335,3.876935828,-3.510810995,-0.90556335,-3.876935828,2.881003837,0
328,0.021997713,0.129822366,-0.095704954,0.05875527,0.054296605,0.198337089,-0.002780784,-0.017833574,-0.157280923,0.043656982,-0.01839779,-0.105418571,0.431503799,0.488031781,0.367459243,0.254983244,-0.031173914,0.37950524,0.313823324,0.163889635,0.297224582,0.062486328,-0.004498761,0.25747255,0.086490453,0.189548864,0.038340827,0.157876742,0.000121813,0.046892651,-0.030203881,-0.085905896,-0.020560076,-0.000713892,-0.087915162,-0.085411928,-0.059739366,0.000229929,14.1453218,-0.966726414,3.397316577,0.965101511,14.1453218,3.397316577,0.965101511,3.520165017,-3.397316577,-0.965101511,-3.520165017,2.881003837,0
329,0.229141394,0.059524098,0.116237784,0.193833065,-0.089333909,-0.124264976,0.036756857,-0.115941817,-0.001026504,0.035825304,-0.000877255,-0.085954814,-0.024634746,0.193245633,-0.030824993,0.366200867,0.325442677,0.338985341,0.372416063,0.372249775,0.298085758,0.205371762,-0.015427856,0.045069134,0.014337101,0.172058601,-0.046068336,0.048783521,0.054488482,0.065371291,0.039633557,0.051237944,0.024105643,-0.078889814,-0.004019268,-0.072248332,-0.037834983,-0.052352078,12.99256566,-0.498530297,3.325333876,0.833759473,12.99256566,3.325333876,0.833759473,3.988361133,-3.325333876,-0.833759473,-3.988361133,2.881003837,0
330,0.329267266,0.057686172,0.177368895,-0.038667928,0.147904364,0.102795035,0.126728953,0.021841495,0.038040038,-0.0581857,-0.102696296,-0.013138501,0.286894242,0.165273388,0.262200147,0.041903085,0.318036012,0.288175196,0.287637981,-0.034130971,-0.024960223,0.127875889,0.104736998,0.199509743,-0.003539853,0.182369687,0.114846627,0.136758134,0.020852304,0.001764028,-0.094906869,0.028704491,-0.014968846,-0.108020581,-0.053306592,-4.98E-05,-0.109489408,-0.051883533,11.38097673,-0.613609632,3.348170455,0.864427281,11.38097673,3.348170455,0.864427281,3.873281799,-3.348170455,-0.864427281,-3.873281799,2.881003837,0
331,0.294418438,0.027695881,0.055491743,0.219279256,0.007495512,0.086088061,0.089575778,0.119039064,-0.127111004,-0.131046675,-0.094824121,-0.149099257,-0.064261702,0.190333436,-0.092460526,0.30926815,0.303637111,0.080016386,0.031508229,0.208149907,0.277941594,0.040989462,0.043222464,-0.028498016,0.148900779,0.126033321,0.039201455,-0.009031641,0.057092426,0.047762593,0.005045249,-0.000357507,-0.073913924,-0.175150116,-0.182843725,-0.134599126,-0.076391648,-0.000525855,10.75735094,-0.152392537,3.451779115,0.796350212,10.75735094,3.451779115,0.796350212,4.334498894,-3.451779115,-0.796350212,-4.334498894,2.881003837,0
332,0.174253263,0.050684128,0.126709699,-0.165606639,0.025977381,-0.042663209,-0.069451277,0.03819808,-0.189184199,-0.035869746,-0.001541786,-0.058016044,-0.001985545,0.337880552,-0.033787171,0.024847155,0.072363793,-0.009260975,0.07440828,0.163579195,0.188047393,0.090643397,0.081067485,0.049302395,0.053382636,0.05032411,0.163041574,0.124894877,0.040599237,0.012819741,0.008597074,-0.070851812,-0.065726956,-0.009507363,-0.013850882,0.015925419,-0.021410563,-0.085311742,11.0310876,-0.370128366,4.121578662,1.001169753,11.0310876,4.121578662,1.001169753,4.116763065,-4.121578662,-1.001169753,-4.116763065,2.881003837,0
333,0.264599135,0.089759767,-0.031179486,0.064993363,-0.007928183,0.005268946,-0.097798632,0.073155295,-0.126737331,0.02228683,-0.083057877,-0.125356891,0.463340626,-0.084482827,0.017518403,0.316274484,0.176058019,0.257401425,0.24289701,0.143163851,0.118815883,0.069959071,-0.018669475,0.166653853,0.185919616,0.195722243,0.060666613,0.127848057,0.057772237,-0.011350885,-0.067445161,0.095822631,-0.178138797,-0.042249556,0.027333922,-0.040887581,9.04E-05,0.008305176,12.31656248,-0.710970251,3.361628579,0.89028039,12.31656248,3.361628579,0.89028039,3.77592118,-3.361628579,-0.89028039,-3.77592118,2.881003837,0
334,0.127848302,-0.008114522,0.169876895,-0.051058832,0.23392536,-0.035347154,0.066439349,-0.11698738,-0.006841824,-0.1737625,-0.007222581,-0.103121507,0.016964606,0.380604,0.420686394,0.248375762,0.238186597,0.266310193,0.284032762,0.355182189,0.204491124,0.022632904,0.021869823,0.117349095,0.039608948,0.171236527,-0.00152688,0.120976281,0.0526345,0.015543714,-0.093141438,-0.084746848,-0.183855651,-0.074371675,-0.033633852,-0.087451049,-0.041894234,-0.024642603,13.54858989,-0.77376838,3.785618291,1.019524061,13.54858989,3.785618291,1.019524061,3.713123051,-3.785618291,-1.019524061,-3.713123051,2.881003837,0
335,0.345636945,0.056906624,0.073038454,0.179198748,-0.07093562,-0.060439046,-0.028544845,0.09072234,0.00134683,-0.031062559,-0.119981643,-0.048251437,-0.072921042,0.275536734,0.294100903,-0.020336618,0.000496143,0.124948064,0.098126143,0.351471614,0.072933542,-0.021592206,0.23510635,0.293300553,0.118198438,0.15112628,0.094931464,0.028896552,-0.021155012,-0.011497317,0.027515479,-0.035428138,0.030376014,-0.093337429,-0.136546149,-0.134564111,-0.101940229,-0.055458771,11.59680744,-0.31496877,3.363068334,0.80611953,11.59680744,3.363068334,0.80611953,4.171922661,-3.363068334,-0.80611953,-4.171922661,2.881003837,0
336,0.346527355,0.1513378,0.182268122,0.153034699,0.237626675,-0.076468929,-0.020818025,-0.093434892,-0.080317178,0.018668268,-0.140267938,-0.123895636,0.486071619,-0.040476618,-0.091392142,-0.05029858,0.115396093,-0.00148619,-0.020665423,0.341332189,0.005059436,0.14593201,0.299436003,0.046864252,-0.012215354,0.110161242,-0.047818636,0.173632842,0.096140064,0.054170916,-0.037877322,0.01290145,-0.047773964,-0.074202309,-0.023060928,-0.020569633,-0.02089601,-0.096194478,9.934916965,-0.331512665,3.297387517,0.793522733,9.934916965,3.297387517,0.793522733,4.155378766,-3.297387517,-0.793522733,-4.155378766,2.881003837,0
337,-0.128148026,0.166870794,0.031611793,0.209551786,-0.188765102,0.104826027,-0.062408877,0.100140358,0.038532117,-0.197842419,-0.121193253,-0.123360041,0.132430368,0.212652999,-0.04141256,0.299506572,0.314011595,0.210819879,0.008777217,0.220194318,-0.039556702,0.03256747,0.183827046,0.29699808,0.019054723,0.020859965,0.099665698,-0.018862769,-0.022440058,-0.008907932,0.027425123,0.062387009,-0.141466391,-0.179483183,-0.040657154,0.019143047,-0.034429488,-0.059330438,11.55825166,-0.595621664,3.893687849,1.000621412,11.55825166,3.893687849,1.000621412,3.891269767,-3.893687849,-1.000621412,-3.891269767,2.881003837,0
338,0.172293568,-0.058245446,0.043834761,-0.103233886,-0.057059035,0.104659517,0.144172281,-0.035408358,0.04519382,-0.130293106,-0.122314285,-0.078066643,0.324915806,0.233158864,0.240520993,0.391335414,0.071163923,0.257261082,0.000733967,-0.058864346,0.081412397,0.0892567,0.247690136,0.254614933,0.028425263,-0.018151741,0.026516626,0.072062276,0.118575247,0.095926297,0.076231933,-0.070436416,-0.190830924,-0.072734811,-0.166233563,-0.149723108,-0.03409884,-0.020444502,12.18674617,-0.826713809,3.546328647,0.968895232,12.18674617,3.546328647,0.968895232,3.660177621,-3.546328647,-0.968895232,-3.660177621,2.881003837,0
339,0.392040504,0.054857057,0.088572615,0.121770442,-0.186943093,0.15133068,0.132418471,-0.031811029,0.068152596,0.029923342,-0.114126232,-0.111966674,0.444748692,0.276312974,0.219637385,0.220996884,0.263782669,0.13180797,0.289224921,0.304529534,-0.042478448,0.005798621,0.151982682,0.125347055,0.175646979,0.181722307,0.027204673,-0.017199982,0.112377895,0.097706295,-0.046026297,0.034680158,-0.001547379,-0.157638328,-0.014997907,-0.015231739,-0.049863887,-0.01376842,12.60465468,-0.56598423,3.153136147,0.804185354,12.60465468,3.153136147,0.804185354,3.920907201,-3.153136147,-0.804185354,-3.920907201,2.881003837,0
340,-0.135944963,0.208144979,-0.072565303,-0.014065792,-0.021017386,0.115022585,0.121187797,0.087914766,0.066379647,-0.138703272,-0.011710766,-0.13827515,0.434083215,-0.016967783,0.006720257,0.280553518,0.137890548,0.236986335,0.318887654,0.021764972,0.008366971,0.171560789,0.079711681,0.180985731,0.107292519,0.044112599,0.051646048,0.186781048,0.094398052,0.013465677,0.084025837,-0.027908214,-0.004427715,-0.157416756,-0.071578145,-0.062740564,-0.056749661,-0.043166119,11.98225228,-0.956001076,3.813158294,1.079942425,11.98225228,3.813158294,1.079942425,3.530890355,-3.813158294,-1.079942425,-3.530890355,2.881003837,0
341,0.022372297,-0.042754206,0.025719705,-0.234597334,0.146475199,0.091832308,0.131124236,-0.024515854,-0.049768488,-0.053464909,-0.001198592,-0.137192522,-0.059756367,0.310068902,0.370274151,0.337855898,0.212843839,-0.041247365,0.288934032,0.137804886,0.190038818,0.018962658,0.181409507,0.124664808,0.017569938,0.130803392,0.103845899,-0.027275143,0.086142415,0.063890953,-0.060021714,-0.099180313,-0.138983134,-0.041996612,-0.009230389,-0.137924885,-0.105344889,-0.062908027,12.69903171,-0.799379566,4.029053745,1.092621229,12.69903171,4.029053745,1.092621229,3.687511865,-4.029053745,-1.092621229,-3.687511865,2.881003837,0
342,0.271471966,0.097806651,0.167726721,0.043307321,-0.045953315,0.050306427,0.008581502,0.001579814,-0.101509784,-0.121689947,-0.119686477,-0.143660142,0.026507495,0.036656988,-0.062175929,0.371240546,0.232113848,-0.063556086,0.243030301,0.338897851,0.029311468,0.068320601,0.110499753,0.044585595,0.044766608,0.141078126,0.070603314,-0.017736928,0.114900275,-0.001540329,0.087693315,-0.072224388,-0.17879738,-0.113522344,-0.010835713,-0.1085995,-0.097401054,-0.059408611,11.10262868,-0.112670065,3.812119013,0.871496592,11.10262868,3.812119013,0.871496592,4.374221366,-3.812119013,-0.871496592,-4.374221366,2.881003837,0
343,0.025831076,-0.068320674,0.033876321,0.235522377,-0.078484174,-0.106015079,0.147516764,0.117187672,-0.007873916,-0.006136331,-0.102367306,-0.10792788,0.13218494,-0.098983183,0.238993248,0.284759995,0.254209438,0.374790102,0.397701387,0.134938133,0.193860572,0.078045683,-0.04968279,0.156793398,0.0771718,0.088236044,0.144517681,0.016231547,0.001789053,0.040844793,0.087335636,0.085841242,-0.081974254,-0.051058612,0.023962858,0.011998753,-0.109957475,-0.007247748,12.68452045,-0.493501853,3.329428906,0.833735062,12.68452045,3.329428906,0.833735062,3.993389577,-3.329428906,-0.833735062,-3.993389577,2.881003837,0
344,0.174071656,0.192495737,0.00313276,0.027872529,0.162551542,-0.06520166,0.134684069,0.028346979,-0.010059783,-0.125619055,-0.074830936,-0.013624923,0.251112598,0.20564243,0.114930066,0.231119888,0.069309384,0.37954067,0.048126242,0.192884401,0.174763126,-0.02304167,0.096992189,0.03959417,0.144478991,0.061004264,-0.047468984,0.100343707,0.133172142,0.061759466,0.054335137,0.094637492,-0.178563617,-0.074915893,-0.076209865,-0.015472264,-0.045591496,-0.076377691,11.74382082,-0.74659216,3.437712462,0.919100909,11.74382082,3.437712462,0.919100909,3.740299271,-3.437712462,-0.919100909,-3.740299271,2.881003837,0
345,0.119827165,0.004355747,-0.026596001,-0.067979818,0.06034951,0.19595476,0.069251192,0.056587669,-0.064130905,-0.175567236,-0.146792209,-0.063846408,0.226264274,0.18944204,0.407945969,-0.049597805,0.02502364,-0.049895413,-0.071875544,0.035216997,0.223102876,0.018276847,-0.007934382,0.216981202,0.075810989,0.18179452,0.183303395,0.147889531,0.008809353,0.066153904,-0.077920687,-0.091979446,-0.08641553,-0.067561636,-0.044446115,-0.11482792,-0.008814157,-0.017698144,11.09256075,-0.44776264,3.938290314,0.975034597,11.09256075,3.938290314,0.975034597,4.039128791,-3.938290314,-0.975034597,-4.039128791,2.881003837,0
346,0.006899394,0.057250043,0.064977728,0.271644294,0.016344867,0.116431828,0.047198478,-0.108965249,0.039083499,-0.079221878,-0.012997046,-0.092421032,0.4245998,0.391890746,0.225811424,0.05741525,0.283450875,0.183236666,-0.059319914,0.296114445,0.049386797,0.010264797,0.172628465,0.095929872,0.078418493,0.125619525,0.13710239,0.105667815,0.098535845,0.083495277,0.056678885,0.020064763,-0.05483344,-0.119118972,-0.111618227,-0.145348371,-0.065272905,-0.074655817,11.9338538,-0.622511564,3.33702582,0.863534625,11.9338538,3.33702582,0.863534625,3.864379867,-3.33702582,-0.863534625,-3.864379867,2.881003837,0
347,-0.117744659,0.160696733,-0.076113066,-0.18749989,0.22510309,0.056971109,0.132790719,-0.054024069,-0.0689004,-0.114517012,-0.120579326,-0.119342583,-0.063056736,0.076774509,0.361032833,0.06669582,0.30633543,0.194292489,-0.003388103,-0.009840036,0.009626116,0.217257281,0.269968757,0.120737045,0.005530423,0.05235684,-0.026718098,0.142940144,0.09251871,0.059267385,-0.076628413,0.072354664,-0.181107475,-0.138393036,-0.175869601,-0.119933882,-0.104297755,-0.042909446,11.29512231,-0.971895633,4.252739185,1.209884572,11.29512231,4.252739185,1.209884572,3.514995798,-4.252739185,-1.209884572,-3.514995798,2.881003837,0
348,0.054783967,0.178183104,0.014684354,0.212050249,-0.214864055,0.159027136,-0.020577519,0.093277023,-0.131763827,-0.087255711,-0.021820197,-0.112377885,0.168402434,0.112419568,0.3094928,0.396981424,0.022212795,0.051000199,0.028683388,0.037321467,0.295373493,0.249528172,0.057067127,0.171787987,0.145634445,0.05817573,0.079165106,0.003519014,0.142058232,0.064718674,-0.028421214,-0.089429034,-0.198165716,-0.120555546,-0.008335988,-0.091474139,-0.105281917,-0.081494041,11.99124713,-0.426125702,3.614408379,0.890080497,11.99124713,3.614408379,0.890080497,4.060765729,-3.614408379,-0.890080497,-4.060765729,2.881003837,0
349,0.374028926,0.112459065,0.187822641,-0.086581258,0.01636559,0.157784559,0.080285443,-0.00875722,-0.135359618,-0.108577746,-0.145156198,-0.023985323,0.147898807,0.349375072,0.151179649,0.356605873,0.102583294,-0.058269201,0.063432872,0.111320024,0.091311011,0.012683833,0.288545054,0.12392445,0.03986052,0.134585503,0.021981935,0.124847296,0.056097631,0.055562671,-0.087503564,-0.087058331,-0.129501139,-0.178597204,-0.044172917,-0.01438625,0.005756111,-0.080554822,11.23574658,-0.291686608,3.693951265,0.880517501,11.23574658,3.693951265,0.880517501,4.195204822,-3.693951265,-0.880517501,-4.195204822,2.881003837,0
350,0.203938445,0.107096357,-0.028399161,-0.185127159,0.129067272,-0.055968989,-0.067479975,-0.050151281,-0.142596569,-0.152733515,-0.099868282,-0.112212746,0.153014514,0.377976389,0.339648293,0.314166067,0.15665878,0.26625763,0.125851857,0.397612281,0.136606122,0.231678777,0.246239152,0.054972806,0.171208417,0.116278072,0.070861007,0.034087348,0.004525007,0.058835659,-0.00334456,-0.089012893,-0.082599885,-0.198459212,-0.00665712,-0.026836215,-0.003899622,-0.001667091,13.9065231,-0.966980712,3.91507197,1.112264567,13.9065231,3.91507197,1.112264567,3.519910719,-3.91507197,-1.112264567,-3.519910719,2.881003837,0
