evaluation,offline_var_0,offline_var_1,offline_var_2,offline_var_3,offline_var_4,offline_var_5,offline_var_6,offline_var_7,offline_var_8,offline_var_9,offline_var_10,offline_var_11,offline_var_12,offline_var_13,offline_var_14,offline_var_15,offline_var_16,offline_var_17,offline_var_18,offline_var_19,offline_var_20,offline_var_21,offline_var_22,offline_var_23,offline_var_24,offline_var_25,offline_var_26,offline_var_27,offline_var_28,offline_var_29,obj_Maximize_Volume,con_Maintain_L/D_Ratio,30_DV_Model_cl,30_DV_Model_cd,30_DV_Model_Volume,30_DV_Model_CL,30_DV_Model_CD,30_DV_Model_K,30_DV_Model_-CL,30_DV_Model_-CD,30_DV_Model_-K,convergence_metric,acqf_value
1,0.0,0.0,0.0,0.0,0.0,0.0,0.0,0.0,0.0,0.0,0.0,0.0,0.0,0.0,0.0,0.0,0.0,0.0,0.0,0.0,0.0,0.0,0.0,0.0,0.0,0.0,0.0,0.0,0.0,0.0,9.067797334325086,0.16294588498253493,4.1560269871819155,0.8942219545191389,9.067797334325086,4.1560269871819155,0.8942219545191389,4.647645884982535,-4.1560269871819155,-0.8942219545191389,-4.647645884982535,0.2955120522967745,
2,0.38366261720657346,0.09088244676589965,-0.03354435452419721,0.06063181709063703,0.07768966482402534,-0.06896334636817417,-0.01041761168499114,0.03296833639081799,0.010216723219617835,-0.13147974328506484,-0.09834998947189769,-0.08483020561681175,0.1945835943855158,0.20602126041441848,0.08974279501610719,0.05383471077721025,0.33946156731485927,0.05761598239020094,-0.059116531128225,0.20656339465129503,0.2912607706037687,0.11874415773218608,0.002605553544671936,-0.011133940682981219,0.15478665638279313,0.1947554407959603,0.11204524216051101,0.11400638617024232,0.06116149911419106,0.07080351290272617,11.074607422548754,-0.4024424150899497,3.579495192195894,0.8768420702866465,11.074607422548754,3.579495192195894,0.8768420702866465,4.08225758491005,-3.579495192195894,-0.8768420702866465,-4.08225758491005,0.2955120522967745,
3,-0.06366929272189735,-0.0020297786593437145,0.16926733645219755,-0.24139311855868903,-0.07113054498022597,0.08854600068401211,0.14508405037552097,-0.1142448137060662,-0.07683747546066833,0.008955803665901485,-0.034638214151255994,0.021210994936590344,0.4722015288046804,-0.047385534813594914,0.21094021299202598,0.16831672713365411,0.04493907825252277,0.22173289564204787,0.1889876811565824,0.0028700057159045944,-0.042441048666520965,-0.013772858390716031,0.2633120483616403,0.26069508381918305,0.02881916449930395,0.0013757233677078803,-0.043625954531074616,-0.035234782439266955,0.04230304510753408,-0.0028122747579863022,11.71228031687158,-1.0533482960168437,3.9121533600289253,1.1401201909695378,11.71228031687158,3.9121533600289253,1.1401201909695378,3.4313517039831565,-3.9121533600289253,-1.1401201909695378,-3.4313517039831565,0.2955120522967745,
4,0.007887381594628123,0.20940539466217162,0.0020526040060595135,0.1946098505070749,-0.2192874722383969,0.12092656202180832,-0.08978368115570645,-0.023600736984449783,-0.17855348724836884,-0.06842895368657917,-0.011715161327590429,-0.026731338391989365,0.045973090135714476,0.4350319435774112,0.4104282423546734,0.03043873149411845,0.08691627850455319,-0.010766350732032734,0.3072374977212353,0.30526523644385883,0.19722903377700948,0.042872655734480014,0.11319045345639688,0.05386583373177747,0.09239130157189485,0.04426085043061678,0.17985140189064175,0.0687495339311691,0.12311638782140588,0.03472356889073756,12.624537437871986,-0.531836992888401,3.692084128194492,0.9340278480564745,12.624537437871986,3.692084128194492,0.9340278480564745,3.952863007111599,-3.692084128194492,-0.9340278480564745,-3.952863007111599,0.2955120522967745,
5,0.1791714417282492,-0.09430348187685013,0.06324320146896716,-0.053354526168939376,0.22581756979648787,-0.13874217977092934,0.0657180241050494,0.060098418026621594,-0.022923765441405675,-0.17768425180374423,-0.12074632371908106,-0.14943877044139986,0.3306053624439809,0.1640614708838376,-0.019137599984180673,0.3884362948240367,0.17884684427532133,0.3032123688929098,0.06123954789340663,0.14757636826459883,0.04874937475503184,0.19277237097570724,0.19621665350148965,0.1956952894765312,-0.025586705444711068,0.1244338523689376,0.020826374319245236,0.15810483038061512,0.01302711245985607,0.048003116842726345,12.063013703385945,-0.8458984609889377,3.5802366830532346,0.9839054547685653,12.063013703385945,3.5802366830532346,0.9839054547685653,3.6388015390110624,-3.5802366830532346,-0.9839054547685653,-3.6388015390110624,0.2955120522967745,
6,0.2219689684454352,0.2749284083023667,0.13647143713435572,-0.0322975620753983,0.16680462375473404,-0.00017352151198196664,-0.12068251057379287,-0.04123333832135423,-0.15919313786176598,0.027097092398208955,0.02373477457949924,-0.12108246827824658,-0.08562839774181177,0.01083242088261295,-0.06797336694690852,0.3050090390904735,0.21255777333694542,0.37744956096363647,0.36013191650763454,0.27426135128341783,0.23304940138449382,0.15733762850401622,0.06988443204759297,0.14086803965792427,0.023625438198941754,0.06665247703924664,0.1598235683530625,-0.002220675562895104,0.0971424050006183,0.09379743817752441,11.79014479053101,-0.6390889057555191,3.7581448944958686,0.9772555784750262,11.79014479053101,3.7581448944958686,0.9772555784750262,3.845611094244481,-3.7581448944958686,-0.9772555784750262,-3.845611094244481,0.2955120522967745,
7,0.11944369403645397,-0.028371509704738854,-0.07570355951768658,0.2690571710179452,-0.1680465296999344,0.03202587335152143,0.023156524658233063,0.1095488487245548,-0.04229841239908408,-0.08214321913862076,-0.13161813001097633,-0.0545147166082709,0.22826465004519858,0.3391390124173645,0.3253930411335302,-0.05287236403457832,0.12179827677613822,-0.027111394943448067,0.12913569938920902,-0.06131714468478122,0.021006565250087483,0.0084613382689563,0.1529001412172103,0.12975232439591083,0.1353272891189758,0.09541480838463827,0.06413036868614352,0.08806934007693405,0.02775129897993154,-0.008935745733401765,11.081860457655615,-0.08370982349609779,3.571920846563122,0.8116175458952322,11.081860457655615,3.571920846563122,0.8116175458952322,4.400990176503902,-3.571920846563122,-0.8116175458952322,-4.400990176503902,0.2955120522967745,
8,-0.08935288349166512,0.18347466710954902,0.09602759050390443,-0.12341706392353127,-0.004324544762576876,0.15232418146820872,-0.041356968784658846,0.020915960300260925,0.05936632655376031,-0.16073105862599998,-0.06359822267804072,0.0040412510087166065,0.06525425902199776,0.07246694716336807,0.302403048770533,0.2515094891006234,-0.03920103057577623,0.20819330595941724,0.007835666908634922,0.3552923834184425,0.1281043667034329,0.09152500564473431,-0.0407009703567724,0.2509971926107318,0.08408743742473397,0.16230558309837514,0.0998116356680297,0.19977506020214308,0.13769141401270577,0.013626472329227247,11.977013106178457,-0.9910415558771111,4.327171031240626,1.23857872784327,11.977013106178457,4.327171031240626,1.23857872784327,3.493658444122889,-4.327171031240626,-1.23857872784327,-3.493658444122889,0.2955120522967745,
9,0.2892372912261636,0.08933318277820945,0.04420046140319721,0.12414645690386772,0.003053624432176716,-0.18279823850967,0.10248202408325707,-0.07417328986147903,-0.12597281414312872,-0.02028052788376411,-0.043407292624539434,-0.0683156020759838,0.38616278382020774,0.41831921873003647,0.14929548010807492,0.1373798469919382,0.2549310964991468,0.132787406044634,0.2409399816820013,0.09357031312644096,0.12315423990986232,0.222882232759521,0.21999470281772032,0.019623191687312275,0.18763164202658772,0.027191461660823892,0.007472289412709741,0.049595282883263134,-0.022933166703850393,0.056030724247188926,12.435722877166844,-0.3821411047103531,3.287945642490096,0.8014377676003995,12.435722877166844,3.287945642490096,0.8014377676003995,4.102558895289647,-3.287945642490096,-0.8014377676003995,-4.102558895289647,0.2955120522967745,
10,0.3298596939072014,0.23149293277412653,0.11217909445214146,0.23142667573702008,-0.1156779289898894,-0.11396466367925968,-0.14052604615931114,-0.056198600202034946,-0.14497927803957894,-0.1926070998933242,-0.05006425232089684,-0.10047367855742523,0.2702955376224042,0.10881193588909355,0.4293012507132012,0.31165638822547104,0.06587150444903661,0.33577815578758796,0.39461237167251484,0.3371170469614962,0.23541559586850053,0.03933186649043088,-0.010906643981006756,0.16668631003001955,0.11419716507636063,0.1765780715621649,-0.019409497583958633,0.10283751437770837,0.024567101239830837,0.018915719814124928,13.487265342056137,-0.8032724254453179,3.447797459570176,0.9365381743214745,13.487265342056137,3.447797459570176,0.9365381743214745,3.6814275745546823,-3.447797459570176,-0.9365381743214745,-3.6814275745546823,0.2955120522967745,
11,-0.11762446076609193,-0.09159584769979119,0.02348218908901631,0.0010341084407957113,0.11000025743611042,0.1460600138091069,0.014907946203244593,0.09459550981290747,-0.056541197059943094,-0.0522860264301539,-0.08007108414744064,0.013988531440319002,-0.052234577130167055,0.3821250229032319,0.0337824793900012,-0.042710953332715816,0.17458415083219017,0.02201483622946221,0.14650815447956797,0.11938079068395793,0.010375873982614366,0.16979924951355363,0.2550006629991019,0.104097870162975,0.010679345508389348,-0.01409877018004245,0.13425884125959636,0.013481418785379819,0.0899283284455969,0.06586282617175336,10.918107238207808,-0.5418602126141545,4.01882271708603,1.019271117721616,10.918107238207808,4.01882271708603,1.019271117721616,3.9428397873858456,-4.01882271708603,-1.019271117721616,-3.9428397873858456,0.2955120522967745,
12,0.08688474870286883,0.1399377790465951,0.15602387528651418,0.1617748623257183,0.21140593942402192,0.06382937996225915,-0.07051640114688039,0.005963766250432226,0.044094047418571036,-0.005366792834326312,-0.14741031292236212,-0.0223680764538855,0.42124403140382777,0.049964022017746135,0.04538722965250752,0.245096607816369,0.307517068210741,0.25638415720272545,0.02825846998848587,0.1821125035119462,0.16539160472216674,0.24383170657527561,0.05568185841966551,0.22637920645079648,0.17647905081319568,0.05274175996133544,0.029643685543475906,0.03488740527388119,-0.014227444696744244,0.08844423167268345,11.32248048151836,-0.7635342573969832,3.4392365305284707,0.9242363195901798,11.32248048151836,3.4392365305284707,0.9242363195901798,3.721165742603017,-3.4392365305284707,-0.9242363195901798,-3.721165742603017,0.2955120522967745,
13,0.2582851203158498,0.026210157182067623,-0.0906800496523683,-0.15675082429879983,-0.2169936529992904,-0.09406043722757995,0.08491755331094533,-0.08913924008587001,-0.11067981237539629,-0.11447764709209046,0.017801697541905942,-0.13104049906474638,0.1057371008666194,0.30102707274864726,0.20064742316346362,0.12698443313734556,0.0016713825350626876,0.09205138079818764,0.2742564171391475,0.03846672633199215,0.08319856006337356,0.09597313679742608,0.14459094177896725,0.04440499398640708,0.06475125277805474,0.13717397212603163,0.18677432770835747,0.1841296072808868,0.1395601194965917,-0.018868354179435352,12.495515700671401,-0.5190791436139088,3.7777530839747517,0.9526258865345626,12.495515700671401,3.7777530839747517,0.9526258865345626,3.9656208563860913,-3.7777530839747517,-0.9526258865345626,-3.9656208563860913,0.2955120522967745,
14,0.1467309715226293,0.1523443527705967,-0.018633653938539607,-0.2036284168673725,-0.14351731663581974,-0.15803289435998646,-0.027941273834781524,0.047934290404665944,0.02552572356128388,-0.03460166709710136,-0.11614638504768338,-0.11457280514439905,0.4381599638727804,0.47313041712280074,0.2441260401121526,0.09046784129010393,-0.007068935351665168,0.10582122141716754,-0.024562861247078696,0.3907721362514711,0.2649033493376229,-0.00823325340291763,0.0996811518494692,-0.031644700429563744,0.04804434186823976,0.0852297053764779,0.057480925815047004,-0.02052690572228354,0.05526805233806604,0.02588709371721377,12.983458901714357,-0.7618173780006621,3.920554531157778,1.0530964656232653,12.983458901714357,3.920554531157778,1.0530964656232653,3.722882621999338,-3.920554531157778,-1.0530964656232653,-3.722882621999338,0.2955120522967745,
15,0.04408912337385121,0.03984839737415313,0.07942670081133897,0.027166054277316387,0.14563304873925442,0.17746980519749336,0.11581188767399092,-0.09929261965623752,-0.09209310592672626,-0.14372750793520087,0.005497973195566053,-0.03958404620511491,0.15422645650526556,0.12493440608202702,0.12506423443666495,0.20846374137705775,0.2976056811140522,0.18098248350420867,0.20643335854851383,0.06923650271478374,-0.013447124738286471,0.13860215771283405,0.18857974433329555,0.28104332337229737,0.1660520183095448,0.11134023421522075,0.15127985528954294,0.12965184310729205,0.08131441876249351,0.04207947754081509,11.558991450279096,-0.6082640956939209,3.6999486037909795,0.9544717609495228,11.558991450279096,3.6999486037909795,0.9544717609495228,3.876435904306079,-3.6999486037909795,-0.9544717609495228,-3.876435904306079,0.2955120522967745,
16,-0.023196836421266187,0.27097112076357005,-0.04856198314890608,-0.09111714209493077,0.05991138192269435,0.007297080687782426,-0.09791952481200641,-0.008647398072802459,-0.19281294470249488,-0.0970674659447091,-0.01670051118995844,-0.013666320355360667,0.2896187273951967,0.24222891734154384,-0.05232323907518401,-0.005960325267693106,0.23380244303600795,-0.05245259963948848,0.32773328751196484,0.2461827414858358,0.18396472509794148,0.204142518150138,0.033092150533774026,0.07317753435715982,-0.012527415882537453,0.1541751428680057,-0.014954974452085074,0.14333665518744232,-0.005634159393898955,0.07962719912753487,11.930521547771942,-0.7497043705316022,4.322886907573826,1.157400794117958,11.930521547771942,4.322886907573826,1.157400794117958,3.734995629468398,-4.322886907573826,-1.157400794117958,-3.734995629468398,0.2955120522967745,
17,0.35554531719535587,-0.05252902150154114,0.18877861741793256,0.22807768833962844,-0.05770569184074917,-0.025258440057943476,0.04583367460149604,0.07506367990730232,-0.008725945153924247,0.04323862093812589,-0.09307006053326196,-0.07198816467075261,0.012709546712220118,-0.08373505987264299,0.3751067211823229,0.3480547608981884,0.12548015305617471,0.35235345093535264,0.09462897720054345,-0.029582419805471688,0.07033147766755543,0.07483465779106123,0.29898863359474137,0.17622106834136483,0.11340997015426973,0.014965063550613836,0.07538164055133345,0.05304743869049565,0.10883588833465915,0.003076645309748348,10.99081625262392,-0.647359600543469,3.017082258230522,0.7862430600782304,10.99081625262392,3.017082258230522,0.7862430600782304,3.837340399456531,-3.017082258230522,-0.7862430600782304,-3.837340399456531,0.2955120522967745,
18,0.3443040783051402,0.2547646197862923,0.02132746625006693,-0.13485005248283072,0.2477222399692845,0.18979449302025733,0.13949120439715662,-0.0014652374096380816,-0.05365711768980305,-0.08826641558591938,-0.08791979479456427,-0.12244411883033199,0.36186541769894315,-0.019992028785327146,0.006502666958988046,0.0656756768267516,0.09477632590484156,0.26487587886935515,0.28267849441933013,0.19601460211018684,0.0008710522373790927,0.07756491729419958,0.2812295178816618,0.2940742508827957,0.038259230078576456,0.1707733242360021,0.09674104028251607,0.0626765776626971,0.08761036722524307,0.04624404325593258,11.12116688818975,-0.8042719131476073,3.4882516754322683,0.947784223224837,11.12116688818975,3.4882516754322683,0.947784223224837,3.680428086852393,-3.4882516754322683,-0.947784223224837,-3.680428086852393,0.2955120522967745,
19,-0.03323799716308712,-0.06255313798785209,0.11872917263094003,0.09580975068122066,-0.2451241790318224,-0.17035639351654083,-0.0042448330924126365,0.08284068767803628,-0.13939433029896087,0.020852039805890787,-0.022772341855046757,-0.053069364068012354,0.08029882084543642,0.32822984292730134,0.43630970774331473,0.1874133896577247,0.18943614027937236,0.07057805045197646,0.04977996097796564,-0.005802821563934038,0.24778186650197148,0.2276033780279024,0.018114446394437114,-0.023453886828960612,0.1489520066600299,0.03222629855907283,0.002504568569414986,0.15296304914176934,0.01524220493221104,0.029236647917621688,12.361575440851633,-0.34211698314626826,3.8303514886861305,0.9246287818741797,12.361575440851633,3.8303514886861305,0.9246287818741797,4.142583016853732,-3.8303514886861305,-0.9246287818741797,-4.142583016853732,0.2955120522967745,
20,0.037010464724153314,0.1624179426021874,-0.08815250616054963,-0.021936804268184396,-0.0813417784410182,-0.03749673562059527,0.0601297423021159,0.056060545673762965,-0.10519366754535797,-0.025855373537852055,0.00030124255554561663,-0.0002221407447459689,0.2155916958014205,0.06117423426279642,0.18508234730215073,0.010416801607029486,0.32857854540566206,0.3199184755390331,-0.06964678102402372,0.29097134318233137,0.092744596599973,0.15330138284867884,0.17354609406189708,0.1839451169089341,-0.017086111205663678,0.07512148663648723,0.16094887786123618,0.1350678329806661,0.14745921363255868,0.006422601865474813,12.01253567748815,-0.8222558740876065,3.5224084228417376,0.9617644124370717,12.01253567748815,3.5224084228417376,0.9617644124370717,3.6624441259123937,-3.5224084228417376,-0.9617644124370717,-3.6624441259123937,0.2955120522967745,
21,0.1405838711652905,0.056044290214777,0.14852944492108078,0.29631954230130925,0.08403167117171928,0.019536564916643795,-0.08360633309218336,-0.09245967617578062,0.04701107080890343,-0.1661840481350684,-0.1101155384065533,-0.06415799459103146,-0.06362955687514782,0.38714664119874803,0.06411252018580474,0.37567577094148746,0.036785691738606484,0.03612020799374821,0.1616132441282203,0.13515890231056576,0.1530668839119709,0.020645581697853257,0.08197265356979701,0.08667526738911002,0.08746716773477067,0.10044840298550861,0.07104242396137418,-0.015108177970223232,-0.010528228252750932,0.08379547669827608,10.851951850288263,-0.1498339664981323,3.762485945897131,0.8679589903860658,10.851951850288263,3.762485945897131,0.8679589903860658,4.334866033501868,-3.762485945897131,-0.8679589903860658,-4.334866033501868,0.2955120522967745,
22,0.23527782098390168,0.12335000474005936,0.07660646997929664,0.16305120384142574,0.02398385331894648,0.1333702197309071,0.029253673559553717,0.013623004386305829,-0.08660694652168932,0.015079119113341755,0.011902501119670478,-0.09181289189510801,0.34371929193835893,0.23719376148437998,0.12350041205778439,0.29435598503998606,-0.02812936422616713,-0.07027851931026938,-0.016722419017386456,0.2618436692613917,-0.02299973220230668,0.056148508251331386,0.12956807379625185,0.09569910678234786,0.14027247256552552,0.03579870801128443,0.17317860168527785,0.1712391193542807,0.07376317498491491,0.06924149568584634,10.5362466004994,-0.0976265183484255,3.4119500597311645,0.7777280398883787,10.5362466004994,3.4119500597311645,0.7777280398883787,4.387073481651575,-3.4119500597311645,-0.7777280398883787,-4.387073481651575,0.2955120522967745,
23,0.0629626757465303,0.01656740164384246,-0.011431785898620275,-0.06801260735828771,-0.02918633438052065,-0.10127596317397268,-0.12619972602476565,-0.0818392776889158,0.028442764542131876,-0.12523456890353923,-0.1420819267057957,0.028263311571742666,0.02353780819299027,-0.0360928933513433,0.2768523225221454,-0.07125352387872905,0.2624924202309275,0.3644487266360247,0.2294794773906765,-0.07561079687871311,0.2772225017088786,0.18764451623241543,0.037962494590393775,0.1538620366701698,0.015089839110738319,0.11939373069921429,0.019948057808013467,0.022001482858148222,0.0519166005852534,0.023109396381562546,12.047093692721175,-0.7654674049438581,4.063053222412166,1.0924439702461883,12.047093692721175,4.063053222412166,1.0924439702461883,3.719232595056142,-4.063053222412166,-1.0924439702461883,-3.719232595056142,0.2955120522967745,
24,-0.14506292985752225,0.24112747091799974,0.1906406551490638,0.09326478794947701,-0.1772828459852449,-0.08145694031619553,0.10858374161938855,-0.04948345488882018,-0.005841851208785553,-0.17210928714951465,-0.07421872230447335,-0.03660172100999093,0.4969353002998435,0.4459411845057944,0.35097054313783127,0.26896721177700716,0.20489790748577186,0.11604528041862089,0.3496025844339141,0.3466197722065969,0.07983185600318576,0.12237369807423917,0.23725199653103946,0.030699313704958993,0.19345925703753594,0.18629453699494225,0.1167650146125897,0.011356141347600497,0.11080531385896283,-0.014670737334489474,14.174421530307844,-0.9681722412666995,3.717262805484558,1.0570833107325064,14.174421530307844,3.717262805484558,1.0570833107325064,3.5165277587333006,-3.717262805484558,-1.0570833107325064,-3.5165277587333006,0.2955120522967745,
25,0.30123793133534493,-0.07496101582422852,-0.05540462142081318,-0.22566280661725513,0.1721721967169097,0.05122478947796197,-0.04686962006020076,0.1028395382834126,-0.18722797937136124,-0.06297584517736912,-0.055433981524064174,-0.13966014479781633,0.17909801826223792,0.19488599199009776,-0.04217140926428576,0.14711150854591623,0.11062844951456136,0.16128534713420906,0.10176034498496314,0.08302127460710099,0.17159367863020686,-0.026641341814922455,-0.025894880626277317,0.21886180950334969,0.07469639009543537,-0.003665667579198891,-0.0407955656608318,0.1007076642898677,0.0033422868848784204,0.09181953196397952,11.143082957186481,-0.4663744374017069,4.033370381205769,1.003744051688472,11.143082957186481,4.033370381205769,1.003744051688472,4.018325562598293,-4.033370381205769,-1.003744051688472,-4.018325562598293,0.2955120522967745,
26,0.2650209764018655,0.17343131829053166,0.17639599945002876,-0.10121007044065297,-0.19118737338788386,0.04461829783716362,0.009390730752271842,0.028574287183191646,-0.07132251384798241,-0.15003363920958304,-0.03819941539081731,-0.10750926700859356,-0.01165536566765124,0.48449565331289873,0.24359440462739562,0.32888086556434604,0.32464540578154494,0.008817560695633664,0.02287386486322407,0.3191076681336658,-0.03293186759556502,0.20927662989824958,0.22406451918150322,0.11633756858082775,0.004830814316392481,0.14571413891468174,-0.006091949714029508,0.03629997085766688,0.04531452520796813,-0.005648447203805945,11.897077023530349,-0.4350800453880428,3.969609229907823,0.9802424114853017,11.897077023530349,3.969609229907823,0.9802424114853017,4.049619954611957,-3.969609229907823,-0.9802424114853017,-4.049619954611957,0.2955120522967745,
27,-0.11260410347022115,0.07310744946822523,-0.0362913426423081,0.20054761859475384,0.18947078258302447,-0.012764852424711343,-0.13442889725799048,-0.06687241977812966,0.013162553592167725,-0.040785942226464006,-0.06963987302318396,-0.04655550880772431,0.30458688436114945,0.15618063205638244,0.08810870901517093,-0.03274605359042918,0.016070090294678867,0.29286777550889187,0.2557724009817556,0.10324761059582763,0.27889827494561337,0.06155254826939009,-0.033849742419246875,0.1330610543619059,0.12362313172380443,0.009923567954766978,0.09014535407674851,0.18647518266567376,0.06839479005423729,0.09790705772213497,11.98574831045303,-0.6866171787923192,3.731479340069612,0.9824639208059999,11.98574831045303,3.731479340069612,0.9824639208059999,3.798082821207681,-3.731479340069612,-0.9824639208059999,-3.798082821207681,0.2955120522967745,
28,0.09106476618908349,0.29110506881028414,0.056327358154971904,-0.19246325776956474,0.10368867036992685,-0.19549911690027413,0.07940490203540343,-0.03451545211621539,-0.020076736220383973,0.037846412610767405,-0.1367791940960358,-0.003876815862582733,0.14163932802689966,0.27297972749620697,-0.008913450493639619,0.23420826375711523,0.0517646109733479,0.045400166061104696,0.37519901091017405,0.16035851458089567,0.03920698837154779,0.0046374918650663385,0.1596900943240201,0.01151531228463213,0.059840992070890636,0.07676745830820546,0.0466661855100069,0.08646584805891762,0.004412568638633062,0.06013697456900256,11.62640093307378,-0.629017017832115,4.0714758543863345,1.0559674831194545,11.62640093307378,4.0714758543863345,1.0559674831194545,3.855682982167885,-4.0714758543863345,-1.0559674831194545,-3.855682982167885,0.2955120522967745,
29,0.19482372086495167,-0.018317152205854656,0.003987882497767367,0.055770458961474034,-0.10543620886089636,0.16502615343172564,-0.06441468361074888,0.11779013273658813,-0.1730055826206629,-0.10258153041708709,0.02981774648063787,-0.08184766777031861,0.4602169300901247,-0.07289840474231617,0.3863620254506044,0.10883855615276095,0.15774800875273876,0.23944559037049548,0.143938990219875,0.018588479005053088,0.20955798876481918,0.1349703555270034,0.07399953714612903,0.23788329041389253,0.18499373714159092,0.10630000789655737,0.13846880877651643,-0.003819594930850212,0.12153070989262463,0.016917711136331327,12.226029430261303,-0.8347302547838709,3.549744292331387,0.9725407442031256,12.226029430261303,3.549744292331387,0.9725407442031256,3.6499697452161293,-3.549744292331387,-0.9725407442031256,-3.6499697452161293,0.2955120522967745,
30,0.16886960845440627,0.19974341930821538,-0.06908038345226523,0.12887313425942626,-0.03287432940482432,0.07631869434046787,0.12198466710270317,-0.016415831862813618,-0.039451369608236087,-0.04598001415591335,-0.12660983215575003,-0.09901744649873112,0.11876520459558516,0.09797535219708678,0.33233127541748436,0.07021449447345754,0.2477068677180312,0.19421592078043168,0.32234777214993127,0.37089410142115337,0.030554729956315807,0.23910856164556002,0.20301755541881544,0.26812957440449425,0.15753029919378234,0.06121066490963596,0.04221541752129787,0.16720486626511794,0.03741616693992993,0.0013267054753806039,12.712642606021854,-0.5604366919948642,3.3675002978073563,0.8581229223171558,12.712642606021854,3.3675002978073563,0.8581229223171558,3.924263308005136,-3.3675002978073563,-0.8581229223171558,-3.924263308005136,0.2955120522967745,
31,-0.0036313472781330236,-0.1109104759991169,0.13424365212727202,-0.1722122587788927,0.03895066636772382,-0.056737229062297695,-0.03353411981314586,0.06787268490543148,-0.1536452146383721,-0.1864229437641032,-0.00633462842040991,0.012637759737428034,0.3987506241104231,0.3513742841868888,-0.09532523745182774,0.1959346272748657,0.14289453914860123,0.14875314455779537,0.07614587127992331,0.04748226914476589,0.22072655714408712,0.10993522480929499,0.11729485952716635,0.0026546057885002694,0.05300362424661821,0.1422074620779619,0.19734225341246892,0.07785231483354633,0.09977832140096723,0.07412017836698924,12.228596497153223,-1.033514890443814,4.122883427740658,1.1946283079179287,12.228596497153223,4.122883427740658,1.1946283079179287,3.451185109556186,-4.122883427740658,-1.1946283079179287,-3.451185109556186,0.2955120522967745,
32,-0.06953998901881277,0.10749805452302097,0.0367791289243866,0.2632540688640291,0.14029590295909772,-0.1264065146157199,0.05201102266501911,0.041093687762976824,-0.12045783896061649,-0.10908555776487362,-0.028728219382658723,-0.018199246799038837,-0.027433259376397165,0.018717724605070693,0.1680907644825118,0.005643514322280288,-0.024386685361824385,0.3990289495744541,-0.043977132246191285,0.2300493489010842,0.11365029485318781,0.027141095551018596,0.26739248049227327,0.20843669949318944,0.10400504969501106,0.18504570805085177,-0.03392544506304099,-0.029406665077343363,-0.026994285605398075,0.05132349237806716,11.009846432037007,-0.631215025085063,3.4814921992928736,0.9034658813921351,11.009846432037007,3.4814921992928736,0.9034658813921351,3.853484974914937,-3.4814921992928736,-0.9034658813921351,-3.853484974914937,0.2955120522967745,
33,0.3768436143174768,0.0075855396687984356,0.09848207182758877,0.01542331216880305,-0.13425051368230842,0.1085897082003893,-0.10350780661493991,-0.10741095897266642,0.0623121762758774,0.0001471526379100696,-0.10368951943591351,-0.13529266931755576,0.25488636970368983,0.28966176512022923,0.28691032528958,0.3673885382643766,0.2837982737217214,-0.0354751300247774,0.20386510452559273,-0.047591553994334686,0.14047109556148243,0.17384202267940632,0.009446413221431076,0.06234750094401411,-0.006713892960937062,-0.009064037930733593,0.12563608250214936,0.11983177056167162,0.12940857228121633,0.03885895147942302,11.505267525398255,-0.2776075426159288,3.7575128800747883,0.8931376997621708,11.505267525398255,3.7575128800747883,0.8931376997621708,4.207092457384071,-3.7575128800747883,-0.8931376997621708,-4.207092457384071,0.2955120522967745,
34,0.3679144132416695,0.21702416270971298,0.15832873214111198,-0.22030822434807,0.009400909249038691,0.1706898979290051,0.06089292115288039,-0.06052216038340036,-0.1348412492393476,-0.12860081911084498,-0.1302420979529577,-0.04077987720923017,-0.055411570251660006,0.0956924418943842,0.35682470317576553,0.08474087527391241,0.27402088364087157,0.05021125398683865,0.1104666838546611,0.0019710753661207614,0.1860605361194582,0.034574875055760804,0.07800688603161528,0.2028548693974212,0.19859996202278887,0.14843450630315583,0.09208036476184037,0.1624265174505023,0.09410597248543001,-0.013642716947277353,10.780351875321198,-0.3968178124152635,3.9984641783027617,0.9781260796718786,10.780351875321198,3.9984641783027617,0.9781260796718786,4.087882187584737,-3.9984641783027617,-0.9781260796718786,-4.087882187584737,0.2955120522967745,
35,-0.07833490557968616,-0.10357484115287661,-0.09766427740776376,0.07930155624616131,-0.014530579224022122,-0.1886942513559666,-0.07585787438299921,0.024123357112136187,-0.04982969113382116,0.011712816843474055,0.019505927771192033,-0.11298356810345878,0.2636004557154876,0.36663719679274315,-0.03846136984461096,0.19925583871948277,-0.033383154163223,0.24442867766940715,0.34148843311453714,0.21863751293958678,0.05979366552382305,0.166135473554507,0.1667671040760733,0.04653506877965508,0.07263256486489421,0.013401992234765504,-0.0002636114275112386,0.0721473582849747,0.03155188298796347,0.08909412372141563,13.236704651610191,-0.6087508830188777,3.6871851046290516,0.9512986350813877,13.236704651610191,3.6871851046290516,0.9512986350813877,3.8759491169811224,-3.6871851046290516,-0.9512986350813877,-3.8759491169811224,0.2955120522967745,
36,-0.012426272034645053,0.09842663437128066,0.10980222019519666,-0.0733222259308127,-0.16268859303448352,-0.019209122701848408,0.1311582826223887,0.11477062901469272,0.05187807924603008,-0.06545862345826553,-0.0476334364977241,-0.07645015272578544,0.0907899629905385,0.025062329799559982,0.10905713889483581,-0.0005005999296163743,0.10268181107102128,-0.003040986666179482,0.22229651078234972,0.15778170421312626,0.25881882307025295,0.2491341352904208,-0.03240216910118757,0.2652219448491429,0.13820858489734644,0.08024251828829418,0.16767602961759306,-0.0395582507366175,0.13536019662855142,0.0662947464140981,11.75485720606118,-0.46858799086315894,3.9661358057880522,0.9875560733278628,11.75485720606118,3.9661358057880522,0.9875560733278628,4.016112009136841,-3.9661358057880522,-0.9875560733278628,-4.016112009136841,0.2955120522967745,
37,0.15994041557423774,-0.01122826410457492,0.030543006213281,0.1770572377417124,0.15752797537338992,0.03859091508721718,-0.005592546358840905,-0.03339527771799382,-0.10157725480410822,-0.17459214724300842,-0.06222497927756679,-0.009685374124690171,0.40745692593527133,0.27845711836679965,0.26455316997745626,0.3575298970846779,0.20671320644826796,0.28083768382938423,-0.010833443219146158,0.29874534546785386,-0.010294057295905462,0.10018235419857394,0.23335627256407737,-0.01583198642785766,0.020230481658353314,0.10903040441431301,0.07198769774605673,0.11061044790072723,-0.021234515981484986,0.023894147684811285,12.016531478968549,-0.7914584192893339,3.3670168041751025,0.911669797546038,12.016531478968549,3.3670168041751025,0.911669797546038,3.693241580710666,-3.3670168041751025,-0.911669797546038,-3.693241580710666,0.2955120522967745,
38,0.20308202798478311,0.19060870667919516,-0.04618511670538061,0.28231371922911724,0.23118618516105333,0.10256990988377637,0.10727402115572238,0.07469956347148778,0.03250177375402413,0.026168047833579816,-0.03605946947488943,0.018101095985613574,0.1498892859362161,0.49571404971048866,0.1803540320777826,0.3359488280630212,0.1971799771172957,0.38530716861422176,0.1703149854098314,-0.052975079110087475,0.1608876103972748,-0.005114846057515752,0.010893319801682705,0.01777038379462259,-0.02226091911556321,0.058050346018910196,0.17199358967485928,0.04621031085306865,0.063056844422577,0.009325493912323752,10.944836815455368,-0.34044020177229584,3.044025682900441,0.7345161334244106,10.944836815455368,3.044025682900441,0.7345161334244106,4.144259798227704,-3.044025682900441,-0.7345161334244106,-4.144259798227704,0.2955120522967745,
39,0.09945734143257143,0.08054484967142342,0.18171781033949275,-0.01662690936757416,-0.2285229273682779,-0.13284320045952347,-0.05516747438548712,-0.021343352572814292,-0.08221958922759899,-0.08295047449581001,-0.09416362532309644,-0.10480404294390494,0.4326250594134203,0.14983148829612306,0.06152832557969601,-0.021965508746406716,0.09353893814336936,-0.049383529238650095,-0.07775639186820943,0.2696047592522208,0.09066607198661644,0.14499539648372525,0.27668356713703973,0.25302086162730997,0.08944083643739374,0.138305007650862,0.012973444765179865,0.1954406350356565,0.03981762641484999,0.08293763061504383,11.80790491743699,-0.5840904847194319,3.8588100432370123,0.9892838614376017,11.80790491743699,3.8588100432370123,0.9892838614376017,3.900609515280568,-3.8588100432370123,-0.9892838614376017,-3.900609515280568,0.2955120522967745,
40,-0.10421152003109455,0.2821370240114629,-0.020938520838962263,0.10977270196270167,-0.06480202712426766,-0.04993690496582712,0.036966991239486324,-0.10997213277995134,-0.18397490124265553,-0.16175151203378868,-0.11655725948140952,-0.129495075902128,-0.0033989110805926204,0.2577030607812973,0.019786462620841883,0.22060287152335845,0.026628049484839177,0.20089067594569235,0.042599764345070026,0.09078248423888499,0.24455974305124517,0.20156954808521127,0.1213028751504603,0.11991843955040132,0.040232851739143566,0.1811399187563565,0.1197806707623271,0.09145620042241538,0.12711503474831912,0.04517216564382116,11.753634543133082,-0.6733652235771479,3.9620424845253206,1.0395419759593818,11.753634543133082,3.9620424845253206,1.0395419759593818,3.8113347764228522,-3.9620424845253206,-1.0395419759593818,-3.8113347764228522,0.2955120522967745,
41,0.27327927532605834,-0.037232716642320154,0.08641093638015378,-0.14020484967386,0.06743433723093295,0.08197789738991032,-0.1254744708563732,0.041755503714206124,-0.0006773670495022754,-0.0214228746241166,-0.013139199951117175,-0.023607726690251685,0.2769929418433721,-0.0706109603387385,0.4474493827869091,0.1064402778572967,0.3328610180789728,0.15561406292121324,0.28856475735503473,0.3692553667628959,0.00962031053849386,0.06898686046227126,0.2100952319086763,0.1508727856273223,0.1437771517080744,-0.012214291719104648,-0.03589516678075452,0.0021119897936927867,0.009837849311461512,0.03188896138020207,12.405077202456582,-0.6224694121882512,3.8827056289262485,1.0053013512914308,12.405077202456582,3.8827056289262485,1.0053013512914308,3.862230587811749,-3.8827056289262485,-1.0053013512914308,-3.862230587811749,0.2955120522967745,
42,0.04173554356619927,-0.12,-0.099635506,0.2512894016045513,-0.249276104,-0.199409276,-0.149562861,-0.119648763,-0.199862426,-0.199880095,-0.149917818,-0.149784394,-0.099347644,-0.08694406220710706,0.4494541819999999,0.399796176,0.349844371,-0.07964584,0.399858528,-0.079916936,0.299985158,0.24974409,0.299514143,0.299866232,0.199921015,-0.019647751,0.19975721,0.199884995,-0.029899059,0.099892012,13.525703750440382,-1.0376422479593312,3.798279698475825,1.101890357429385,13.525703750440382,3.798279698475825,1.101890357429385,3.447057752040669,-3.798279698475825,-1.101890357429385,-3.447057752040669,0.2955120522967745,3.2721280651668536
43,0.293101710467782,-0.12,-0.099635506,0.299474749,-0.249276104,-0.199409276,0.14970106499999997,-0.119648763,-0.199862426,0.04968129000000002,-0.149917818,-0.149784394,-0.09256368647041296,0.499444873,0.4494541819999999,0.399796176,0.349844371,-0.07263851312660666,-0.07584880488338525,0.2248882763276006,-0.049954312,0.24974409,-0.02639043023089263,0.299866232,0.199921015,-0.019647751,0.19975721,-0.039666411,-0.029899059,0.099892012,12.411549119722503,-0.6328118048248195,3.459407751364959,0.8981070000157748,12.411549119722503,3.459407751364959,0.8981070000157748,3.8518881951751807,-3.459407751364959,-0.8981070000157748,-3.8518881951751807,0.2955120522967745,2.3748934437874403
44,0.12452174052412116,-0.12,-0.099635506,0.0903543782488399,-0.249276104,-0.199409276,-0.149562861,-0.119648763,-0.199862426,-0.199880095,-0.149917818,-0.149784394,0.05716050762472112,0.499444873,0.4494541819999999,0.399796176,0.349844371,-0.012027817253776704,-0.010964545082353908,-0.051490576864135086,0.299985158,-0.029537909,-0.004308938386951906,0.299866232,0.199921015,0.0012141410259823779,0.19975721,0.199884995,0.149758097,0.099892012,13.540099482758574,-0.833740239962935,4.030260824648651,1.103890782024871,13.540099482758574,4.030260824648651,1.103890782024871,3.650959760037065,-4.030260824648651,-1.103890782024871,-3.650959760037065,0.2955120522967745,1.1016601960670942
45,0.4,-0.12,-0.099635506,0.29015045777811305,-0.249276104,-0.199409276,0.14970106499999997,-0.119648763,0.069961464,0.04968129000000002,0.029855131000000007,-0.149784394,-0.099347644,0.499444873,-0.02569899380768155,0.31280127580001743,-0.049880586,-0.07964584,0.399858528,0.399424471,0.299985158,-0.029537909,-0.049707452,0.299866232,0.199921015,-0.019647751,-0.049658494,0.199884995,-0.029899059,-0.019866841,13.064833624699853,-1.2045578780123338,3.0236881254447936,0.9218161936265525,13.064833624699853,3.0236881254447936,0.9218161936265525,3.2801421219876663,-3.0236881254447936,-0.9218161936265525,-3.2801421219876663,0.2955120522967745,3.975704439126734
46,0.1743973583928817,-0.12,-0.099635506,0.299474749,-0.249276104,0.18314139497078166,-0.149562861,-0.119648763,-0.199862426,0.04968129000000002,-0.149917818,-0.05069691976443466,0.499635235,-0.016848638009951372,0.4494541819999999,0.399796176,0.349844371,0.016311411373496287,-0.04279449123506674,-0.010674571947584213,-0.049954312,0.24974409,-0.049707452,0.299866232,0.199921015,0.199816983,0.19975721,0.199884995,0.10861688372451114,0.099892012,12.162717681815018,-0.9181589696900039,3.4109042384442003,0.9563619791436219,12.162717681815018,3.4109042384442003,0.9563619791436219,3.5665410303099963,-3.4109042384442003,-0.9563619791436219,-3.5665410303099963,0.2955120522967745,2.2932742683310856
47,-0.15,0.08236783978888862,-0.099635506,0.299474749,-0.249276104,-0.199409276,-0.149562861,0.11969820299999999,-0.199862426,-0.199880095,-0.149917818,-0.149784394,0.036200278757519674,0.499444873,0.4494541819999999,0.399796176,0.349844371,-0.07964584,-0.079239164,-0.079916936,-0.049954312,0.24974409,0.299514143,-0.039775235,0.199921015,-0.019647751,0.19975721,0.199884995,-0.029899059,0.099892012,12.119172577279544,-0.7326893332806548,3.92329996285493,1.0456526676896032,12.119172577279544,3.92329996285493,1.0456526676896032,3.7520106667193454,-3.92329996285493,-1.0456526676896032,-3.7520106667193454,0.2955120522967745,3.055925795677294
48,0.1270750726869925,-0.12,-0.099635506,0.299474749,-0.249276104,-0.199409276,-0.149562861,-0.119648763,-0.199862426,-0.012885749015947301,-0.149917818,-0.149784394,-0.09654684357376059,0.07134820698299843,0.4494541819999999,0.399796176,0.349844371,-0.07964584,0.01547974009973481,0.399424471,-0.049954312,0.24974409,0.299514143,-0.019044446947092102,0.199921015,0.199816983,0.19975721,-0.039666411,0.149758097,0.099892012,12.845543963414704,-0.8309382713814788,3.570823279862122,0.9773005316392762,12.845543963414704,3.570823279862122,0.9773005316392762,3.6537617286185213,-3.570823279862122,-0.9773005316392762,-3.6537617286185213,0.2955120522967745,1.8561764428689815
49,0.10890112716607878,0.0495353906670441,-0.099635506,0.25591177710943397,-0.249276104,-0.199409276,-0.149562861,-0.119648763,-0.199862426,0.04968129000000002,-0.149917818,-0.149784394,0.06471715895731327,0.499444873,0.4494541819999999,0.399796176,-0.0358525118125699,-0.07964584,-0.029856303740813682,-0.079916936,0.13563511712982967,0.24974409,0.299514143,-0.039775235,0.199921015,0.199816983,0.19975721,-0.039666411,-0.029899059,0.099892012,12.338862901150398,-0.6950639217855761,3.5725011381003564,0.9427029573202776,12.338862901150398,3.5725011381003564,0.9427029573202776,3.789636078214424,-3.5725011381003564,-0.9427029573202776,-3.789636078214424,0.2955120522967745,1.4678985576591954
50,-0.15,0.048202290540622555,-0.099635506,-0.19694626391257414,-0.0772839111908688,-0.199409276,-0.149562861,-0.03874012468041928,-0.199862426,0.04968129000000002,-0.149917818,-0.04960221765314125,0.0860840035753321,0.499444873,0.4494541819999999,0.399796176,0.349844371,-0.07964584,0.11398862450161296,-0.079916936,-0.049954312,0.24974409,-0.049707452,0.04619442581087591,0.199921015,0.199816983,0.19975721,-0.039666411,-0.029899059,0.099892012,12.963141686126539,-0.7971616879058585,4.426756560487431,1.200463882902274,12.963141686126539,4.426756560487431,1.200463882902274,3.6875383120941416,-4.426756560487431,-1.200463882902274,-3.6875383120941416,0.2955120522967745,1.6813713482768224
51,0.040867952132605995,-0.12,-0.099635506,0.11514778781223167,-0.249276104,-0.199409276,0.008680690049389289,-0.119648763,0.017123902891620663,-0.199880095,-0.149917818,-0.149784394,0.015415656374679967,0.499444873,0.4494541819999999,0.399796176,0.349844371,-0.06385584701990034,0.399858528,0.399424471,0.299985158,0.24974409,-0.049707452,-0.015352219597027945,0.199921015,-0.019647751,0.19975721,0.199884995,0.149758097,0.099892012,15.179275483891034,-1.0466825489116411,3.7647411426262227,1.0950325867119826,15.179275483891034,3.7647411426262227,1.0950325867119826,3.438017451088359,-3.7647411426262227,-1.0950325867119826,-3.438017451088359,0.2955120522967745,2.063812294859302
52,0.09837355336568693,0.14426185353526894,-0.099635506,0.21180070375712018,-0.249276104,0.14954603964133398,-0.149562861,0.11969820299999999,-0.199862426,-0.199880095,-0.149917818,-0.02150127665702406,-0.099347644,0.08400813657556416,0.4494541819999999,0.399796176,0.349844371,-0.07964584,0.399858528,-0.079916936,-0.049954312,0.24974409,0.299514143,-0.039775235,0.199921015,-0.019647751,0.19975721,-0.039666411,0.149758097,0.024570874859047433,11.661290366316267,-0.6904363407253613,3.872946958479384,1.0207374358427657,11.661290366316267,3.872946958479384,1.0207374358427657,3.794263659274639,-3.872946958479384,-1.0207374358427657,-3.794263659274639,0.2955120522967745,1.6466835403554652
53,0.28031965268503656,-0.12,-0.099635506,0.17976613447202044,-0.249276104,0.04311085347661214,0.11800590342545209,-0.119648763,-0.199862426,-0.199880095,-0.149917818,-0.03185809281321807,0.04368827527784512,0.499444873,-0.020193757471770157,0.000147061009644317,0.349844371,-0.03335037642275293,-0.010911858785177045,0.01979549314845072,-0.049954312,0.24974409,-0.015925949841736238,-0.039775235,0.199921015,-0.0020568833601835625,0.19975721,0.199884995,-0.029899059,0.099892012,10.85931316287968,-0.39335492569625696,3.737277599936355,0.9134593958864144,10.85931316287968,3.737277599936355,0.9134593958864144,4.091345074303743,-3.737277599936355,-0.9134593958864144,-4.091345074303743,0.2955120522967745,1.1973363523268707
54,0.18704437743473104,0.05743081632904615,-0.099635506,0.2117847449676964,-0.249276104,-0.199409276,0.13858824192678487,-0.119648763,-0.199862426,-0.199880095,-0.149917818,-0.149784394,0.059449351001037806,0.499444873,0.4494541819999999,-0.079978528,0.349844371,-0.07964584,0.399858528,0.04184069409091472,-0.03949121312796679,-0.029537909,-0.003114983305038961,-0.039775235,0.199921015,-0.019647751,-0.020162189282151386,0.199884995,0.149758097,0.099892012,12.381154423326405,-0.5777666487878332,3.5847630606504426,0.9175388312007504,12.381154423326405,3.5847630606504426,0.9175388312007504,3.906933351212167,-3.5847630606504426,-0.9175388312007504,-3.906933351212167,0.2955120522967745,1.9199627370509047
55,0.27517434600034363,0.06646245652383512,-0.099635506,0.299474749,-0.249276104,-0.199409276,0.01979509264381582,-0.119648763,0.069961464,0.04968129000000002,-0.149917818,-0.149784394,-0.099347644,0.499444873,-0.099172812,0.399796176,0.349844371,-0.07964584,0.06714797838892658,-0.06463916029485912,0.299985158,0.24974409,-0.02214627370878025,0.299866232,0.199921015,-0.019647751,-0.049658494,0.199884995,0.149758097,0.099892012,11.785944810470006,-0.7111569287916555,3.395348554974229,0.8997773421165663,11.785944810470006,3.395348554974229,0.8997773421165663,3.7735430712083446,-3.395348554974229,-0.8997773421165663,-3.7735430712083446,0.2955120522967745,2.336859566030074
56,0.2739504613483722,0.020623282833869244,-0.099635506,0.23993113602155897,0.04680912320182001,-0.199409276,-0.149562861,-0.119648763,-0.199862426,-0.199880095,-0.149917818,-0.09995956030432893,0.11771664954209839,0.10916457703471352,0.4494541819999999,-0.04572793040491279,0.349844371,-0.07964584,0.003528669985487884,0.17559684390561792,-0.022076634046406,0.24974409,0.02388626038801775,-0.039775235,0.199921015,0.030777337940465648,-0.049658494,-0.039666411,0.149758097,0.099892012,10.949956336897817,-0.2003670893872922,3.909961029115775,0.9126183960705814,10.949956336897817,3.909961029115775,0.9126183960705814,4.284332910612708,-3.909961029115775,-0.9126183960705814,-4.284332910612708,0.2955120522967745,1.1371295710644265
57,0.24453273995213223,0.16024088194078923,-0.099635506,0.27865118729667443,-0.249276104,-0.199409276,-0.149562861,-0.119648763,0.01209538856604131,-0.199880095,0.029855131000000007,-0.053169074655937426,0.11134950946337728,0.30826814190433355,0.4494541819999999,-0.06919502641389558,0.349844371,-0.07318646898876202,0.08094776697930534,-0.04735827480192466,0.018487843401343143,0.24974409,-0.03675861186870168,-0.039775235,0.199921015,-0.019647751,0.19975721,-0.039666411,-0.029899059,0.099892012,11.000557966579866,-0.3593122485357263,3.9082688082290353,0.9473700519040487,11.000557966579866,3.9082688082290353,0.9473700519040487,4.125387751464274,-3.9082688082290353,-0.9473700519040487,-4.125387751464274,0.2955120522967745,1.5229345917111925
58,0.1072907919306694,-0.12,-0.099635506,0.2820719765858583,-0.0037572031157963592,-0.199409276,-0.149562861,-0.119648763,-0.199862426,-0.015598445471094569,-0.149917818,-0.149784394,0.07979331690028153,0.499444873,0.4494541819999999,0.399796176,0.349844371,-0.07964584,-0.079239164,-0.079916936,-0.049954312,0.24974409,-0.049707452,-0.039775235,0.199921015,0.011379854795455169,0.19975721,0.199884995,0.149758097,0.099892012,11.711764490168372,-0.2751731881571393,3.78920230770428,0.9001492274722988,11.711764490168372,3.78920230770428,0.9001492274722988,4.209526811842861,-3.78920230770428,-0.9001492274722988,-4.209526811842861,0.2955120522967745,1.6055718865453072
59,0.13476393865421418,-0.07982311835512518,0.14372834708593324,-0.10224476406922933,-0.1476879151530061,-0.14871203885463274,-0.013849813915760956,0.008703454464644503,-0.07164029957944495,-0.06837235284968793,0.02403566429938936,-0.12813446451420774,0.33509678810770593,-0.09939592298895532,0.4135805087086097,0.05169183721210294,0.22059803021881919,0.03146427346565879,0.07018705711916817,0.3156375161665367,-0.04234732381533966,-0.0120071241396533,0.07123667356772016,0.18464109067195922,0.10809420371724687,0.09868995373365873,-0.025696253926930583,0.16282006029349122,-0.004084495490749757,0.038929601654491844,12.008916720212866,-0.556845661490923,3.916592840860404,0.9971329136271007,12.008916720212866,3.916592840860404,0.9971329136271007,3.927854338509077,-3.916592840860404,-0.9971329136271007,-3.927854338509077,0.2955120522967745,0.0
60,0.22293200980553798,-0.12,-0.099635506,0.1480884046100044,0.08442623381510639,-0.199409276,-0.149562861,0.11969820299999999,0.069961464,-0.014281771557804385,-0.149917818,-0.149784394,0.044792248826195355,0.499444873,0.4494541819999999,-0.06711656298246682,-0.049880586,-0.026601586334840492,0.01748406034583512,-0.012615668612514425,-0.01861449838065596,0.24974409,0.033288326604241164,-0.039775235,-0.029674544,-0.019647751,0.19975721,0.03211361154757206,0.149758097,0.099892012,10.79025608509906,-0.228619421375571,3.7816300424630827,0.8885240710563123,10.79025608509906,3.7816300424630827,0.8885240710563123,4.256080578624429,-3.7816300424630827,-0.8885240710563123,-4.256080578624429,0.2955120522967745,1.2025129414803644
61,0.08576028205119601,-0.12,-0.099635506,0.29807006224340044,0.06836155099284308,-0.199409276,0.13133991255126554,-0.119648763,-0.199862426,0.04968129000000002,0.029855131000000007,-0.022014242277227924,0.06081680571471952,0.499444873,0.4494541819999999,0.399796176,0.349844371,-0.052172805916403275,-0.017189764876606388,-0.079916936,0.299985158,0.24974409,-0.011496704009174706,-0.039775235,0.199921015,0.011680937830542231,-0.049658494,-0.039666411,0.149758097,-0.019866841,11.981379542634388,-0.27411478451573235,3.4536287180142327,0.8202253466605173,11.981379542634388,3.4536287180142327,0.8202253466605173,4.210585215484268,-3.4536287180142327,-0.8202253466605173,-4.210585215484268,0.2955120522967745,1.4919032874703404
62,0.24497259749974362,-0.12,-0.099635506,0.20090427940316896,-0.249276104,-0.199409276,-0.149562861,-0.119648763,-0.199862426,-0.04329163555775975,-0.149917818,-0.149784394,0.09206361891959323,0.12817544155637894,-0.0946222663929244,0.399796176,0.349844371,-0.013540915852014945,0.019629375470939722,0.027620320182798377,-0.03670520639590598,-0.029537909,0.03293041202813404,-0.017301161015154998,0.199921015,0.038985810903426774,-0.049658494,-0.039666411,0.149758097,0.099892012,11.004924952573335,-0.17297337605032492,3.9672811076796957,0.9201142497400596,11.004924952573335,3.9672811076796957,0.9201142497400596,4.311726623949675,-3.9672811076796957,-0.9201142497400596,-4.311726623949675,0.2955120522967745,0.8965492840539908
63,0.2616477469378994,0.058928026568191766,0.19999289200000003,0.17623396884131992,0.2104991226102667,-0.199409276,-0.149562861,0.11969820299999999,-0.199862426,-0.018980613559589382,-0.149917818,-0.02512820644618796,0.04198252444031063,-0.09982319,-0.099172812,-0.079978528,-0.049880586,-0.05337930076453282,-0.079239164,-0.079916936,-0.049954312,-0.029537909,0.0014659577476884983,-0.039775235,-0.029674544,0.03444114528352103,-0.049658494,-0.039666411,0.149758097,-0.019866841,7.295906895572373,0.38128093314180944,3.9425717187860303,0.8102316414627702,7.295906895572373,3.9425717187860303,0.8102316414627702,4.86598093314181,-3.9425717187860303,-0.8102316414627702,-4.86598093314181,0.30460986155642483,1.4458102593618656
64,0.24183795335039085,0.04160746654060782,-0.099635506,0.1463598941212877,0.10431663395020685,-0.199409276,-0.149562861,-0.119648763,-0.199862426,-0.018038667947694903,-0.149917818,-0.025013285893114134,0.05925249205573736,0.499444873,0.18090340107995667,0.399796176,0.349844371,-0.029323883026500075,0.008113167027736151,-0.079916936,-0.049954312,0.24974409,0.005982404557734314,-0.03888278243042045,0.199921015,0.032612848884687115,0.19975721,-0.039666411,0.149758097,0.099892012,11.154465862909207,-0.19940409893360211,3.81010471309547,0.889111230836434,11.154465862909207,3.81010471309547,0.889111230836434,4.285295901066398,-3.81010471309547,-0.889111230836434,-4.285295901066398,0.30460986155642483,0.8517090460548298
65,0.23389213249499327,-0.12,-0.099635506,0.0018885121850540365,0.14422998554215816,-0.199409276,-0.149562861,-0.119648763,-0.199862426,0.04659827713350306,-0.149917818,-0.149784394,0.05409599547389633,-0.06781500808885312,0.4494541819999999,-0.079978528,0.349844371,-0.06983509188351672,-0.079239164,-0.016159633228366138,0.299985158,0.24974409,0.299514143,0.005470708200753238,0.199921015,0.0050762139150899895,0.19975721,0.199884995,0.149758097,0.099892012,11.33674285542141,-0.6641020990932867,3.7329810387130133,0.9770672380433161,11.33674285542141,3.7329810387130133,0.9770672380433161,3.8205979009067135,-3.7329810387130133,-0.9770672380433161,-3.8205979009067135,0.30460986155642483,1.42118122790721
66,-0.08402659017592667,0.19296706913039086,0.1595617692439087,0.0659360979256482,-0.17904455668029862,-0.030673647823294875,0.1294768853776596,0.10718117328281275,-0.10591207224363344,-0.0539765350045078,-0.003767535544093814,-0.047442036638624785,-0.07191793756248663,0.1202314735741006,0.41298733660567083,0.3890722903548708,0.033224674220065885,0.2036064323467556,0.1221510983603605,0.22745846286426208,0.1829259677834286,0.213333171543905,-0.019083703466240262,0.09824910340691792,0.08394777405094248,0.122424849640603,0.19622110461964615,0.08056335485711312,-0.02242241713824865,0.02834221998035359,12.225826971420206,-0.5303826446619957,3.753339039015153,0.9491749654206314,12.225826971420206,3.753339039015153,0.9491749654206314,3.9543173553380044,-3.753339039015153,-0.9491749654206314,-3.9543173553380044,0.30460986155642483,0.0
67,0.02693157241783037,-0.12,0.10610092566255051,0.28556116731772424,0.03550586843255121,-0.199409276,-0.149562861,0.11969820299999999,-0.199862426,0.04968129000000002,-0.149917818,-0.149784394,0.05661114112623718,0.18585268770668295,-0.0323191918904326,0.2261404524251423,0.349844371,-0.010027666993776913,0.10977967950174569,-0.05629265367951579,-0.049954312,0.24974409,-0.005482574280765019,-0.020643915833483985,0.199921015,0.024580412528595493,-0.049658494,-0.039666411,0.149758097,-0.019866841,10.40466734864129,-0.026455567195243113,3.7922768773379656,0.8506211210479054,10.40466734864129,3.7922768773379656,0.8506211210479054,4.458244432804757,-3.7922768773379656,-0.8506211210479054,-4.458244432804757,0.30460986155642483,0.7705660228712612
68,0.10702294313206398,-0.12,0.19999289200000003,0.299474749,0.13220759119259023,-0.199409276,-0.149562861,-0.025276703987053076,-0.199862426,-0.03282518200318074,-0.149917818,0.02986365399999999,0.06265663987317267,-0.003999116728797075,0.4494541819999999,0.399796176,-0.035850451573043944,-0.07964584,0.01781624748655733,-0.011331696566455066,0.0005809048405098702,0.24974409,0.03433680551363065,-0.039775235,0.199921015,-0.019647751,-0.049658494,0.13412337852148054,0.149758097,-0.019866841,10.314222643830206,0.03562545256128136,3.805861914288733,0.8419442259698972,10.314222643830206,3.805861914288733,0.8419442259698972,4.5203254525612815,-3.805861914288733,-0.8419442259698972,-4.5203254525612815,0.34901432729137993,0.7720382947859579
69,-0.09189263712614773,0.20482916381210087,0.047219465623490595,-0.2127650673544938,0.22731266946603196,0.03834894053568241,-0.07465875462597986,0.09393294577829357,-0.15284330273670593,-0.1822937129925335,-0.09721521245564138,-0.07884340367976972,0.4582093333837623,-0.05807171740121724,0.34610696701764965,0.33259252208826734,-0.020935668521802755,0.0889861239407512,0.33040998107563924,0.15106162222374783,0.2646209350356459,0.0938500939140042,-0.009983972198468243,0.08638117976509008,-0.016090481914333835,0.03166395133251433,0.045512425786588345,0.10704124688726031,0.054897693757443584,0.08671960785362437,12.349086875709737,-1.1758725730349346,4.613180939097544,1.3942041526562363,12.349086875709737,4.613180939097544,1.3942041526562363,3.3088274269650655,-4.613180939097544,-1.3942041526562363,-3.3088274269650655,0.34901432729137993,0.0
70,0.26291996520020466,-0.12,0.19999289200000003,0.299474749,0.20481107038302981,0.04634402443333882,-0.149562861,-0.119648763,-0.199862426,-0.08573061401895493,-0.149917818,-0.149784394,0.17614014276786327,0.499444873,-0.099172812,0.399796176,-0.049880586,-0.07964584,0.018971398048467106,0.10508385647438998,-0.049954312,0.24974409,0.09142167792081547,-0.039775235,0.199921015,0.06140882651917985,-0.049658494,-0.039666411,0.149758097,-0.019866841,10.186283101012927,0.015414401280962053,3.7402583393143796,0.831147389997399,10.186283101012927,3.7402583393143796,0.831147389997399,4.500114401280962,-3.7402583393143796,-0.831147389997399,-4.500114401280962,0.34901432729137993,0.6723880636184503
71,0.14020035193106492,0.061947443669909646,-0.08045371942117245,0.2684316457305948,0.10494953776289945,0.039017878182342564,0.14970106499999997,0.11969820299999999,-0.199862426,-0.026737536693494157,-0.047436947607531824,-0.149784394,0.06522787430055536,0.025390939337599866,0.4494541819999999,0.399796176,-0.049880586,-0.04975273089541742,-0.016945122995645365,-0.003403242527291364,-0.049954312,0.24974409,-0.006730307338681268,-0.039775235,0.199921015,0.02863784042029136,-0.049658494,-0.039666411,0.149758097,-0.019866841,9.790057448029208,0.3006615218279718,3.546312832249919,0.7410752178437826,9.790057448029208,3.546312832249919,0.7410752178437826,4.785361521827972,-3.546312832249919,-0.7410752178437826,-4.785361521827972,0.7844563290088036,0.4642770573274873
72,0.15704169780872704,0.016559545201544706,-0.099635506,0.2565521084340658,0.028251391886682353,-0.0018755077359228767,0.14970106499999997,0.11969820299999999,-0.199862426,-0.04789479317431017,0.029855131000000007,-0.149784394,0.1182417583018927,0.18905476420467476,0.4494541819999999,0.399796176,-0.049880586,-0.022612268841059026,0.07710821048975675,0.0697921178783101,-0.04523086187490138,0.24974409,0.03422563981211485,-0.028965513525780865,0.199921015,0.05324566537941834,-0.049658494,-0.039666411,-0.004646057636790664,-0.019866841,10.824946201442247,0.16366424758703335,3.4829281365105618,0.7492803814413963,10.824946201442247,3.4829281365105618,0.7492803814413963,4.6483642475870335,-3.4829281365105618,-0.7492803814413963,-4.6483642475870335,0.9351569958551482,0.15122951249400646
73,0.1641512725693913,0.09800315700587359,-0.099635506,0.23865408649841074,0.19499851154624886,0.07092853366558291,0.14970106499999997,0.11969820299999999,-0.12238183979064586,-0.025605036098668127,0.029855131000000007,-0.07599783030780285,0.010065194497328067,-0.09982319,0.4494541819999999,0.399796176,-0.049880586,-0.06823095145832025,-0.06329594903020566,-0.079916936,-0.049954312,0.24974409,-0.030278828953301442,-0.039775235,0.199921015,0.041363500258465594,-0.049658494,-0.039666411,-0.029899059,-0.019866841,8.810030833670222,0.3908059573203424,3.5631059938920115,0.7308176884785005,8.810030833670222,3.5631059938920115,0.7308176884785005,4.8755059573203425,-3.5631059938920115,-0.7308176884785005,-4.8755059573203425,1.0720437420207296,0.21650633021148868
74,0.18477094541145614,0.034583803588553536,-0.099635506,0.299474749,-0.04088390142018564,-0.004966379749436173,0.14970106499999997,0.11969820299999999,-0.199862426,-0.05196985850282074,0.029855131000000007,-0.149784394,0.18005502111840854,0.23920289152470914,0.4494541819999999,0.399796176,-0.049880586,-0.03312765025788196,0.12070976908568179,0.15174366833261552,-0.032061703972129915,0.24974409,0.06936563975551925,-0.03125280044939849,0.199921015,0.056144721148971705,-0.049658494,-0.039666411,0.149758097,-0.019866841,11.399530025933752,0.016306186698052727,3.3787424797593695,0.7506638159584539,11.399530025933752,3.3787424797593695,0.7506638159584539,4.501006186698053,-3.3787424797593695,-0.7506638159584539,-4.501006186698053,1.0814130131365693,0.048602245253146735
75,0.12227118730668837,-0.008288041566591436,-0.099635506,0.17551789289930042,0.08884747805827214,-0.0009780926841977122,0.14970106499999997,0.11969820299999999,-0.199862426,-0.04315862832025111,0.029855131000000007,-0.149784394,0.0637355324047421,0.17533925010585988,0.4494541819999999,0.399796176,-0.049880586,-0.01692691776345706,0.02668446264554024,-0.0480219294374802,-0.049954312,0.0670817952486227,-0.02499487827233448,0.017395252985225415,0.199921015,0.049616205137302416,-0.049658494,-0.039666411,0.149758097,-0.019866841,10.32916030717573,0.24182245645997558,3.6432719667909605,0.7708144836615591,10.32916030717573,3.6432719667909605,0.7708144836615591,4.726522456459976,-3.6432719667909605,-0.7708144836615591,-4.726522456459976,1.1235483270057436,0.06093124392245965
76,0.16569506551492733,0.052557957407422945,0.16018770380134884,0.22943691010669337,0.16168963214748955,0.04354886932934207,0.14970106499999997,0.11969820299999999,-0.199862426,-0.03268919766619949,0.029855131000000007,-0.149784394,0.04692672996117565,0.06447170142231481,0.4494541819999999,0.399796176,-0.049880586,-0.03866360404314908,-0.031158207414759533,-0.079916936,-0.049954312,-0.029537909,-0.011401082995910986,-0.039775235,0.199921015,0.03996653726493152,-0.049658494,-0.039666411,-0.029899059,-0.019866841,8.916197148145073,0.38416953507825546,3.5753247664627748,0.7343233867130741,8.916197148145073,3.5753247664627748,0.7343233867130741,4.868869535078256,-3.5753247664627748,-0.7343233867130741,-4.868869535078256,1.1324140650016432,0.07182891905745184
77,0.16158688979664995,0.09583011005085679,0.03271446485332867,0.2101198721503783,0.16670493391971763,0.08714870172636749,0.14970106499999997,0.11969820299999999,-0.09037507668315647,-0.01011411136103052,-0.03518866772200434,-0.08184947923611134,0.06543479842565043,-0.02870702376321839,0.30374619924958557,0.35614107292420855,-0.049880586,-0.05297969882805045,-0.035834798483984465,-0.079916936,-0.049954312,0.08145675506939178,-0.02185889576223537,-0.039775235,0.12314897476302453,0.043791119505503406,-0.049658494,-0.039666411,0.05076456767968849,-0.019866841,8.55199547224144,0.5127931862785786,3.6366553340776586,0.727695906432185,8.55199547224144,3.6366553340776586,0.727695906432185,4.997493186278579,-3.6366553340776586,-0.727695906432185,-4.997493186278579,1.2907239190684008,0.12997510919249222
78,0.12627152606635186,-0.04776132319731925,-0.099635506,0.21806473395768738,0.10213306424709895,0.07148605115929021,0.14970106499999997,-0.08199084128383743,-0.199862426,-0.02503231953036758,0.016232736687648602,-0.09648494274544095,0.06882249009636611,0.096115391120284,0.4494541819999999,0.399796176,-0.049880586,-0.03614470434360624,0.024611450288907058,-0.07767317641860104,-0.049954312,0.24974409,-0.034143381740635914,0.02562348366883129,0.040541975279023285,0.05132325012363316,-0.049658494,-0.039666411,-0.02181035140090696,-0.019866841,9.96628672191663,0.2511894771010921,3.6245906437409845,0.7653452770100644,9.96628672191663,3.6245906437409845,0.7653452770100644,4.735889477101092,-3.6245906437409845,-0.7653452770100644,-4.735889477101092,1.2923746623144734,0.16870660743130014
79,0.12512856588161267,-0.12,-0.099635506,0.15917154592792238,-0.06784777778570106,0.03871473200949596,0.14970106499999997,0.11969820299999999,-0.199862426,-0.02946108187709076,-0.02487329895625498,-0.149784394,0.11327448163811911,0.22933199768917994,0.21349008821023358,0.399796176,-0.049880586,-0.016582660186709078,0.07363625826208955,0.09357090753768349,0.06138567448380476,0.24974409,-0.0038700944132656692,-0.029563230981488275,0.199921015,0.05735287422647356,-0.049658494,-0.039666411,0.149758097,-0.019866841,11.31801353408597,-0.047310704893892996,3.623267431185305,0.8165313408903118,11.31801353408597,3.623267431185305,0.8165313408903118,4.437389295106107,-3.623267431185305,-0.8165313408903118,-4.437389295106107,1.2923746623144734,0.0869899525452099
80,0.13760604162038018,0.12253066948432692,-0.099635506,0.24695310179771407,0.1725380121823023,0.015701709938015534,0.14970106499999997,-0.1058802051125849,0.069961464,-0.026507691849438436,-0.14198733360935945,-0.149784394,0.10427883609494741,0.15743623561624842,0.4494541819999999,0.399796176,0.007868961969105949,-0.03825936017964261,0.0013675045232968142,0.0014976741690814893,-0.049954312,-0.029537909,-0.015061338577748475,-0.039775235,0.0202360191467239,0.0040936228384995735,-0.049658494,-0.039666411,0.149758097,-0.019866841,9.59938753797372,0.34052303397925865,3.677730111754526,0.7621886254492117,9.59938753797372,3.677730111754526,0.7621886254492117,4.825223033979259,-3.677730111754526,-0.7621886254492117,-4.825223033979259,1.3196076643402703,0.12320850024714161
81,0.11446842024874568,0.0734918976563467,-0.099635506,0.2295254228116646,0.01957714630495172,-0.02546058535785911,0.14970106499999997,-0.119648763,-0.199862426,-0.022219195468723335,-0.14365677810460073,-0.07760032533703219,0.12483484189610976,0.31606242602954404,0.4494541819999999,0.399796176,-0.049880586,0.004065203569711309,0.07918655987523757,0.06179446863716456,-0.049954312,0.10708570989112534,0.009575700936003545,0.04783720984690915,0.199921015,0.04338705993205935,-0.049658494,-0.039666411,0.149758097,-0.019866841,11.28337813324039,-0.005389827703111472,3.6258230240664036,0.8094601366279496,11.28337813324039,3.6258230240664036,0.8094601366279496,4.479310172296889,-3.6258230240664036,-0.8094601366279496,-4.479310172296889,1.3196076643402703,0.04056720352622121
82,0.07363533317496837,-0.031121211300373416,-0.09504410923998502,0.15841494966506586,-0.0024280113323772168,-0.01948318000662952,0.14129121768497754,0.08590609194178102,-0.1868736199345411,-0.0327553794561877,-0.0076939576764992745,-0.1326166799270888,0.17725017960020967,0.24603670962677643,0.4494541819999999,0.399796176,-0.03024366884359362,0.05085829007359141,0.14239801825399753,0.10552470749715726,0.001544436179818219,0.1939685622541385,0.01557619549540458,0.00395346138385666,0.19459599540422245,0.0511039838942368,-0.049658494,-0.03506340831413413,0.08657682009683157,-0.019866841,11.869124860992004,-0.06024929191401096,3.5849854933841643,0.8102667946627489,11.869124860992004,3.5849854933841643,0.8102667946627489,4.424450708085989,-3.5849854933841643,-0.8102667946627489,-4.424450708085989,1.3196076643402703,0.014455963726256535
83,0.1637774220289894,0.16945326247293618,-0.099635506,0.23828351959531519,0.20708837812776443,0.05540845660870494,-0.149562861,0.11969820299999999,-0.10135927112995936,-0.02497033235764573,0.029855131000000007,-0.149784394,0.05600158007830712,0.08073875245740594,0.4494541819999999,0.399796176,0.349844371,-0.03954329056150916,-0.0007657511190388017,-0.07296229034133894,-0.049954312,-0.029537909,0.012526760535498623,-0.039775235,0.07240588639316398,0.030205083687527747,-0.049658494,0.0005579821525174139,0.149758097,-0.019866841,9.405797403849693,0.16542959605061913,3.839432361902226,0.82566136762362,9.405797403849693,3.839432361902226,0.82566136762362,4.650129596050619,-3.839432361902226,-0.82566136762362,-4.650129596050619,1.3196076643402703,0.1647040573580873
84,0.21811932571623358,-0.12,0.009935713093763315,0.2542998090040542,0.19796714334789706,-0.199409276,0.14970106499999997,0.11969820299999999,0.069961464,-0.06345334151193407,0.029855131000000007,-0.149784394,0.11017882191619142,0.06931632641746943,0.4494541819999999,0.399796176,0.07557464865422248,-0.06656937278594677,-0.037787509657814536,-0.079916936,-0.049954312,-0.029537909,-0.014303600183355837,-0.039775235,0.06692272079472539,0.04144854430080308,-0.049658494,-0.039666411,-0.029899059,-0.019866841,9.356214513158385,0.4387032815588725,3.5456196611110395,0.7201562533769137,9.356214513158385,3.5456196611110395,0.7201562533769137,4.923403281558873,-3.5456196611110395,-0.7201562533769137,-4.923403281558873,1.3809575284263202,0.23847116499020043
85,0.2927313055843115,-0.03609754901379347,0.11676751380310275,0.12122807309690797,0.02585040236795466,-0.03739886864552058,-0.04418714746882417,0.040972091222411175,-0.0193855460600785,-0.0006734690847957081,-0.13130374252556057,-0.09195517891721158,0.12707726306815215,0.028609051515319533,-0.030615273216274372,0.027878369212646414,0.16293830382804853,0.2576285889559754,0.155560783112838,0.1404925335767781,0.18354239912342538,-0.02273128342514403,0.22754690506149516,0.009466832092040238,0.13265692093881043,-0.002328732812039061,0.18820091347224224,0.07741844227004667,0.09653113232878527,0.02706474170374391,10.927912950035628,-0.5693837896587324,3.321304827346884,0.8482852083759006,10.927912950035628,3.321304827346884,0.8482852083759006,3.9153162103412678,-3.321304827346884,-0.8482852083759006,-3.9153162103412678,1.3809575284263202,0.0
86,-0.033641322469338764,0.01808011019602418,-0.06768143759825486,-0.06666624481749159,-0.14542389151997215,0.04294325318794978,-0.14163123715923925,0.057109517959088515,0.0524674625382783,-0.04634437608758296,-0.04534299884240156,-0.1369558367569249,0.18935146545577902,0.14630429882166401,0.0947965748572519,-0.06745322620881519,0.2704588807160279,0.33367382977899973,0.3328494896924884,-0.04887796568313042,-0.022760317681748552,0.0033568383111554773,0.16683700909592408,0.10430283487112008,0.021801612557194174,0.011719054960101453,0.019875233907334963,0.10840160804951239,0.032506243289537065,-0.016166415058632255,11.91273902394043,-0.8384872569174786,3.9416870313929087,1.0810359430812015,11.91273902394043,3.9416870313929087,1.0810359430812015,3.6462127430825215,-3.9416870313929087,-1.0810359430812015,-3.6462127430825215,1.3809575284263202,0.0
87,0.18031361922621728,0.14194475010037422,0.15487353792556868,-0.24621295481100952,0.08921541788988846,-0.19823668612944784,0.08080988210237983,-0.07674764161677688,-0.12308474574663791,-0.057287832480399314,-0.05245099325754331,-0.11522430452507515,0.19897696573559004,0.39300405267769223,0.1996015576615704,0.22948508342927504,0.3398579150778474,0.06556371199469299,0.14392280942267185,0.17308309261610477,0.25601173376138175,0.009576262346852236,0.21110844115645278,0.2843242238772444,0.14339129480351098,0.03287587353868779,0.01435348589423005,0.09857510019500147,0.1318687218247239,0.05099156403874662,12.911201585373343,-0.7303168775818745,3.945508442057399,1.0509072498483247,12.911201585373343,3.945508442057399,1.0509072498483247,3.7543831224181257,-3.945508442057399,-1.0509072498483247,-3.7543831224181257,1.3809575284263202,0.0
88,-0.005852089263498755,0.05288788570091127,0.0487075299433478,-0.1402251377842242,-0.24026128404809152,0.15429630500568423,-0.010232789893744237,0.04403919342147168,-0.15858312114601794,0.00014891044664264164,-0.05029759042818158,-0.02576302410834111,0.23552373462064924,0.3697028361179923,0.0525623785879952,-0.04914091494990047,0.26798234769283547,0.2203277735366422,0.20677473303351793,0.26903526875359945,0.07762867149099495,0.12031965963314653,0.16505135807891186,0.01276074677652693,-0.024209961729541984,0.16323574253000023,0.05268703841405842,0.033526016514723256,0.03566523412304184,0.00646335621106366,12.603396093516155,-0.7489193296027485,3.935961991208233,1.0535848697963563,12.603396093516155,3.935961991208233,1.0535848697963563,3.7357806703972516,-3.935961991208233,-1.0535848697963563,-3.7357806703972516,1.3809575284263202,0.0
89,0.16510692766757537,0.00011418279983055335,0.027781232231249856,0.24183977260820655,-0.039604188616412656,-0.199409276,0.14970106499999997,0.09650941265106776,0.069961464,-0.06818930104976073,0.029855131000000007,-0.149784394,0.16768713236294258,0.32415783468743065,0.4494541819999999,0.399796176,0.1648373728710232,-0.031471853874144716,0.09137561188076915,0.028116670938423863,-0.03191504743003087,0.24974409,0.052703278195090686,-0.039775235,0.08837048389288284,0.06686189167068501,-0.049658494,-0.039666411,0.149758097,0.06224772798076242,11.32895442239444,0.10956875344091976,3.523683372273019,0.7669737147253138,11.32895442239444,3.523683372273019,0.7669737147253138,4.59426875344092,-3.523683372273019,-0.7669737147253138,-4.59426875344092,1.4279626287718277,0.09733139148066194
90,0.17217105321416062,0.005979797452205893,0.006977496854560963,0.20025611356688972,0.0915296561261279,-0.199409276,0.11547989915856455,0.11969820299999999,-0.199862426,-0.04899802143687218,-0.11180781135603039,-0.149784394,0.11701437979018807,0.11767349213199674,0.4494541819999999,0.399796176,0.18216748023705154,-0.0442931508578862,0.02995276580918768,0.016659884867505123,-0.045301370069518565,0.12197967925475939,0.003080608358642309,-0.039775235,0.011030975004352215,0.042226259964410415,-0.049658494,-0.039666411,0.149758097,0.099892012,10.46136972238153,0.2482694412661095,3.6656462600205035,0.7744918503086535,10.46136972238153,3.6656462600205035,0.7744918503086535,4.73296944126611,-3.6656462600205035,-0.7744918503086535,-4.73296944126611,1.4414876724422248,0.06137788444499583
91,0.18243236786262265,-0.052263251285953397,0.003301506799960524,0.21896432420665218,0.057767310308653064,-0.199409276,0.14970106499999997,-0.119648763,-0.199862426,-0.061785648307784574,0.029855131000000007,-0.149784394,0.16184855172789575,0.20631079377372546,0.4494541819999999,0.399796176,-0.049880586,-0.03849662870725721,0.055127426415321146,-0.020725389716059868,-0.049954312,0.24974409,0.03385312626506633,-0.039775235,0.199921015,0.045842253879250616,-0.049658494,-0.039666411,0.0642762685462212,-0.019866841,10.958733089972892,0.10521089441682996,3.5740302251521556,0.7786709387974411,10.958733089972892,3.5740302251521556,0.7786709387974411,4.58991089441683,-3.5740302251521556,-0.7786709387974411,-4.58991089441683,1.4414876724422248,0.03162122151001181
92,0.08506597718223932,0.06421620335429906,0.13511673727886808,0.05584927489545444,-0.2479590069702059,-0.10270026202939966,-0.07172565595979663,-0.033161955949319005,-0.1290181382309351,-0.11016222154033885,-0.13009882749049387,0.00938711720170457,-0.06061040524204537,0.38219443695150085,-0.07548120735765,0.2802644945560102,0.018576251026987935,-0.002953849340882761,0.2020454470716224,0.08895298118529071,0.059444454723460466,0.21221480866235415,0.2679337802002455,0.04758363023700187,0.017868264390255333,0.11537070577248527,-0.03416468247913562,-0.0370147016464182,0.0623584236046364,0.013482219447777357,11.535063988741664,-0.36176709091811876,4.041867306427349,0.9803378797467299,11.535063988741664,4.041867306427349,0.9803378797467299,4.122932909081881,-4.041867306427349,-0.9803378797467299,-4.122932909081881,1.4414876724422248,0.0
93,0.10389803426056596,0.02991406244933953,-0.01866253977439447,0.25909624272226234,0.08382548132574852,-0.199409276,0.14970106499999997,0.11969820299999999,0.069961464,-0.03505995953236621,-0.027085957945725284,-0.149784394,0.12265646192738773,0.21614142668106612,0.4494541819999999,0.399796176,0.1520266022860187,-0.033456354985438176,0.004473207166033305,0.0042748008425306655,-0.049954312,0.0470605248133896,-0.04110638106442491,-0.039775235,-0.012813900906423838,0.04027811602314341,-0.049658494,-0.039666411,-0.029899059,-0.019866841,10.110567987931066,0.4184843947292274,3.6004720359834845,0.734312998681812,10.110567987931066,3.6004720359834845,0.734312998681812,4.9031843947292275,-3.6004720359834845,-0.734312998681812,-4.9031843947292275,1.5369521397719852,0.06408627809907831
94,0.09684163693580655,0.018714861498636354,-0.03230911241199143,0.2699749581147272,0.042486982786682725,-0.199409276,0.14970106499999997,0.11969820299999999,0.069961464,-0.033823813560578425,0.002021979558115089,-0.10471671259838518,0.1527815957972447,0.3955875424034004,0.4494541819999999,0.399796176,0.16558012522729518,-0.014085068582464694,0.048651118937641735,0.0882842105784345,-0.018569551985108783,0.06980834679659388,-0.03917399075277987,-0.039775235,0.025627669706313885,0.04374819062931018,-0.049658494,-0.039666411,-0.029899059,-0.019866841,10.990660828474596,0.29443506714063084,3.540607523786449,0.7408469260745969,10.990660828474596,3.540607523786449,0.7408469260745969,4.779135067140631,-3.540607523786449,-0.7408469260745969,-4.779135067140631,1.6313273677635325,0.06569637787475205
95,-0.13646360374987124,0.015231587290763848,-0.013150804290522206,0.25728730474926914,-0.1759190931994445,-0.026729873243162144,0.06441425663497305,-0.10717235291772356,-0.17593840103753414,-0.07558146231197482,0.011632262355914108,-0.06566325207603979,0.21046520231623922,0.15079495291970135,0.19659440329447142,0.01759679073237981,-0.0293633475521875,0.11798329346303951,0.10430484405911142,0.03842538904283019,0.290853275331723,0.10929847182874061,0.18874570090267279,0.2935429473114968,0.08934268917478687,0.046087705751349684,-0.04354691975461155,0.024065842941358426,0.11642895996299985,-0.004819556605860059,12.071696245350674,-0.44681910993797747,3.64537553224322,0.9027942209031398,12.071696245350674,3.64537553224322,0.9027942209031398,4.037880890062023,-3.64537553224322,-0.9027942209031398,-4.037880890062023,1.6313273677635325,0.0
96,0.20657463371753695,0.044616400804370654,0.11370029632061195,0.04446202170457919,0.006154111617160174,-0.04741459241492055,-0.08609893336575088,0.02588541268891549,0.03754043396042919,-0.10883127979624485,-0.02104498348187464,-0.07102103711893876,-0.014220858857199453,0.06677311046151332,0.013251766426669073,0.1800886721235046,0.06878650456069108,0.1411863717891486,0.1881297125003817,0.2022420566645286,0.041825993438046105,0.021457969864912912,0.11965106995953147,0.010018990994389562,0.09991542418307792,-0.010941308900315408,0.04630158889019348,0.03712499887499142,0.12472876028792335,-0.002980115991174797,10.673011184642755,-0.1882748497323723,3.9253867680735497,0.913640208029467,10.673011184642755,3.9253867680735497,0.913640208029467,4.296425150267628,-3.9253867680735497,-0.913640208029467,-4.296425150267628,1.6313273677635325,0.0
97,0.08954243922269242,0.015853241606099355,-0.04884922261222644,0.2670417536019433,0.06264833720014329,-0.199409276,0.1462794442007866,0.11969820299999999,0.007806374219014006,-0.023799736675610472,0.029855131000000007,-0.101160160735009,0.1745022287630429,0.499444873,0.4494541819999999,0.399796176,0.26634579366483796,-4.266435863803375e-05,0.06510673201844153,0.24675093898270084,0.007873993029528716,0.08528469374360789,-0.03356962954639337,-0.039775235,0.033090096678632844,0.008176929122132498,-0.049658494,-0.01836760894749077,-0.029899059,-0.019866841,11.757403646709982,0.10507021124879934,3.470778986812306,0.7561988568198853,11.757403646709982,3.470778986812306,0.7561988568198853,4.5897702112487995,-3.470778986812306,-0.7561988568198853,-4.5897702112487995,1.6751937993041108,0.08659975648046156
98,0.09481965940862583,0.012390108368179498,-0.05567430330643229,0.27360123342817316,0.013578496176366195,-0.199409276,0.12879071991179508,0.11969820299999999,0.04389698841734449,-0.03854874921502521,0.0033720122650197637,-0.06737114603178086,0.17326348124323487,0.499444873,0.4494541819999999,0.399796176,0.05054204679994138,0.009095312975061456,0.09283176323978454,0.08648619154913106,0.017722296258887882,0.07186982676185119,-0.03335432910468343,-0.03369382104225502,0.04582595844131403,0.054175523627040645,-0.032470233867801505,-0.039666411,-0.029899059,-0.019866841,11.480315958812533,0.1755202977891024,3.5169799803411554,0.7546810570327926,11.480315958812533,3.5169799803411554,0.7546810570327926,4.6602202977891025,-3.5169799803411554,-0.7546810570327926,-4.6602202977891025,1.7081682176057496,0.05078099552724766
99,0.03978973050446866,0.012247837240953852,-0.05159136806694018,0.29561429739466744,-0.031054635372872952,-0.199409276,0.14970106499999997,0.11969820299999999,0.069961464,-0.020821458848689522,0.029855131000000007,-0.06755672163385197,0.20346376389962373,0.499444873,0.4494541819999999,0.399796176,0.349844371,0.007898418089346354,0.11435258340368942,0.1180405734605495,0.02157975558149794,0.06369936031257575,-0.026527215589389135,-0.039775235,0.03443655514065358,0.07422932497539039,-0.049658494,0.199884995,-0.029899059,-0.019866841,12.019634504054823,0.011925876615688225,3.440555564752505,0.7651416104339067,12.019634504054823,3.440555564752505,0.7651416104339067,4.496625876615688,-3.440555564752505,-0.7651416104339067,-4.496625876615688,1.7112955504552703,0.020446319843042408
100,0.13800066835246985,0.2181879742629826,0.166098749899472,-0.11799063277014527,-0.06601938255757925,-0.06959541665345204,-0.014302050232672614,0.016284184637523555,-0.16391104959129615,-0.05553810041759549,0.015593136352146625,-0.12050447449519183,-0.09667419584107644,0.4700878049354153,0.42142198891540067,0.05038472570444713,0.10575958675320088,0.058616585600656274,0.3983788189934244,0.07198545498833853,0.005521152414284317,0.010212963827283816,0.2202670411445497,0.12835773816374485,0.15044911560083965,0.13225751239191172,0.10312938339900754,0.06301125455223487,0.029370741166229675,0.09895740333713923,12.271890518297983,-0.745994037445163,3.868091780673372,1.034607112571677,12.271890518297983,3.868091780673372,1.034607112571677,3.738705962554837,-3.868091780673372,-1.034607112571677,-3.738705962554837,1.7112955504552703,0.0
101,-0.11907965992577374,-0.11187164789065718,0.15224341595782026,0.1642490236613917,-0.19335767468246176,-0.047914603370146996,-0.0169705972951516,-0.11072676858145437,-0.14080660419306695,-0.18955626978795864,0.014272564022415862,-0.08493258913651809,-0.003810781817381495,0.03202112371815172,0.39588512163967543,0.003840974858143123,0.13785591623301435,0.3362639801595254,0.29074939476762585,0.2176079574346118,0.026006061668169808,0.1963749270741194,0.2149642265530209,0.266564601522088,0.08545131684821597,0.16826995603124278,0.0720321768895503,0.16388920972894705,0.0525472305323366,0.06434534809940273,13.259032878580737,-0.8912240354363017,3.786368060266778,1.0536784154409948,13.259032878580737,3.786368060266778,1.0536784154409948,3.5934759645636984,-3.786368060266778,-1.0536784154409948,-3.5934759645636984,1.7112955504552703,0.0
102,0.1015514741186053,-0.020537390615791087,-0.036972190051888246,-0.05675407393015522,-0.08835976763461864,-0.18441364220327644,0.046162375222645935,0.032071271620598044,-0.1673029686544203,0.01241155592503504,-0.11312088448714733,-0.04854537651080201,0.2970925632626807,-0.056932497208870655,0.39926559199163,0.3324514741770261,0.23222714690763646,0.14025718998290668,0.35182326722267065,0.05351332592899269,0.18161590403913794,0.15250513997012002,0.05572807180592468,0.24212103725261333,0.014203384809071937,0.16297498843895908,0.07175853366526291,0.012577063901136852,-0.013639706245812701,0.0782052674311216,13.26904747473991,-0.6494521957915635,3.6684204631226516,0.9565015483738171,13.26904747473991,3.6684204631226516,0.9565015483738171,3.8352478042084366,-3.6684204631226516,-0.9565015483738171,-3.8352478042084366,1.7112955504552703,0.0
103,0.09432879452285944,0.034409877795740534,0.005702916749699499,0.24844204291056443,-0.12628915051354275,-0.199409276,0.14288666604593053,0.11969820299999999,-0.199862426,-0.04457777444772501,0.029855131000000007,0.02986365399999999,0.19662582908188064,0.499444873,0.4494541819999999,0.399796176,0.19001374642375726,-0.002385074460779457,0.11393757709955935,0.14991060067644682,0.037845217961717526,0.12935550422232836,0.011907394460019462,0.006855151929965553,-0.00669702368282947,0.004508613259533233,-0.049658494,-0.039666411,-0.029899059,-0.019866841,12.049471857951017,0.008491497173731766,3.5180574912031686,0.7829751955633466,12.049471857951017,3.5180574912031686,0.7829751955633466,4.493191497173732,-3.5180574912031686,-0.7829751955633466,-4.493191497173732,1.7115489142615512,0.018958656474445768
104,0.35317311878316104,0.24736567916348573,-0.09175911160675426,-0.19628813586025198,-0.017309900513169385,-0.10579280339165617,-0.08159950200086623,0.02050477747161948,0.02903010080095103,-0.02111940404225679,-0.0031559824087787347,-0.13499839395392305,0.3668253182033401,0.2682617767558276,-0.07524818511334777,0.12498712265023146,0.24651863151666215,0.21635746887435256,-0.054379916867927036,0.2743141334798904,0.06770490505147324,0.043325513220952405,0.2966205064437063,0.21501284573936433,0.05204468754511603,0.10114375206557322,0.08308425938533062,0.05057713142474683,0.12972037364435077,0.09214052739393094,11.902805019986516,-0.8455701602735153,3.6391071864964903,0.999993775097072,11.902805019986516,3.6391071864964903,0.999993775097072,3.639129839726485,-3.6391071864964903,-0.999993775097072,-3.639129839726485,1.7115489142615512,0.0
105,0.02424557311460379,0.14660235576331615,0.14612177072316163,0.1658088496480587,-0.2284917426669119,-0.06905669343998694,0.04808062992771783,0.020834641451843258,-0.1675377083052938,-0.13000324344977515,-0.14225356911343634,-0.04880404121926815,0.46489988836814095,0.34789016476395995,0.4124459813437072,0.08752199547426714,0.2319070391405803,0.16261754526004127,-0.053677646888718594,-0.03913629870151048,0.22560123559866907,0.009115281366260677,0.27156125538242404,-0.03778666185023476,0.12374707984348965,0.1964096012472403,-0.026275608917180605,0.07281242498151812,0.13928267302621483,-0.010063026025186815,12.13029250386257,-0.8904953887295286,3.4497894457279354,0.9598199932497754,12.13029250386257,3.4497894457279354,0.9598199932497754,3.5942046112704715,-3.4497894457279354,-0.9598199932497754,-3.5942046112704715,1.7115489142615512,0.0
106,0.02250074828043583,0.07036109441891311,0.10819731902529957,-0.05130066752674145,-0.1655400966226899,0.039732393477024563,0.08196359032058323,-0.04900762214126579,-0.15719483367897713,-0.06400589692275255,-0.071949746061177,0.015326675734252226,0.02545076516276354,0.2183601584901687,0.03507309187612012,0.00789204859810877,0.34133068502250613,0.17401695056201136,-0.0626732835452083,0.06347625055331052,0.2930376214688666,-0.015132008535854218,0.16430562159815842,0.14432293218020664,0.10368721774165293,0.09569136548759476,0.1940631804505324,0.08109437816334604,0.061423423590050756,-0.017483645992869338,11.339596003537512,-0.6395624548950023,3.8142748192299964,0.9919735703826016,11.339596003537512,3.8142748192299964,0.9919735703826016,3.845137545104998,-3.8142748192299964,-0.9919735703826016,-3.845137545104998,1.7115489142615512,0.0
107,0.028887164872139715,0.2558956744149327,0.14089420780934742,-0.17949859747345653,-0.15375258111987408,-0.03767271505271602,0.0782707172615549,0.054521099070848886,0.031180413424253484,-0.009043714061748503,-0.04826037714266346,-0.0832853317338511,0.1781616158280918,0.17864463057303653,0.343010170787926,0.1011397366108962,0.15523998330559335,0.0925954054280217,0.28553447383963904,0.3757652994150963,0.2605953317334963,0.19397533139232692,-0.03602392497392802,0.29599037949805324,0.14449519459406454,0.1784879586631202,-0.027878776304664364,0.16708489086831435,0.10589999030337816,0.05800535381125925,13.439950300233425,-0.9652171266230449,3.9085758176460463,1.1105540098553612,13.439950300233425,3.9085758176460463,1.1105540098553612,3.519482873376955,-3.9085758176460463,-1.1105540098553612,-3.519482873376955,1.7115489142615512,0.0
108,-0.14980133003555238,-0.018525002449750902,-0.015505432347325557,0.18010673206107114,-0.12147840845789407,0.08060936740991306,0.06824412574958438,-0.06207561504830961,-0.031379170959473235,-0.18919286171679922,-0.04005569492921096,-0.1089982756535775,0.09349752958561093,0.038934947214277815,0.4083057440636934,0.021696397711560206,-0.0439755340757796,0.3888860443648269,0.16624586696069568,0.34798227197129966,0.2254053530648903,0.19868023877602708,0.13963364372889736,-0.0038705677536443397,0.19717954895323697,0.05601788312388983,0.17324776451881446,0.003008075713168315,0.024345524178299854,0.07291817857764644,13.07061270834356,-0.9671037236179827,3.5706744469817937,1.0150893298802242,13.07061270834356,3.5706744469817937,1.0150893298802242,3.5175962763820174,-3.5706744469817937,-1.0150893298802242,-3.5175962763820174,1.7115489142615512,0.0
109,0.09573705061338844,0.21631024723872544,-0.03077116326714574,0.1994592262317107,-0.2255761027504781,-0.052745989183125536,0.12322355115118988,-0.0527127761611772,0.028772585955657543,-0.09023182029797075,0.003120306111242588,-0.06174396286339834,0.249883739848012,0.1757171099841317,0.031024392589373617,0.008169354903281592,0.07589426107160976,-0.04909299772703371,0.2541718120856836,-0.013957869130088063,0.15383280955415427,0.13134541404187655,0.28760913127020826,0.06978369583866978,-0.025104224371016507,0.18330572095683623,0.16817778861380986,-0.0021734375622736377,0.11388410328684839,0.03798273762216188,11.087519294100542,-0.37180424997476713,3.4729081490235614,0.8443948886869439,11.087519294100542,3.4729081490235614,0.8443948886869439,4.112895750025233,-3.4729081490235614,-0.8443948886869439,-4.112895750025233,1.7115489142615512,0.0
110,0.06107770036906007,0.011306616626679894,0.04014770106156519,0.07942281975606985,0.21554202433733743,-0.03938154270998068,-0.09874459065971118,-0.08031268938217508,-0.04978651420812108,-0.17828098870531986,-0.01059985250961934,-0.10179860868523963,-0.09438992411669998,0.36629107589969845,-0.07051120113325811,0.15195117794183208,0.1357489623193818,0.32163860667972033,0.3967390564515757,0.2617370597957775,-0.022722810403048733,0.16489872255478333,0.24522656741884208,0.20134725816487667,0.04723396483479525,0.009200987053931818,0.020496370962810373,0.03041389354989847,0.1288304036270532,0.020888010730697706,12.302311009103251,-0.8265238627681355,3.8220287604731977,1.0447907965867713,12.302311009103251,3.8220287604731977,1.0447907965867713,3.6581761372318646,-3.8220287604731977,-1.0447907965867713,-3.6581761372318646,1.7115489142615512,0.0
111,0.2032202013302595,-0.11551313331350684,0.050068623129218184,-0.16450316421151862,0.18607362990862059,0.09271625666601233,0.05989278562056807,0.07599119965142644,0.009009282838236182,-0.004020259747458482,-0.008996576337910567,-0.14108653924264455,0.21586336526479083,-0.021413845018957864,0.41374136915641885,0.31184343766540584,0.013272238128491452,0.21650895059883404,0.13214647840460075,0.33768674906389584,0.03829736500068773,0.21911472670968005,0.14391471125109384,0.10270999172293205,0.01877484349729244,-0.01001003818687931,-0.01464167528068347,0.15566149831449388,0.12075006696033902,0.08396682266822131,12.131425449537643,-0.6335438378367115,3.727629595352843,0.9679248096911609,12.131425449537643,3.727629595352843,0.9679248096911609,3.8511561621632886,-3.727629595352843,-0.9679248096911609,-3.8511561621632886,1.7115489142615512,0.0
112,-0.03404781999997793,0.24800427138805387,0.05292038334074124,-0.07895684215192228,0.13596019914996482,-0.03676324016223598,0.02864928737768252,-0.03183147293159641,0.04674770435295075,-0.12734231173029797,-0.10629243457393386,-0.02260038209657103,0.08052990252938326,0.22742789589125512,0.31427666892750444,-0.03039947875764381,0.2946498709606291,-0.07945936406273137,0.29006886293806833,0.0023683476208847948,0.182519480214368,0.027530998559083746,0.1756372397890577,0.13277613388508575,0.16957279160857805,0.08602253494423295,0.036315601434227185,0.12466570754994226,0.006086189143018457,0.010507424586120712,11.359756166086866,-0.6642690915143117,4.261834090074652,1.1155375380846564,11.359756166086866,4.261834090074652,1.1155375380846564,3.8204309084856884,-4.261834090074652,-1.1155375380846564,-3.8204309084856884,1.7115489142615512,0.0
113,0.1987010775133968,0.08612864775583148,-0.006904841972999398,-0.0764417028963594,-0.08532142027288406,0.0672219169024891,-0.05516834229231979,0.026872940044274415,0.04159260573890969,-0.08981705971452543,-0.08155729865011666,-0.11259334614862171,0.2422276154368933,0.3493159000591791,0.28078024273221164,0.0747187743339923,0.0035172555243264056,0.015372871380825187,0.2675342128309266,0.3004835048845344,-0.04541534888235608,0.1550779680195566,0.10608574969247826,0.025537739469961206,0.024586332491454786,0.14958822182864792,-0.03855788314288347,0.0707772782334456,-0.016390489153528875,-0.0163511543807068,12.054746099657253,-0.3598100008627654,3.9955852508123115,0.9686525584071409,12.054746099657253,3.9955852508123115,0.9686525584071409,4.124889999137235,-3.9955852508123115,-0.9686525584071409,-4.124889999137235,1.7115489142615512,0.0
114,0.029777581570670036,-0.017354930453002446,-0.07793164003945212,0.09454321574222824,-0.08687900971173124,-0.1673572114842174,-0.0031522256267131066,-0.11863099488650944,-0.10016152336851543,-0.16441423293898888,-0.07256342903034331,-0.0038714718048465657,0.12486717820446412,0.15718736541931855,0.4217465603938417,0.22563021814835177,0.016280773661628216,0.36972370793620524,0.15829962264591604,0.391789644626568,0.0025378053591340113,0.056007762577318335,0.25399245428488304,-0.017520114323032344,-0.005581535078625549,0.1378495094448412,-0.026202741578931158,0.026608674989339873,0.09709342845561844,-0.015623317936775512,13.285436127186284,-0.8400254852597486,3.608682314205244,0.9901247147339376,13.285436127186284,3.608682314205244,0.9901247147339376,3.6446745147402515,-3.608682314205244,-0.9901247147339376,-3.6446745147402515,1.7115489142615512,0.0
115,0.07338160779327157,-0.010776370000094168,0.08507627627099341,0.21771841144626408,-0.146362784235511,0.04223967645808557,0.016429538499820207,0.06884174155595858,-0.014665587548412323,0.008513232145061833,-0.005662114085969977,-0.02598005750112173,0.13279533579472574,0.23753484932453306,-0.09059193179146217,0.09521121453391196,0.16476115583492762,0.0748782364334559,0.008576803105612443,0.037242723025897526,0.04198959069342574,0.06454457067199394,0.28437725537169806,0.19648710280439563,0.14228564055809734,-0.010147531360325748,0.058809970538957757,0.03618691444975637,-0.00852220342177495,0.0639019519995766,10.487711346827288,-0.20107533887878049,3.4929159003012034,0.8154112875489302,10.487711346827288,3.4929159003012034,0.8154112875489302,4.28362466112122,-3.4929159003012034,-0.8154112875489302,-4.28362466112122,1.7115489142615512,0.0
116,0.26620924617163844,-0.09313476601615547,0.09448332844442668,0.19035757730205694,0.14658788421626623,-0.16650436465196167,-0.0890634781861437,0.09939460738709406,-0.1407462280150974,-0.1360456766857241,-0.09019765753981182,-0.1491145694586926,0.4512595020489037,0.3885464667082675,-0.009130656320792324,0.3070448547230454,-0.03364876639303964,-0.07193986397452595,0.2564204610068662,0.13336712588925753,0.17855772037155238,0.0634712449079419,0.21916454952480346,0.13630291897086502,0.08590759421377109,0.10538010079078138,0.07817332770730379,0.004168807770737221,0.06560844471423599,0.05870522876201109,12.042760517100863,-0.42970237323815663,3.582010767326819,0.8833570564102321,12.042760517100863,3.582010767326819,0.8833570564102321,4.0549976267618435,-3.582010767326819,-0.8833570564102321,-4.0549976267618435,1.7115489142615512,0.0
117,0.3591697482392192,0.14535965166985987,-0.04838859304866529,-0.012975904072200145,0.17054819281496436,-0.13473992132745255,0.0782107985234625,-0.02241034952159722,-0.06818904745592602,-0.0804112004328349,-0.056553301381228244,-0.004175114369270566,0.10736881294167726,0.03327327840658076,0.17415351830718345,-0.004729561409459196,-0.010715589405803173,0.21107035856101478,0.00950865175407277,0.09798845805611114,0.10196407218810394,0.06498894780491032,-0.0151528258296776,0.229428975025898,0.0484765828814704,0.13185360958802533,0.02195842826523793,0.003652145610927922,0.10466414278325117,-0.014845520897649215,10.323592628119608,-0.06286901931017308,3.6471809388684764,0.824812380843082,10.323592628119608,3.6471809388684764,0.824812380843082,4.421830980689827,-3.6471809388684764,-0.824812380843082,-4.421830980689827,1.7115489142615512,0.0
118,0.051216944074258225,0.19964861104264853,-0.015940814490824837,-0.07581411166628144,0.05787197114130871,-0.0002106955618537687,-0.06892420543773041,-0.015515265634367975,-0.1447629998861154,-0.061122810997486066,0.028943104534763203,0.025769802775192335,0.20607942771676546,0.06930136730271758,0.4253668782428938,0.3404083990596237,0.12358176539364518,0.07068304781272122,-0.06376012142141219,-0.0743700295534536,0.0002713333841463453,0.02997433345123956,0.1892620542090232,0.24352364683417102,0.13584605907612682,0.15884674676988672,0.10351982165694484,0.09812372390365919,-0.029100534209334627,0.04797920180754056,10.98276028394724,-0.6182138432727724,4.031295277473151,1.0426250383592284,10.98276028394724,4.031295277473151,1.0426250383592284,3.8664861567272277,-4.031295277473151,-1.0426250383592284,-3.8664861567272277,1.7115489142615512,0.0
119,0.32646771268919117,-0.017186354957520966,0.15808661492522236,0.008253755351979697,-0.08912816737613094,0.10642334434614839,-0.09719550461316295,-0.11041239835326104,-0.0595419656282129,-0.18802542593486982,-0.13489039311146944,0.029119960797758,-0.03038689810057256,0.2656873294595983,0.18146361441598002,0.04446108385025012,0.09486098708550361,0.35914641345435416,0.25300424245453945,-0.01583376876740103,0.10508933361140887,0.2331604480598741,0.1851893562369593,0.04485236285301671,0.09859291418509691,0.04809218834040692,8.35223596396123e-05,0.044437214701968625,0.14026206170526204,0.040876428103837834,11.664701007221373,-0.6501133016153746,3.798816546748971,0.9906717061187524,11.664701007221373,3.798816546748971,0.9906717061187524,3.8345866983846255,-3.798816546748971,-0.9906717061187524,-3.8345866983846255,1.7115489142615512,0.0
120,-0.046995834959670885,-0.039936321917921305,0.15394366205163362,-0.2158649736392606,0.24250340616327248,-0.11756585499987894,0.14739487935247336,0.014495550255485753,-0.038909027877964075,-0.15085438829962788,-0.1445155825864811,-0.006970010387635617,0.22572403568391297,-0.052611766968616365,0.0466671372523173,0.29215772751457136,0.15489130098938708,0.0332617185329335,0.2758130830952271,0.19491604502377174,0.20720259417134268,0.08736513602540509,0.004218863246012963,0.015346233081037983,0.1383510564680517,0.08074225458541942,0.130115236595036,0.06657049461332384,0.03579851707224326,0.09828005761009105,11.835584149927836,-0.7824579935852567,4.244147504805525,1.1463722515848076,11.835584149927836,4.244147504805525,1.1463722515848076,3.7022420064147434,-4.244147504805525,-1.1463722515848076,-3.7022420064147434,1.7115489142615512,0.0
121,-0.07030245643109082,0.1600536686182022,-0.09399600203788705,0.14298319647288082,0.030702570784783945,-0.028698980168672672,-0.03130958931539196,-0.05311852624600165,-0.15797718919928413,-0.08224364782063973,-0.02671347005968179,-0.030308380702153873,0.011487908551092843,0.4588657194183296,-0.011256635194347803,0.019763224486749636,0.28533886620031085,0.2374250967352244,-0.002012924962698337,0.18061646970973227,0.2018283371847161,0.2189291673454687,0.24691841135345505,0.05658383325097905,-0.007822604512333579,0.17415168655152644,0.14315001586648385,0.009303843592203834,0.12336316710460737,0.06896682628861366,11.942354884247273,-0.7630834042923467,3.683043577844584,0.9896354133019618,11.942354884247273,3.683043577844584,0.9896354133019618,3.7216165957076535,-3.683043577844584,-0.9896354133019618,-3.7216165957076535,1.7115489142615512,0.0
122,0.013593179080635315,-0.021836320962756867,-0.021068908669610364,-0.11419537090957482,-0.056370402728230684,-0.1762536540908993,-0.025546207448324657,-0.000926195182631831,0.034915160579427285,-0.015878885334875414,0.026136310837865606,-0.023877628291917002,0.37534980007542634,0.2227049612118292,0.42176161958501096,0.36276844940343533,0.1936786248894249,0.19052518480780992,0.31877104092819475,0.12870737230118673,0.0080172581290135,0.12458329185597389,0.21749764223467372,0.03364735576250966,0.042302430640784705,0.014003897782638965,0.16990567548805863,0.06394589431914893,0.02051525179786825,0.07681171391937246,13.57904078225166,-0.8415725779123862,3.743070525471871,1.0274333263169222,13.57904078225166,3.743070525471871,1.0274333263169222,3.643127422087614,-3.743070525471871,-1.0274333263169222,-3.643127422087614,1.7115489142615512,0.0
123,0.24970795162953438,-0.08415148532018066,0.0984995431913556,-0.20217088651443502,-0.14659529806042276,-0.17243932637536422,0.024277458663120366,0.08409830122180297,-0.09091625042610257,-0.12372974378063373,-0.13066210500574546,-0.09178635916125408,0.35829002471255883,0.4209915945683566,0.13559390672699245,0.11626631779042862,0.030497563951703492,0.2782056206081962,0.38980421503292173,0.028629883631531836,-0.03286454964673441,0.011191589188740844,0.0737208872515456,0.1342125092256625,0.14029369687204074,0.1756824027451741,0.15555284514701717,0.1368273981390739,0.14170967488185482,0.0256650975365891,13.372831557291805,-0.8514231506825118,3.7441958738153347,1.030528646480293,13.372831557291805,3.7441958738153347,1.030528646480293,3.6332768493174883,-3.7441958738153347,-1.030528646480293,-3.6332768493174883,1.7115489142615512,0.0
124,0.05685891699977222,-0.08531326599419117,0.04306346517674027,0.03332268034915309,-0.0413299773883507,-0.1085652878334453,0.11019014965131246,-0.05563066180538809,-0.19354716654110024,-0.18512591915217044,-0.08556916258654443,-0.14159375408375327,0.004320253864753348,0.1363088472112846,0.27766857125285227,0.06539958856656305,0.23046988342515862,0.14829989412806066,-0.06022119135118285,0.017178379997182552,0.21644358871571495,0.23800781830855092,0.20924026295979548,0.1997816071014692,0.17175812069634183,0.011574715661170264,0.14392709054961234,0.19484808062776632,0.14057379948726573,0.020566445361376178,11.904370971019809,-0.562644214962909,3.760267820637802,0.9587491934672319,11.904370971019809,3.760267820637802,0.9587491934672319,3.922055785037091,-3.760267820637802,-0.9587491934672319,-3.922055785037091,1.7115489142615512,0.0
125,0.18657551794312896,0.06211393939331172,-0.01758358172329509,-0.23276032572568603,0.13042112241340692,0.044331111623431174,-0.02929201892218783,0.05756568743741665,-0.03416049382500702,0.0038905661241513956,-0.06263500067273686,-0.1485180656371443,-0.03379407086858241,0.1080159600811863,0.33933297412908264,0.3181924980394656,-0.0014945067864318498,-0.004246060135332297,0.3137402841012674,0.18868793378344278,0.10578406757976791,0.23827964037846863,0.008201961413863042,0.10371447615993626,0.14110296820334248,0.10357329289581116,0.0621498080169056,-0.006609493758307099,-0.01567184869942291,0.046467977118881496,11.902276840263125,-0.507449146154344,4.16235328375619,1.046540295473582,11.902276840263125,4.16235328375619,1.046540295473582,3.977250853845656,-4.16235328375619,-1.046540295473582,-3.977250853845656,1.7115489142615512,0.0
126,-0.028563097817823277,0.08323461038991808,0.16619392627677093,-0.14502865021076672,0.154369206136998,0.13612615942489162,-0.014548849880727271,0.11301901160854845,-0.17964122894569554,-0.18662198753809217,-0.026543872265750057,0.015596339588005992,0.1464477827504721,0.09184344567072869,0.21371440029728284,0.11782462359634796,0.07759669769398839,0.13181632745851146,0.18495109207098345,0.1154839856792218,0.12478130902321585,0.05984071539938857,0.2954722688046422,0.17999634286830524,0.05328530523527489,0.004433623648882876,-0.030697479539179236,0.08382632173005038,0.04063472844068277,0.03937562929042332,11.30911964926773,-0.8610049012943222,4.388889639790938,1.2111641626136191,11.30911964926773,4.388889639790938,1.2111641626136191,3.623695098705678,-4.388889639790938,-1.2111641626136191,-3.623695098705678,1.7115489142615512,0.0
127,0.09488358958624307,-0.021680136099457736,-0.0005798234784984285,0.26849128845477604,-0.15005050367148778,-0.026887927217384255,-0.06639528490761239,-0.09670243867051417,-0.10613480862925112,-0.11076170543932429,-0.1480319538455244,-0.02751380591953141,0.21342534162308074,0.33815441544573915,0.348637543177651,0.0035799414731029072,0.341679194231825,0.168871577539956,0.16189229996655077,0.0039502657718155365,0.22529615482356502,0.23633277785456921,0.28537053176092847,0.07063913956223647,0.1897226607728914,0.12368141299981421,0.15312827143482335,0.02635444180347926,0.11498759647692011,0.040619774255872626,12.839571308236367,-0.7652925192478346,3.466918897779331,0.9321159124727645,12.839571308236367,3.466918897779331,0.9321159124727645,3.7194074807521655,-3.466918897779331,-0.9321159124727645,-3.7194074807521655,1.7115489142615512,0.0
128,0.2752622894942761,0.01870358856394888,0.06953785813207876,0.15915502082349064,0.012413463774109512,-0.009837557953077669,-0.060818099714388466,0.10706683065449439,0.006338152742129843,-0.06300534233747335,-0.03594528972002074,-0.05996778435517289,0.37927081676397195,0.28305133961120416,0.44648132915228395,0.26919251569356767,-0.04546826231387134,0.29761800199441857,0.2888029913051201,0.2678546250259408,0.19966868726655693,0.19399975519551865,0.21832685266275914,-0.02262213199307165,-0.0011835561599568105,0.07976257576588738,-0.02253145940696735,-0.005433058163827692,0.13308001247165724,0.03838041030813749,13.07403387882471,-0.6719424286530002,3.2979419154596834,0.8649755075549064,13.07403387882471,3.2979419154596834,0.8649755075549064,3.812757571347,-3.2979419154596834,-0.8649755075549064,-3.812757571347,1.7115489142615512,0.0
129,0.379734449647367,0.020518556647002695,-0.01285885308602154,0.2563876935934583,0.197515864375159,0.035205345588266324,-0.05127049020830707,0.03042844863197265,-0.1877361635871579,-0.14439100879709088,-0.05648220551480662,-0.13627944361392308,0.2506315907983713,0.11794572917929513,0.2540760600022638,0.09780051901192285,0.3413934740548792,0.3847964937515759,0.28153414296498,0.02149067035994985,0.19991653429262465,0.20490238841670833,0.07041561457850008,0.024756132386586145,0.16731090820337935,0.10654267080208106,0.0825260222554367,0.016243734689811058,0.1418755172261458,0.006923590171349244,11.86603144359123,-0.5974162898872897,3.208590670615435,0.8254068675945453,11.86603144359123,3.208590670615435,0.8254068675945453,3.8872837101127105,-3.208590670615435,-0.8254068675945453,-3.8872837101127105,1.7115489142615512,0.0
130,0.18467419124208392,0.28161101806908845,0.13963923062501732,-0.10924068143445595,-0.19488280232597624,0.1330851259411617,0.11666480318593458,-0.03691095242582618,-0.037507397502258344,-0.03151583142663861,-0.13951162744255366,0.02262722109899426,0.48943745361290397,0.15490707377753493,0.2763350263018331,0.3265825822384436,0.3378943483910803,0.008965651364500005,0.008713856653200083,0.3134366453570088,0.20369935743749973,0.04421616440797532,0.21876279511283742,0.18633455513041355,0.10379211660842888,0.138962922251675,0.0427574979653815,0.0526831306002091,0.12099844932462869,0.07414573228458293,12.412701155975759,-0.8058159752309586,3.620935369776993,0.9842483061162314,12.412701155975759,3.620935369776993,0.9842483061162314,3.6788840247690415,-3.620935369776993,-0.9842483061162314,-3.6788840247690415,1.7115489142615512,0.0
131,0.23659631023183467,-0.09811614397913217,0.0539291931674518,-0.1105765936564421,-0.14694738004033503,-0.17699772756414925,-0.05708412538602624,0.010775723012429142,-0.03746407231364113,-0.17048180495485518,-0.010735364423174604,-0.028839078866114837,-0.01797863745247065,-0.07736699611981032,0.21928733467917833,0.0932426903014073,0.29014946155565124,0.044434212648894356,0.3577815669211719,0.3092260243598323,0.0320529626786767,0.1341238495689888,0.13824879515235705,0.03637924375802674,0.18556744879887235,0.10718445270593895,0.16584937848278977,0.0812350050007028,0.024611644339512545,-0.005638556915421523,12.490077532754283,-0.6094999642206509,4.041573442152599,1.0429328563266773,12.490077532754283,4.041573442152599,1.0429328563266773,3.8752000357793492,-4.041573442152599,-1.0429328563266773,-3.8752000357793492,1.7115489142615512,0.0
132,0.04216448161751035,0.29511075440794227,-0.04099983052936234,-0.20150009343509984,-0.2100259533308832,-0.05637894500798846,0.005494887618949479,0.03031511154720258,-0.04979077262065354,-0.04005201443115036,-0.14603154929927137,-0.03771693171402807,0.32979146249442237,0.4457362670334289,0.4306669205421219,0.044987537548303924,0.3092917622538232,0.3903787035305418,-0.06345158238936915,0.37301387798437274,0.07222332367339501,0.1738022645845972,0.0369066681124262,0.2893257277843777,0.105686668912187,-0.003936834852956001,0.06761613572894329,0.10426287204820449,-0.011628424259238095,0.05913001862785269,13.728316693066857,-0.986612845861357,3.8967079731237813,1.1139539415173014,13.728316693066857,3.8967079731237813,1.1139539415173014,3.498087154138643,-3.8967079731237813,-1.1139539415173014,-3.498087154138643,1.7115489142615512,0.0
133,0.2188143631443382,-0.08617306681349873,-0.04160142279882161,-0.1781699434691768,0.24554370773902817,-0.07137892560845716,0.009520871347237309,0.10903914246710507,0.059932051356412636,-0.08505573133523521,-0.12033428232191311,-0.12916785680923312,-0.09122032580545522,0.28479257610765246,0.32661266547233037,0.3040109401440571,-0.006867358896083628,0.17386767451822469,0.33579875856563324,0.08210168565721934,0.12740445473215445,0.23355011567596376,0.2360133199738378,0.051829475391950784,0.14881147963685631,0.18836548678599646,0.18096133891214677,0.06811527952482727,-0.001281638633054659,-0.008254759532568776,12.612744245559156,-0.7881658232575943,3.840742741163076,1.03901183041347,12.612744245559156,3.840742741163076,1.03901183041347,3.696534176742406,-3.840742741163076,-1.03901183041347,-3.696534176742406,1.7115489142615512,0.0
134,0.3619303395040333,0.2768911404535174,0.0308445190897106,0.1773478443132105,0.0017830692981189444,0.004239111682231483,-0.09876361799804097,0.004122954166864007,-0.15176981388028654,-0.1802496126965931,-0.018549078556613308,-0.03747339904945003,0.13274470789800846,0.11875246203548728,0.06560349711882554,-0.05004755283767001,-0.006897120995708501,0.3240187610003581,0.036209716589760216,0.24016140285066095,0.10212640655568694,-0.005198579534968589,0.12301356402265996,0.2622334804836042,0.0981491346108474,0.14798035851812555,0.035903122674052684,0.19514662229297813,0.02041321161239404,0.025173262167009897,10.818276593114778,-0.5586181700224802,3.4956483335753763,0.8903656329535525,10.818276593114778,3.4956483335753763,0.8903656329535525,3.92608182997752,-3.4956483335753763,-0.8903656329535525,-3.92608182997752,1.7115489142615512,0.0
135,0.006096728798002021,-0.0050614335201680655,0.07296717318653374,0.19196800510176099,-0.2119301938471336,0.06634345319904242,0.08546651246522996,-0.08201061129782414,0.057663647822180614,-0.13713615865536855,-0.12257727797424198,0.028476168063318458,0.32776601080227136,0.17740189960362224,0.2349728202012581,0.02333735184640362,-0.03949421705752494,0.12482578029485841,0.044418151929504754,0.25732796516863526,0.2126131721369065,0.18372938273962558,0.19339979196636947,0.006300442006306486,0.1151169873774629,0.011292784467233918,0.09827574518018714,0.026973854060590483,0.13026787427474473,-0.0123562079757716,12.006283125577376,-0.5607979187100383,3.6047969819509182,0.918676589596716,12.006283125577376,3.6047969819509182,0.918676589596716,3.923902081289962,-3.6047969819509182,-0.918676589596716,-3.923902081289962,1.7115489142615512,0.0
136,0.15524760414846242,-0.005132066812366248,0.17294974908818445,0.0562202386975863,0.0786143040927087,0.03745202501808115,-0.04721202574964947,0.0695217876929577,-0.046121866514058474,-0.11035299433964088,0.026507363355703722,-0.01956505635012884,-0.07333243099142789,0.3931147089610997,0.02272886548050991,0.1922115427544231,0.08186874523767707,0.2474662519849519,0.14896976935652717,0.11817358309295276,0.2956778749891879,0.1309466930683392,-0.0019957097684754205,0.06099692625482723,0.05895504454046355,0.023830990430597592,0.02266346045939184,0.12477800385740591,0.058936624684873574,0.04387960906908135,11.385230972541567,-0.3693143098170726,3.860881598158201,0.9381579003319581,11.385230972541567,3.860881598158201,0.9381579003319581,4.1153856901829275,-3.860881598158201,-0.9381579003319581,-4.1153856901829275,1.7115489142615512,0.0
137,0.2682645515073091,0.03964200418442487,0.03528799532597847,0.28815565213135647,0.1759426558550175,0.12918789730104688,0.14929438041366305,0.024355920989420146,-0.07866814001949286,-0.14633017862635792,-0.10026320309726908,-0.005533026707712108,0.005500256053302607,-0.0716895573029643,0.2883809077050584,0.0991710966507133,-0.016776599839641755,0.06924081057907064,0.10991287795488663,0.15406914226105192,0.004678600606919568,-0.002264343391376881,0.08068161044946613,0.14465026648907442,0.15454854253896128,0.027317087603586043,0.15183004833878685,0.016899638461360854,0.009446291945260483,-0.0032924064058702032,9.562114921091846,0.22537840439092083,3.379532285364621,0.7175108342600174,9.562114921091846,3.379532285364621,0.7175108342600174,4.710078404390921,-3.379532285364621,-0.7175108342600174,-4.710078404390921,1.7115489142615512,0.0
138,0.3421167852822692,0.22128048157319424,-0.0700286336980034,0.11846923652091496,0.04167377553869689,0.032087803603956855,0.01010313593848064,0.050898111400257504,-0.00336157066809184,-0.010473909361462946,-0.08990757872327895,-0.12230511359942137,0.26167976755416117,0.46738441872696695,0.15997299949365523,0.0822609799216531,0.3433276821858191,-0.04625742298659261,0.032911028344848284,0.3507128758758809,0.19544513583505316,0.13954364394279795,0.07618931323456106,0.26144044206477995,0.18248029121024167,0.021560025038599346,0.057902982211183396,0.13555421762009218,0.14159278682916793,0.07479344105285134,11.946972387392192,-0.29325598782646356,3.38245606987299,0.8069906361743256,11.946972387392192,3.38245606987299,0.8069906361743256,4.191444012173537,-3.38245606987299,-0.8069906361743256,-4.191444012173537,1.7115489142615512,0.0
139,0.14159687361679976,-0.010666598472744232,0.06510237223329852,-0.21819209670701256,-0.08160527201881004,-0.13336782943486664,0.023869557223465704,0.07351208096175448,-0.05351775607612297,0.02434389954354227,-0.058607370842555906,-0.005955061876231876,0.04786624579403863,0.12623500264878618,-0.06055826781363352,0.042644099873931765,0.01353350072202384,-0.044649734271260656,0.3022060582167291,0.10295019612831582,0.01903194094153443,0.21457799817904785,0.18566833937704608,0.20107841158999576,0.040128912102654304,0.17061487899576014,-0.003502147844304547,-0.03876894922509277,0.12333048372631289,0.03240888929555559,11.460405018433454,-0.3515287186373435,4.080760965232759,0.9873195876574904,11.460405018433454,4.080760965232759,0.9873195876574904,4.133171281362657,-4.080760965232759,-0.9873195876574904,-4.133171281362657,1.7115489142615512,0.0
140,0.12788625500004538,0.017584527452800147,-0.028958575746206833,0.29571565001054484,0.10886971978523341,-0.199409276,0.14970106499999997,0.11969820299999999,0.04944752834310065,-0.0556387448099136,-0.003838067154243119,-0.05610439430597024,0.13215280634169557,0.39358480390157474,0.4494541819999999,0.399796176,0.18643774571434404,0.013271469732059116,0.1217999331510585,0.12874703414757055,-0.049954312,0.12253960908337153,-0.029180945803375095,0.299866232,0.03724436891183679,0.045339696824351086,-0.015084035122369242,-0.039666411,-0.010638646906674265,-0.019866841,11.582798009708931,0.05024331538541116,3.3865262084204,0.7467626324966731,11.582798009708931,3.3865262084204,0.7467626324966731,4.534943315385411,-3.3865262084204,-0.7467626324966731,-4.534943315385411,1.7115489142615512,0.027156552815816692
141,0.08697378538259412,-0.0038103097176278022,-0.03140744725256506,0.2719195415913494,-0.03127391090574355,-0.199409276,0.14970106499999997,0.11969820299999999,0.044328299318726255,-0.024580747998968366,-0.0026930926416496026,-0.13565532099984334,0.17857837829055545,0.499444873,0.4494541819999999,0.399796176,0.18049881824420247,0.024222062579912385,0.14014873304277795,0.17277638042879112,-0.0034844377345993605,0.09724592132229651,-0.0025078197902506857,-0.01763098109387133,0.037527062620223206,0.04908199694516967,-0.049658494,-0.039666411,-0.029899059,-0.019866841,12.00563594907495,0.05610474162784573,3.45900740236363,0.7617608770210191,12.00563594907495,3.45900740236363,0.7617608770210191,4.540804741627846,-3.45900740236363,-0.7617608770210191,-4.540804741627846,1.7225155356393902,0.015616956469695575
142,0.2592164235189558,0.02401511974632739,-0.07497771518417409,-0.0007974391396158853,-0.09852989986163532,-0.11780664868582612,-0.09194073816822403,-0.04771901106252277,-0.06438559224942458,-0.07732520439108753,-0.03576771840141872,-0.04202881400283141,-0.010374230411848304,0.267593296024718,0.1402646155506142,-0.0434083528972516,0.12266578723747679,0.11618008079058226,0.2558777176072312,0.20467776570439322,0.23786059324739017,0.10960500654204192,-0.0028469547427718706,-0.0346565927222737,0.03453577180485372,0.045415773506769105,0.007762759933862447,0.1831930597890179,0.12337184643090807,0.05341824698129431,12.025038942305104,-0.2589093256008912,3.8931758394498006,0.9212893253410842,12.025038942305104,3.8931758394498006,0.9212893253410842,4.225790674399109,-3.8931758394498006,-0.9212893253410842,-4.225790674399109,1.7225155356393902,0.0
143,0.21181046187512612,0.07310750248913603,-0.0030363214831813645,0.29780127070746804,0.18198517051817614,-0.199409276,0.14970106499999997,0.11969820299999999,0.069961464,-0.039248704035360404,0.024813954167720254,0.02168472314826958,0.05644944450698146,0.1451908988387404,0.38413910725694916,0.2021354059693531,-0.049880586,-0.013960030932511969,-0.011736510909143655,0.00672198743618016,-0.049954312,-0.029537909,-0.049707452,-0.039775235,0.02393662135604994,0.04581946768257138,-0.021926883338299608,-0.039666411,-0.029899059,-0.019866841,8.985391862163334,0.6362544857088261,3.496440147246236,0.6827711820137901,8.985391862163334,3.496440147246236,0.6827711820137901,5.120954485708826,-3.496440147246236,-0.6827711820137901,-5.120954485708826,1.9683563545744969,0.20425296072149873
144,-0.0645486570894718,0.04392720518633722,0.1973862607984751,0.11750218544901925,-0.10473459630059043,0.06128454775855394,0.04454334547305219,-0.09544347897789181,-0.17126949397152064,-0.14233893897799416,-0.10282542118053337,0.021230774860128726,0.14353648065379865,0.44538176162568127,0.2797658981668511,0.014036813874048745,0.2416287632582682,0.09998193741178468,0.34055321703621544,0.1335449431512328,-0.03866680598871927,0.07138747600255636,-0.04327239920012581,0.20089969001933478,0.09115213448768002,0.021321779258552605,0.07553039170000445,0.15901557706932035,0.07541538320497748,0.03638937307072132,12.250509337104344,-0.6620962038502909,3.842771719751044,1.0052759649382572,12.250509337104344,3.842771719751044,1.0052759649382572,3.8226037961497092,-3.842771719751044,-1.0052759649382572,-3.8226037961497092,1.9683563545744969,0.0
145,0.026329374685883533,-0.08656179048120975,0.10640856223804444,-0.18232538875452284,0.0036919148813693847,-0.16922319010084308,-0.07500539059478185,0.007425862012178222,0.030378357531652495,-0.02762533562473138,0.02121272783144912,-0.023993204227405418,0.44586365750947937,-0.08184981432711821,0.4358080557504384,0.21668140384653728,0.048111739217633405,0.2923111159512751,0.01969778818864755,-0.028934392162740845,-0.023220526379284914,0.10074956198550958,0.16660797132422922,0.16175244297407423,0.04528265907026935,0.05059333541229141,0.16534323577620547,0.015304084774456946,0.008105602988894428,0.09975635371502406,11.990699034711385,-1.1191358680561518,3.774635662357388,1.1215461997977951,11.990699034711385,3.774635662357388,1.1215461997977951,3.3655641319438483,-3.774635662357388,-1.1215461997977951,-3.3655641319438483,1.9683563545744969,0.0
146,0.1506009556818754,0.09063734404742718,0.09072247103152577,0.06950332208072446,-0.14469778738323053,-0.015227248026574963,0.1411586671942281,0.08800273943929861,-0.15681760808756082,-0.07540991477578692,-0.10519371974170778,-0.07539948547677257,0.3860530454162847,-0.023104717499777508,0.12573942300376165,0.20940323832942626,0.24122371324452857,0.0901339130627005,0.11627851976365391,0.3220821346786663,0.12604463190505086,0.18590876597709646,0.15629391048732638,0.28090183533039254,-0.006876654625691529,0.14152383776703617,0.012079308151240968,0.05150534034476305,0.13125982089638577,0.0740906860679674,12.210723565811863,-0.49519378345279286,3.479466456312588,0.8721546646251268,12.210723565811863,3.479466456312588,0.8721546646251268,3.9895062165472073,-3.479466456312588,-0.8721546646251268,-3.9895062165472073,1.9683563545744969,0.0
147,0.31121994159184396,0.01978858111426235,0.15780993309548547,-0.07413048097475872,-0.20503243459230686,0.024215172204621577,0.05807865520882555,0.009177249598903689,-0.08370765261202505,-0.1497119134946699,-0.017180972474108963,-0.044342116240211865,0.4023238894711068,0.34423455988622087,0.35002659453024093,0.2627957996446179,0.23957025544763866,0.12883924429292795,0.0797458679750705,0.3530094531993809,0.22813184894841287,0.031193422249754153,0.006831948891876466,0.29065934130590315,0.08532884691822579,0.12110636108866556,-0.024343897164615214,0.14334984773799253,0.12276818257991678,0.06052397399704813,13.392665952279888,-0.7812836139648978,3.6201058189370117,0.9775044017701494,13.392665952279888,3.6201058189370117,0.9775044017701494,3.7034163860351024,-3.6201058189370117,-0.9775044017701494,-3.7034163860351024,1.9683563545744969,0.0
148,0.2360129846259952,0.2662778816185892,0.1473627546315382,0.09041700699174104,0.15079399691349177,-0.16171689151188867,0.12093683571416947,-0.03452101280993186,-0.1654766675486356,-0.18275561738794346,-0.14064764642937114,-0.010744799230445135,-0.0650048777806704,0.08625233559875684,0.13049270931321888,-0.07030417711578354,0.2679575911743025,0.2571418571498686,0.1254231010510498,0.06964626450310593,0.07741731491525919,0.1725059692989418,0.2105443757673467,0.22180448716183335,0.14539557313046997,0.002865495254761853,0.15895172102017616,0.19610582399079834,0.06567211536050344,0.0467433442735896,10.66479548594154,-0.4520906276065242,3.5619467211215112,0.8832858311310693,10.66479548594154,3.5619467211215112,0.8832858311310693,4.032609372393476,-3.5619467211215112,-0.8832858311310693,-4.032609372393476,1.9683563545744969,0.0
149,0.09890211098827426,0.2657656255736947,0.15850729360875937,-0.0066450086230759875,-0.1529246161914213,0.18673547464531828,0.12779653413625197,0.05809290633581647,-0.16629518539960958,-0.1961829653637624,-0.0064946402040317874,-0.00982540797921816,-0.0939331183044508,-0.09463523650605911,-0.04079445717701972,0.044849397127419435,0.3353007977179274,0.3631598453308602,-0.06880717773327864,0.2124189140480106,0.038466720372606886,0.002717782650867577,0.20937444508192432,0.11686190972581234,0.14400945543033913,0.18444059456330125,0.12408857048964611,0.029592232106023658,0.0716062605857263,0.0131179427551394,10.195140470026788,-0.7612696324286476,3.727302872558855,1.0010400369028596,10.195140470026788,3.727302872558855,1.0010400369028596,3.7234303675713525,-3.727302872558855,-1.0010400369028596,-3.7234303675713525,1.9683563545744969,0.0
150,0.22991739641875034,-0.05505404122173786,0.13543735201225232,-0.05062515077230417,0.09954887175286758,-0.1026655555762873,-0.14168115434412354,-0.11111239754148881,-0.1988164901733293,-0.1049142432440018,-0.021947845014714945,-0.06914719357559651,0.37102135031722555,-0.09409671882245978,0.18086938618206888,0.369351932945737,0.21563365898973313,0.31560840771544396,0.2813359308764084,0.21281310420892308,0.22476966488586414,0.05297721886315766,-0.030281297275418888,0.03166360010185288,0.058622926128535396,-0.0066198611695332185,0.011785126156781144,-0.03025361330282933,0.05414476985569273,0.07028938353490936,12.549034155038646,-0.7266437693143675,3.823135323844895,1.0173172217668998,12.549034155038646,3.823135323844895,1.0173172217668998,3.7580562306856327,-3.823135323844895,-1.0173172217668998,-3.7580562306856327,1.9683563545744969,0.0
151,-0.0727631861809641,-0.07938994064927102,0.013563458685490817,0.2392218439443623,-0.1512075805484124,-0.1921265313509138,-0.0003448246194582838,-0.09961672343898163,-0.014042274161926077,0.0022947182112801334,-0.042363186323737784,0.026582193077534094,0.48773039826182535,0.019365571940149817,0.2367114008327117,-0.05483384407075987,0.01693282337819855,0.23876477695469187,0.17828707063265267,0.04803918216479883,0.19734379296142476,0.055174720780198916,0.18091438660118053,0.026993541659591468,-0.009878607076622293,0.025524694691327798,0.13024746497441117,0.10078862112269892,0.022783475842116173,-0.016640576507963675,12.191894078063749,-0.812049174574764,3.356164707334171,0.9138262434587908,12.191894078063749,3.356164707334171,0.9138262434587908,3.672650825425236,-3.356164707334171,-0.9138262434587908,-3.672650825425236,1.9683563545744969,0.0
152,0.19617057176294336,0.058220052014277546,-0.019065769301546243,0.299474749,0.135573040309522,-0.199409276,0.14970106499999997,0.11969820299999999,0.06863173128180014,-0.04440314429957773,0.027748018831331517,0.02986365399999999,0.06060251569324636,0.20999211082286878,0.4494541819999999,0.33941450449087035,-0.049880586,0.004906537511483677,0.020376882109688438,0.09491862904485104,-0.049954312,-0.00853321562523876,-0.049707452,-0.03964486857420796,0.003406350182779034,0.059032946783196136,-0.049658494,-0.039666411,-0.009436137330441137,-0.019866841,9.802463177547077,0.49441993038706045,3.477469480916884,0.6984104680215157,9.802463177547077,3.477469480916884,0.6984104680215157,4.979119930387061,-3.477469480916884,-0.6984104680215157,-4.979119930387061,2.022903481364474,0.09132698671413537
153,0.11745792562142018,0.1320485864393413,-0.06877314864141558,0.2958696622683364,0.049301897304361686,-0.08755921163755274,0.06742604106127092,0.11158021766343247,-0.18431232075374593,0.040268681643871235,0.029820145369044482,-0.13666537539849405,0.49283563445677453,0.40064236175728046,0.048029745987549055,0.20139045451153287,0.012863638865151163,0.122069461497199,0.01881841022813953,0.15655044254029746,0.11961769161796312,0.1459622493852909,0.2797755965691974,0.2789044673370835,0.043063669253185055,0.037291971330359025,0.051422647610906425,0.08170276528283375,0.05320191054407402,-0.004908829856566028,11.843095101434884,-0.46475668130826,3.0792995881379785,0.7660057229712665,11.843095101434884,3.0792995881379785,0.7660057229712665,4.01994331869174,-3.0792995881379785,-0.7660057229712665,-4.01994331869174,2.022903481364474,0.0
154,-0.1153740300796926,0.19832701167091726,0.0027600187157320877,0.19833840574442385,-0.23980729712656754,-0.09976606697896119,-0.14014191265763842,0.028761876670796674,-0.006521182094770012,-0.1572077547278803,-0.028216295625616603,0.016139948765644924,0.3500244761154922,0.13740828686349416,0.14352101325053893,0.22857488702710543,-0.02397980041507849,0.17820830824016384,0.26908655783950686,-0.04467913378422049,0.036108653019692905,0.0008239910035236497,-0.006144983716084372,0.28947888028645086,0.12073816901717108,0.02184904047523763,-0.007150672445680989,0.01563991419669461,0.06369343476602843,0.006532928074228336,11.928410074276554,-0.6428652038745151,3.9448738257203244,1.026820265592564,11.928410074276554,3.9448738257203244,1.026820265592564,3.841834796125485,-3.9448738257203244,-1.026820265592564,-3.841834796125485,2.022903481364474,0.0
155,0.1449026676418401,0.05369690740870292,-0.03805239820596886,0.2762261386677067,0.0810001926152491,-0.199409276,0.14970106499999997,0.11969820299999999,-0.0221735965721645,-0.028888599451270813,0.029855131000000007,-0.0945634580386757,0.11715548745939498,0.3774511563792457,0.4494541819999999,0.22978819340860296,-0.0004623562224882194,0.007077993330922905,0.04018164493907826,0.1157641780181452,-0.03574774625251451,0.06526699965564474,-0.04750006199690108,-0.02090552926387761,0.030194748474997545,0.05284023067107392,0.0016195385690482011,-0.039666411,-0.02962663760784513,-0.019866841,10.574877624921651,0.3308049582685726,3.4758773968221535,0.721809535436947,10.574877624921651,3.4758773968221535,0.721809535436947,4.815504958268573,-3.4758773968221535,-0.721809535436947,-4.815504958268573,2.0397903723114754,0.04511288929287481
156,0.03065434228628877,0.1914295593649149,-0.022582875590813914,-0.11256413202301924,0.19213126116974838,-0.08864284692939471,0.1232624639797884,0.04095251020669176,-0.14620635596998466,0.03831389281359435,-0.03107460146629265,-0.1341279819513723,0.10013501498011766,0.1102458218501399,0.18082921386207063,0.1422599518173661,0.1777153726143716,0.38779361140400437,0.1355537016758881,0.23880254320665134,0.21141716883343475,0.0672910563552402,0.16430710338228127,0.06758826419827146,0.08091630805557984,0.005875926408807242,0.02579153861758955,0.1898794467903625,0.04121535601141744,0.015605958981299423,12.163049344061786,-0.8709490410830241,3.705753014840965,1.0254588810822651,12.163049344061786,3.705753014840965,1.0254588810822651,3.613750958916976,-3.705753014840965,-1.0254588810822651,-3.613750958916976,2.0397903723114754,0.0
157,0.3992924310732633,-0.029733901116997002,0.07011569509525935,-0.04310347521704566,-0.13642071784710502,0.18696785368887622,0.0442356167586237,0.07335707991231884,-0.10998749089364497,-0.14156149478323593,0.0156749505350125,0.0015891851364736032,-0.06834122973242734,0.0011080380708448773,0.07741323284831772,-0.00012830354184745207,-0.020170187259887406,0.32788647295783835,0.2929639080250861,0.15946251320239807,0.25244704278896285,0.17753184417530993,0.2080990517615105,0.1450583944870801,0.01798677551740827,0.17492812997567458,-0.027378321132435088,0.15408762388814867,0.011558700724170763,0.03879073776727787,11.620290339582747,-0.5400865622507602,3.61023384437786,0.9152313404980505,11.620290339582747,3.61023384437786,0.9152313404980505,3.94461343774924,-3.61023384437786,-0.9152313404980505,-3.94461343774924,2.0397903723114754,0.0
158,0.04492860366590323,0.016359280720353114,0.16696769896172525,-0.0036492278780256016,-0.1261179941738837,0.1763756981278032,0.12184723263432384,-0.05373502608769845,-0.053439328259756835,-0.07149649099346839,-0.12151538477312963,0.004283868151428311,-0.013539966195470973,0.27727811875053976,0.28584550256885033,0.007656829187694433,0.057144974060547686,0.030549845271993142,0.3672786481071353,0.21296905306860792,0.12388916206402184,0.04531643357971232,0.11516849150519669,0.060018193400607524,0.18061497297833745,0.07872152851869316,0.08254251180776653,0.17455667826101523,-0.006022819970320257,0.08938274648361075,12.041332788180656,-0.5353379349758298,3.821059088900807,0.9675129871581987,12.041332788180656,3.821059088900807,0.9675129871581987,3.9493620650241703,-3.821059088900807,-0.9675129871581987,-3.9493620650241703,2.0397903723114754,0.0
159,0.3271044866647572,6.25753775238963e-05,-0.026106962957167176,0.06294455574639463,-0.07138443479279874,0.09799232882278339,0.14791434361001005,0.05097260164724364,-0.04168257121232949,-0.15690419698771363,-0.11176645531663673,-0.09804024151397642,-0.0802505136211224,0.4495861104709112,0.3066382284950324,0.0005296328844036358,0.08106513132051793,0.3978987157792322,0.1585207486066356,0.12552034529663095,0.26017264139548174,0.21653404879303945,0.0096113413883947,0.2708325701179912,0.08846464556507254,-0.013480009203471408,-0.03056153596991331,-0.02377721905338195,0.03767868690327452,0.042933002122905614,12.34231505413928,-0.37141959732518526,3.471490199813399,0.8439712005911224,12.34231505413928,3.471490199813399,0.8439712005911224,4.113280402674815,-3.471490199813399,-0.8439712005911224,-4.113280402674815,2.0397903723114754,0.0
160,0.245778273511678,0.06299412840977311,0.08987607177656583,0.013384098403405764,0.16502472841272864,-0.028526172246582326,0.078259232407074,0.11365498903608072,0.024020058101781205,-0.06866920009749353,-0.012884503231742145,0.005801923367262096,0.4041327015615768,0.4606037261213554,0.2906973498615189,0.1895165337768398,0.24077312569576687,0.05530792670340748,0.3205725306808712,0.0037012951768989194,0.015727241576048656,0.038800649746391996,0.16114177474697472,0.21360401169617324,0.008134709624795542,0.18787549408188461,0.02214090485501466,-0.022654372882952797,0.0952880633307577,0.06333831687271962,11.945402855322866,-0.41111254312641954,3.5086010829777736,0.8613049603384664,11.945402855322866,3.5086010829777736,0.8613049603384664,4.073587456873581,-3.5086010829777736,-0.8613049603384664,-4.073587456873581,2.0397903723114754,0.0
161,-0.10758760068565607,-0.11623767295852303,0.045173450608900004,0.10904216777476855,0.08444932504873204,-0.18213248996755108,-0.04530401284688322,-0.02877443508438786,0.004100339114517404,-0.09255159162706206,-0.004225339655400173,-0.1399837434635063,0.049108953809048964,0.07723970114123241,0.4169403489956692,0.3050050073883851,0.09754344992329064,0.11592946701362761,0.19609173782209607,0.28742455538014744,0.17504474098795664,-0.011213500224410533,0.12225153864940792,0.21880054483325753,0.05269539079712533,0.0785310089914921,-0.043225450371003706,0.1881467841011022,0.04453872515001881,0.01694468789473606,12.862115143131174,-0.6287151998665514,3.8552712468410495,0.999814949142856,12.862115143131174,3.8552712468410495,0.999814949142856,3.8559848001334487,-3.8552712468410495,-0.999814949142856,-3.8559848001334487,2.0397903723114754,0.0
162,0.16837973134373632,0.03460547836375932,-0.099635506,0.2709714570070822,0.04055462612063754,-0.199409276,0.14970106499999997,0.11969820299999999,0.069961464,-0.04652665530486383,-0.0037711990978410437,0.02986365399999999,0.16190145286796653,0.488104794775788,0.4494541819999999,0.399796176,0.3271857136757882,0.06392254123855881,0.12339872183872416,0.1518676832252695,0.037229430372156036,0.09359293513987234,-0.0330019454223017,-0.011503996905240354,0.04424157844420236,0.011800753274782885,-0.049658494,-0.039666411,-0.029899059,-0.019866841,11.846762712426537,0.12263035527457244,3.417437744147513,0.741739246076669,11.846762712426537,3.417437744147513,0.741739246076669,4.607330355274573,-3.417437744147513,-0.741739246076669,-4.607330355274573,2.0506007387004153,0.00890402547817322
163,0.18378572144345776,0.04102594661212519,-0.06314080453888303,0.299474749,0.1281768344644431,-0.199409276,0.14970106499999997,0.11969820299999999,0.069961464,-0.049495216235755285,-0.03612611531441606,0.02986365399999999,0.12527635577939267,0.3402895176401827,0.4494541819999999,0.39538576587316177,0.1336669654513923,0.013911251959198817,0.04617561798734007,0.038200738343940624,-0.044377935041559714,0.04033781806611579,-0.0391359116664396,-0.004892401183843834,0.036118536129363624,0.0047090573064924104,-0.049658494,-0.039666411,-0.029899059,-0.019866841,10.43506067166927,0.43637419914280695,3.473257136681722,0.7057924745956324,10.43506067166927,3.473257136681722,0.7057924745956324,4.921074199142807,-3.473257136681722,-0.7057924745956324,-4.921074199142807,2.0903691197885528,0.02852908134091251
164,0.15378595911897722,0.001046239882707592,0.02376719248941113,0.12692005861055033,0.21849833235378519,-0.012261144346114916,-0.061132874806640786,0.09259185785382996,-0.15949524340762722,-0.04134486357912956,-0.05881658662676993,0.020770375778432104,0.22818943674736042,0.2885642297457383,0.07950728355922293,0.2946229567294433,0.19161862984865535,0.007644963019461742,0.2718966345548447,0.35659451673226294,0.023319006992685173,-0.0027620967601627786,0.19135634661339812,0.16285843408917233,0.1758511270353064,0.11861141303573393,0.07140193536566379,0.017764348317864255,0.022458258693079346,-0.012452951112852065,12.050462165039118,-0.3726746175489808,3.600881628687411,0.875695379716033,12.050462165039118,3.600881628687411,0.875695379716033,4.112025382451019,-3.600881628687411,-0.875695379716033,-4.112025382451019,2.0903691197885528,0.0
165,0.23927556029520933,0.003132365942001336,-0.053172587866958186,-0.20630374146709157,0.1848400589139239,-0.17723912264090683,0.1320768023032146,0.10067125960841726,0.06762403503128037,-0.004684554098574073,-0.13709227414708758,-0.12936196032778505,-0.02620005985117864,0.4023318970020469,0.2688171978658149,0.13912287249217686,0.3465301864060416,-0.04558837364729408,0.24824515605464462,0.3881310295845901,0.15566502639797558,0.04533388041677147,0.08308197746326319,0.22541956356933998,0.09853513456602647,0.09938373962018078,0.07773742726950819,0.19114588501535978,0.06733523360064267,0.04427130285684287,12.865921656407949,-0.7011601924072379,3.7225731485086655,0.9838863439571193,12.865921656407949,3.7225731485086655,0.9838863439571193,3.783539807592762,-3.7225731485086655,-0.9838863439571193,-3.783539807592762,2.0903691197885528,0.0
166,0.2740415224805475,0.1489154341444373,0.1302302792325808,-0.19328748355340203,-0.08920443935019262,0.020520845543358146,0.052048773825127376,0.07778141178501259,-0.09969150303276736,-0.10907037571750877,-0.09660347565333982,0.028510073659395202,0.2981262328893806,0.10235157103620893,-0.013350615905280486,-0.03825163300494533,0.011678217418998278,0.17952386471929752,0.0044445802612956276,0.1545934455317257,0.2012888950697731,0.2248584118583807,0.037985573475678214,0.014601909504310007,0.19170078884859273,0.09670491009400746,-0.029189138459629175,0.08317738156732009,-0.01158207880181901,0.02384027815319666,10.962991484707372,-0.5281417550467769,3.880075327687678,0.9806693311382177,10.962991484707372,3.880075327687678,0.9806693311382177,3.9565582449532233,-3.880075327687678,-0.9806693311382177,-3.9565582449532233,2.0903691197885528,0.0
167,-0.11636445149779319,0.24700185488909482,0.18067849971414873,-0.13108171674729513,-0.2352712889363185,0.07061082655348891,-0.09186200084652812,-0.08468621154729886,-0.06803137059740852,-0.19400403930189875,-0.0776195923104491,-0.14797357874976289,0.08799810470731563,0.2305686782831734,0.26589630901230094,0.3765488643350887,0.02849804166147197,-0.06453833345126486,0.275934025451953,0.29482215070414586,0.11039492437389781,0.14765400162912432,-0.005513576182212668,0.008067454308658552,0.19258873331429568,0.06578771215798264,0.032462285410509134,0.02149418597469894,0.10904766603807603,0.08373135082328434,12.589728468716652,-0.8570329616405346,4.602618447387037,1.268754380906047,12.589728468716652,4.602618447387037,1.268754380906047,3.6276670383594656,-4.602618447387037,-1.268754380906047,-3.6276670383594656,2.0903691197885528,0.0
168,-0.024377924250438804,0.18903968151658773,0.07452853463520716,-0.12466246846321805,-0.12892481295059352,0.06930774342061644,0.02187747915474758,0.016463272589906416,0.008866686077445118,-0.09610298025587066,-0.0007267365448877239,-0.016618363058577335,-0.0760212667820568,0.31192059054927895,-0.02367552039277028,0.23045195422238834,-0.046547635874903605,-0.03158506815108194,0.21141812700112692,0.3003181249248049,0.2878414593636184,0.0008616396741106432,-0.04260541681350189,0.03443295823031866,-0.024038467990062186,0.12383835227640273,-0.023229599893676713,-0.012066271598836449,0.06550741413019023,0.06708550494522826,11.446298946120976,-0.5666773483439322,4.2927555775882515,1.0956433791350828,11.446298946120976,4.2927555775882515,1.0956433791350828,3.918022651656068,-4.2927555775882515,-1.0956433791350828,-3.918022651656068,2.0903691197885528,0.0
169,-0.09205112284980713,0.2685288026556373,0.18483944019528276,0.10670484410692072,0.18343827354480724,0.12665302834892708,-0.05235782501457813,-0.10926619841049631,-0.11238876313095791,-0.09094222790123078,-0.01979103488650044,-0.06203225219974065,0.03038133634129979,0.4335708178500663,0.28768894315914506,-0.05286613484707815,0.15698875412694893,0.3717367850593666,-0.0316099098728102,0.2510266541993314,2.1557758105306135e-06,-0.013737267644228383,0.20404738172418707,0.279063364133458,0.10506538041629201,0.044342055555414275,0.06371510388198068,-0.02222691309528076,0.005531518568903548,0.09285263116903063,11.250870814939905,-0.881145760100082,3.887785551762713,1.078875269509108,11.250870814939905,3.887785551762713,1.078875269509108,3.603554239899918,-3.887785551762713,-1.078875269509108,-3.603554239899918,2.0903691197885528,0.0
170,0.15473628132604064,0.09782949132844806,0.1965975106257799,0.11673246589172015,-0.045379393723117945,-0.13905329680712614,0.019988982171132458,-0.06378069056705132,-0.059190242766306134,-0.14944552168349956,0.004142566588531321,-0.09319294590903698,-0.009767315418454409,-0.05273719535713971,-0.07483612337727702,0.06011341587209157,-0.030464702337461444,-0.07201006966678683,0.16422392723196108,0.35870629476194543,0.04917475154055806,0.004237389751871809,0.16736049682205462,0.16521196572653188,0.07456342422744858,0.10754721192058204,0.08589587370118318,0.04618858295679017,0.11968681861819302,0.08750772648358993,10.448297152153193,-0.17082183377377902,3.8345903524886142,0.8888963027537499,10.448297152153193,3.8345903524886142,0.8888963027537499,4.313878166226221,-3.8345903524886142,-0.8888963027537499,-4.313878166226221,2.0903691197885528,0.0
171,0.14576061354018752,0.08832763312384487,0.07036224056656527,0.2953002800611391,0.09246105275280603,0.07004133174352337,-0.018806184849901875,0.029770892253269163,-0.1795511956610191,0.0021757754779309357,-0.14820472621532696,0.00794202616741771,0.07223406957362975,0.077900017253718,0.05787246409496005,0.06250149091839394,0.22593584288855462,0.2159761386253314,0.0292879401921438,0.2100238954325932,0.00014065496945656758,0.20482998080464754,0.089051679797171,0.06977691561023644,0.1551453281108676,0.056106155322422524,0.03428166644319913,0.008761247215650761,0.018498151970513257,-0.01819544304912993,10.275236830139445,-0.06073487940362021,3.436864809513748,0.7768743007292145,10.275236830139445,3.436864809513748,0.7768743007292145,4.42396512059638,-3.436864809513748,-0.7768743007292145,-4.42396512059638,2.0903691197885528,0.0
172,0.39914033538661897,0.2598542113043368,0.003929237204535613,0.21038506064517837,-0.18618106512020863,0.1770978366234464,0.13149508649442265,0.016107462643735512,-0.1156067720538943,-0.1401964039496734,-0.14087101327772628,-0.059642346782167,0.399710971538164,0.25187523090608055,-0.009320825297243485,0.09661773924496322,0.12538651116464986,-0.06161236327749426,0.13390829968180434,0.003276784962363749,0.1591784874714199,0.010730539541318876,0.11918793501451429,0.009470702848062569,0.032244636152461315,0.02482801317680924,0.13116557773378845,-0.014811889834396161,0.09637644428996794,0.020569242748722887,10.00347554037215,-0.058632678402374516,3.368298601864749,0.7610138656112745,10.00347554037215,3.368298601864749,0.7610138656112745,4.426067321597626,-3.368298601864749,-0.7610138656112745,-4.426067321597626,2.0903691197885528,0.0
173,0.2089262928348035,-0.06784703392535449,0.1089846817579589,-0.16791426811560423,-0.17053981586625305,-0.019491371493312815,-0.01574944708608314,0.10313498061993805,0.015935162618861964,-0.048695191811041705,0.00011540454828673496,-0.12602592764313714,0.1366164712230633,0.4388714005528938,-0.08059778586027683,0.11012840189510625,0.05847597430398758,0.21330060779058027,-0.05298886046098494,0.085257020754965,0.09415660586171126,-8.176480537709988e-05,0.04675405216298231,0.23934304212217075,0.1359375800374955,0.10956848759863623,0.16119963459594225,0.07395946764565593,0.11932192148938137,0.08956815132979908,11.657877262488126,-0.5370678300520395,3.913007609067171,0.9912290306213494,11.657877262488126,3.913007609067171,0.9912290306213494,3.9476321699479606,-3.913007609067171,-0.9912290306213494,-3.9476321699479606,2.0903691197885528,0.0
174,-0.04753919658251106,0.07495414847508072,-0.05094536765847316,-0.018033946391834033,-0.18831452216089997,-0.07289753472678484,-0.08608656806243108,-0.02105598690651371,0.06853425575815383,-0.16766313041288453,-0.12744568269649478,-0.03475523738253973,0.4754427127394239,-0.032796302867192526,-0.09189267639039243,-0.07684855095838546,0.053374935373449485,-0.027723981712209717,0.3925197886463946,0.3608704402625519,-0.02096586656050388,0.12773617255125944,0.1635542998060044,-0.007646857337876199,0.08967651072296859,0.17915708071575304,0.190445255643446,0.04464537402108852,0.13909636826623034,0.07411070800457908,12.418204921354993,-0.7910258136129222,4.063524116641852,1.1001306318835171,12.418204921354993,4.063524116641852,1.1001306318835171,3.693674186387078,-4.063524116641852,-1.1001306318835171,-3.693674186387078,2.0903691197885528,0.0
175,0.07162978183478119,0.10335105344653128,-0.09026236769420252,0.21188168630499482,0.2210160375977554,0.04361608580921958,-0.08314949079315336,-0.00031037365372983683,-0.09036265403265988,-0.16319237202392942,-0.11644284164590751,-0.12452312677500806,0.4182312659949046,0.42201157415854146,0.41432212571678567,0.38019117719166007,-0.016522137182464057,0.06281773723275155,0.11060641189205778,-0.052944219779325036,0.23141217865325547,0.10335202835562318,-0.04653272366255697,0.276097444857789,0.08310863037261836,0.09992948139002164,0.09667397917701068,0.09581743569480174,0.033381784907766006,-0.0010750180264506373,12.075629554375384,-0.5107757369061598,3.7249706304375994,0.9373532014768642,12.075629554375384,3.7249706304375994,0.9373532014768642,3.9739242630938403,-3.7249706304375994,-0.9373532014768642,-3.9739242630938403,2.0903691197885528,0.0
176,-0.12251202822662889,0.21068496007472276,0.17036687709964787,0.2713229333874882,0.1123607555729828,0.0054175412469963935,0.14118843299831113,-0.10674540015251252,0.0390692269272499,-0.1341968481846743,0.0269567094097429,-0.04539403363165623,0.004734665033487781,0.12210182032311376,0.22180766733955076,0.3498290047215799,0.26638253069466156,0.3518431659927973,0.15452583899510305,-0.019055395221822452,-0.046164598865213076,0.22894264002207895,0.24591270176768215,0.19356949696611642,0.18542608121968965,0.18004603442282663,0.17362977821085473,0.0033564852774658344,0.025609141426547397,0.06232162333340015,11.342535172078174,-0.7979955679107769,3.4351020920197737,0.9317541330735676,11.342535172078174,3.4351020920197737,0.9317541330735676,3.6867044320892233,-3.4351020920197737,-0.9317541330735676,-3.6867044320892233,2.0903691197885528,0.0
177,0.0331869518849999,0.29696234012022615,-0.08517092096362233,-0.020557988017210704,-0.0012288197252923738,0.02342308850316674,-0.02983904827977711,-0.05096678699024687,-0.018535588177995527,-0.018163299211732015,-0.05516211336458103,-0.128364598302115,0.10739683579155714,0.12818527269268049,-0.0036897045878218765,-0.045771493767377804,0.34919052283316526,0.18909738933988987,0.1694177092495051,0.2956757331142517,0.0404253094281614,0.09725026909546525,0.024248538951731027,0.11094552636277627,0.09509466975432192,0.015003805937224054,0.14055682145278275,0.17038678193407958,0.020580202767326035,-0.013735127318269633,11.381208101451165,-0.5424232861379639,3.9277940188403933,0.9963263119073509,11.381208101451165,3.9277940188403933,0.9963263119073509,3.9422767138620363,-3.9277940188403933,-0.9963263119073509,-3.9422767138620363,2.0903691197885528,0.0
178,0.3451809850055725,-0.0434583774022758,-0.005008198328518565,-0.05136564351739925,-0.21644323944171492,0.1682221354992052,-0.07243398750237467,0.016221047157753785,-0.03148910891771767,-0.15965930174699938,-0.13640458225598692,0.00044737594564148164,0.43153585842122794,0.03948878227829525,0.03429084831454751,0.059014146359505276,0.1332262935186553,0.26753041513941844,-0.07028299681623797,-0.013820359709357341,0.16989672538002001,0.04671895124998407,0.21097607093497112,-0.021623928638222815,0.08284473726828841,0.018440681522121378,0.1735430714766756,-0.02574981379588031,0.046256497060856876,0.09105313092390231,10.901828362961451,-1.173415684304262,3.491543057387637,1.0544377119287096,10.901828362961451,3.491543057387637,1.0544377119287096,3.311284315695738,-3.491543057387637,-1.0544377119287096,-3.311284315695738,2.0903691197885528,0.0
179,-0.05057232971303163,0.1717750638909638,0.011370628126069829,-0.2481837236448415,-0.04420937581322504,0.09979627875055322,0.13423980757123077,-0.06496559802932961,-0.11671240883402881,-0.12866008164621634,-0.1297831931791454,-0.10767010255055567,0.11693160739502716,0.2114813319572963,-0.09736981453251693,-0.07522235545370706,-0.019025749334663413,0.24178715107870088,0.3475202455872277,0.015155639391082734,-0.042853706949785735,0.1325775354926816,0.03309692144933543,0.053101403859731715,0.08968278057371903,0.07721853509650761,0.1498476049876642,0.09639403334769887,-0.019522814730081335,0.034025503023465783,11.304669185260908,-0.8484755437306988,4.239474966955079,1.1659002401916359,11.304669185260908,4.239474966955079,1.1659002401916359,3.6362244562693014,-4.239474966955079,-1.1659002401916359,-3.6362244562693014,2.0903691197885528,0.0
180,0.3534152287058533,0.18143511163070797,0.03497109726874835,-0.1674712307847725,0.05935024969872582,-0.16387632395629498,0.02593622539047899,0.0824810974141897,-0.004241401517637328,-0.07650932896113963,-0.12326017627419457,0.00021044936026115568,0.23716506898613948,0.043335796088569634,0.19424573407036855,0.35407385663934454,0.12456477202569957,0.04811283923820317,0.16501343225088913,0.3791251821533732,0.04992598499054543,0.24169478857038254,0.04736259904623735,0.17317816128784833,0.03282605607826819,0.09226919103485495,0.13380195280958448,0.18859996794566447,0.046768390082899146,-0.015685268004089748,12.081034810065155,-0.4789132568980916,3.7863382055436836,0.945217119224801,12.081034810065155,3.7863382055436836,0.945217119224801,4.0057867431019085,-3.7863382055436836,-0.945217119224801,-4.0057867431019085,2.0903691197885528,0.0
181,0.06935820127837361,0.1135633610934019,0.15913809774171017,0.20602790353336553,0.24646653825599452,0.16951772743475,-0.012153912258867944,0.028533398051018607,-0.07242699467994923,-0.14694177822726212,-0.08907830687615231,-0.13707964452562693,-0.0032561308838354036,0.3222722922251282,0.3509469684755518,0.021301030854742553,0.12380089972715469,0.2720529505987549,0.3055694107527801,0.23709333377609199,-0.04616992091881793,0.0558348527356959,0.11401084896018883,0.22873938894344129,0.1315624554325813,0.16660658156781613,0.16821193193828518,0.19466518555719475,0.08007436100028098,0.08447412971678357,11.712149769159623,-0.6191582774380673,3.589437607423527,0.928572982791293,11.712149769159623,3.589437607423527,0.928572982791293,3.865541722561933,-3.589437607423527,-0.928572982791293,-3.865541722561933,2.0903691197885528,0.0
182,0.11873465706594291,0.2870176943019032,0.16840421843318454,0.2009747153770962,0.11355457910927691,-0.02304022175468423,-0.10882233822807247,0.019700142237607007,0.06674896970370262,-0.027939588967470508,-0.03446772397351583,-0.09740887089877791,0.3034948361215592,0.25528117727296923,0.12665321592975784,0.36849928492423567,0.035746802480576274,0.04504572825273928,0.21403091703527785,0.0940132351017989,0.10211289153787068,0.05296550856755593,0.16054344228693335,-0.022632583382279293,0.1324377041026885,0.014023467747612501,0.13207436186830565,0.1337569343454681,-0.026666936815294202,0.020662366715036098,10.861890518747176,-0.31373859462169396,3.632881066872039,0.8709936903725765,10.861890518747176,3.632881066872039,0.8709936903725765,4.170961405378306,-3.632881066872039,-0.8709936903725765,-4.170961405378306,2.0903691197885528,0.0
183,-0.10560448253527283,-0.014910883437842123,-0.015910407174172844,-0.041799518802964925,0.10228397064263506,-0.0450117497330732,-0.05835575633412658,0.008197357330579816,-0.18489450902252969,-0.09876643096662692,-0.05219208308020902,-0.08968597632411568,0.09350459861363335,0.44563244371371097,0.19099900147613919,0.0550377268021639,0.0473835987865544,0.13146661553517844,0.1678732422509463,0.12743310863352206,0.0621452261529023,0.10553267698752575,0.19954265131273952,0.14067497095308784,0.07707069139857395,0.15543298347570636,0.057080180077041465,0.19311974607137045,0.04370200817803765,-0.0024541191695696615,12.448174170195873,-0.6846173946110943,4.108039072260896,1.0810394138367614,12.448174170195873,4.108039072260896,1.0810394138367614,3.800082605388906,-4.108039072260896,-1.0810394138367614,-3.800082605388906,2.0903691197885528,0.0
184,0.2840994105208665,0.1792978674173355,0.18751473740035512,0.2829067786594726,-0.09934460076574175,0.0964708784207566,-0.10855975237481486,0.1016914103986951,0.028393012030409337,-0.10369578010837661,-0.026041037261998842,-0.02767050555130797,0.009038146708021666,0.2914076211086696,-0.04155081352247601,0.031035220097816632,0.004278430705884011,0.16659535343034176,0.05020617622302376,0.3639699771403514,0.013026243641569735,0.03287818426227186,0.14786157075552564,0.10152425265861675,0.04088732177687075,0.13308007881444064,0.08420774428323849,0.0019128785032559367,6.307316838007407e-05,0.08841731570037592,10.23345931902396,-0.18858884248243069,3.5229786449832443,0.8200389877758503,10.23345931902396,3.5229786449832443,0.8200389877758503,4.2961111575175694,-3.5229786449832443,-0.8200389877758503,-4.2961111575175694,2.0903691197885528,0.0
185,0.023449510242790017,-0.03033072654157877,0.19952690553006086,0.00030484587377349603,-0.2230031432088087,-0.04594471006764719,-0.014664151610028736,0.08857838670593653,-0.1259332533248488,-0.08072786445813045,-0.0956356973003882,-0.11769460822198194,0.3873810135405824,0.2753363621451916,0.021138545301811085,-0.04136621737170203,-0.008764800240962142,0.20317862844118553,0.360044293724898,0.3365066530953849,-0.0050546082855870145,0.09132719289271705,0.10047264703382076,0.2517114721997375,0.025529247524004307,0.16209597862951075,0.08869246721209112,0.07029682246674494,0.06649348050115153,0.06951621103513782,13.120593915212371,-0.792676955120323,3.7327930907211013,1.011042738722329,13.120593915212371,3.7327930907211013,1.011042738722329,3.692023044879677,-3.7327930907211013,-1.011042738722329,-3.692023044879677,2.0903691197885528,0.0
186,-0.0993103703483939,0.20149232123047112,0.04307087006587808,-0.050991434395421475,-0.03718847644407164,-0.19811735295700272,0.059627233443476146,0.10285518695735969,-0.1873271162504442,-0.08907935854558052,-0.11764808399998836,0.01649504024582643,0.218961168760183,0.19927911994470643,0.25603632850290653,0.18847989483261468,0.051538354315173,0.15499252717408243,0.18594957362069928,0.15800799882930724,0.10026701953642597,0.06012294647645139,0.17215079591510163,0.04545833845444388,-0.020107992382122786,0.12359030199438921,0.11844552015611876,0.17176385905937303,0.03105710818145717,0.002046318396866198,12.314885080898238,-0.7134487128171707,3.968721279723903,1.0523619291061843,12.314885080898238,3.968721279723903,1.0523619291061843,3.7712512871828294,-3.968721279723903,-1.0523619291061843,-3.7712512871828294,2.0903691197885528,0.0
187,-0.11582261580042541,-0.03518152272328734,0.019578197647052056,0.10360383865043693,-0.09631163829767245,-0.19130177567285592,0.13971511042442075,-0.07301172010421719,0.06821680726200455,-0.13639379556290682,-0.09235307133013473,-0.11402898281346009,0.15363188776567466,0.4194898472262784,-0.07068947164722628,0.35648516033075006,0.09605034047777378,0.005574730481483756,-0.02180303049393604,0.045944661450009194,0.15282633099990992,-0.01720948057323184,0.0015540250862792482,0.13134591404930546,0.190168789884009,0.10075404125222374,0.11744236847945716,0.17131848861012922,0.035784919745480766,0.05668000151983342,11.761854292391915,-0.3375483225765228,3.9277086116672804,0.9470858355746151,11.761854292391915,3.9277086116672804,0.9470858355746151,4.147151677423477,-3.9277086116672804,-0.9470858355746151,-4.147151677423477,2.0903691197885528,0.0
188,0.014125316264107846,-0.11454836161807179,-0.034015064764234534,0.13014663215444877,-0.14748946832086557,-0.04153351107350722,0.1002898168440167,-0.07439822221827565,-0.1212300711391986,0.03225671657572496,0.027696501446861255,-0.0878284923802049,0.3222269860903092,0.08920088695934744,0.16019282495481618,-0.054682787726062186,0.035416969829178004,0.24909774144045113,0.11656691802234176,0.248269097151879,0.24781248281303986,0.03502498820993134,0.2772020367667631,0.09005331985300738,0.03701565878878538,0.1392336282116474,0.11210060717739703,0.038380007928931356,0.025245971863985125,0.015587988714886012,12.61626622891323,-0.903721182275194,3.271925029953617,0.9136957230125287,12.61626622891323,3.271925029953617,0.9136957230125287,3.580978817724806,-3.271925029953617,-0.9136957230125287,-3.580978817724806,2.0903691197885528,0.0
189,0.07006946182809773,-0.03433938961476088,-0.04342129206382503,-0.16391972406884267,0.2273781107723738,-0.06563814699725867,0.04587902315156947,-0.04005153330977529,-0.07690525850216874,-0.06707721527320404,-0.0008419843140742289,-0.1150360858110927,0.07687443963547304,0.45939892778365904,0.01004733016620285,0.30947444964316523,0.027820320751912146,0.3165799114661503,0.3020284692377627,0.13822745575243328,-0.03551324903473296,-0.004625671880905399,0.04940443804894913,0.10185732240494447,0.03407416414670235,0.12837070114182259,0.06216618235514351,0.015864770292287507,0.049523614801871736,0.07525415806742497,12.371219779547607,-0.6921431245697045,3.9159385023409006,1.0325325712871758,12.371219779547607,3.9159385023409006,1.0325325712871758,3.7925568754302956,-3.9159385023409006,-1.0325325712871758,-3.7925568754302956,2.0903691197885528,0.0
190,-0.03138006995432077,0.2375818674825132,0.08798262465775102,-0.0013749003612764932,-0.17345989493900782,0.031778969921257005,0.027827351457315824,0.10726885195454576,-0.1384104965311327,-0.05762360416320028,-0.06990646322634873,-0.027541883261914202,0.3246453121799777,0.01893896071055863,0.3018837383904273,-0.05130619098066274,0.24386782862562234,0.1043193090104956,-0.035877440305651785,0.009497857475323418,0.14073296308639163,0.222036553144386,0.06665084019363234,0.14502451959912196,0.18089304156475083,0.1866074751384058,0.0048565931758309325,0.17270280978047986,0.07917685410921066,0.012412466114578479,11.242703062392641,-0.6638903807712451,3.874882286719985,1.0141521491202026,11.242703062392641,3.874882286719985,1.0141521491202026,3.820809619228755,-3.874882286719985,-1.0141521491202026,-3.820809619228755,2.0903691197885528,0.0
191,0.1336176792159677,0.06172497712075711,-0.0671208663384818,-0.1224114461501494,0.05746560058468081,0.06201637611255431,-0.10586027477393885,-0.07552431797735204,-0.16447887394763128,-0.1765695760826508,-0.06754230177660137,-0.06121886054535758,0.37009287989929246,0.4768181134333706,0.42163190963592384,0.04143393330830206,-0.005628177523894398,0.3282645999731644,0.35355261848020536,0.373974585030473,-0.02042073802845751,0.24515624213534484,0.12873254594612915,0.17154340503546944,-0.018466334322354193,0.05894947233877304,0.19110566119219433,0.033923935010798295,-0.027531993235791016,0.027065654945145564,14.028655992398186,-1.121827633822015,3.83945134442774,1.14171783117401,14.028655992398186,3.83945134442774,1.14171783117401,3.362872366177985,-3.83945134442774,-1.14171783117401,-3.362872366177985,2.0903691197885528,0.0
192,0.18139608637429774,0.058113566860556604,0.1880963370830539,0.28571341641218667,0.10859836424828911,-0.13772887748724993,-0.02847184808016774,0.028958601424572197,-0.11145007089812865,-0.0018216940137843751,-0.10413856629860826,-0.14738692080372431,-0.0461399107496708,0.1276960731230555,0.21198363258247055,0.03686266812283369,0.0639024884319093,0.09085728487336661,0.11627128204273421,-0.03400550438874379,0.08542411251831158,0.13054421934847912,-0.042613012745940135,0.18802144623094516,0.09198525485839246,0.1457710985969579,0.09512617262525638,0.18590032117411426,0.013912275576351829,0.03950155098103676,10.095257855375506,0.10853683118490753,3.5376279742601304,0.7701819227439087,10.095257855375506,3.5376279742601304,0.7701819227439087,4.593236831184908,-3.5376279742601304,-0.7701819227439087,-4.593236831184908,2.0903691197885528,0.0
193,0.13355503124184911,0.025699962526559816,0.04927632064122585,-0.1749168122376905,0.10217100080646246,-0.08807619674625197,0.07100665842624962,-0.02571166155971523,0.05881196823969928,-0.000189400448164595,-0.07404154175956906,0.016380749085998014,0.05161083969255244,0.39639015426063023,0.1702117912412227,0.10356333782029753,0.1671630492632824,0.26908005528201484,0.3591523759142742,-0.0015747740581263103,0.21418938255882108,0.23543585535713688,0.17967896047210075,0.05742715227493866,0.04556216949569816,0.06426920432603683,0.11864398990202696,0.17987502434146896,0.11196764753719182,0.027501426683836417,12.723803462768801,-0.7637315185544793,3.732965064958651,1.003224048677905,12.723803462768801,3.732965064958651,1.003224048677905,3.720968481445521,-3.732965064958651,-1.003224048677905,-3.720968481445521,2.0903691197885528,0.0
194,0.09109333259984853,0.08945588864386081,0.021006338900563193,-0.10106985338268826,0.10178203785853573,-0.0994803513682049,0.12277499883958143,0.07453020595292643,-0.1498147288404352,-0.08825826035746395,-0.0682826267326057,-0.1035741549279072,0.29166569354471356,0.12080782454550398,0.41169124215090075,0.14434287978561275,0.19232830852326327,0.11829984433336996,0.2387925194100394,0.29822073550562794,0.24894343680302355,0.14647783090012603,0.2531882842521885,0.16075904793517665,0.14309516762712152,0.18947364650218737,0.0453125019273429,0.15845327787185015,0.09996816026790761,0.05884177318559673,13.431076732583481,-0.8037637796165846,3.684752424245215,1.0010367481622384,13.431076732583481,3.684752424245215,1.0010367481622384,3.6809362203834155,-3.684752424245215,-1.0010367481622384,-3.6809362203834155,2.0903691197885528,0.0
195,0.3677721769083292,0.2692547708004713,0.09947252653699389,-0.07778753069113867,0.02760732953746281,0.04956093797840222,0.048321933389921495,-0.08000220468481523,-0.03613957358459527,-0.05958304422557506,-0.10938482323543686,-0.10834504210182236,0.2804050085967702,-0.039290064576584294,0.1191609574107105,-0.0576729979037465,0.102473116385776,-0.051947284170488855,0.09371057149985881,-0.06224760176543006,-0.006992898904848145,0.1963183398836232,0.0990237870744116,0.20856888974948337,0.013985989997308695,0.031669858887817676,0.12188254931518133,-0.006425044575697682,-0.015577014431204139,0.012688581551719858,9.2927771680726,-0.1634082850486065,3.7636126062719977,0.8709462018613874,9.2927771680726,3.7636126062719977,0.8709462018613874,4.321291714951394,-3.7636126062719977,-0.8709462018613874,-4.321291714951394,2.0903691197885528,0.0
196,0.32045351639389996,-0.09170469414442778,-0.034602931646403656,0.14770555696968501,0.03384731847748251,-0.16339962348835477,0.10781751088043601,-0.08445922329864997,-0.1467386075292183,-0.03501016297387238,-0.04435400201342864,-0.08755835871917764,-0.06370917046441912,0.2259872807753281,-0.07612050126730296,0.20798849829369398,0.21356070736378407,0.09946450854427669,0.16563234640532626,0.23082419461668202,0.11791908960665032,0.12763157580183276,0.023360788944131156,0.23325036491197385,0.14215358238796322,0.13115368252561688,0.19935909142203348,0.07097558837310326,0.134932127630711,0.0964303034350234,11.786535343574828,-0.21677177292679595,3.44532168605518,0.8072585813885302,11.786535343574828,3.44532168605518,0.8072585813885302,4.267928227073204,-3.44532168605518,-0.8072585813885302,-4.267928227073204,2.0903691197885528,0.0
197,0.12230821880511941,0.2797623769752681,0.1959472248478839,0.024478864968365766,0.04884513869855184,0.07354672436827256,-0.1408486530376899,0.04263870486761366,0.05467547330919756,-0.07700032401031068,-0.011575911615062717,-0.13158702613371367,0.42898680273007844,0.08066393404371591,0.002587126014135785,0.05701972548974743,0.19586829671930633,0.09150789152774555,0.2654995900236431,0.3075707042509993,0.14197812189378614,0.2351897596793757,0.11212369442981106,0.2390202292308549,0.18569885650566897,0.15552754871372407,0.13998784804198666,0.1443038610307666,0.13983158097474183,0.030583907183877244,12.017015202554663,-0.865195236208129,3.8416068864892714,1.0613625722831543,12.017015202554663,3.8416068864892714,1.0613625722831543,3.619504763791871,-3.8416068864892714,-1.0613625722831543,-3.619504763791871,2.0903691197885528,0.0
198,0.3759101761505008,0.1726336736418307,0.17571245250406337,0.1653062523570405,-0.17862917117870492,-0.13012389062916163,0.024434760226825863,0.05300731467042878,-0.1399886030006653,-0.1635131933842507,-0.05296284435143857,0.015630213729749598,0.4570965773325228,0.3052604925252387,0.26863808377553555,0.35213836528636877,0.23843181744435865,0.23290109349888835,0.3572639799672217,0.1811838629202721,-0.00839417834595979,0.108124922403973,-0.023952594684915177,0.21022714826323838,-0.017683689222385515,0.07115117432108502,0.17140222686753967,0.1389459529156365,0.1054161733701153,0.010648096664541765,12.840218077894727,-0.5868049204800996,3.3182444856475266,0.8512913811051659,12.840218077894727,3.3182444856475266,0.8512913811051659,3.8978950795199006,-3.3182444856475266,-0.8512913811051659,-3.8978950795199006,2.0903691197885528,0.0
199,-0.14923157333396375,0.012362326495349407,0.19326895938061078,0.07445301820499878,0.025167515407066632,0.17063479433519455,0.08341616144835098,-0.08253200490924842,-0.12171152128939411,-0.0891299368596794,-0.019002771507616506,0.026673708288593806,-0.03107601564780943,0.48426649983234754,0.10646387239447769,0.18148480725936372,0.30791567008599385,0.0052876404384919196,0.045845606206264045,0.3867866741742476,0.10398132539644683,0.07733557190133142,0.0299678965250382,0.1716892765812525,0.05811144298585387,0.11055479425250454,0.09433990311427778,0.0828503799744285,0.12482772063688885,0.08370783262650928,11.838580808336994,-0.5439923053456233,4.018683071953943,1.0197871507712537,11.838580808336994,4.018683071953943,1.0197871507712537,3.940707694654377,-4.018683071953943,-1.0197871507712537,-3.940707694654377,2.0903691197885528,0.0
200,0.06491679926402869,0.04235554598271846,0.018946492459419845,-0.24915131253306613,-0.17839893920655026,-0.1136891267658393,0.14251928033215377,0.1153036468967787,-0.1162523140723517,0.006765526570997826,-0.002085669156238673,-0.14977919918303592,-0.08914198638131868,-0.06992255501368003,0.01001392638369382,0.011769194808283603,0.14414548769413082,-0.06797976281611394,-0.07857462378117931,0.15839049140835518,0.02481319195596632,0.13871357172599225,0.010200922996019726,0.05396565539578856,0.18816345246930816,0.02280159723275071,-0.011391862749218697,0.15219842244956466,0.13390867287778133,0.008342352067978072,10.186543800884497,-0.21544243911403171,4.201364558820328,0.9840972344494598,10.186543800884497,4.201364558820328,0.9840972344494598,4.269257560885968,-4.201364558820328,-0.9840972344494598,-4.269257560885968,2.0903691197885528,0.0
201,0.3404357250779868,-0.0009138500131666699,0.058784593708976915,0.29370163970114654,0.02042216140079528,-0.11022544555275875,-0.1129062930602373,-0.018998982514249946,-0.1169231675862848,0.02180133484774477,-0.10631858861886487,0.025183225472709986,0.09600397753596789,0.24780685150836318,0.3503369100288761,0.1860937934123928,0.13729754228480062,0.33310511258947806,0.06891006274982353,0.2124581393171825,0.03781871390453584,0.18550773348037017,0.04835385082919812,0.046663363923612776,-0.023177597510534102,0.04348851897400115,0.19716492080669432,0.10543886969810591,0.11733093610560405,0.039423732953999355,11.658570854525964,-0.3201383054285687,3.2463562594268445,0.7795193101974016,11.658570854525964,3.2463562594268445,0.7795193101974016,4.164561694571431,-3.2463562594268445,-0.7795193101974016,-4.164561694571431,2.0903691197885528,0.0
202,0.14923074785619975,0.1702214608155191,-0.0376230914156087,-0.009030308987150737,-0.21268870726406303,-0.022471062371464706,0.07739611522724468,0.00252152943509891,-0.07660421416698404,-0.026828657799661565,-0.012709541759069909,-0.014946873605752281,0.054952275855278135,0.4621568616143535,-0.07148235213893031,0.135336017552766,0.1429505580264497,0.2695375047139138,-0.05890583719482208,0.33103977260856143,0.03845873566266696,0.15262925968781932,0.13362283001652997,0.2265978296736955,0.15581872701660626,0.12329054552952733,0.10925040705822334,0.1616760247892957,0.028865250764051734,-0.009787251436326267,12.223011887312929,-0.472352456734507,3.5864320922687583,0.8938488138417594,12.223011887312929,3.5864320922687583,0.8938488138417594,4.012347543265493,-3.5864320922687583,-0.8938488138417594,-4.012347543265493,2.0903691197885528,0.0
203,0.27008718214929106,0.17529738770797848,0.048091564888995145,0.20824949485847827,0.19804868303550766,-0.07023015289416304,0.09911595111336455,0.039495315996061445,-0.16999889785941236,-0.02099149190565508,-0.041614088213594316,-0.02794623975673459,-0.06787215130208371,0.16344667549212671,0.380517680226336,0.05858648030982935,0.20729117013976733,-0.010481025590502985,0.35532579808449927,0.0845842935049601,0.1507214196904074,0.012281189251702414,0.26049054730709253,0.0031334142279895033,0.020389061284332207,0.1822404307198302,0.17337332163061045,0.16840086635874252,-0.02261314430051281,0.060579830843671884,10.85090104105209,-0.18416580828465623,3.276199754892369,0.7618122793218857,10.85090104105209,3.276199754892369,0.7618122793218857,4.300534191715344,-3.276199754892369,-0.7618122793218857,-4.300534191715344,2.0903691197885528,0.0
204,0.18937819995917385,0.2947944097593427,0.19053368441525687,-0.14743705057933268,-0.20169367318222337,-0.1317864390533891,-0.06462295337946262,0.07112167435101786,-0.02868474222546144,-0.03492161664193197,-0.14572430674425424,-0.04823643874324439,0.17145958315656357,0.04275558577354843,0.10979323101466942,0.14949712516099944,0.03181420563031254,-0.04032250059490181,-0.05702588414002298,0.09161047285950583,0.27589788460857295,0.24106855904169058,0.040587517119680463,-0.038453628508616916,0.08846585711184124,0.004640007301345152,0.1526483466704534,0.1427504575573721,0.12377523925727538,0.04214097901788538,10.60870442418574,-0.4484944363582315,4.070343212681743,1.0084578568910085,10.60870442418574,4.070343212681743,1.0084578568910085,4.036205563641769,-4.070343212681743,-1.0084578568910085,-4.036205563641769,2.0903691197885528,0.0
205,0.2945618316996843,0.24387289345264435,0.09739564181875622,-0.22037697886943453,0.21993918713177846,-0.05833276048562913,0.14252631333183757,0.003364838529330838,0.05306934087633983,0.0004615600765356942,-0.10871171554110629,-0.10619301041313878,0.3288961175462651,0.3518151328504194,0.23623607904847865,0.09345321548067725,0.003546918227093361,0.20316853870117876,0.18982053129363038,-0.0648383275369433,0.06434008668645738,0.13037756937279438,0.19869223536999026,0.14625314728544886,0.1764850319967845,0.18263506841345464,0.13853315282711673,0.0036229258059009076,-0.010053620878955293,0.012694504125201688,11.429490787714514,-0.7717434613795504,3.663601161214105,0.9867072569008086,11.429490787714514,3.663601161214105,0.9867072569008086,3.7129565386204497,-3.663601161214105,-0.9867072569008086,-3.7129565386204497,2.0903691197885528,0.0
206,-0.14810261181555687,0.019271838124841456,0.08373094861201548,0.06810639405891733,0.22799984919146526,0.08052803255306443,-0.13753304157575302,0.1157890691995196,-0.05295873426508463,-0.035444579266256604,-0.1466649639962003,-0.04054057649093992,0.3446930232139781,0.4421324839595368,-0.09304502768990473,0.3987523619397231,-0.01920316267467649,0.18237863075554125,0.17746230955562278,0.1523609399573363,0.053051417840684165,0.16487872360052716,0.04444845135831367,0.05111993421311214,0.010913231554354818,0.04136318361932599,0.009824330279178978,-0.03442542650180477,0.03856605779087543,0.07842065722255444,11.694648478237017,-0.6956436266819348,4.100753667917017,1.0822625117941962,11.694648478237017,4.100753667917017,1.0822625117941962,3.7890563733180653,-4.100753667917017,-1.0822625117941962,-3.7890563733180653,2.0903691197885528,0.0
207,0.2991857265122235,0.03602476727217435,0.18461040682914454,-0.07269955334065253,0.10576313663712122,-0.1295507035247826,0.011521402449458262,-0.009461292733427967,-0.09375492364963052,-0.1595793880386138,-0.060589270898066164,-0.14714589059904296,0.1793267954832144,0.4340772513562892,0.10195100175707764,0.3875087030773029,-0.04514487668414122,0.28683128964082283,0.3568027897665942,0.130716317590919,0.23092360337741458,0.04504815331369508,0.27367307876304764,0.06878949198035983,0.06886538891176752,0.17120428267435758,0.044809445378873394,0.08781770354769249,0.11409292798138049,0.016169751371270264,13.085796145729145,-0.8700371261747262,3.550615216632493,0.9822811533389276,13.085796145729145,3.550615216632493,0.9822811533389276,3.614662873825274,-3.550615216632493,-0.9822811533389276,-3.614662873825274,2.0903691197885528,0.0
208,0.11120161633007233,0.10287770172581076,-0.083044900999704,0.0116138808180824,0.12210331413742653,0.02316675412090391,-0.03523611214698627,0.11354538701841212,-0.15207993115212204,0.028455242409058168,-0.10892812614884743,-0.0308115039703019,0.401068850264143,0.263612309691221,0.2579679818322993,0.31592099695799125,0.13787638267892321,0.1866510668290722,0.3318194380974021,-0.03802608912179967,0.12061042180531706,0.02692934837435846,0.022899514034978447,0.048767832006696855,0.05425955797489021,0.1426311218659237,-0.019505618888993798,0.043393033461849195,0.0581139017524469,0.03960280745795104,12.165569747137303,-0.4968490000705734,3.6676674658511255,0.9197102564554274,12.165569747137303,3.6676674658511255,0.9197102564554274,3.9878509999294267,-3.6676674658511255,-0.9197102564554274,-3.9878509999294267,2.0903691197885528,0.0
209,0.08011470502242449,-0.09115570116788149,0.11069826954436225,-0.06322490448025336,0.12281014335703971,0.19589028053889954,-0.006243840480229579,-0.06164555983239921,-0.04118355642972629,-0.09955089105645343,-0.012372747571012144,-0.0417967263654441,-0.08768153813392272,0.3803323111904111,-0.0013960865099939268,0.07628069495426329,0.18428047886654403,0.2180095321912842,0.34962918074923754,0.26747309582443224,0.24864825478689934,0.1735558539237616,0.22662501385004857,0.27647820236892234,-0.025173110191846006,0.0008280406870563584,-0.014410404593842456,0.020756630861162945,0.10886564865412779,0.03845596675775656,12.499991877560166,-0.6966174342969635,3.893874873153455,1.0279276667325714,12.499991877560166,3.893874873153455,1.0279276667325714,3.7880825657030366,-3.893874873153455,-1.0279276667325714,-3.7880825657030366,2.0903691197885528,0.0
210,0.31400767322629697,0.05890774313360453,-0.027726942073053942,0.16437810418580134,0.02778755640273123,0.06960330675946089,0.042570767436943935,-0.045630122848173846,-0.06923554844073349,-0.13895834599971302,-0.12300151489279636,-0.03118689704748291,0.2912243707558831,0.2456429596792959,0.19077229609067137,-0.05215680326740685,0.2595520701977756,0.26857162000615875,0.08098463239999737,0.2888388261966858,0.2612506763129554,-0.0003177550145958656,0.2296837311099068,-0.006462956384474208,0.1444993593128104,0.16485141976431067,0.17360089919477592,0.18330200090111304,0.1277954984144357,0.042246363707305695,12.193924575515329,-0.8196570453795431,3.1573673565284013,0.8614816785565806,12.193924575515329,3.1573673565284013,0.8614816785565806,3.665042954620457,-3.1573673565284013,-0.8614816785565806,-3.665042954620457,2.0903691197885528,0.0
211,0.07815852081403138,0.03723885403946042,0.015239107577090641,0.049564169568652894,-0.0055248183669801,0.10006211317603789,0.129222256730591,0.08520166737224945,0.065700597590622,-0.06255585370097982,-0.043313744013159225,-0.031459888870067634,-0.02843436361098349,0.3636464505000429,0.23281065440759985,-0.00541440429749189,0.11107610504215101,0.06142618961086141,0.24818432502042068,-0.0069525331941301255,0.14953553513282197,0.13047823884770435,0.0538843622363334,-0.0245979690048551,0.08178963869276873,0.048932348865987865,-0.029172469117567254,0.020641386738259195,0.028531825291037906,0.05830487814173484,10.887649466710558,-0.02095498652676664,3.796066785146247,0.8504219604140275,10.887649466710558,3.796066785146247,0.8504219604140275,4.4637450134732335,-3.796066785146247,-0.8504219604140275,-4.4637450134732335,2.0903691197885528,0.0
212,0.25062568951398134,-0.10977301463484763,-0.058275018590839604,0.061972205315885875,-0.08351438343093562,0.05757581371991402,0.12996900945512246,0.11108232581821985,0.027459055918257452,-0.187970202431649,-0.023388073121307307,-0.1221395056989587,0.3871325488087973,0.3374859631783351,0.18029110976671398,-0.0002140693688841705,0.00249425152219189,0.04182039046058829,0.21790984865004706,-0.07259440644673479,0.12262020523603454,0.03622949311003208,0.006234555393811091,0.239084381863886,0.1919626287810072,-0.016438229120897065,0.12295405105500143,0.15304671328863712,0.09600383727978043,0.07536370364884945,11.681018445516482,-0.46683227628833635,3.5592400751232987,0.885852974730415,11.681018445516482,3.5592400751232987,0.885852974730415,4.017867723711664,-3.5592400751232987,-0.885852974730415,-4.017867723711664,2.0903691197885528,0.0
213,0.3377286113798619,0.2852643660642207,0.18746209588274138,0.03898457424602825,-0.03373781920223953,-0.001626791506060099,0.03305350261821194,0.1021827012328027,-0.13292981833075512,-0.18850296606568456,-0.11515142615728115,-0.00011956097007814748,0.4823174205896949,0.02506758944587298,0.09551436377259093,0.3595246673715956,0.21421973347405238,0.37540945354477595,0.3115499617246027,0.2967135456307966,-0.03167268633388988,0.11664199008541301,0.23178017951668523,-0.007809172242412614,0.13086553357441078,0.02006750897836256,0.10632489989594698,0.05240058272452927,0.1304150935385267,0.04837048492666006,12.2244807677706,-0.9675575874443139,3.257932416890251,0.926300966733649,12.2244807677706,3.257932416890251,0.926300966733649,3.5171424125556863,-3.257932416890251,-0.926300966733649,-3.5171424125556863,2.0903691197885528,0.0
214,0.16988969091326003,-0.018780222013592723,0.11992039649913865,0.16083414020316206,0.16507467031554668,-0.14832083394673282,-0.14908625361396133,-0.0769308631979691,-0.11409627573622312,-0.07499852710260566,-0.11720051082627705,-0.06636220232596068,0.140694210918214,0.146340471726639,-0.09264100726454627,0.17837898915252853,-0.0015581006727630256,0.03675206234702588,0.24746241668285954,0.39580809725066746,0.03213572110109196,0.011779117415547775,-0.04835856270747465,0.031685955085947536,0.12503791899111757,0.13062326814643435,0.02444758272795068,0.1147475494741297,0.06232958755402602,0.0015913297748657088,11.245970465325144,-0.1884558489191539,3.8328157796366678,0.8921317422503585,11.245970465325144,3.8328157796366678,0.8921317422503585,4.296244151080846,-3.8328157796366678,-0.8921317422503585,-4.296244151080846,2.0903691197885528,0.0
215,0.10476753390394153,-0.0472753918915987,0.08324374173227518,0.002172832429414684,0.056904741160624384,0.1333659765639971,-0.14547282942645026,0.10024046522549156,-0.06771558365110372,-0.09785793740106466,-0.016072908707646688,-0.0336673996445957,0.274393914282727,0.3987139116552636,0.20176820754105979,0.026702858394991216,0.22233028552629985,0.3970567337568828,0.18566083357702753,0.2962819252614564,0.047361281492049545,0.22603583133530628,0.06667341496008658,0.05693256189296169,0.1003113510812039,0.12466486367782349,0.020530640883414886,0.18470540445230366,-0.014851824451358115,0.04373737874742355,12.857450837081979,-0.8529393227479676,3.8322818928832394,1.0552132239569627,12.857450837081979,3.8322818928832394,1.0552132239569627,3.6317606772520326,-3.8322818928832394,-1.0552132239569627,-3.6317606772520326,2.0903691197885528,0.0
216,0.3235319391358644,0.2559321293234825,0.14107679960612568,-0.19791444740767228,-0.04088412148430903,0.12876933895491546,-0.05871439751131331,-0.023461158356090153,-0.09429553673480569,-0.10548477640736145,-0.11054896219038955,0.01154971670976726,0.30209635009153707,0.17021878154653647,0.37757080860929787,0.13203312325271405,-0.04337368610109593,0.1532057594037472,0.05949158720202696,0.11837771600793537,0.29252489521566294,0.19167578614356418,0.08390987978429372,-0.021517580114706544,0.16425147356746836,0.16328016764020656,-0.026066215202897956,0.01243658252474028,0.09184542653199257,0.024102911791648942,11.641771075398472,-0.7171766932994053,3.951271796707198,1.0487716929792588,11.641771075398472,3.951271796707198,1.0487716929792588,3.767523306700595,-3.951271796707198,-1.0487716929792588,-3.767523306700595,2.0903691197885528,0.0
217,0.22645459105260676,0.12218760525807737,-0.09062056385845509,0.21777076640748655,0.1355818219539936,-0.13244167161413517,-0.0340556944722679,0.06948381666554869,-0.07109174312001329,-0.1615505112652832,-0.13223456480383405,-0.07997671016204072,0.373904931358855,0.2411705229109808,0.3656094125743708,0.1630216268754316,0.026759504621480155,0.2835325603218961,0.0006441454132362079,0.22108941190060166,0.20886869287278903,0.14253217109969313,0.10214859886624021,0.21080982467801088,0.10267769671736815,0.04309123153651094,0.17071766468676142,0.16603803220950902,0.10320931850252124,0.059885189073985684,12.440902442906324,-0.7149805664866271,3.3253341970103603,0.8821171590245255,12.440902442906324,3.3253341970103603,0.8821171590245255,3.769719433513373,-3.3253341970103603,-0.8821171590245255,-3.769719433513373,2.0903691197885528,0.0
218,-0.07391705783084034,-0.10596164530143141,-0.027687289527956654,0.18139219086843644,0.04357168960655983,-0.09904307450093812,0.02320620800437853,0.09065709309526791,-0.049447493960111555,-0.09670373736340258,-0.09767475696651408,-0.02396289630433518,0.2931391184122056,0.13389521315458566,0.06430279033009939,0.08543626010446656,0.13164095384035973,-0.03432762553557149,-0.057683518606628986,-0.00884998472090899,0.07476982594410622,0.07357160141295185,-0.034079095346520094,0.20379712977861655,0.06707906305876252,0.009194373322675344,0.13059828073448676,0.12805562034459117,-0.023580802093621896,0.04237847498409217,10.453311112153282,-0.11451547190481914,3.830262214840459,0.8764532001375108,10.453311112153282,3.830262214840459,0.8764532001375108,4.370184528095181,-3.830262214840459,-0.8764532001375108,-4.370184528095181,2.0903691197885528,0.0
219,0.34398122751154014,0.08213766178116202,0.19022586666751357,0.2537041896824152,0.2379310556337963,-0.11873097893226038,-0.09949569155845467,-0.027076669651020083,0.06132924640925766,-0.19767931800197555,-0.12385997254583017,-0.060538398750903805,0.12453593410578563,0.49085750360622354,0.2606431646508692,0.11156957609858187,0.3206592842817026,-0.016889695092381876,0.20436246637542796,0.34002558553690015,0.17683618008106808,0.22229848406950473,0.1385819165501142,0.10584895533390298,0.08324078754489755,0.05233232691062892,0.1739262189590033,0.1339262357323508,0.09254948180934702,-0.010258272419347679,11.92709469382838,-0.4509570801744536,3.543755568705516,0.8785278683200709,11.92709469382838,3.543755568705516,0.8785278683200709,4.033742919825547,-3.543755568705516,-0.8785278683200709,-4.033742919825547,2.0903691197885528,0.0
220,0.3264345075469465,0.2810778813622892,0.13000198256026696,0.15948816503340396,0.24945040882301628,0.17841474134412885,0.08138920628993512,0.10712236202542931,-0.15275654078534395,-0.1525240420991628,-0.03501746739166833,-0.05619021330967422,0.4172587469192454,0.3785628342330717,0.43878401516627813,0.229417657088054,0.1510981117689434,0.14602679339436558,0.20240017972744792,0.07919124398707475,0.013110242138324638,0.20395893737902873,0.27062665289598353,0.01920969264760853,-0.01510182468335353,0.108031218378293,0.17069813636275782,0.025643848726692536,0.012672860652834711,0.07402776442690502,11.093946580281536,-0.6679454910316562,3.2182544421059696,0.8431913644285844,11.093946580281536,3.2182544421059696,0.8431913644285844,3.816754508968344,-3.2182544421059696,-0.8431913644285844,-3.816754508968344,2.0903691197885528,0.0
221,0.20422613760456446,0.18106499562039968,-0.08160790016580263,0.2103701215301388,0.16020219201497177,-0.11998965683866668,-0.12589669944783674,-0.014379878126839815,0.019715890879214742,0.003645566215392443,-0.00579066440125986,-0.00019264996509588128,0.20341224194014773,0.10918672419861397,0.03508749500915284,0.24459920668063218,0.04649892170608063,0.1416821400156586,-0.0007316587272489239,0.10147244373185452,0.17512230152715427,0.1546564881533634,0.14493494076012825,0.09553916519499991,0.13621148518812817,0.035948481901363974,0.10311789729736212,0.04204567164586587,0.13403731038878924,0.01682532965267698,10.709431753287962,-0.26829793019539316,3.507605138143324,0.8318953173993369,10.709431753287962,3.507605138143324,0.8318953173993369,4.216402069804607,-3.507605138143324,-0.8318953173993369,-4.216402069804607,2.0903691197885528,0.0
222,0.2944290761835874,0.05865486659109592,-0.009717723446991441,0.1312388705950639,-0.06796204417627116,0.11111219199352171,-0.02087901086327379,-0.03477836218769802,-0.016886689934916516,-0.0730253831977502,0.028233002927341627,-0.10398322204373384,0.42378401093605017,0.008534020184810906,0.26761074322987466,-0.014440288317948524,0.30289966609808544,0.15415663084962086,-0.01509459797883432,-0.013747137659308795,0.05908402067998764,0.130504117139213,-0.02294020568726114,0.013339565720539265,0.16027434271755736,0.09600342188198108,0.16472746407374345,0.16149804750391644,0.006588062113495496,0.02858482766696575,10.522319812326987,-0.4418379210569041,3.4364949672212797,0.8500153851698211,10.522319812326987,3.4364949672212797,0.8500153851698211,4.042862078943096,-3.4364949672212797,-0.8500153851698211,-4.042862078943096,2.0903691197885528,0.0
223,0.06397346230223777,0.28440193394199015,0.1966245492424895,0.19467660318497726,-0.18900789774396218,-0.17376096941672467,0.010251420357113211,0.05246929247607092,-0.015335200930995996,-0.06322240742783114,-0.030728677840278787,-0.023309437051008824,0.4911635225964885,0.4055716627675003,0.32440590407573855,0.3737072216867821,-0.011781776689291402,0.29215858135332284,0.37014295128576724,-0.015821162717838358,0.17690379134577403,0.09704796959032441,0.1498321845975274,0.04356140641036257,0.12213820453721519,0.15569506386942764,0.1372281836672559,0.18162381066424715,0.10829117573684763,0.027419911300611322,13.36663592305886,-0.840511657126231,3.2860251058698786,0.9017165954925791,13.36663592305886,3.2860251058698786,0.9017165954925791,3.644188342873769,-3.2860251058698786,-0.9017165954925791,-3.644188342873769,2.0903691197885528,0.0
224,0.15502177537418907,0.1429055679962039,0.17427771784082402,0.1879889671543325,-0.20511040982305992,-0.08326555761612886,-0.03078387607291791,0.046507903810345794,-0.10247366295555038,-0.08845818222234168,-0.1238761181631251,-0.016812965831012522,0.04796621352041959,-0.01773886193879587,0.3359099764945505,0.2429756617419283,-0.015396461065649313,0.06690559611032393,-0.07848273716383886,0.33137532888032945,0.03633298165296904,0.14855788574669307,-0.01112621179916684,-0.03775160552289251,0.18286150121498554,0.05945691157457998,0.13953010733289584,0.017850828428289556,0.06198585189870832,0.05106392068590207,10.761598655740586,-0.2616262250747061,3.6776355663414146,0.870843315164787,10.761598655740586,3.6776355663414146,0.870843315164787,4.223073774925294,-3.6776355663414146,-0.870843315164787,-4.223073774925294,2.0903691197885528,0.0
225,-0.11950352247804402,-0.05002679480239748,0.03991812884854255,0.1516005451245106,0.06020215409748897,0.03647444141108322,-0.13630963547782665,-0.09582870224312291,-0.021415624745065726,0.04926091595674917,-0.057668211723877746,0.0022069624604529603,0.44712953901668345,0.24112528961782187,0.36688944126902356,0.2518868721443353,0.04839205287559976,0.09445060506649916,0.29665368797671954,0.19905269933988223,0.03526323649394564,0.14961874275878928,0.1478408026859112,0.2907494944622262,0.053405651216438116,0.1640462900626387,-0.02762471111368636,-3.726773115196591e-05,0.11833432030338806,0.09844084910594755,13.19094195453128,-0.676959048882138,3.7257600699919005,0.9784699426304476,13.19094195453128,3.7257600699919005,0.9784699426304476,3.807740951117862,-3.7257600699919005,-0.9784699426304476,-3.807740951117862,2.0903691197885528,0.0
226,0.001662565581500547,0.09431186489760876,0.13501702800214366,0.22920902413399713,0.16739394964048715,-0.09558480654806763,-0.09161411422459825,-0.005071347953501504,-0.08674740804518022,-0.10017727572768753,-0.07068695014167731,0.016073625463834507,0.4456352774750522,0.3413285070706001,-0.07503918614428762,-0.040972869270291125,0.11202741338335198,0.3607599362486599,0.37593224098687683,-0.054512891265878924,0.2495296543265142,0.22069929341255992,0.27964345336380836,-0.006220582592323144,0.03646008676211282,0.16901939471464467,0.01310627523109982,0.12405112718466497,0.12688680475805128,0.010290310923278017,12.256518462821653,-1.122183328602604,3.320749053735187,0.987578465255653,12.256518462821653,3.320749053735187,0.987578465255653,3.362516671397396,-3.320749053735187,-0.987578465255653,-3.362516671397396,2.0903691197885528,0.0
227,0.22993668075650933,-0.04624289201572537,0.016558036761644246,-0.12616184716951362,-0.1815165309924961,0.13312348085662104,-0.09013258109599262,0.018264039252746986,-0.07076852895543811,-0.1202291486888364,-0.05762016012061269,0.00021302259240735255,0.25496165440585145,0.10970727347038745,0.26002583540412766,0.12921883433802664,0.14304416417977847,0.2659179635100295,0.2035225079138641,0.03584660906352065,0.04631465060172284,0.20839367225735084,0.1147957343335816,0.007632076023771452,0.022307686504921948,0.09755470895048433,-0.03973701760860997,0.04331999398876511,-0.01781258789163552,0.07062745595448061,11.977144425550327,-0.6434693477048667,3.9824103535333126,1.0367537682627375,11.977144425550327,3.9824103535333126,1.0367537682627375,3.8412306522951334,-3.9824103535333126,-1.0367537682627375,-3.8412306522951334,2.0903691197885528,0.0
228,0.29827112755738205,0.14763216761872172,-0.08464082203931231,0.12013989667914632,0.1618821138573326,-0.11761421031274279,-0.07526118955038945,-0.08137241101942436,0.030153004682486606,0.011736216408430977,-0.0243996829225005,-0.14667632375041192,0.0029060739454197654,-0.05661224870803006,0.09115589161473348,0.02404908377004243,0.23455644154106026,0.15621882764312578,0.32872036388416825,0.0066533486854115365,0.19203618972612443,0.24810792433569082,0.029542699611754042,0.19800517396667347,-0.0068324468535954155,0.1469454530599951,0.16269451351279896,-0.005624970252233449,0.05885419292011592,-0.015309536533919713,10.893118528834265,-0.2441867120238257,3.547022130783322,0.8364605626495212,10.893118528834265,3.547022130783322,0.8364605626495212,4.240513287976174,-3.547022130783322,-0.8364605626495212,-4.240513287976174,2.0903691197885528,0.0
229,-0.11282757036387919,-0.007704668641090387,0.0901860789560311,0.2809913721575244,-0.2257392956546251,0.16917393507882647,0.13286522876998758,0.06942039430777967,-0.06140838240739799,-0.09692866947874784,-0.13630863609561297,-0.13079568346492146,0.26490198304194706,-0.032553188776192135,0.11703155977937285,0.35487220335754394,0.11631561831440881,0.2916479693954056,0.05022548975178337,0.3547511241673703,0.03749335001074525,0.0033882773154194357,-0.039397386060898,0.0592325004664896,-0.01627898926866464,-0.014376050832311246,0.15603144030360078,0.12352816424504341,0.02445421963497365,0.022687474392633588,11.560664808015085,-0.6280726460402422,3.4823190239430692,0.9029441282076758,11.560664808015085,3.4823190239430692,0.9029441282076758,3.856627353959758,-3.4823190239430692,-0.9029441282076758,-3.856627353959758,2.0903691197885528,0.0
230,-0.11801751744933425,0.1604343728162348,0.032886010692599235,0.11878222617903855,0.026679085313211837,-0.18986880661180464,-0.11978345720151559,-0.02853020547532492,-0.04147149960018895,-0.15230016494796367,0.001994513541501819,-0.08449778434530036,0.002523966538895056,0.19988201415878804,0.11922651110760757,-0.04101655401129454,0.22988324726473774,-0.0391195154735104,0.19959610165091432,0.14492591665701748,0.279818349161112,0.21890889450419576,0.06106952206459987,0.06186046354988559,-0.013107190405523071,-0.018185904437337124,0.058181009378124746,0.12958815619388891,-0.019666025370889663,0.02399068002239869,11.383557252092062,-0.4512844524245523,4.2780994197345965,1.0606641862890205,11.383557252092062,4.2780994197345965,1.0606641862890205,4.033415547575448,-4.2780994197345965,-1.0606641862890205,-4.033415547575448,2.0903691197885528,0.0
231,0.25612889388576154,0.04080572577193378,-0.04726926938152347,0.19303416124143868,0.046883480074737305,-0.061768424836149916,0.08121769853510319,0.0672647093356986,-0.07797828322026948,0.026150073001641322,-0.10290611762337953,-0.13424025016257393,0.014392590685996895,0.3242600506436876,0.3575289836292535,0.296245822047303,0.05460489964149957,-0.06420623306739545,-0.022793720595362617,0.35689337046260466,0.12828595334735388,0.19178449744068138,0.08460109402475245,0.20441869500254603,0.1964896079223446,0.12409861112451061,0.07677828528537295,-0.009257625039987852,0.0803576191206439,0.0637991847929621,11.787290075271855,-0.16397635096195629,3.3926701188113415,0.7852087738975572,11.787290075271855,3.3926701188113415,0.7852087738975572,4.320723649038044,-3.3926701188113415,-0.7852087738975572,-4.320723649038044,2.0903691197885528,0.0
232,-0.13707748423330485,0.11368870843201875,-0.029261797891837665,0.2479933478472653,0.03199373555717555,0.12924973320310193,-0.08823176340285771,0.0767008989578201,0.022498974555359597,-0.012059140462871154,-0.06468371566378736,-0.10378416179074995,0.12138588105454882,0.21757631380198333,4.520458498219471e-06,0.29453350057462774,0.03821162677726992,0.08079335097377766,0.14306856515192934,-0.06395665985910999,0.20079957086073047,0.17417119767902006,0.1235188966409063,0.1304634411435774,0.032964259010049415,0.12127428380293655,-0.015150864656681737,0.07154706098124979,0.017165519245366745,0.08262580284389191,10.850900795832096,-0.3304148571633547,3.793854058689305,0.9132387229680557,10.850900795832096,3.793854058689305,0.9132387229680557,4.154285142836645,-3.793854058689305,-0.9132387229680557,-4.154285142836645,2.0903691197885528,0.0
233,0.26169001683592796,-0.11642725937068461,0.02490722506643739,0.04976667609422414,-0.02586720387518518,0.0240825181700072,-0.034681753240943136,0.0938262527261104,-0.03016351806894646,-0.09252286796787838,-0.1495920085041162,0.0014465285259557814,0.13065427715581746,0.39503328662215403,0.43035094679753255,0.3909145436261247,0.12378811289840672,0.0357217547207086,0.12117249834499769,-0.02620211015984155,0.001597866814837555,0.006197282847248617,0.07953723045778589,0.2775136889141025,0.03077215265881329,0.09084678853812127,0.007826022690918831,0.18246942899282564,0.14452553307687122,0.019205720580413536,11.866148377127347,-0.40495361957794795,3.7184489155698333,0.9114411948286739,11.866148377127347,3.7184489155698333,0.9114411948286739,4.079746380422052,-3.7184489155698333,-0.9114411948286739,-4.079746380422052,2.0903691197885528,0.0
234,0.2472828590776772,0.13389431694522502,0.1532642740771677,-0.24786105840998404,-0.21757550965133435,-0.03918447113888732,0.11141189017080855,-0.047620924089991884,-0.14604094204882925,-0.1959486578036658,-0.10564719654496299,-0.10166248453739518,0.3120888635733091,0.3330688241346266,0.15037056881017652,0.14790658807962376,0.1031071730374262,0.3876042904777004,0.36132703329457316,-0.07899578100359003,0.2856737839972032,0.08942636055434112,0.2810560362817205,-0.005540041875496393,-0.0225012276851335,0.013575234876014187,0.038279022149003625,0.03476576109182884,-0.009734466190733388,-0.013957187742549327,12.986803259615353,-1.162086390661154,3.6123069151787446,1.0871883823703303,12.986803259615353,3.6123069151787446,1.0871883823703303,3.322613609338846,-3.6123069151787446,-1.0871883823703303,-3.322613609338846,2.0903691197885528,0.0
235,0.05666805594228211,0.24824149388819933,0.1583044753807415,0.14790492051914567,-0.16222000039637086,-0.19486301257904753,-0.11234371886138764,0.06789549030320048,0.057034359942719076,-0.06081422852282392,-0.10487529208486968,-0.055737963409911606,0.007374192791690826,0.4844147968549621,0.4355570777467607,0.2432720354108623,0.2707087848918379,0.15471727928084036,0.08265979065882526,0.14344003135415584,0.15582836455766533,0.2100923044494087,0.2446891042177866,0.1667068949110905,-0.016706157865296743,0.08842227760195868,0.05657821481043432,0.03900933562609557,0.12895093169947427,0.004262264417003132,12.583824262376735,-0.5413640428317605,3.7206962261182976,0.9435402579267371,12.583824262376735,3.7206962261182976,0.9435402579267371,3.9433359571682396,-3.7206962261182976,-0.9435402579267371,-3.9433359571682396,2.0903691197885528,0.0
236,-0.07348673711530863,0.1327325906418264,0.053314281529457844,0.13261320470215082,-0.129800829701383,-0.10856864135798906,0.013264293150842543,-0.05428904179658625,-0.11135021959281943,-0.08416340133578402,-0.04575621205838287,-0.1325930534935395,0.0007875294244057834,-0.04507700215280835,-0.03974158299174607,0.018719486386724868,0.1884551092994714,0.10385037076604564,0.30937632122156,0.22360462235495804,0.14242266133135512,0.03404602263554181,0.03563093134073196,0.132404801318501,0.09005112671443087,0.1453897917884317,0.12052377935556116,0.1333296557146974,0.11487706737389985,0.05855903161772369,11.64162101094524,-0.3601838060338123,3.883087044311834,0.9414648559247885,11.64162101094524,3.883087044311834,0.9414648559247885,4.124516193966188,-3.883087044311834,-0.9414648559247885,-4.124516193966188,2.0903691197885528,0.0
237,0.16069930559024218,0.1852937536686659,0.044676133722622816,0.033914948662434774,0.22840389281596385,0.10285448920392795,0.1223383592042227,0.11551301483931815,0.012130213475000345,-0.12456210235715115,-0.03103946849992409,-0.013199564486787385,-0.017700066314961016,-0.09294615389002361,0.15871199188642693,0.18899991112271247,0.23292166737527564,0.25261011440125625,0.12463792501112203,0.3536121404915988,0.19642436045588013,0.20042703164606265,-0.045406295505039086,0.005267433162517439,0.18884503455451004,0.0069762615728020845,0.037677653137174624,0.026331019911693565,0.012675182702656405,-0.005880254595121608,10.751175335264959,-0.355750931874633,3.742769091238233,0.906470152449115,10.751175335264959,3.742769091238233,0.906470152449115,4.128949068125367,-3.742769091238233,-0.906470152449115,-4.128949068125367,2.0903691197885528,0.0
238,-0.12486992883495986,0.21225026847794654,0.1866681015104092,0.03701512308778804,0.07673841153052707,0.14415627795325034,0.0354367209894291,0.0882115019603623,-0.03981663440292707,-0.15183665986119557,0.012458829593652104,-0.09739644074864331,0.2945272318485528,-0.021848078382430275,0.09548284028131465,0.36343613867923563,0.040790451079990374,0.3804034630675488,0.157422705001859,0.3746935209207563,0.20280578235589936,0.24704060093696242,0.06774473967708422,-0.03903390693357124,-0.015109458967554588,0.031583663521082286,0.1262163159998501,0.050688085118623966,0.06719045836206214,0.03931470243715632,11.989125017918074,-1.1466398060731167,3.842253291737197,1.1510437405315876,11.989125017918074,3.842253291737197,1.1510437405315876,3.3380601939268835,-3.842253291737197,-1.1510437405315876,-3.3380601939268835,2.0903691197885528,0.0
239,0.09347612899728122,0.14405271515250206,0.04607965461271303,-0.04168720474098833,-0.06510816625288432,-0.029476597430898727,-0.12726051414189174,-0.02556261909697627,-0.10930291074651391,0.03633756379557335,-0.13503672195573976,0.023385697837805725,0.1317763637438864,-0.05220610056148211,0.16863372463435655,0.02367369803413663,0.2514078769625344,0.3202724627532435,0.21250837737283626,-0.049660497883655286,0.2563825808443358,0.019983483634132437,0.25103975191406375,0.03382828838037145,0.1723802880233733,0.16780951520672752,-0.025038554283336498,0.09063985923546937,0.08868587267084332,-0.018095502117200075,11.769029914583939,-0.8452524137262132,3.739014136407645,1.0273575996833624,11.769029914583939,3.739014136407645,1.0273575996833624,3.639447586273787,-3.739014136407645,-1.0273575996833624,-3.639447586273787,2.0903691197885528,0.0
240,0.01445437525399032,-0.059817380513995884,0.13356943328780713,0.08762323742858319,0.024098589615878685,-0.06422586369991959,-0.0161393507467657,0.08728655325132702,0.055050812694755896,0.04139256732514407,-0.08143630747864791,-0.09720501084840714,0.13791484337097992,-0.0965251327978409,0.1664341885633958,0.36999446642015493,0.018497008278037387,0.32674718311236894,0.25068465262424233,-0.07606860968873402,0.04012350205822622,0.13626046273477105,0.0916862210656857,0.007626450031566395,0.0649966292738455,0.1341821085963305,0.07631634251393854,0.19770927473538286,0.10065564513136296,0.05931139731525782,11.36366155984198,-0.6228691359564227,3.5516443241927833,0.9196788904612955,11.36366155984198,3.5516443241927833,0.9196788904612955,3.8618308640435774,-3.5516443241927833,-0.9196788904612955,-3.8618308640435774,2.0903691197885528,0.0
241,0.3311393721960485,0.27245778774842616,0.15460352736070282,-0.02063996893120479,-0.14678359599225582,0.070244565805997,-0.05740476874364839,0.10034752919863775,-0.11364776181613448,-0.12589190104910358,-0.09980042792261262,-0.14165786018969884,0.4936970456159006,0.3389618063158323,0.22083490429071567,0.3643015113834448,0.1800538467523741,0.13720014910760522,0.19514414698562219,0.0979518568523593,-0.021370449857720426,0.01544495311940515,0.2036161441663653,0.2386419064021685,0.15144635822086167,0.08869693753409118,0.19842067821840775,0.13042484719068537,-0.01925994473588021,0.08724151906875859,12.267825527475408,-0.7341801531377778,3.5251247364335425,0.9399029682199254,12.267825527475408,3.5251247364335425,0.9399029682199254,3.7505198468622223,-3.5251247364335425,-0.9399029682199254,-3.7505198468622223,2.0903691197885528,0.0
242,-0.1285953726619482,-0.004327260106801983,0.015818691676647914,0.2858560037510605,-0.2153542946913895,0.16347530991454332,0.09538101857572462,-0.024953422876285658,-0.17336246327303517,-0.1468478613166646,-0.04790433475488036,0.025506728771538867,0.20666152636067986,0.18640720326166438,0.16333774437732967,-0.06023080747392175,-0.04893399956795937,0.11414656543036783,0.0062764290874803425,0.12006147137893086,0.0357683684732301,0.21970891405842727,0.19468943558778012,0.1131053338890333,0.1987153328788784,0.13429073153903817,0.04257967941629995,0.1778146479252911,7.625437337384008e-05,0.0054304604442534585,11.300010668976833,-0.4529206943674531,3.6574446981103352,0.9071539935235909,11.300010668976833,3.6574446981103352,0.9071539935235909,4.031779305632547,-3.6574446981103352,-0.9071539935235909,-4.031779305632547,2.0903691197885528,0.0
243,-0.12923227879218757,0.20127290334552528,-0.02940166172585254,-0.21954536437962835,0.21781448385453572,0.1426481695865097,-0.04614086288495142,-0.10103114426569573,-0.004389723991254535,-0.039355757153324206,0.016325113752443526,0.012327586383433509,0.4654622442744652,0.20468916847831137,0.20522667727845695,0.09348508527469843,0.11014969356635729,0.3022527171068755,0.1925943756773091,-0.05634966473958713,0.04191781727644865,0.166228125656763,-0.003141619029019903,0.2161359903421093,0.16613216086671245,0.1326469182517092,-0.022101339650403493,0.03119769677098791,0.11737058998365155,0.06923959045995197,12.029145760292138,-1.2673787348417473,4.328519109305972,1.3453798214624557,12.029145760292138,4.328519109305972,1.3453798214624557,3.217321265158253,-4.328519109305972,-1.3453798214624557,-3.217321265158253,2.0903691197885528,0.0
244,-0.07177086542360483,-0.026259214170277115,0.18103567845958168,-0.016394462182245217,-0.1610902992462303,-0.11878102177968364,0.029957740262583465,0.02775156843768435,-0.007854842215630792,-0.1946733623386864,-0.12528030919967809,-0.016181788793810964,0.18633517668977023,0.3651409557824269,-0.08330422800964274,0.00287362596226641,0.3027663581593401,-0.06771109359753319,0.3933604097067851,0.09674147832962937,0.017222955040946883,0.1669294069906899,0.015812824225671582,0.2230910234079805,0.1536508633612583,0.18698815180497438,-0.045102557612604184,0.17395375819801434,0.08085805063995985,0.05937914961073483,12.41194893819593,-0.8157972461707845,4.063771905964481,1.1076259521250986,12.41194893819593,4.063771905964481,1.1076259521250986,3.6689027538292156,-4.063771905964481,-1.1076259521250986,-3.6689027538292156,2.0903691197885528,0.0
245,-0.07326274109072982,0.21077704316005108,0.10333612483332678,0.15778594309064803,-0.04646551938610635,0.14845294338622453,0.09710388498863767,0.00216172250347825,-0.12651867674074357,-0.05565069151838567,-0.07309611803958509,-0.008008175208471802,0.249449782303577,0.3366683767205037,0.08879491516918395,0.03742836333396596,-0.027899483491543496,0.27247034221028454,0.09663817896880605,0.027547416021435497,0.038276372383489354,0.015690882852326206,0.13775989550702333,0.13281476711110418,0.13252922442257464,0.11094745894570192,0.14267106438244664,0.10739983804947202,0.03772444758160968,0.03040721806022077,11.060736900038167,-0.6209343727115946,3.5677678647662017,0.9233913774604555,11.060736900038167,3.5677678647662017,0.9233913774604555,3.8637656272884056,-3.5677678647662017,-0.9233913774604555,-3.8637656272884056,2.0903691197885528,0.0
246,0.01585005358792843,0.10753832437098026,0.08670406266711449,-0.09964952548924558,0.13836073566984797,0.009725974475445431,0.05383763516009521,0.07505849994255513,-0.08497596472132989,-0.11883444773800397,0.0056868012745762975,-0.108369144821132,-0.0163179586516322,0.13563811115008684,0.15374548974825092,0.30229926209939995,0.19350648702833892,0.08350078387469467,0.3246501004999558,0.3187036741107785,0.13006338562969805,0.20118648262880484,0.26433982306599196,0.21868739204130974,0.02879075900911766,0.07466130089376342,0.05014773423040979,0.1409627479341644,-0.025960833556255232,0.04866096841263434,12.424884058367537,-0.7593575118506188,4.029604022938319,1.0816734396251668,12.424884058367537,4.029604022938319,1.0816734396251668,3.7253424881493813,-4.029604022938319,-1.0816734396251668,-3.7253424881493813,2.0903691197885528,0.0
247,0.19539532259256256,0.008899205990047315,-0.099635506,0.299474749,0.048742608055558356,-0.199409276,0.14970106499999997,0.09553588091260627,0.069961464,-0.032667056695237895,-0.051930442082619696,0.02986365399999999,0.23516803185928914,0.4100514313468569,0.4494541819999999,0.27865204085360695,0.349844371,-0.051282388729157184,0.09476633171419416,0.15738679435065786,-0.01126160249771374,0.0926274799323883,0.01739188635275425,-0.004053668340845591,0.047346378508051276,-0.019647751,-0.049658494,-0.039666411,-0.029899059,-0.019866841,11.325141501713869,0.2756423836827544,3.43978649710179,0.7225922464931315,11.325141501713869,3.43978649710179,0.7225922464931315,4.7603423836827545,-3.43978649710179,-0.7225922464931315,-4.7603423836827545,2.1238580224843817,0.040275457027267356
248,-0.09139184006489812,0.2911862758174539,-0.034210390202146945,0.227726536237773,-0.23446479944898707,-0.19710162802300493,0.05488899559047708,-0.002266247916619238,-0.11835730046024145,-0.09804131731656851,-0.07725833106793945,-0.0878735072117352,0.4884414157382055,0.2084335566769523,0.21744923248094877,0.23913703542243664,0.006496348367965983,0.12705601390977497,0.10303620378931547,0.08188572391245905,0.0474109134713165,0.24770319267357763,0.2594433828915796,0.28474000513519615,-0.022845879811391794,0.10702547768043778,0.13918585180746412,0.12251395867150484,0.054651384639971955,0.020592356968903314,12.596469651346858,-0.7566024336663508,3.468378913305231,0.9303348025615554,12.596469651346858,3.468378913305231,0.9303348025615554,3.7280975663336493,-3.468378913305231,-0.9303348025615554,-3.7280975663336493,2.1238580224843817,0.0
249,0.03476825067773465,0.07611160805448888,0.15778920744255953,0.23214549924304323,0.05102258391178194,-0.0789067085962333,-0.09143898545320567,0.0564194306527976,-0.06024681231094706,-0.012830155860916043,0.011878122299039812,-0.12591568505752682,0.41766180368485734,0.257460375878329,0.08356190882904485,0.12486407195684629,-0.04986988464390388,0.24273917265500153,0.30487590492586225,0.061680809458128066,0.06129421218253388,0.011202594869025952,0.04361780370370527,0.21997071546822675,0.15648390831664988,0.03584365881890075,0.18787927428722073,0.14915662785109357,-0.019052162771892048,0.06185163515636058,11.897071686841374,-0.6147257781872342,3.385983807951005,0.8749370445069655,11.897071686841374,3.385983807951005,0.8749370445069655,3.869974221812766,-3.385983807951005,-0.8749370445069655,-3.869974221812766,2.1238580224843817,0.0
250,0.21625550035387284,-0.005781986899673935,0.005013293608190056,0.17934041747984497,0.025804987456522988,-0.0929792903341561,0.060767355045662025,-0.09872534084800993,-0.04142700916556011,-0.12859152454900236,-0.11561632497100444,-0.10867403334523043,-0.023349969110790125,0.0853019162821522,-0.034060456243558315,0.013309347007592481,0.31924913026252955,0.27149852661273244,0.13597678285080628,0.3566307639237865,0.2497657442745786,-0.008904584814414335,0.07984277492934143,-0.030451820536842474,0.12992410613996747,0.05278847508467603,-0.002719450899320651,0.12418786762642901,0.12103224353220451,0.08053943783742006,11.620730628703205,-0.34641882738126384,3.5151397319704323,0.8494202267425982,11.620730628703205,3.5151397319704323,0.8494202267425982,4.138281172618736,-3.5151397319704323,-0.8494202267425982,-4.138281172618736,2.1238580224843817,0.0
251,-0.08292934475466608,0.14329053461551666,0.17170387676980203,0.1902408015649406,-0.2083128349458966,0.055302977690157434,-0.020873737925134056,-0.060889192249068094,0.03182387297695752,-0.00262995064560273,-0.0225164530582391,0.014806883342649957,0.23964223558541559,0.1662824380238343,0.07768158566269384,0.3465511661341075,0.22034744366682735,0.13723762114211144,0.060499296946309206,0.26115833417613826,0.2781089130390835,0.15020382577016925,0.1809020539031661,0.01153565929624744,0.0005875071118168415,0.13502343047987547,0.13778182361551122,0.051737862366817586,0.10877981396032607,-0.009382628836059021,12.100868177079427,-0.7359153961167775,3.5903048443329193,0.9577250292305031,12.100868177079427,3.5903048443329193,0.9577250292305031,3.7487846038832227,-3.5903048443329193,-0.9577250292305031,-3.7487846038832227,2.1238580224843817,0.0
252,-0.11295536393299699,0.2301497553102672,-0.05999897841237871,0.013195929723429256,0.1848495492836088,0.14269808019481714,-0.1286652327777156,0.03501190983308981,-0.06540092811775253,0.043135012953495144,-0.09551233419619638,0.024334782816055583,0.14110391163298525,0.1409678524078404,0.2955944437057707,0.1048364933079485,0.07031540059778657,0.026963509288261314,0.3479041294680608,0.3481332963557127,0.08701592962614016,0.17499213850788894,0.17306326986156212,0.009200834889574891,0.09315639656374695,0.15592117548223586,0.09320056605812915,0.14636985152608883,0.03129118328546412,0.09959320304939132,12.140036587132123,-0.8394516207907499,4.094971747251543,1.123372489679249,12.140036587132123,4.094971747251543,1.123372489679249,3.6452483792092503,-4.094971747251543,-1.123372489679249,-3.6452483792092503,2.1238580224843817,0.0
253,0.14117268580012024,0.24111199133098127,-0.08868723704728046,-0.025772817357270633,-0.18541753069774197,0.16661424231875235,0.0637251511518461,0.06252607923449367,0.024050179346806727,0.024684378937023965,-0.0953416293775477,0.019840817248642534,-0.05506934104409441,0.2781138711918009,0.1525073716210893,0.1259119038676362,-0.01293347728605506,0.0355858961216825,0.323987246003941,0.30372241499271563,0.221725820127798,0.16321687758205003,0.22223493664772387,0.24354944712958346,0.02323931743120986,0.04248215651427925,0.023244346914375477,-0.019425142243996583,0.0693349526893193,0.08540604773045364,12.218664324092508,-0.4497292353574789,3.6812372502320514,0.9123330663235155,12.218664324092508,3.6812372502320514,0.9123330663235155,4.034970764642521,-3.6812372502320514,-0.9123330663235155,-4.034970764642521,2.1238580224843817,0.0
254,0.007479032361879967,0.2149939703196287,-0.07371679170866835,0.18003753592648886,0.007027623442010633,-0.11057351933578591,0.1420534769090121,0.11825906488302888,-0.043535133701432,-0.09072923531181337,0.02158966874301002,-0.09616573826618993,0.4193101987106758,0.00811403318506787,0.40293491186524394,0.26462702393408666,0.07754691029181279,0.1524045775667905,0.17871240999791518,-0.008776869365592563,0.2741074111765045,-0.004832886006351754,-0.004654346616121782,0.27026174826916205,0.06381099925673539,0.09611446994123975,0.18374596409468597,-0.039627282224809324,-0.029569458433955757,0.06941413221713238,11.933907273785024,-0.5958580842776149,3.3827624307769333,0.869863703407588,11.933907273785024,3.3827624307769333,0.869863703407588,3.8888419157223852,-3.3827624307769333,-0.869863703407588,-3.8888419157223852,2.1238580224843817,0.0
255,0.16577610573731363,-0.08586151694878935,-0.09530579175420728,-0.04948726242028381,0.058741029403028555,-0.05862509250967449,-0.09330740909516955,-0.016174408903898374,-0.15041048467389734,-0.07232403843144763,-0.0909385437097985,-0.1276204966954732,0.045520310300046565,0.2079678709187463,0.027638001874779383,0.23454036376675386,0.30900424288206724,0.056595894328543034,0.0018324041907712002,0.29694593077513765,0.2694711701747093,0.23244326385216582,0.22800717498536704,0.017453011850788992,0.10316531563888454,0.10842110803504594,0.09951659793019377,0.09155933291248687,0.046246784875819395,0.003942568248054137,12.303130210598006,-0.6164852122066766,3.8681905825872778,0.9999937425382577,12.303130210598006,3.8681905825872778,0.9999937425382577,3.8682147877933235,-3.8681905825872778,-0.9999937425382577,-3.8682147877933235,2.1238580224843817,0.0
256,-0.07849309216253458,0.22690423266962167,0.10620222936657274,0.09270719369370994,-0.09388747600414107,-0.06745719112859913,0.04465056485481339,0.08656604663660912,-0.19220676623724967,-0.010998553560054442,-0.07558101416324126,0.023726445807460944,0.4071866901368329,0.012162781555682817,0.09715239020993671,0.1807865631955542,0.0838511895097179,0.20983772612876325,0.2356139092431145,0.04802543684763633,0.2323085395838586,-0.010921169661142753,0.010720906608423474,0.1390529056055363,0.014710146212299425,0.09394158983422436,0.19407095438201125,0.035197895709193766,0.10215381166499768,0.02964680249887094,11.766938365680607,-0.7116162359710287,3.6238371158342204,0.9604443851425704,11.766938365680607,3.6238371158342204,0.9604443851425704,3.7730837640289714,-3.6238371158342204,-0.9604443851425704,-3.7730837640289714,2.1238580224843817,0.0
257,0.14103153897449375,0.23709205320104954,0.06181963190292754,-0.0020832264703714576,-0.04006091080304672,0.16480850864875182,-0.04158627344883652,0.10417910440654525,0.0139140895239801,-0.1721752213627478,-0.024723652399987583,-0.07370925359147144,0.21299948400658808,0.22799474724042873,0.35659865435938304,0.39910472054860635,0.314832038133131,0.009165186948002238,-0.06504204534754872,0.026730354012794832,0.08481108983469282,0.10533858681004207,0.24706884626666947,0.23185706387076302,0.1819193514711556,0.06705220533150738,0.13710572386332553,0.007533990194257677,0.08261175191313483,0.0023574456221896155,11.191087708019237,-0.6300832599503563,3.9437981259597277,1.0231362524277667,11.191087708019237,3.9437981259597277,1.0231362524277667,3.854616740049644,-3.9437981259597277,-1.0231362524277667,-3.854616740049644,2.1238580224843817,0.0
258,0.19604556162519512,0.022146019784825777,-0.099635506,0.299474749,0.08363123742816175,-0.199409276,0.14970106499999997,0.09900549377859245,0.069961464,-0.02897936446724858,-0.07398510607876586,0.02986365399999999,0.18077368319238674,0.37815518706903756,0.4494541819999999,0.2978729379069767,0.23745810855805416,-0.039156012523687674,0.09400327897082564,0.08638521089815762,-0.030958836565709254,0.08683028596923094,-0.0032537246271917564,-0.003204913445742613,0.0207937929774618,-0.019647751,-0.049658494,-0.039666411,-0.029899059,-0.019866841,10.854802141928808,0.37399568720927245,3.4616559076414393,0.7124660877104114,10.854802141928808,3.4616559076414393,0.7124660877104114,4.858695687209273,-3.4616559076414393,-0.7124660877104114,-4.858695687209273,2.1521677867591245,0.03264585802997404
259,0.2891100672539324,0.011449783835560084,0.06284891177213099,0.05787505041669011,-0.23637606119363955,0.12439476128085983,0.03595496922978178,0.08189367229242882,-0.11490442397825389,-0.07152783939601012,-0.005194313266889933,-0.10535770713490686,0.27089585608357236,0.4120708398364183,0.40086783158170863,0.2206455732493342,0.050545792555207976,0.22435415977203474,0.14156582180069205,0.14386615984653167,0.19541402512378153,0.1356892264937845,0.2290120236662731,0.15188788087667995,-0.009758362663534463,0.0361341605975162,0.017865951247675718,0.055150357529336294,0.13754162372877968,0.0071771056721527775,12.800945647704463,-0.5868440805604704,3.423843647719449,0.878391535881029,12.800945647704463,3.423843647719449,0.878391535881029,3.8978559194395297,-3.423843647719449,-0.878391535881029,-3.8978559194395297,2.1521677867591245,0.0
260,-0.10007811728864907,-0.07930618487298488,0.06930149829004696,0.19078829347059767,-0.20263492257298243,0.13911071714825538,-0.022903742184625514,-0.0569072689990463,0.031046699622544804,-0.162124840579645,-0.06843837951823155,-0.031234957595397447,0.18978043864372884,0.41104434205764157,0.2425043885588904,-0.07274813120450721,0.07222455513643844,0.09733704207210461,-0.07569532043598064,0.2749581812751869,0.1754220814325778,0.007658207118920887,0.12278242033520671,0.02165790265463227,0.197252478466432,0.10493839171775665,0.04682489454760036,0.15906974365211907,0.0007107706334134219,0.08799523020242218,11.959332940919932,-0.5955096148396777,3.8961489678329198,1.00178921111683,11.959332940919932,3.8961489678329198,1.00178921111683,3.8891903851603224,-3.8961489678329198,-1.00178921111683,-3.8891903851603224,2.1521677867591245,0.0
261,0.059594972059130696,0.060256212931126346,0.02654232147446127,-0.09388622020851378,0.07708028372974268,0.11504119033829477,0.027314570138132932,-0.018342260038985606,-0.17953150081717284,-0.07553515661428885,-0.10453274327694707,-0.1078065603151036,0.29995791444582337,0.14574531852426803,-0.07479027390622242,0.2678131387298048,0.33398261482961134,-0.05030140737746398,-0.026354688657944186,0.03811469710785986,0.008694252679138266,0.09836657925494935,-0.029699016609406954,0.04454566308679506,0.05461076669461283,0.17980458540412944,0.16009328175475568,0.18707192911565274,-0.016031533012108693,0.08380277270295233,10.373410447187533,-0.42046439830128435,4.061067565445766,0.9992205087097742,10.373410447187533,4.061067565445766,0.9992205087097742,4.064235601698716,-4.061067565445766,-0.9992205087097742,-4.064235601698716,2.1521677867591245,0.0
262,-0.027002352662384488,0.23694165039807558,0.08635180553871959,0.2471796414642593,-0.11616725349185017,0.1976506788511249,0.10291507363900387,0.08426589419087903,-0.1840654391238365,-0.026454981317844323,-0.0745132374237777,-0.08340150078429127,0.30213280869281806,0.35178953783981726,0.33605557132791364,0.30600823097087065,0.061271753282528034,0.23389805805000982,0.051348895944101886,0.25394009582177646,0.15041905730165475,0.11482778121370477,0.13248742366526522,-0.03877977157231186,0.041244473832709905,0.19347059830900784,0.15692038136593997,0.10926084906473195,0.13224416572457323,0.05889928452940564,12.165086252199202,-0.7356598497106268,3.3048833898420913,0.8815278730975983,12.165086252199202,3.3048833898420913,0.8815278730975983,3.7490401502893733,-3.3048833898420913,-0.8815278730975983,-3.7490401502893733,2.1521677867591245,0.0
263,0.24111021342687314,0.22113383933901787,0.09676229469685786,-0.06556094373422336,0.17081799239276863,-0.04730446806247596,-0.13471162808169057,0.10208311943095798,-0.11165624782365835,-0.1801659021399389,-0.13080791733893715,-0.06102162732065956,0.4924282175646613,0.31876640364850256,0.406390704742378,0.37181743874529166,-0.008869323296382299,0.18955484724831242,0.38764625782021933,0.0333321244904798,0.18813482557748132,0.1540806762044957,0.013097308138270855,-0.01858741970369493,0.13485615416152572,0.10164732542237079,0.0720418980785541,0.023286015132614954,0.004493916512430578,0.09184879773719692,12.761811289678562,-0.8171306095558095,3.9942342104549176,1.08906847703055,12.761811289678562,3.9942342104549176,1.08906847703055,3.6675693904441906,-3.9942342104549176,-1.08906847703055,-3.6675693904441906,2.1521677867591245,0.0
264,-0.11974054239690303,0.2272854175977409,0.04489039888903841,-0.095514467587687,-0.05639959464250452,0.18758013899655382,0.0872072490073626,-0.04201102717278368,0.06399697650999256,-0.11852541227256833,-0.04670200261005995,-0.1465931799093415,0.4196376226780493,0.2137417827219123,0.03975906886893141,0.12718291772300194,0.32567014159709906,0.04666745855265625,0.3868773785880636,0.1682131472808159,0.21522986163752228,0.11202467374644545,0.284590981590949,0.1362602138119974,0.05131494102325607,0.1870652576345719,0.12429106761846825,-0.0019418681756485437,0.11510870916110633,0.012522281162444877,12.813224009214055,-1.0667874960104307,3.9834188703097104,1.1654537281630386,12.813224009214055,3.9834188703097104,1.1654537281630386,3.4179125039895695,-3.9834188703097104,-1.1654537281630386,-3.4179125039895695,2.1521677867591245,0.0
265,0.07286515398882332,0.153415976408869,-0.024660839119023198,-0.040577992591876166,-0.12889072969206947,-0.004733477624752402,-0.07667778936809176,0.020889822855283,-0.06058784943721607,0.0422945556271051,-0.10739208230720695,-0.08606967683117557,0.4830826233485009,-0.06440623751411953,-0.06672690707119636,0.01091015942322765,0.06634633924703684,0.26643136469037876,0.06274106510216892,0.14073282975604728,-0.04424050310478595,0.1951940344601237,0.14103723414259267,0.26006712522100145,0.09864436429553686,0.0695816307135633,-0.011564310370411446,0.15267385222775137,0.09761216933275887,0.0352230700006118,11.489110219283347,-0.8979123538534926,3.591807507438082,1.0013995423723976,11.489110219283347,3.591807507438082,1.0013995423723976,3.5867876461465076,-3.591807507438082,-1.0013995423723976,-3.5867876461465076,2.1521677867591245,0.0
266,0.23196217855438592,0.23046717876568434,0.07536487522895739,-0.21079869981299773,-0.05081413541458818,0.061445070072451896,-0.039057136917499694,0.09172585303317148,0.03470516977882354,-0.1811255625124879,-0.1255578574741865,-0.07951927615317211,0.3996041975293571,-0.01446328157619145,0.06112461172356029,0.05894438446394357,0.268566412936774,0.39160132786509383,0.10349562036682139,0.2504764205373817,-0.011535744221055508,-0.021885605890822085,0.24296616135515764,0.19884627150501202,0.14624557946099973,0.18820660046682341,0.19312115194020044,0.16108983831420703,0.07502511385863,0.03596285297602482,12.076891256901616,-1.2295352049679371,3.7261614659638997,1.144692112562368,12.076891256901616,3.7261614659638997,1.144692112562368,3.255164795032063,-3.7261614659638997,-1.144692112562368,-3.255164795032063,2.1521677867591245,0.0
267,-0.04860079865902661,-0.05921805677935481,0.14487434827819046,-0.2001130702399936,0.07776473406184764,-0.026587001508101837,0.07780624245494222,0.04068832576312632,0.01083414302950056,-0.0733636169284031,-0.09125711719521018,-0.07754611806263705,0.4755576943405046,0.4123805098847741,0.14711741818926927,0.2840759065512866,0.2839845371048178,-0.01378330166540137,0.12816871560135523,0.1572704895736278,0.06621720432447636,0.1580027127945551,0.040189376751869996,0.05748231711180903,0.05913665168049394,-0.0018465560756399171,0.006666724793349052,0.019239082398956386,0.0972780786003351,0.08336946430690889,12.382088574996564,-0.6305873764674734,4.2369037658033015,1.099320175527181,12.382088574996564,4.2369037658033015,1.099320175527181,3.8541126235325267,-4.2369037658033015,-1.099320175527181,-3.8541126235325267,2.1521677867591245,0.0
268,0.3084937064442784,-0.10734247617423534,-0.07195707628493252,-0.16616584872245924,-0.09010402935948542,0.12337666495777391,-0.020477301551461546,-0.06138647376880185,-0.18245378502813353,-0.005035196847901047,-0.0984197650121067,-0.1211015225770894,0.015290278030671428,0.3576467796527514,0.24855053501781793,0.25227527076508205,0.023943794525426658,0.09834162434124055,0.31597127309049267,0.38258941814313835,0.11660366339634531,0.1457655384237798,0.148506854566746,0.07617124481966928,0.055395941588054956,0.03883707409616659,0.15015522707760218,0.13626033241796204,0.02003325914110101,0.027865005172862455,13.268428461224245,-0.6699637820453566,3.7322437041018017,0.9783753032609233,13.268428461224245,3.7322437041018017,0.9783753032609233,3.8147362179546436,-3.7322437041018017,-0.9783753032609233,-3.8147362179546436,2.1521677867591245,0.0
269,0.23014024249278012,-0.07730595773085952,0.15914887970231106,0.24720068538310863,0.11717573025460715,0.19145732783874966,0.14198142754247245,-0.08387568772008874,0.00556957813432607,-0.049235576102584055,-0.008144654852137029,-0.14064741734420522,0.05077158841893466,0.43367305166716325,0.44736463734572024,0.343569271369907,0.09410482009094809,0.12017926095394196,0.3442612253715942,0.00892987097064557,-0.048964425673010806,0.1778817508354725,0.052666255353593594,0.10648258484112835,0.008131991449270685,0.01333605440924281,0.18052261642595913,0.06773016984793508,0.09021634979656395,0.0988194234693866,11.418970483035068,-0.3292623564680426,3.2577051667380315,0.7839619905760663,11.418970483035068,3.2577051667380315,0.7839619905760663,4.1554376435319575,-3.2577051667380315,-0.7839619905760663,-4.1554376435319575,2.1521677867591245,0.0
270,-0.13729808162897825,0.16339547848328945,0.03930039321755517,0.21739276391496043,-0.06304798549931528,-0.14136463744999286,0.10428797181140931,0.06283526169611665,-0.15897091210368672,-0.14208855779915916,0.023513025741861676,-0.016833493296893515,0.44622699227308976,-0.058162132083130626,-0.030866042752880643,0.2900807637665924,0.10259215026563331,0.346556751646669,0.3974826810752575,0.046551841974355745,0.11144759431219131,0.08687428835490506,0.1965992699364716,0.07396848382666871,0.03129435540308481,0.09861516019597368,0.18016635726461436,-0.018913943124880688,0.019344901877604556,-0.004004835414473468,12.327680208979126,-1.0866990833492798,3.3006356180943506,0.9713463000909549,12.327680208979126,3.3006356180943506,0.9713463000909549,3.3980009166507203,-3.3006356180943506,-0.9713463000909549,-3.3980009166507203,2.1521677867591245,0.0
271,-0.11477078958414494,0.08563751723617316,0.14391272731859045,0.20476434986738196,0.23652288990693987,0.08083753003155067,-0.011490952120685821,0.06428776010085298,-0.06528901248296906,-0.0959332872160304,0.011802205216080192,-0.07254846873762932,0.31420822980188917,-0.07216405899635277,0.04787212699832161,0.11386180673286408,0.2631271726605831,0.12672346917761027,0.02577564659474252,0.17746510999520626,0.16542873557882654,0.21528427554509055,0.15565357939968427,0.04665406930115953,0.10055202850325848,0.1792148796334745,0.15071321659011308,0.12680176248475333,0.06781569997563489,0.0003674764355382429,10.688450714618384,-0.7920968114060196,3.6742584293078346,0.9950320252815654,10.688450714618384,3.6742584293078346,0.9950320252815654,3.6926031885939805,-3.6742584293078346,-0.9950320252815654,-3.6926031885939805,2.1521677867591245,0.0
272,0.36822937009856105,-0.02026774797588586,0.049124476602942654,-0.004101320582555329,-0.07643810986224778,0.00471757954824209,-0.10374420336558639,-0.11895067414389562,-0.10443200525630376,0.014082464804188566,0.01720522351640741,-0.10264834080224194,0.1934410599421627,0.39940005662722705,-0.0265886607091797,0.15861019278425767,0.19850965281384247,0.17297377200364614,0.0014291095107783897,-0.023703917738468312,0.028366437417022744,0.037296458088713846,0.20748608944777885,0.14619219133954384,0.17829723440181244,0.028036305430866163,0.13494656067815092,0.12002370986823248,0.14038786533834588,0.031964206984219465,11.226326314494614,-0.4825978616134039,3.539124955571414,0.8843164999777277,11.226326314494614,3.539124955571414,0.8843164999777277,4.002102138386596,-3.539124955571414,-0.8843164999777277,-4.002102138386596,2.1521677867591245,0.0
273,0.27279609427787366,-0.10129538297653198,0.07302786587468575,0.09769982045634301,-0.18540895446336733,0.006497706747880971,-0.1495622090943861,-0.03660476385810625,-0.16513928799314495,-0.017588859961692516,0.01415688630170589,-0.13952856730690122,0.2978865112822953,0.2233216151160849,-0.07785930467239177,-0.032539744205152786,0.10011109598836071,0.20948313618910394,0.307509096310954,0.25657436331168676,0.17730036809731325,0.13743397522510714,0.23689845994684905,0.026406297961480994,0.024640997926420157,0.004298265559085152,0.18376330172493818,0.09379364717210358,0.028820558750669113,0.07518649477617836,12.474190798455957,-0.7401740288004555,3.4791989753786434,0.9291427011425147,12.474190798455957,3.4791989753786434,0.9291427011425147,3.7445259711995447,-3.4791989753786434,-0.9291427011425147,-3.7445259711995447,2.1521677867591245,0.0
274,0.2101347320713103,-0.06906196285039187,0.09462150430081138,-0.11998121688628449,0.20576454552520151,-0.016293895049532908,0.06457597298487941,0.06210671028719418,-0.18377305133266914,0.006349762853546187,-0.06397363598925113,-0.06015216145775684,0.026051211928575388,-0.07427392559588926,0.4328999983517419,0.18326186339938433,0.21411825896121456,0.045891941398816444,0.12469308669807974,0.05685538528994866,-0.01136572823660377,0.19308674073041965,-0.01854924351246095,-0.005844009938767242,0.013514059601457695,0.017125830338421768,0.1025461836030134,0.12887283005840533,0.13691758965473444,-0.006651673220804115,10.449447154009926,-0.1487128550416461,3.921378913600446,0.9043797369556339,10.449447154009926,3.921378913600446,0.9043797369556339,4.335987144958354,-3.921378913600446,-0.9043797369556339,-4.335987144958354,2.1521677867591245,0.0
275,0.038049756223335895,0.10846920009702443,0.19213392488051195,0.08008088178645428,0.13458941909419703,0.08028877224652761,-0.07732014800680377,-0.026903072844673123,-2.0605548905372473e-05,-0.1807423650896524,0.023720523896527734,0.0004373768139128986,0.43428002028991924,-0.02886364958020997,0.035638352384175204,0.259820362842324,0.19634992251911218,0.11417744049876682,0.29419005853161084,0.22326042872052493,0.13484799427481198,0.04143988070165101,0.23870487773252386,-0.031275145557581055,0.15749374345357203,0.1093831929559184,0.09217824586921466,0.12690419578057754,0.13980672326240862,0.0970230446182332,11.700656893984439,-0.8647059263618555,3.8543473916629973,1.0647385916268433,11.700656893984439,3.8543473916629973,1.0647385916268433,3.6199940736381446,-3.8543473916629973,-1.0647385916268433,-3.6199940736381446,2.1521677867591245,0.0
276,-0.11108730332925915,-0.09235528741031884,0.14935577708274567,0.2885863427139634,0.09528197626091672,-0.011147535349965682,-0.12793409708065834,0.08682827326838462,0.0634263824013305,-0.1763599652355392,-0.1434657655315853,0.013109960551837857,0.3169006770893155,0.45601695064747955,0.0015743914481433224,0.2763064685503111,0.15876470868598955,0.16003441299501114,0.2346070655623491,0.11575459968000631,0.18206598388768563,0.1128783285977703,0.1389052876392194,0.006103818228581685,0.03731649102608177,0.13459432935581406,0.04905782982684688,0.014148007913813286,0.05378827765040702,0.04135013192866131,12.233094902590357,-0.6400861744404565,3.8306129971727008,0.9963583264738416,12.233094902590357,3.8306129971727008,0.9963583264738416,3.8446138255595437,-3.8306129971727008,-0.9963583264738416,-3.8446138255595437,2.1521677867591245,0.0
277,-0.12813916192390024,0.15130485551431777,0.006640631290799892,0.26512016103713015,-0.16633438958379784,0.02854327488717362,-0.03503893536473583,-0.018790611421798692,-0.07024217423961804,0.01733516005604141,-0.011108947259304808,0.01839956933154674,0.394061143493736,0.3131465496987281,0.4297500808290005,0.0153343217717095,0.1250711818922312,0.27591838058682716,0.13042671943634113,0.10971789075350621,0.2792850265930482,0.02260867950541763,0.20458171385945007,0.25627321684863164,0.1399472000557059,0.01422041664407012,-0.01800018324868053,0.11123806553921071,0.03328932924311153,0.02971453226445504,13.041782611588209,-0.7207643678577922,3.408753314056365,0.9056353899751217,13.041782611588209,3.408753314056365,0.9056353899751217,3.763935632142208,-3.408753314056365,-0.9056353899751217,-3.763935632142208,2.1521677867591245,0.0
278,0.27866722238250086,0.08336383251473306,-0.07458167025849122,0.06456588213046921,0.12350715968032577,-0.02471638449305147,-0.05224556513985974,-0.043501682065410566,-0.12157947858666693,-0.1139176984335148,0.013519959162015815,-0.06605967120374391,0.045769556574465756,0.4194876979374466,0.36484859820146726,-0.023988517927293458,0.08303288458804955,0.13432085647308528,0.04094418019258743,0.09990455214361446,0.2494558459491753,0.021363692127467214,0.27726114063412943,0.2140496284897578,0.04948359891627488,0.11632680935237592,0.005565538003379819,0.16459478975699848,0.03816029054391296,-0.014930355090247486,11.73297040790162,-0.4309767909842055,3.6342915469641914,0.8965317461441978,11.73297040790162,3.6342915469641914,0.8965317461441978,4.053723209015795,-3.6342915469641914,-0.8965317461441978,-4.053723209015795,2.1521677867591245,0.0
279,0.3690112642478198,0.2406114206649363,-0.09320389739683466,0.11905050288265345,0.014413013236822647,-0.019428101391184283,-0.08384208156046222,-0.059284430789000184,0.00950024041081765,0.0349076325274231,-0.06393103680082758,-0.1349493946280129,0.015285499519462467,0.4757033307275967,0.09446297133856049,-0.027037507935380643,0.30757067736626253,0.020785026925737513,0.23001271149321265,-0.01900099206898033,0.21884850610977147,0.0713437742468278,0.06931574860476432,0.06472512793481006,-0.0029820408876369033,0.051875685333180696,0.18036289717448328,0.16580877101167857,0.11633567255676419,0.029765926630805194,10.91331986922386,-0.17713797319956903,3.4924963530390962,0.8107826030849407,10.91331986922386,3.4924963530390962,0.8107826030849407,4.307562026800431,-3.4924963530390962,-0.8107826030849407,-4.307562026800431,2.1521677867591245,0.0
280,0.23931980649940673,-0.012966395169496533,0.10075205264776803,-0.16456041171500638,-0.1139313124487456,-0.05307523003589468,-0.014584933511426479,-0.11945895757171367,-0.1874305949713622,0.046205728865729684,-0.07768704028598554,-0.0009799124380265867,0.4049546568113756,0.1787966418301813,0.0027661701044426473,0.37339730966679247,0.09968949025527554,0.3396930110469899,0.2337198925839958,0.32514928858921505,0.28940718895749384,0.0502828401198248,-0.02077172585488238,0.29615893847580044,0.10378673221746826,0.07354205145581028,0.08579272433654228,0.030493339775120115,0.07823684590934882,0.008874396715885514,13.822141231313463,-0.9712798284017592,3.5553532240002608,1.0119351089121074,13.822141231313463,3.5553532240002608,1.0119351089121074,3.513420171598241,-3.5553532240002608,-1.0119351089121074,-3.513420171598241,2.1521677867591245,0.0
281,0.14890083959326153,0.02233459336683155,0.08026003658724794,0.26452897807916126,-0.2454002432481533,0.1595116508060153,-0.029959105659138202,0.10898030334606758,-0.08300390307487787,-0.05917897668805852,-0.13255078611286214,-0.07394999418205365,0.199864597343275,0.06956832449114342,0.24775370898021726,0.3481126180349403,-0.03995316808872096,-0.03527103897898256,0.3292589112707629,0.27142010985226894,0.13142659234428353,0.08448079309675084,0.19200265297274888,0.24356041316454155,0.006697446090795849,0.1976169060233249,0.0746055533180127,0.16399514323490066,0.134775631043362,0.03922141496181834,12.319278317680686,-0.4911228685350868,3.468600804197687,0.868544838377854,12.319278317680686,3.468600804197687,0.868544838377854,3.9935771314649133,-3.468600804197687,-0.868544838377854,-3.9935771314649133,2.1521677867591245,0.0
282,-0.006147830421105005,-0.033303148727864024,0.15021356579166095,-0.13187961204663692,0.2024533331883539,0.06954780459101198,-0.11441921186271128,0.03381990449502702,0.05861004847023668,-0.09134886602774404,-0.13783519605717306,-0.09507753495527843,0.27839031664361036,0.26277695016072006,0.05891768273579334,0.2266236741360626,0.27045432781875334,0.3055763803433491,0.023048832003331812,0.19113026682512801,0.20386769174426617,0.0838814895489346,0.22750436328650964,0.2772393299043764,0.014044701049087328,0.15581894062150764,0.08549616326399936,0.001646337133787111,-0.005658489382847132,0.018897448740180952,12.34966149302821,-1.120014236032095,4.01658584877473,1.1937476871653097,12.34966149302821,4.01658584877473,1.1937476871653097,3.364685763967905,-4.01658584877473,-1.1937476871653097,-3.364685763967905,2.1521677867591245,0.0
283,-0.034675271436572064,-0.03143117520958186,0.1962531419813704,0.19909865594761572,-0.14078484908012778,0.03723894619918486,-0.07854183278404983,0.08537498888569413,0.039728001285417036,-0.06168636429121094,-0.05642208831320114,-0.033809224723009054,0.41603818261220143,0.3851993436587017,-0.025275576188085708,0.026132328090397977,-0.005504160399317726,0.0882197413565364,0.23751746554055783,0.03275431983833996,0.23309592714864086,0.21433030963890234,0.059163973701678946,0.11318736279123542,0.041155822864410316,0.14840641051545217,0.056745867806484246,0.03770857419198491,0.011611942057173613,0.09000244479521959,11.917186358959027,-0.5389037223020088,3.7230600230068096,0.9435509998450483,11.917186358959027,3.7230600230068096,0.9435509998450483,3.9457962776979913,-3.7230600230068096,-0.9435509998450483,-3.9457962776979913,2.1521677867591245,0.0
284,-0.0005649936385452581,0.1526384203322232,0.19701444333284018,0.19684694741980197,-0.18012366948012928,0.073262043640035,0.07166815505165769,0.07333933656031298,-0.04787178708819917,-0.04231086094164202,0.009472047105392678,0.0006044398119032235,0.31512358860092715,0.3463464384790679,0.3615870496276519,0.26769324708925846,0.18314697161750781,0.334237144746124,0.25814432139493315,0.013946893878102107,0.11989344993091555,0.2003403337903287,0.2773796791358623,0.0033786310662408184,0.12422594124480499,0.11013871435896282,0.10273851332051209,-0.0035973247830940053,0.129233704930056,0.07926151097056644,12.753488971553486,-0.9211864768079971,3.232117596612032,0.9070030394375704,12.753488971553486,3.232117596612032,0.9070030394375704,3.563513523192003,-3.232117596612032,-0.9070030394375704,-3.563513523192003,2.1521677867591245,0.0
285,0.37699067736975855,-0.10585334373638033,-0.09684365183273089,0.07578062216255449,-0.11090816287700342,-0.0023110557531423326,-0.05896784637366047,-0.10142739217575285,-0.017971680978190324,-0.1058366423944723,-0.025662302039504564,-0.08122803664840816,0.42920496134717184,0.29869062668052854,-0.026356788099462722,-0.05069873952528129,0.11721169662398573,0.1557482583370617,-0.00292938748635288,0.35183746245913894,0.24882385680924374,0.03737395302856268,0.16152745037016109,0.2997009244320063,0.19248273580168535,0.17305129722352938,0.17891809620204147,0.08201961115736849,0.13698869176395265,0.08219860674087405,12.841122855636566,-0.9090154567257884,3.382882378544795,0.946079649254274,12.841122855636566,3.382882378544795,0.946079649254274,3.5756845432742117,-3.382882378544795,-0.946079649254274,-3.5756845432742117,2.1521677867591245,0.0
286,0.17679573865607381,0.07267713189125061,0.04758218129273546,0.1354965613657092,0.20029953605609024,0.07500136764328094,-0.09847797492048907,-0.017834376510330846,-0.10103025736694442,-0.0509051743532247,-0.09174637574293107,0.003279625825007404,0.10084250798371962,-0.059495367590470256,0.3761003028361251,0.04281656807323156,0.014688025380825524,0.29761632408885763,0.04981768984596438,0.29086127216461327,-0.03179802672555492,0.13487826472406572,0.1568200069470937,0.010971527842174221,0.09027920883982751,0.047958502794118424,0.07192902938320121,-0.02727574433436783,0.02847368921488158,0.035332276852903785,10.647264004248585,-0.4756381980246278,3.5717946703634227,0.8909303090821656,10.647264004248585,3.5717946703634227,0.8909303090821656,4.009061801975372,-3.5717946703634227,-0.8909303090821656,-4.009061801975372,2.1521677867591245,0.0
287,0.14374066470190885,0.014566329605877393,-0.022252750530827856,-0.09797575971036696,0.2324798976150772,0.0955838433195643,0.141506257191639,-0.06945143902984895,-0.07133376423917076,-0.1837642509672124,-0.14216936156724186,-0.05175832621489207,0.18924794871138367,0.32526870837636984,-0.08151923330881598,0.1722579181133549,0.27421756024085797,0.10564810001993091,0.17666309355968365,0.3963567050456114,0.13270136823333112,-0.021530770304764316,0.27190339790533813,0.049931031042194644,0.09410928344302409,0.10077775220845929,0.10103422257102762,0.016040803933671133,0.11129843973903933,0.09001789193669552,12.088088851406331,-0.6918002974078998,3.7744554535805226,0.995137164054464,12.088088851406331,3.7744554535805226,0.995137164054464,3.7928997025921003,-3.7744554535805226,-0.995137164054464,-3.7928997025921003,2.1521677867591245,0.0
288,0.08239191649481656,0.16894576197490097,0.01717110806033069,0.26719831096489804,-0.08663063677778973,0.04514933966670748,-0.06627249643671204,0.0647630112782195,-0.14122102317065716,-0.08568966879670781,-0.0068580975813285205,-0.08379165966315182,0.22440684626537988,0.07250727800181417,0.011062261811624896,0.34572878201753215,0.01770001262806941,-0.07723576310454815,0.3907708824688779,0.029504188033584733,-0.04443148107122241,0.06268542950374394,0.2715735399452211,0.04044690128332681,0.061466746494501553,0.031753367924436754,0.17826442092163713,0.05782408837831253,0.09177024636251321,0.051347466749406545,10.79965944741086,-0.24486707199215907,3.585566957021776,0.845685907417705,10.79965944741086,3.585566957021776,0.845685907417705,4.239832928007841,-3.585566957021776,-0.845685907417705,-4.239832928007841,2.1521677867591245,0.0
289,0.3172162462957204,0.28977211067453024,-0.0450580761704284,0.1206426469740488,-0.14131777416497363,-0.19368480180315684,-0.09026566293077987,-0.08848220263986001,0.028775597703220496,0.03577066478497615,-0.14487854203705244,-0.03333510552889908,0.3759990154363142,0.28745859505171273,0.32979536035446905,0.35228986890290404,0.18479347796298248,0.038581386281559465,0.031126393589258408,0.22456942576449718,0.18544798143761385,0.07704904134431886,-0.019722070441872346,0.26531059012821184,0.04369675268930394,0.1392220747233909,0.09392403970786734,0.1241040482022172,0.027073853577018157,-0.013429818939693368,12.410685841259038,-0.4111987657759437,3.5025951505428004,0.859848800612919,12.410685841259038,3.5025951505428004,0.859848800612919,4.073501234224056,-3.5025951505428004,-0.859848800612919,-4.073501234224056,2.1521677867591245,0.0
290,0.07398264161311091,0.2781932066939771,0.16171096715822592,0.20779238270545147,-0.11591954745377556,0.09116516241455139,-0.019001533007640736,-0.028669445058741763,-0.10209582043962286,-0.0899807713702942,0.013542798327580374,-0.06783396178274065,0.32659246177945467,0.015041734691085634,0.1946931304641028,0.30960465757960165,0.3127389398436737,-0.028115169266035016,0.22356794958402457,0.22518413652625513,0.27218468194214995,0.07553284989792443,-0.03296774944868787,0.051273525445152034,0.16955691619765395,0.0768787530691647,-0.026119097541932784,0.0897978131782015,0.06184958180759403,-0.005770359131152307,11.524267600522515,-0.3889341703284561,3.6834761945349865,0.8993375958777358,11.524267600522515,3.6834761945349865,0.8993375958777358,4.095765829671544,-3.6834761945349865,-0.8993375958777358,-4.095765829671544,2.1521677867591245,0.0
291,0.19959150445647542,0.184062475617975,0.18374184229874357,0.2832333493312686,0.15802579571043268,-0.11941819515758248,0.020271784623623834,0.08511182759550635,-0.059606098889020465,-0.19766324182659348,0.021906146717024677,-0.13668243418759643,0.32941639176083604,0.46860793557884967,0.2717068892133262,0.3931952805806087,0.15426210063740547,0.1813802127036707,0.09899420861120295,0.179826307273386,0.04006958799308577,0.13985377820256173,0.03799611020970527,0.22109775961172876,0.017121046234981254,0.1429380251175806,0.0472119274858054,0.08575381465090547,0.1082564836967784,0.08729571439154739,11.881067554532544,-0.3593554789412474,3.473320031576498,0.8419466577509227,11.881067554532544,3.473320031576498,0.8419466577509227,4.125344521058753,-3.473320031576498,-0.8419466577509227,-4.125344521058753,2.1521677867591245,0.0
292,0.2775830889586359,-0.06011337764561176,0.005566696613811331,0.20824435669124824,0.20660090730001174,-0.19796632734320294,-0.1330175620170904,-0.06173252541749714,0.007960555899326704,-0.014152029422343115,-0.048903610572884185,-0.08481969150403336,0.06682707480282031,0.387765209984848,0.26676232516872894,0.06829680462898238,0.04637616323609802,0.3955269268952265,0.3124494559177686,-0.01858029250814113,0.0022348892551900257,0.0066846521786459515,0.03673249668278242,0.16925185673762125,0.0859661245812893,0.03152679050120964,-0.04728359777033717,0.02133187229139602,0.04556018412471869,0.022156987764894647,11.748031129914764,-0.3959005274581875,3.3861255720844765,0.8281466466682659,11.748031129914764,3.3861255720844765,0.8281466466682659,4.088799472541813,-3.3861255720844765,-0.8281466466682659,-4.088799472541813,2.1521677867591245,0.0
293,0.3392702688928694,0.15575987158343196,0.07960860279480896,-0.0440815302873592,0.06361839997732521,-0.15044420225834054,-0.047725182771597444,0.04986928788046681,0.02299231463763185,0.006313675363333271,-0.0395389253439198,0.01901252125966596,0.4870812654621865,0.351882336775662,-0.051439826648211985,0.22818964567189748,0.2558543626414104,0.01078406913595406,-0.06951230291106704,-0.030508945252205287,0.07955773797778959,0.09260376259092976,0.03148227957333086,0.2588868125536432,0.17193877886980682,0.1756271045692143,0.10582961820810227,0.03161882454489917,0.010634382004909917,0.045561985769845215,10.84523102504216,-0.34786154347942677,3.6159534593159286,0.8740862127735216,10.84523102504216,3.6159534593159286,0.8740862127735216,4.136838456520573,-3.6159534593159286,-0.8740862127735216,-4.136838456520573,2.1521677867591245,0.0
294,0.012255515111610299,0.03244858330115677,0.1698537176684875,-0.029463496201627914,-0.03369949244116455,-0.1478002620377462,-0.10012505361286553,-0.08886008126878614,-0.05683138704183341,0.04684768489143257,-0.00289376137031655,-0.03890454761595798,0.24351545990986995,0.05852982038754162,0.23730191089289981,0.35837474622241,0.27459042689218666,0.03543305815340811,-0.055860300966774995,0.1520700137795172,-0.04088907917217094,0.2209414321642186,-0.0315638230641851,0.14544736893285368,0.009276327521996867,0.1328407088758578,0.07269241008173374,0.005071480706853121,0.011854768769187757,0.08589606754757362,11.277765553294476,-0.34092974119899555,4.0368085574147745,0.9741873475830246,11.277765553294476,4.0368085574147745,0.9741873475830246,4.143770258801005,-4.0368085574147745,-0.9741873475830246,-4.143770258801005,2.1521677867591245,0.0
295,0.09973815423436466,-0.07370806619524956,0.1847993369833194,0.10074264605791056,0.2213612661188879,-0.04077961401695149,-0.058360210976036164,-0.03988972840183297,0.05312278262176881,0.01331513817811178,0.020699723670520365,-0.14234238042967737,0.07696195344371949,0.0871349136263572,0.34407803671914006,0.3641338510212802,0.09416786338569552,0.2080642526705284,0.21333030422242752,-0.0142296290947945,0.013043007295658701,0.05484507707744729,-0.021956437954882124,-0.02243028142024813,0.18045556348772576,0.1821403072332252,0.19883247173347923,0.1602880220288147,-0.028312436891427428,0.0035954983707555434,11.119063284100589,-0.3430889958777339,3.655086965041512,0.8825278282782949,11.119063284100589,3.655086965041512,0.8825278282782949,4.141611004122266,-3.655086965041512,-0.8825278282782949,-4.141611004122266,2.1521677867591245,0.0
296,0.06509133665822447,0.1706265605986118,0.16642422067298196,0.1697449707735328,0.16810545224326234,0.035420230436884775,0.11659910955074115,-0.0751891619090371,-0.1224675651677673,-0.17959873747082244,-0.07529517308152547,-0.00041064773434532076,0.3859562574136828,0.21285005165955673,0.43939944470573616,0.20297964486232067,0.3470633440787204,-0.04426492106326209,0.15268810129396004,0.005432213190861304,0.12013769731937976,0.0957108742427287,0.12275162452896478,0.19316939484802859,0.1981515434603383,0.06322433821009929,0.17793459967779912,0.006500129989322562,0.07462725409650492,0.010135459177158329,11.392312169295918,-0.3849892006137434,3.661618976320968,0.8931407983385381,11.392312169295918,3.661618976320968,0.8931407983385381,4.099710799386257,-3.661618976320968,-0.8931407983385381,-4.099710799386257,2.1521677867591245,0.0
297,0.15847596712410453,-0.00922867376357317,0.10817757730511031,-0.09602256022557135,0.1373335185221206,-0.06045869148729305,0.01604049159752033,-0.0032986618354194225,-0.19427062449191998,0.04502328907180356,-0.045445298507608964,-0.027747824484890077,0.13965664864019295,0.2775104551431159,0.20563802368634138,0.18686103887559263,0.03173795223255701,0.1467403623284324,-0.03649973393720166,0.018101659959805352,0.23070147819817538,0.17337427307408812,0.07544779281341786,0.06404437022536819,0.0013705193536495998,0.07902607819116043,0.1534327188654993,-0.01678281623784501,-0.012471547866733948,0.09610847796812631,11.10452488050877,-0.4809151812280712,3.760833785856129,0.9393196577956155,11.10452488050877,3.760833785856129,0.9393196577956155,4.003784818771929,-3.760833785856129,-0.9393196577956155,-4.003784818771929,2.1521677867591245,0.0
298,0.16512203799241335,0.04711015132411647,-0.099635506,0.299474749,-0.03043213083912527,-0.199409276,0.05273098204247462,0.11815073917927134,0.069961464,0.01915748631919037,-0.05233663419377298,0.02986365399999999,0.4162240181631694,0.499444873,0.4494541819999999,0.399796176,0.32402271159945883,-0.07964584,0.14833241106227568,0.22236633504387088,0.002183280485804219,0.09772891125590494,0.025021618937420748,-0.024170971581774153,0.04501656044280036,-0.019647751,-0.049658494,-0.006174493254711304,-0.029899059,0.00044567067547912967,12.213580990906326,0.08538896375436966,3.4413880842013675,0.7530243090441364,12.213580990906326,3.4413880842013675,0.7530243090441364,4.57008896375437,-3.4413880842013675,-0.7530243090441364,-4.57008896375437,2.1741561687051676,0.02591975701533468
299,0.0883725388441235,-0.07368800070136786,0.06724564925005296,-0.029966659453502298,0.13877811581747707,-0.03878196238679252,0.1460693907998355,-0.06297629206264385,-0.09036783871148495,-0.11906572567535444,-0.09306207846983479,-0.04694514567850318,0.012584893172388423,0.08905485531283486,0.3916495760759035,0.2540613134497553,0.07378845264161693,-0.06591956871286771,-0.02997007950939807,0.34527254005628055,0.0372915985522074,0.17660206485962657,0.06834390539676621,0.2151264597196982,0.1799082479833582,0.02624746322444225,0.026994499171691166,0.08138496766526811,0.14354825462208914,0.08006439805686759,11.52058759701407,-0.3391896788798965,3.8719802256067575,0.9340177506928896,11.52058759701407,3.8719802256067575,0.9340177506928896,4.145510321120104,-3.8719802256067575,-0.9340177506928896,-4.145510321120104,2.1741561687051676,0.0
300,0.09298031744547192,0.08243055509403346,0.15232268058566462,-0.029380710354155792,-0.21915131998652523,-0.0974988533403759,0.12232095898217071,-0.027691468472362896,-0.06632380873869967,-0.09276616863828695,-0.01663406157927183,-0.08417163202276726,0.2456471071242386,0.3361180934804608,0.32965864887528334,0.33359429885136216,0.21397055858080666,0.3783531552677405,0.3403630181545976,0.33831434935285204,0.0661175577516784,0.16475437343278337,0.21046082148623985,0.08942482509960326,0.08987184943913608,0.04570252263979864,0.18464389278533902,0.14110564436407946,0.1046524764823564,0.028393211485450345,14.338254093358382,-0.9450142053259905,3.4221812605078625,0.9668036823090483,14.338254093358382,3.4221812605078625,0.9668036823090483,3.5396857946740097,-3.4221812605078625,-0.9668036823090483,-3.5396857946740097,2.1741561687051676,0.0
301,-0.0734617962501943,0.002571686021983627,0.022571221968957694,-0.24082578680822828,0.0775997528543586,0.0675241835758392,0.08826727819375482,0.07849218060990427,-0.18780672794046696,-0.00782933365363836,-0.0582783504392278,0.00592972182082438,0.18054209316355702,0.3396690283827671,0.35472476684673254,0.0502328145835004,0.2667353642257091,0.3889150929654336,0.3672593296702362,0.14715057682043534,0.19490585569565463,0.080888756288575,0.21312459319071925,0.2661605868942968,0.03894521658318213,-0.018951748272844782,-0.0490640970667361,0.03157796920165498,0.11422590323137294,0.010259503190805864,13.788852961362775,-1.0632414845200198,3.943645883833449,1.1526212771515114,13.788852961362775,3.943645883833449,1.1526212771515114,3.4214585154799804,-3.943645883833449,-1.1526212771515114,-3.4214585154799804,2.1741561687051676,0.0
302,0.12263463316485287,0.10781852899119257,0.045430743159470474,-0.14033739913917714,0.017861902623687753,0.12786451212077302,-0.11526521226982994,0.08534220517903697,0.0030891400328712515,-0.133511077097062,-0.1063308308522743,0.02466913735788226,-0.07332469031648794,0.16841973638015456,0.0072820369450462274,0.35577625859674084,0.2610869196227056,0.06835581332184423,-0.012382232949982266,0.37549189929789695,0.13023611054921186,-0.01613187171563278,0.02015183223906948,0.23546228071585926,0.009549863178662656,0.13221160952421157,0.1890885734746685,0.06899812358873386,0.03490932809894106,0.09835747322201155,11.298458227111706,-0.6783310747433648,4.268679065890664,1.1214569973936142,11.298458227111706,4.268679065890664,1.1214569973936142,3.8063689252566353,-4.268679065890664,-1.1214569973936142,-3.8063689252566353,2.1741561687051676,0.0
303,0.3995566497556865,-0.03839255131781101,0.0682314781361525,-0.19113440982390667,0.14162096741937408,-0.13407000799610183,-0.03844361095760555,-0.017533439684131027,-0.1848658822174505,-0.12554101844011617,-0.13695306863518378,-0.004048637499630414,0.04796608298439077,0.26352011184186597,0.23829901707086604,-0.004425243638626827,0.2663987338715934,0.31532073056165233,0.2351459154688119,0.023582679061109307,-0.011104159567980908,0.08758921227944556,0.04820427031609141,0.196992533327656,0.18687686121933417,-0.010522608491029862,-0.00828134684229511,0.05814736175325061,0.1406261376335747,0.03770713256516876,11.87135895918486,-0.5512387714355058,3.863404203334787,0.982189471013224,11.87135895918486,3.863404203334787,0.982189471013224,3.9334612285644943,-3.863404203334787,-0.982189471013224,-3.9334612285644943,2.1741561687051676,0.0
304,-0.062078688293695436,0.29758660001680254,0.014105486747792703,0.16830317679333268,-0.04295778887067056,-0.12012515364281291,0.0813971963840516,-0.05149786511619074,-0.034901486253064884,0.033958586409693486,-0.10555619784078774,-0.14645248568112817,0.4773306932578361,0.18451554947558718,-0.043076674456402925,-0.06240790738816651,0.18613957163791062,0.15418278672497987,0.018673235940724592,0.2505822090339066,0.19254174310254982,0.234994678774782,-0.03013394529277962,-0.02286566539881901,0.06809342278615868,0.18013581687725444,-0.04711746996728603,0.0842746707824835,0.02319289398453256,0.01857081291807967,11.411931390295456,-0.6767157668732047,3.600942184791086,0.9456294890786079,11.411931390295456,3.600942184791086,0.9456294890786079,3.8079842331267955,-3.600942184791086,-0.9456294890786079,-3.8079842331267955,2.1741561687051676,0.0
305,0.2020223441999406,0.08999345479533075,-0.05154317934917004,0.07315760800453303,-0.1899669929892778,-0.08553878033386177,-0.09729596329613166,0.0686503659550378,-0.16958265851475113,-0.17569667889929513,-0.09698540587775084,-0.05111633976226336,-0.0963776720946797,0.2994889599529972,0.3999279143593973,0.0643694183080448,0.27877084840197447,0.1501762306475977,0.178216434474379,0.18117582688733147,0.08836258974038441,0.2366266542018262,0.13940425697687686,0.00796565472216583,0.09155692881335602,0.07550451402075099,0.02150668124407698,0.08031851661986361,0.1253073853876776,0.07683313739377763,12.412630546046689,-0.4720117865918212,3.9076756791552865,0.9738298794553738,12.412630546046689,3.9076756791552865,0.9738298794553738,4.012688213408179,-3.9076756791552865,-0.9738298794553738,-4.012688213408179,2.1741561687051676,0.0
306,-0.02468163720332084,0.22951827077195047,-0.02470045120177028,0.25030143702712887,0.06625884426863038,-0.03612545090665731,0.12773693563738592,-0.07528497988848933,-0.15412716913377905,0.02507089720756156,-0.006470944316525784,0.006319456233498,0.08014506056040861,0.0858974171882215,0.2788789412887156,0.062172282313411625,0.13389772376115497,-0.011268970666493919,0.01617466366605022,0.32792296323753894,0.10555251946507996,0.1414376980326869,0.04071549858019782,0.2690942894092504,0.1526216280804549,0.11281860774789622,0.09300742658997654,0.13547338036866385,-0.0020314323353485195,0.03201725551315242,11.118553724016222,-0.23554989160684592,3.5327009345826688,0.8313900061107947,11.118553724016222,3.5327009345826688,0.8313900061107947,4.249150108393154,-3.5327009345826688,-0.8313900061107947,-4.249150108393154,2.1741561687051676,0.0
307,-0.0530318741686642,0.10773875948041678,0.17132509336176632,-0.10400699628460708,0.007162657539557693,-0.1061691718879696,-0.08959958596468845,-0.0964623371175298,-0.002188358665834028,-0.13218896762715107,-0.11581112750101279,-0.11847730898005791,0.33334393023020625,-0.0010442494961107884,0.24052480926290776,0.37811748107499804,0.07073882674523585,0.3970136462484879,0.23420912164675237,0.07188085218724674,0.1151170606484418,0.21893891517426942,0.21553051559402508,-0.03447052376901185,0.18060878865859784,0.14104297220827502,0.10403327999379167,0.1524582837698465,0.006012053377270697,0.040059500544423934,13.02196869453394,-1.2578098193509741,3.886155948960125,1.2043037511051897,13.02196869453394,3.886155948960125,1.2043037511051897,3.226890180649026,-3.886155948960125,-1.2043037511051897,-3.226890180649026,2.1741561687051676,0.0
308,0.20690380334854128,0.08290054131299257,0.1411733486337739,0.10646483474299157,0.06913282340939053,0.06857867240076412,0.06143680831983658,0.0038985407427608865,-0.13067711533686385,-0.06257576530670764,0.029031914973201872,-0.10747127586272628,0.43653788747646544,0.22547693099807609,0.3517950978506794,0.04175624829699051,0.16715672583620914,0.28148265939522554,0.26675865094380424,0.19865895068980688,0.1767848410034066,-0.010445244541379295,0.010448409565472105,0.08929461940842201,0.019761186686774162,-0.014088277488659103,0.16867888303842,0.1779755085606896,-0.029782447190594256,0.045757491480842766,12.120112792098857,-0.5034071607094988,3.3221411373798757,0.8344377747334728,12.120112792098857,3.3221411373798757,0.8344377747334728,3.9812928392905014,-3.3221411373798757,-0.8344377747334728,-3.9812928392905014,2.1741561687051676,0.0
309,0.2716922990046442,0.025289080291986454,0.023966641459385235,-0.0667065360109173,-0.17289893792043426,0.11052806693126535,0.08216183289465387,-0.036093273880977245,-0.012294815254796337,-0.10043237182228995,0.029233483212346922,-0.05170731080007675,0.1483373854858579,0.06882382055093736,0.13948385425123352,0.21175208258645045,0.25553136008046984,-0.07329443298481612,0.24101240975737095,0.1804391292258905,0.00968086429733251,0.1265469871169832,0.19330311238235198,0.24166264699578663,0.02397623465919207,0.12792227695888067,0.09889055010633774,0.16622369795441277,0.10046957746206858,-0.004805494829729759,11.615342365904892,-0.34637074771145127,3.7363146681796295,0.9028558242709663,11.615342365904892,3.7363146681796295,0.9028558242709663,4.138329252288549,-3.7363146681796295,-0.9028558242709663,-4.138329252288549,2.1741561687051676,0.0
310,0.11206272798590364,0.11885516513139008,0.1353667295843099,-0.11645351174115123,0.0636460345619475,0.19225761259413424,0.06089197883014397,-0.013194475583155924,-0.12549651726012329,0.01738360403752212,-0.14859444679970163,-0.10055554013248988,0.037249548071674896,0.10547895818500769,0.21713508384513203,0.04961931535157388,0.30827128859042746,0.1322538320762635,0.2397082698072783,0.287955161229181,0.09708235415251376,0.09739479326586242,0.08970193779767462,0.29750636012943693,0.1817316955780378,0.13559338785093833,-0.04640318742881436,0.12901338171118604,0.04120696765244921,0.06251306563321732,11.934951645967715,-0.6736825923386656,3.8994463606905607,1.0232035027841795,11.934951645967715,3.8994463606905607,1.0232035027841795,3.8110174076613346,-3.8994463606905607,-1.0232035027841795,-3.8110174076613346,2.1741561687051676,0.0
311,0.07464979323558513,0.07332568841055034,0.00042699783298767724,0.07110620458854461,-0.09520904193334706,0.12706418910519487,0.04286340449460463,0.019846585801603076,0.022478396165044323,0.016516576908027325,-0.049529107665629124,-0.005275495861031071,0.10334793005477312,0.12137999693329685,-0.06626191564787198,0.3050395371317061,0.18406354876073386,0.3733344326631698,0.040556638409276105,0.28186455851673986,0.029787532952766094,0.049243918518622726,-0.04152114632494475,-0.02690566016147946,0.17273930786266192,0.08511364684042766,0.05202073139511103,-0.025500735996320315,0.07560298317952241,-0.0011879138698710698,11.273018411397809,-0.4646747679211982,3.565936118668034,0.8870432180904613,11.273018411397809,3.565936118668034,0.8870432180904613,4.020025232078802,-3.565936118668034,-0.8870432180904613,-4.020025232078802,2.1741561687051676,0.0
312,0.39938016179949043,0.16694032385945318,-0.0012367367103069266,0.2364332038492169,-0.17656411162875213,0.033099305429786924,0.08885905798707491,0.06726968779049951,-0.11099966072045889,-0.14908840504756185,0.001974939027321959,-0.1218981125982744,0.40765319466445443,0.3737656260252784,0.060310652043049806,0.3335926867067168,0.33312078525236194,0.26732416525687563,0.1809941009601105,0.18979990404944425,0.1817344196221968,0.12272900574475604,0.2707724482897703,0.26492673651836585,0.09967440121573948,0.017787614292915973,0.16808006011865004,0.004515224162920765,0.021133201325021556,0.03853174817170234,12.790431081273796,-0.8592236506149069,2.954299937862004,0.8148722135128738,12.790431081273796,2.954299937862004,0.8148722135128738,3.6254763493850932,-2.954299937862004,-0.8148722135128738,-3.6254763493850932,2.1741561687051676,0.0
313,0.07249594456516209,0.27421037239953877,0.1320001381489364,0.02915222328471545,-0.02858366500060014,0.18399208169463402,0.11433302209075952,0.07594680326538765,-0.06377626055861244,0.014516829498855133,0.02346382458752183,0.005759286684088483,0.1015949059390829,0.3982470125618407,-0.008074815056391321,0.16612584937014693,0.15145360928469226,0.30341187369324707,0.22498649112572613,0.2462527823364657,0.1879184943644997,0.04253521028332598,0.0009471661880104745,0.20383077375606587,0.0018386312175211507,0.12113806562966249,-0.012159187439820411,-0.03793168173884673,-0.001335677574610613,-0.014479706260984949,11.608177971629104,-0.43503835045844497,3.6336073847440695,0.897261968825325,11.608177971629104,3.6336073847440695,0.897261968825325,4.049661649541555,-3.6336073847440695,-0.897261968825325,-4.049661649541555,2.1741561687051676,0.0
314,-0.014418121101334669,-0.09362989297136665,-0.05675890632792324,-0.20096716094922443,-0.007116304240561422,0.02253488702325626,-0.05625483120994694,-0.107353195165767,-0.0047843433357842025,-0.09785099332444122,-0.039711017626849976,-0.1415612266224742,-0.05608939475886487,0.2998824042681738,0.30365275470336517,0.386249453677693,0.00525536072778196,0.32305406211365617,-0.04040802782697505,0.2215618034966757,0.131354854451118,-0.02862698341109437,0.019211907558733837,0.28650055858593265,0.021864136581436554,0.13271236206065343,0.023738106661232092,0.020533270425504235,0.14328490726745127,0.04608135010327366,12.838204130423335,-0.7987106487476443,4.19634120438542,1.1384572239634025,12.838204130423335,4.19634120438542,1.1384572239634025,3.685989351252356,-4.19634120438542,-1.1384572239634025,-3.685989351252356,2.1741561687051676,0.0
315,0.23303592400625353,0.06332675529643894,-0.0927478537820684,-0.14666675943227198,0.21841529800915965,0.19323796839360782,-0.03816453152999237,0.08733195250600327,-0.06565805722816831,-0.0705158926389701,-0.04535007378847901,-0.03553287282181035,0.27320047023028665,0.48199559842286616,0.3418011169559257,0.013616393091951576,0.1827068784411231,0.35553772175468046,0.05108598029927544,0.32191100302467496,-0.025023926567886334,0.09047235483907573,0.06996780614687277,0.21712802680479412,0.014136497420310975,0.06555751596623165,-0.00612886514530462,0.11297684004289484,0.10653800302365149,0.04594754172326691,12.319750092040898,-0.812056085512574,3.8006280824964724,1.0348479653865132,12.319750092040898,3.8006280824964724,1.0348479653865132,3.672643914487426,-3.8006280824964724,-1.0348479653865132,-3.672643914487426,2.1741561687051676,0.0
316,-0.021750936750322553,-0.0959044648334384,-0.02693661582205563,-0.014663032360876238,0.07893701337612263,-0.13651724773233512,-0.14702401472613388,-0.11626916323320925,-0.0675460723962801,-0.160633260730315,-0.1488361356437993,-0.05862823867031272,0.3093018864450102,0.27054848277739424,0.3262289619003112,0.2410170458540773,0.19733664592356148,0.2342351756436474,-0.034902088586219904,-0.017248290026385962,0.18873347610911476,0.2160694986978762,0.16430336542246482,0.15842048752299787,-0.0005814152776335846,0.12900224032627708,0.11244742435808164,0.06816980284393785,-0.004038326219990295,-0.01819586910948097,12.676895133355766,-0.9923501384576525,3.9375208725887094,1.1274703362193381,12.676895133355766,3.9375208725887094,1.1274703362193381,3.4923498615423476,-3.9375208725887094,-1.1274703362193381,-3.4923498615423476,2.1741561687051676,0.0
317,0.18972113160416484,0.034004622884094726,0.1649751888475865,0.26616216252012453,-0.16624331530990594,-0.00029287585754392276,-0.09220022921176106,-0.019647246921592462,-0.031198752328515378,-0.004936868797288274,-0.14949061394713925,-0.12197208315117108,0.4747408573302975,0.059753330542081845,0.1929823510626128,0.13107861432039838,0.2588695514353887,0.2783150074698221,0.2644488287572192,0.11359739603330951,0.14643538741476397,0.18238477123521757,-0.015383696642486636,0.1797732671846911,0.14987115818417956,0.03633870635296821,0.1383608745427647,0.12440025222948294,0.018367496093242258,0.07373914802215492,12.433800621461778,-0.7003319604705358,3.295252728217934,0.8707537675504877,12.433800621461778,3.295252728217934,0.8707537675504877,3.7843680395294643,-3.295252728217934,-0.8707537675504877,-3.7843680395294643,2.1741561687051676,0.0
318,0.08081815871410075,0.2608100587874651,0.030417400474325493,-0.23478535823140353,0.09411768621970634,-0.04284142056264875,0.09721475520906331,-0.06750261895253445,-0.1595092916959675,-0.029146698978256336,-0.14466514192710853,-0.1332706691727762,0.11036545268827054,0.2941110123401249,0.24227339682474008,0.0661827561922606,0.07168858829263663,0.3472072213382701,0.1935502202195701,0.2824377261890367,0.07985690778619237,0.1651199571985122,0.1223554876269569,0.0664149933524846,-0.007322312033284293,0.1324181900066139,0.18785071977534834,0.18156509887264188,0.1453246150390243,0.0898016786888303,12.685217089634687,-0.9755615913958966,3.9536126194696495,1.1266619207084376,12.685217089634687,3.9536126194696495,1.1266619207084376,3.5091384086041035,-3.9536126194696495,-1.1266619207084376,-3.5091384086041035,2.1741561687051676,0.0
319,-0.029426475055515752,0.22973980637267233,0.1804096145607198,0.19654882932985263,-0.1329212140847255,-0.1283175277089864,-0.070038604778649,-0.05448847356008249,-0.16819985124719736,0.04196093873007167,-0.07316075442013185,-0.06709010879917879,-0.09502535230685125,0.1083374403349357,0.12429405488495562,0.2203661119071258,0.003845742037004725,0.0361509322692518,-0.00996776342966553,0.18974795710754816,0.03690395815767031,0.1736328744382367,0.12635039551018978,0.23080353625589797,0.05174072465899496,0.0496719423733232,-0.013589195015777232,0.09920779803520953,0.0009659719066549138,0.04085490357951693,10.59295016061475,-0.030202875885356306,3.900207896247729,0.8755663742903228,10.59295016061475,3.900207896247729,0.8755663742903228,4.454497124114644,-3.900207896247729,-0.8755663742903228,-4.454497124114644,2.1741561687051676,0.0
320,0.3737136205192656,0.2625054099597037,0.15461126320396018,-0.22857200558569168,-0.2059622101210048,0.08224760686723823,0.10770915379935209,-0.032009705135435315,-0.1867179745372005,-0.17333246984935027,-0.05213765955518389,-0.007843572173566349,-0.09586728793675404,0.018842489956686165,0.22395167299435165,-0.00036180893151357973,-0.0009991228979442796,0.0673583763160594,0.3223697012708264,0.03680902768954947,0.1578424128012103,0.034635088583187396,0.055975077673679624,0.1521345420127165,0.12025952614758847,0.011102319921604896,0.01153373946115327,-0.019334423909858598,-0.02548732111645824,-0.003699746981188367,10.635120421161988,-0.185256524064636,4.073196209089069,0.9473775459282963,10.635120421161988,4.073196209089069,0.9473775459282963,4.299443475935364,-4.073196209089069,-0.9473775459282963,-4.299443475935364,2.1741561687051676,0.0
321,0.12031724872067576,-0.10968389376997947,-0.07577507937265146,-0.2264024468390353,-0.18979076331658856,-0.13891026534504392,-0.03739409671054403,0.09926723705158556,-0.13560586070398783,-0.015011050538403792,-0.050146750943726864,-0.13014909681607298,0.47790904317476884,0.21857226890838327,0.20241405028025905,0.254345726953578,0.13601847150166535,-0.06285381174053262,0.12704493415946555,0.08898455612967485,0.2870029015407562,0.0005583179962490616,0.17587298038976645,0.29925911576392245,0.05771628800510081,0.009154455066236387,0.06057825435417789,-0.015682042429526442,0.1400081789038893,0.09278402151074774,13.30522559098617,-0.7020217443385057,3.9869537340774768,1.054002869028114,13.30522559098617,3.9869537340774768,1.054002869028114,3.7826782556614944,-3.9869537340774768,-1.054002869028114,-3.7826782556614944,2.1741561687051676,0.0
322,-0.02942695911042391,-0.10714082144200801,0.17083712913845045,0.2987824171698554,-0.19683762003887745,0.18000906738563213,0.14703374928382368,0.049765295150727376,-0.13199003975794132,-0.17763285303945017,-0.07024645459286913,0.00091859966800098,0.2076187124735689,0.455932190196975,0.10810831839134752,-0.05362550680673159,0.16198346075588907,0.17614784779562012,-0.0324456674131942,0.2597429575736105,0.24316734162986714,0.04213312957702936,0.2952125308466642,0.14873489024308822,0.12334248373593129,0.10478701436881974,0.022210617278352524,-0.028088153390296508,0.06476440604041395,0.09164282644480691,12.034310236596244,-0.7334657100318509,3.458948987491736,0.9220828986187117,12.034310236596244,3.458948987491736,0.9220828986187117,3.7512342899681492,-3.458948987491736,-0.9220828986187117,-3.7512342899681492,2.1741561687051676,0.0
323,0.25084999287500986,0.21994674073532222,-0.08985571912131031,0.26277087185147147,0.07994836397904748,-0.12939871806301856,0.061121699052795464,0.024554845634412195,-0.03504091797751424,0.03186886350477067,0.015996389191927696,-0.029391529555637147,0.0657786947697953,-0.02374257351606468,0.42391512479812704,-0.0684060903782596,0.12451335518514536,-0.0018559798054351567,0.12065421131188328,0.2456051118309135,-0.023322755435412023,0.0899884630664762,0.016153194201731086,0.0397599197448831,0.056158435795694614,0.07061863201198994,0.16103012493409286,-0.03362954355113047,0.04859773432925769,0.05219126934810471,10.090423185715961,0.2218559683063006,3.3834764906407413,0.7188858505932774,10.090423185715961,3.3834764906407413,0.7188858505932774,4.706555968306301,-3.3834764906407413,-0.7188858505932774,-4.706555968306301,2.1741561687051676,0.0
324,0.04047188246622685,0.08770017826929688,-0.02073860724958755,-0.1988325152327045,0.19761794824005208,-0.032033715985712696,0.004456074490333722,0.10663784473417277,-0.004994211002778776,-0.1870258888937703,-0.032761210547607694,-0.11417388539721136,0.3387630514633856,0.007875655789553307,0.22880079488663013,0.38814155608782364,0.30249155376766707,0.17679293712533226,0.19545405538857344,-0.06851221331825794,-0.015799319907376062,0.023015284419472606,0.17244529075237508,0.25172568489971264,0.13956196132652343,0.08885804825641844,0.05313629578877391,0.05574490600173898,0.007776267623092824,0.030101677802202142,11.77385333289005,-0.9692072660011575,4.183103167378601,1.189905223504859,11.77385333289005,4.183103167378601,1.189905223504859,3.5154927339988427,-4.183103167378601,-1.189905223504859,-3.5154927339988427,2.1741561687051676,0.0
325,0.15990590578876437,-0.05169183377176523,0.13044646566300427,0.027886835618995576,-0.12372789561997297,-0.08662863569310354,0.05089687527907058,0.012528930653038797,-0.07377735272338501,-0.11793153114196941,-0.08618609430156791,-0.06005700373453492,0.13094357121446398,0.12767137778879645,0.09270762648011038,0.3221256305300647,0.11604715968618157,0.3149776062356372,-0.03728999480960594,-0.035476300199386857,0.14583365380737415,0.11118128120494616,-0.00859552291252847,0.026314685640531722,-0.0242923505448821,0.0631339654702438,0.17998237452932986,0.028407589345374934,0.03832815058519199,0.078518811489363,11.082295773524619,-0.6252938808508453,3.6187082987772774,0.9376334563036497,11.082295773524619,3.6187082987772774,0.9376334563036497,3.859406119149155,-3.6187082987772774,-0.9376334563036497,-3.859406119149155,2.1741561687051676,0.0
326,0.34673846010118725,0.041631873529404395,0.022295935671726733,0.26681077668858616,0.03623646897036992,-0.010971821881909316,-0.038605733668514455,0.08047849981578238,0.013487000600593019,-0.008948297331006688,-0.11727520435560215,-0.12874560196231233,0.4516326627168376,0.28032397300980894,0.2530656216397496,0.26705472029472815,0.16662966971596946,0.3477370535906238,0.3856399652400706,0.1764716012385133,0.13750687563456332,0.2128392994116472,0.17334139352113442,0.17221672363073848,0.06864467250319788,0.1371727658017262,-0.003335443970793925,0.021868129515000084,0.06645164896937661,0.0946465092020712,13.198022471013482,-0.6692531336163237,3.0021834104478273,0.786849749343602,13.198022471013482,3.0021834104478273,0.786849749343602,3.8154468663836765,-3.0021834104478273,-0.786849749343602,-3.8154468663836765,2.1741561687051676,0.0
327,-0.08119427375495433,0.21584157099947332,0.14597979140585787,-0.15562613470660053,0.05841484854322043,0.0708953925011456,-0.08380424427857769,0.08820728942168461,-0.10353678622371582,-0.013194978918134453,-0.06692607023964296,-0.0027117120611058754,0.48497247767255763,0.0446008146976129,0.3351806554669497,0.194295724513655,0.3020317468811289,0.060123384946311004,-0.07745027790325218,0.04282823644787524,0.13082165833478715,0.021459312509528795,0.26469645981836915,0.1703113541799284,0.10949114579445601,0.1892057392881849,0.19251469957113942,0.05634934626563365,0.005334174786074536,0.07236113779429598,11.464814560869087,-1.229997229201945,4.048727981910873,1.2439624343694287,11.464814560869087,4.048727981910873,1.2439624343694287,3.254702770798055,-4.048727981910873,-1.2439624343694287,-3.254702770798055,2.1741561687051676,0.0
328,0.3549712731502951,-0.03179158234968782,-0.0019934970698812088,0.18699442962545126,-0.08794598640099183,0.0003292909809171629,0.09595828197229703,-0.08997914067502623,-0.00992530394985544,-0.038430683985999525,0.00016925128865519223,-0.05442870774592144,-0.05561736699525461,0.44838113353741454,0.44351481615609395,0.2375297289983394,0.06397396743002895,0.1663328801044571,0.14833018479586807,0.24032869572640347,0.023689103838811412,0.047710215469863176,0.00649389493529428,0.05674758992277457,0.06135909695041662,0.13976234735975748,0.16779859069842679,0.13607502541726685,0.022432816034343425,0.02213650586155844,12.00242026154439,-0.21767651343285,3.346522854258213,0.7842757052529171,12.00242026154439,3.346522854258213,0.7842757052529171,4.26702348656715,-3.346522854258213,-0.7842757052529171,-4.26702348656715,2.1741561687051676,0.0
329,-0.044867055723443613,-0.019145273733884097,-0.00464863425777845,-0.08900221085213883,-0.1689119834708224,0.13440285752777623,0.13318070872299126,0.04312343147063959,-0.0436015223176319,-0.14098558964668628,-0.07666072071806798,-0.1305480557138668,0.3529595413478742,0.16300475692813116,0.2776082644882023,0.32526649669723545,0.3231702212750119,-0.05068025266664087,0.06145857406282798,0.2971147240734519,0.20289605064244298,0.07637486103966491,-0.04745557432597072,0.016954643076993223,0.03879789198292115,0.04496995573649121,0.07690142824382806,0.1689084204760677,0.0014205482125334151,0.06220509069682098,12.455813534059972,-0.5559154705068252,4.047994457098423,1.0303426993031422,12.455813534059972,4.047994457098423,1.0303426993031422,3.928784529493175,-4.047994457098423,-1.0303426993031422,-3.928784529493175,2.1741561687051676,0.0
330,0.23322886624373498,0.07405076785013079,0.005379719535423155,-0.18342225671400358,0.12011634507270419,0.025046218527135455,0.14803325827324593,-0.07285670122204295,-0.07553385767880598,-0.05245663451600502,-0.09636488955909914,-0.1469315875427639,0.485495733017633,0.31419834334014174,0.22016646229031395,0.001601482086443895,0.3012899068082097,0.16523240158423944,0.12708874956658434,-0.006057512157187875,0.22754499199631395,0.08435436211596424,0.18649364955157555,0.18599564050137107,0.11205943057489515,-0.014800814748347966,0.055047093860795246,0.008976790240197575,0.017353513757559724,0.05491790223534254,12.106048504989094,-0.7055860323503191,3.635339621915451,0.961955541175794,12.106048504989094,3.635339621915451,0.961955541175794,3.779113967649681,-3.635339621915451,-0.961955541175794,-3.779113967649681,2.1741561687051676,0.0
331,0.16845985674299305,0.017139646466821423,0.10237010519768373,0.07902953785558436,-0.15665693725118723,0.1791575771186881,0.09728793252003193,-0.11235470234788814,-0.1567607781575352,-0.1052795009306437,0.02874433198508028,0.005551856232287294,-0.04174661415099773,-0.03135245684161925,0.19910031034006814,0.1447157498966978,0.3441372293880774,0.022938158081026505,0.022958316095483086,-0.07860521489219773,0.2072317826859112,-0.013042858455477032,-0.0470131508591638,0.14251099354968166,-0.014977989464602636,0.10749113194345848,0.040879043694509024,0.09845895943467596,0.11855995266982813,0.007153363960994617,9.918945269294655,-0.04780579185861278,3.8474241462260754,0.8671435390923508,9.918945269294655,3.8474241462260754,0.8671435390923508,4.436894208141387,-3.8474241462260754,-0.8671435390923508,-4.436894208141387,2.1741561687051676,0.0
332,0.1356378785334528,0.04369913885369897,0.04022037590734033,-0.07724870064751743,-0.22361932385251887,0.05838122348395283,0.01879451271132021,0.11636684859296735,-0.00040695609464000415,-0.03225401231490441,-0.1011507832689531,0.007776113092999609,0.09665951329517437,0.3552289971504832,-0.02863475735131625,0.23859232892261956,0.3416458545898609,0.2131153315044824,0.20458913674895488,0.18073348972410352,-0.042791634792432386,0.15125425010587204,0.20240484061116748,0.296052872105947,0.06882627344222997,0.07791617010185722,0.06579542857276412,-0.005665565907505769,0.06656989096551047,0.07520095350225352,12.459963948968857,-0.6023530138073472,3.7242668157353163,0.9592823178815444,12.459963948968857,3.7242668157353163,0.9592823178815444,3.882346986192653,-3.7242668157353163,-0.9592823178815444,-3.882346986192653,2.1741561687051676,0.0
333,0.33645814191550016,0.15130506673827765,-0.03435012930050292,0.23079790908914233,0.12736186844716502,-0.040205016114364944,-0.06320889457222703,-0.09568013970396175,0.039719116567283136,-0.11899507236275515,-0.08692034870370245,-0.1133977378482838,0.48848716247999885,0.2273489012945345,0.3340777425421928,0.2937240069128399,0.24017442603279626,0.29697060080439885,0.3305466517883493,0.0882196459703865,0.24202809722962015,0.20776590786893817,0.27134524469177745,-0.030201419599510504,0.17339859586223036,0.16337516843855887,0.11520134126854667,-0.03183969507174904,0.09338811525046337,0.00900476783728012,13.047391106855459,-0.9659860227052763,3.06518592347343,0.8711097131657238,13.047391106855459,3.06518592347343,0.8711097131657238,3.518713977294724,-3.06518592347343,-0.8711097131657238,-3.518713977294724,2.1741561687051676,0.0
334,0.1864181401673705,0.26963290628045794,-0.06123380506725716,-0.1030190235946257,0.07555562872253252,0.12732088863085897,-0.055012258139354495,-0.10304765318349124,-0.08403305754967101,-0.021620188944875496,-0.13042234340930609,-0.09129823726766345,0.3635454777529842,0.35965200697300825,0.1995505859297526,0.3711056375637759,0.2597195762397373,0.24533037992419346,0.040864275236048214,0.17314058232701318,0.22494079221157687,0.18702622968731117,-0.031561281004329075,0.22424683994982744,0.17147474512453265,0.09432107284882009,0.07537260832401627,0.005619023648451078,0.023281425187552225,0.038988989113788924,12.645188895361487,-0.7926883377875629,3.8211089971425554,1.0349666649895566,12.645188895361487,3.8211089971425554,1.0349666649895566,3.6920116622124373,-3.8211089971425554,-1.0349666649895566,-3.6920116622124373,2.1741561687051676,0.0
335,0.03411075095646085,0.28950056271627544,0.03928734452819084,0.07341842077953359,0.2414035377980681,0.05598374391545982,-0.14781992598352695,-0.071049078317026,-0.08032076996480882,-0.06327666080099117,-0.09929452867712371,-0.08453280439516941,0.15637355885073906,0.37419909924037664,0.2988593175337553,0.29520184668319654,-0.023137040515906853,0.3141557688949408,0.06876401436739091,0.21165546324051848,0.1066723952403584,-0.008976787986593647,-0.01955743238716455,-0.025690632155174163,0.10343823718289241,0.1226558255895931,0.06467657709318501,0.16724005309290746,0.055128905702742585,0.09142529698275252,11.59314686620864,-0.7326577366836222,3.9581891560951656,1.0549425828153058,11.59314686620864,3.9581891560951656,1.0549425828153058,3.752042263316378,-3.9581891560951656,-1.0549425828153058,-3.752042263316378,2.1741561687051676,0.0
336,-0.041395917953923334,0.12977577321231365,0.16256638728487555,0.25401476351666746,0.17200494109243625,-0.1583273370094702,-0.14033285717762645,0.10089024385525112,-0.1837639801550699,0.048332910783982025,-0.09967649740965404,0.027689870301477126,0.3810446753224163,0.22563120763132272,0.33601447981119587,0.23716464660039832,0.10301247128502308,-0.007192348982558425,0.2783750462219491,0.3295367326677458,0.06537781413634129,0.10577672332454141,0.18695829490165555,0.1929003233726384,-0.018971083822378935,-0.001024751628205995,0.18855170228708665,0.09440611478386403,0.09252368142309139,-0.008019820486138845,12.307319148210894,-0.5191755423647821,3.564657646778157,0.8989120316518961,12.307319148210894,3.564657646778157,0.8989120316518961,3.965524457635218,-3.564657646778157,-0.8989120316518961,-3.965524457635218,2.1741561687051676,0.0
337,0.08392275627702478,-0.09384006237611174,0.1965806420115057,0.06183394762873318,0.13932279964742683,0.09139247216818366,-0.05763445273383738,0.024581042819064466,-0.057022510004116955,0.03936662408010902,-0.018701792549345536,0.021700378684332222,0.10139096068728172,0.1344471031987176,0.40253392238760094,0.1145210706762275,0.24131569963857352,0.3810771486191816,0.38364014917303146,-0.03187367399932419,0.2025746474906891,0.23502337916897995,-0.03934591422738293,0.1720968728524564,0.07409924956983405,0.17409088694808347,0.19740367646063856,0.10512902112043516,0.113587722857697,0.0018082909705618398,12.495788781926615,-0.6879785408141346,3.5832451779504715,0.9437735205149419,12.495788781926615,3.5832451779504715,0.9437735205149419,3.7967214591858656,-3.5832451779504715,-0.9437735205149419,-3.7967214591858656,2.1741561687051676,0.0
338,-0.1416733033489436,0.006572229489684112,0.15966971525988088,0.26023416774744673,-0.16141952923759428,-0.03629722134602159,-0.055860201163886014,-0.10875666892006804,-0.0764623745522428,-0.08405105799700745,-0.036023034264381665,-0.05567076607918493,0.37509919656101515,0.0962849736452768,0.13551730785194901,-0.07454161441928972,0.32416301570552447,0.08165177477531935,0.30730970805369084,0.21367102672859223,0.23170705366543015,0.09669853605502743,0.14894138450838584,0.03890926187884829,0.16985167359490463,0.06198146342279329,0.14275714138799045,-0.02492507536187835,0.12631477285423476,0.03222965942457014,12.584064539290669,-0.6420621420505856,3.7055360499322987,0.9643209136313775,12.584064539290669,3.7055360499322987,0.9643209136313775,3.8426378579494145,-3.7055360499322987,-0.9643209136313775,-3.8426378579494145,2.1741561687051676,0.0
339,0.16614042134024207,0.28551613016054034,-0.08911554720911638,0.06820415535345503,-0.22772646502047542,-0.0832364698396059,-0.1490028208438358,-0.01794821647832967,-0.001703215261242813,-0.1388355552852219,-0.12218990772455826,-0.10256611265034814,-0.016551653287540616,-0.03080138443138465,0.2415269017892817,0.16585032991819934,0.05984019952934575,0.0875496079144692,0.007564039762468458,0.3450961406289044,0.12737749509233198,0.19019884897512088,0.11384240074283859,0.1746263801233167,-0.009937267451276998,0.15600399489869118,0.057339458473391336,0.02356907859154478,0.016066962962777306,0.04270510411414605,11.52597686402464,-0.42124959333994916,4.004523448027394,0.9854982951099699,11.52597686402464,4.004523448027394,0.9854982951099699,4.063450406660051,-4.004523448027394,-0.9854982951099699,-4.063450406660051,2.1741561687051676,0.0
340,0.0108537883963436,-0.0017916068248450823,0.06880817489820946,0.054208359920446314,0.2280103698804093,-0.09838714508462669,0.002017482882801236,-0.00813000300719259,-0.19903132992520334,-0.10171057047236502,-0.02969014316206192,0.016034257187031248,0.21949375687347294,0.16647545710912992,0.06325790993730851,0.12013310436268712,0.0749800698252466,0.0010931968595776914,-0.0474141635407843,0.20367606734577282,0.10098965957716524,0.13281419572370015,-0.0346599043107858,0.23002886154883948,0.12873631005000755,0.09838192427954112,0.14210519222838627,-0.032866474540557744,0.10970172262009478,0.06047398206076447,10.879640798284203,-0.2907218183143607,3.9841677194941663,0.9499734016004951,10.879640798284203,3.9841677194941663,0.9499734016004951,4.193978181685639,-3.9841677194941663,-0.9499734016004951,-4.193978181685639,2.1741561687051676,0.0
341,-0.05191887007094918,0.10579347090795635,0.14672872327734537,-0.055863617933184256,-0.13412228842890478,-0.0798687277335914,-0.09947879859087778,-0.019415367598561828,-0.11466782727151972,-0.05750587351137168,-0.002880662414965679,0.022472761584591272,0.19898733275080216,-0.04415733145186248,0.32767103644376766,0.21141027530341389,0.1402400522451796,0.09518937381327758,-0.02380838695803207,0.10357178356644828,0.08270963248257573,0.1343684951801608,0.18990118386765964,0.19468836529602773,0.08216988219708998,0.16839116423535058,0.03427545672884694,0.17098429071550175,0.018169110751100656,0.017656362263461015,11.680458966083926,-0.6742764887465729,4.101065297323599,1.076275454739299,11.680458966083926,4.101065297323599,1.076275454739299,3.8104235112534273,-4.101065297323599,-1.076275454739299,-3.8104235112534273,2.1741561687051676,0.0
342,0.39970880434848366,0.0443826052173972,0.1484950452261919,0.06033152368459421,-0.204090506687286,0.15793930951751636,-0.09050168815933003,-0.06826614526587056,0.035049974039653736,-0.029991282959948073,-0.10505681282967375,-0.06447645331753003,0.48019991533629497,0.05118053958860053,0.2589070345294026,0.35982348204557324,0.22808166134590535,0.2473168822532716,0.3485748847300164,0.2660736341474272,0.11258348122338521,0.16836329499839517,0.15178838747098256,-0.027041882178520386,0.1275537452504988,0.18207974922167125,-0.03391019336533965,0.042831968897743544,0.016280215581108322,0.03855366072323824,12.923987346059258,-0.7012184698291115,3.4237484169610446,0.904920082114529,12.923987346059258,3.4237484169610446,0.904920082114529,3.7834815301708886,-3.4237484169610446,-0.904920082114529,-3.7834815301708886,2.1741561687051676,0.0
343,0.34648352554067974,0.2603359040245414,0.14628418101586155,-0.16385559497259433,0.0790309615761754,0.16996296353666449,0.03162695615341779,-0.05279021326821834,-0.17509790358603122,-0.12784547198730606,-0.02517579598518152,0.00382806809477948,0.04861453465372538,0.14576123699117585,0.3438419927241991,0.3063092020223589,0.08376617653118792,-0.02802799714237783,0.35524745748586306,0.23997700042553322,0.268302468387008,0.14493406529959305,0.17158752313089182,0.07141535978812522,-0.002312319601537296,0.06237544235951559,0.04263324444528656,0.01928781003582198,-0.00949595228720779,0.09169651607188065,11.657762532508961,-0.4896853453788892,3.936672513369681,0.9853962635195983,11.657762532508961,3.936672513369681,0.9853962635195983,3.995014654621111,-3.936672513369681,-0.9853962635195983,-3.995014654621111,2.1741561687051676,0.0
344,-0.10649238931946456,-0.061000422444194555,0.11305440614920144,0.16346210370422187,-0.08660223584384025,-0.02376397237887412,0.009609225043193725,0.045748131957214375,0.06656292436939207,-0.11058862763569023,-0.01898434972561694,-0.14652024032240613,0.4196271507877371,-0.05432399615845693,-0.01614409305698039,0.07525807469798235,0.29727047954323493,0.12978575523655425,0.0460798551933056,-0.001194552871534471,-0.03357162243624958,0.051702556490200335,0.007719092330690326,0.20411212745631435,0.026079520690727113,0.05103641146209602,0.03619055558496398,-0.0015335710846840905,0.024972692467452443,0.0811216736215554,10.5479360278521,-0.48704695262571773,3.770100102408218,0.9430783656636925,10.5479360278521,3.770100102408218,0.9430783656636925,3.9976530473742824,-3.770100102408218,-0.9430783656636925,-3.9976530473742824,2.1741561687051676,0.0
345,0.37894356027245524,0.17033985301852228,0.006899845384428949,-0.008719469059186802,-0.18885545975560025,-0.1695228067914622,0.1351747530995785,-0.09500688940073693,-0.03931551579465872,-0.16915254315807296,0.014080914637672803,-0.08683230002072041,0.4271020716662299,0.328887795435995,0.05327400086341896,-0.02226409822057801,0.26001731971376224,0.38381522816849034,-0.05313373401330957,0.3434921563109706,0.11933166040533658,0.16784785601925348,0.29158553864284875,0.08192218017051173,0.14585197558512847,0.04424604301437948,-0.03383157322023553,0.13810215574935553,0.12650689930333123,0.032952026792764974,12.760956169970264,-1.0259436345308708,3.1598358468997594,0.9135757228946001,12.760956169970264,3.1598358468997594,0.9135757228946001,3.4587563654691293,-3.1598358468997594,-0.9135757228946001,-3.4587563654691293,2.1741561687051676,0.0
346,-0.09062135578133165,0.002591772247105842,0.10612565339213668,0.23281454122106765,0.13954417514952194,0.1755215229610583,-0.03306125245337163,0.0013491699793422296,-0.12989766727749164,-0.07281227369999055,-0.007237700575920186,-0.007497737469389615,0.1360846613053298,-0.018007899210181033,0.28892653092155135,0.03256277272542121,0.3037716914848652,0.06434612093069092,0.21563562207557538,0.16608949131499368,0.16684721180380307,0.09990859957354267,-0.01779956482245537,0.14832132888917868,0.06180330161379008,0.16864013183072957,0.10508567268669661,0.158661700448536,0.08109737888391505,0.09870989149512517,11.1933099801484,-0.3676342982640062,3.7821190753714977,0.9186443329715959,11.1933099801484,3.7821190753714977,0.9186443329715959,4.117065701735994,-3.7821190753714977,-0.9186443329715959,-4.117065701735994,2.1741561687051676,0.0
347,0.10204898216761651,0.16220979977399108,0.02565766520691,0.1315301628695884,0.1674126287663255,0.19723188054300242,0.03836489845107016,0.010699367683893804,-0.09130416828677672,0.02358197278131366,-0.00812554779304031,-0.04013022660717666,0.2450208833976582,0.06878545817307549,0.28683905356573025,0.26406139172528115,0.32234761920753485,0.2724626254507825,0.14493866846322911,-0.03754362491802385,-0.038341294459271424,0.11927037324207654,-0.028405983683267588,0.003956931252397745,0.1367626743919772,0.13285854191369686,0.1598663099937186,0.022330626430608458,-0.02803048318815702,-0.009491273221767167,10.511472933872032,-0.3997972053561982,3.4750521578065308,0.8507062058766935,10.511472933872032,3.4750521578065308,0.8507062058766935,4.084902794643802,-3.4750521578065308,-0.8507062058766935,-4.084902794643802,2.1741561687051676,0.0
348,0.1699437821283937,0.22918914198875429,0.14331820117073002,-0.19028526180537145,0.09862883569224101,-0.022982867124239303,-0.06181792838561449,-0.03202461664855019,-0.15214486025811372,-0.16921462892531985,-0.1263010820915751,0.00019877578722440892,0.3658115675936537,0.1532334849052701,0.3482813424415519,0.3448827362824165,-0.0048994034843802825,0.034831255307331485,0.3065512032897618,-0.02231644783507869,0.13017556656756904,0.225091535747633,0.19959159084353723,0.16087897589450553,0.09773033714807483,0.10556319065202123,0.11324288892919682,0.04666551731889636,0.12995430970646393,0.02959084917523053,12.239758462594716,-0.844215337482269,4.187206267478296,1.1501782470311128,12.239758462594716,4.187206267478296,1.1501782470311128,3.640484662517731,-4.187206267478296,-1.1501782470311128,-3.640484662517731,2.1741561687051676,0.0
349,0.18480014540255071,0.121104790661484,-0.026380638573809387,-0.1163092229376782,-0.15594309284473729,-0.16448979532997485,0.08931609231815621,-0.0686651487798611,0.015039340231589093,-0.07263879031970194,-0.03225697887111165,-0.06736803159041195,0.049648917207967394,0.2821204318857606,-0.0466342217461518,0.09361372440851573,0.031869003080854545,0.16919589513666505,0.2806827262287588,0.1919196203457647,0.16497097639475583,0.17938569123497572,0.18535350773568648,0.08257267595066892,0.1582507418661094,0.1739351918084057,-0.04166249734732151,0.11737091558113937,0.011042627242783126,0.0703855906389932,12.585717600698276,-0.4252605811137764,3.8145174170467118,0.9396660532239915,12.585717600698276,3.8145174170467118,0.9396660532239915,4.059439418886224,-3.8145174170467118,-0.9396660532239915,-4.059439418886224,2.1741561687051676,0.0
350,0.168193300254643,-0.09227086471393704,-0.0011015840891090978,0.11372332724234036,0.05443666458754581,-0.07361472837099614,0.01140132695386592,-0.06285938887597062,0.02823745558290025,-0.0505140101962987,-0.002513544924641564,-0.03994977661154561,0.4920805432195858,0.29376347942403563,0.4380826297481502,0.3497968927484019,-0.03579067077337116,-0.07410311119165852,0.354397747443589,0.21189445676192858,0.29244025891983244,0.027206892159940696,0.2934118915637353,0.0689590176190864,0.1897737826580772,0.09682690153002622,-0.01980037625705368,-0.03202940092789208,0.10746663371480705,0.08163980026081748,13.537389293682484,-0.6005710982285892,3.4651983502738486,0.8921429844136988,13.537389293682484,3.4651983502738486,0.8921429844136988,3.884128901771411,-3.4651983502738486,-0.8921429844136988,-3.884128901771411,2.1741561687051676,0.0
351,0.25168338380753996,0.05353405851870774,0.009679642887540418,-0.10133987300011507,0.2014011276616252,0.11861768971861739,0.07435368817127111,-0.08210437784360874,0.05181373464774228,-0.1289267474831034,-0.09394871887598097,-0.06923298075182154,0.42184204986479573,0.38174735920132985,0.2975050515689715,0.23917250975383414,0.10146596636861557,-0.06530995006580155,-0.061735015942728455,-0.048554558325336464,0.20788616844836444,0.2432563864785909,-0.039251984205036713,0.10107501278425424,0.10811711854419156,0.14419489261277393,0.02122497953737812,0.030163935622289487,-0.0044574429946241945,0.08177386951913865,10.944600509170396,-0.36718053216253743,3.9040574268307324,0.948157612204602,10.944600509170396,3.9040574268307324,0.948157612204602,4.117519467837463,-3.9040574268307324,-0.948157612204602,-4.117519467837463,2.1741561687051676,0.0
352,-0.0395193267147988,-1.3969838619232178e-05,-0.039796709055899986,-0.1297262901335835,0.18954208234880748,0.051711560920362803,-0.029678619297134765,-0.07832598677241688,-0.17811872006492457,-0.0689238785294895,-0.08952441372765083,-0.05042434577196163,0.14430914628009867,0.044907532892260155,0.38841858121272316,0.1533554211643692,-0.043233342949538275,0.2189053182786567,0.14380062932241408,-0.02064217177764697,0.1578113382655633,0.11185037158079575,0.09546511110303695,0.06313406406280292,0.1595253023240971,0.06320515291173756,0.0006138570057981144,0.0032921908637642758,0.054508430331511724,0.08942416122274371,11.703637535805838,-0.6609258214576639,4.198464055981356,1.0979895412081724,11.703637535805838,4.198464055981356,1.0979895412081724,3.8237741785423363,-4.198464055981356,-1.0979895412081724,-3.8237741785423363,2.1741561687051676,0.0
353,0.3131334321573377,0.2069219328649342,0.19800110072044147,-0.0781396499412925,-0.07804109422888739,0.1924826999134128,0.00476285809491328,-0.06133855430234181,-0.15563052144048095,-0.06488649378714653,-0.10028959656224624,-0.06826107983764544,-0.06506044986894094,0.3122039015318754,0.15134992820678744,0.39055475387045746,0.3475290388330668,0.3518932537713746,-0.028255802932910863,-0.050444610862617055,0.21607069461385747,0.169694139063407,0.12047037266379472,0.28860835494350123,0.19902083660615996,0.04708171984053386,-0.023134782877202033,0.008034901073835192,-0.0022898267199026844,0.09455522844867979,11.403711922508025,-0.6109956890138424,3.6998854211336516,0.9551285085545789,11.403711922508025,3.6998854211336516,0.9551285085545789,3.8737043109861578,-3.6998854211336516,-0.9551285085545789,-3.8737043109861578,2.1741561687051676,0.0
354,0.0805074579548091,0.1332571782544255,-0.001865061756918418,0.09920100348269167,0.024189921818137228,0.09946838740539013,-0.1038190050057203,-0.03616259887522555,-0.19200907120704677,-0.16114030406420993,-0.09144185286569709,-0.10100263252548144,-0.012354611471893692,0.3485748402273557,0.091796775596755,0.1767526591535214,0.25522831990796385,0.2968929803845596,0.24003062257472316,-0.06749681026682909,0.08190801974965234,0.05845232983099877,0.23395380981731884,0.2498588344849297,0.032528508445616014,0.10929304484337769,0.17299164405710035,0.1701486572109619,0.012971776295914499,0.09916400122823399,11.833827701210183,-0.8164487101685163,3.712686450923841,1.012113445230847,11.833827701210183,3.712686450923841,1.012113445230847,3.668251289831484,-3.712686450923841,-1.012113445230847,-3.668251289831484,2.1741561687051676,0.0
355,0.1620453782845289,-0.09106338104233146,0.09550132266653187,0.15683478651256078,-0.2454884654384667,0.16162756320882346,-0.04751483381695831,-0.06931660190377598,-0.015680886225364427,-0.015698999421576626,-0.013110179897549645,-0.1042312274140963,0.3217733622332241,0.04199314355955777,-0.030521425223913823,0.268931358984824,-0.01058084747193918,0.22565401995992948,-0.04664283871659602,0.36632434461641133,0.057405222052951926,0.08295759893416242,-0.04406420303529663,0.16866338415276183,-0.0006383530577297458,0.13282913535714014,-0.049452060312275906,0.15190669647811622,-0.02386807218333377,0.018173820478722107,11.401022373503192,-0.5397113960229007,3.6012755254874014,0.9128734926779796,11.401022373503192,3.6012755254874014,0.9128734926779796,3.9449886039770994,-3.6012755254874014,-0.9128734926779796,-3.9449886039770994,2.1741561687051676,0.0
356,-0.01709003811702131,0.0728783993795514,0.03213317546004531,0.2515528455620462,-0.08080504391685464,0.11772127195499135,0.10631084719454692,-0.11871174197274548,-0.18134718654938214,-0.1602760346235439,-0.0832565303580893,-0.09734699186000387,0.1285631864814808,-0.027391486074306817,0.09968851425097214,0.010269670620067187,0.22055704260288866,0.22672386432347455,0.0831828876686066,0.2893176650116771,0.20195052540844083,0.24229778504114655,-0.02245532338114718,0.16974045894584167,0.1821029040140278,-0.014460454903517503,0.12107723510064133,-0.028398891912400068,0.10409832459641322,0.04624291241145635,11.581167347659154,-0.4896975969824826,3.602863733260465,0.90184269489779,11.581167347659154,3.602863733260465,0.90184269489779,3.9950024030175175,-3.602863733260465,-0.90184269489779,-3.9950024030175175,2.1741561687051676,0.0
357,0.05155040668323638,0.0204912997595966,-0.06450561051724851,0.2240033806558977,-0.016781738970229915,-0.03152244984731431,0.11506441197247685,0.001302583733002377,-0.15161090769602203,-0.1357833043832436,-0.14569169321344838,-0.06637349192189887,0.3874629399605182,-0.06522130632928143,0.12555184555914,0.20519915695993307,0.056940363953298885,0.037899826485536886,0.035677289653067365,0.29535213736659605,0.24114273173346407,0.1705174012993268,0.25862605145456136,0.20115743897189914,0.13293983442933346,0.18469151737696318,0.19643448390527712,0.08979005511159176,0.0486498159758998,-0.004541207920967665,12.171819374701236,-0.7431055140255474,3.3259705799245323,0.888917971306643,12.171819374701236,3.3259705799245323,0.888917971306643,3.7415944859744528,-3.3259705799245323,-0.888917971306643,-3.7415944859744528,2.1741561687051676,0.0
358,-0.011281206598505372,0.015180303677916535,0.005030599494897106,0.029525286668576678,-0.0732668550339674,-0.18731813099930478,0.1112026627502396,0.10771612936067619,-0.1358051074689593,0.04209789836376879,0.01811723240185062,-0.016644343501188458,0.30288041642220054,-0.027705943048217233,-0.027261181102141208,0.2945584597730046,-0.03217204923907571,0.07576932518829699,0.03892607193599004,0.14479842404130439,0.08012556133683091,0.2367703551505633,0.2255069530893981,0.23675074490659712,0.12135762351436585,0.04958709374851403,0.079418882167863,0.12585892402945598,0.0988060504621863,0.001086560685279351,11.710520661304136,-0.530114137951994,3.5378464754734424,0.8946187031683914,11.710520661304136,3.5378464754734424,0.8946187031683914,3.954585862048006,-3.5378464754734424,-0.8946187031683914,-3.954585862048006,2.1741561687051676,0.0
359,0.2879278591834009,0.023783335089683527,0.09198374192514187,-0.047990468916741524,0.10448991810221808,-0.18765466729093522,0.12051673090243131,0.049439445542873564,-0.053830617719684365,-0.025017773609393834,-0.08206651645835732,-0.10961818400862619,0.36697288639469294,0.01802670006098135,0.140534029094501,-0.05508425821255149,0.28594074581818896,0.38381086811237586,0.3676342329944482,0.37043445024750543,0.23877333293647252,0.05423891490974028,0.03744894418473928,0.20004280452850895,0.1121879774832063,0.11401524139797893,0.0986628352608652,0.13421002426508521,0.1103140795175255,0.0671539503137475,13.27935927435508,-0.8035104394345818,3.2726139997246912,0.889009909943901,13.27935927435508,3.2726139997246912,0.889009909943901,3.6811895605654184,-3.2726139997246912,-0.889009909943901,-3.6811895605654184,2.1741561687051676,0.0
360,0.24753876943141226,0.13296615310013293,0.1490633492596647,0.25911607113867446,-0.1339132186659451,0.15506244458128224,0.11555247466960389,0.020547317469569157,0.003835770472470329,-0.11043627212624878,-0.04702294367510297,-0.1431454599147931,-0.019163029333373785,0.026012530336309486,0.09657526394011573,0.16267123250930357,0.13776198247955462,0.15376994834507876,0.06683218093995774,-0.05004374536141454,-0.011132618377832894,0.16065077732138416,0.027824038181564287,0.07841472102905672,0.0009327838282818766,0.026433499198616487,0.06833509907218475,0.11149606107726857,0.1300294030375042,0.02953944833990123,9.310625785979465,0.1579022307820761,3.50985843974195,0.7560110182324821,9.310625785979465,3.50985843974195,0.7560110182324821,4.642602230782076,-3.50985843974195,-0.7560110182324821,-4.642602230782076,2.1741561687051676,0.0
361,0.15552674657665197,0.2721072193421423,0.17212139576236424,0.19923243609634966,0.11313364791543257,-0.14378360030293305,5.870690650680577e-05,0.0010613154730945568,0.06318892828260761,0.007337501681386027,-0.04316930189930865,-0.0072730660275882875,0.49398218037270575,0.1425266008319685,0.3742905460282295,0.3076630996834303,0.047834448415420915,0.13778055720784851,0.03296805021665984,0.10681659536650634,0.03335116309943581,0.13187239164954398,0.19949762114216052,0.08373256537431237,0.09046169737692471,0.05537626575596313,0.06687751653642313,0.03795318419831069,-0.01998415690486314,-0.010597843634467963,11.057332056963928,-0.43378320346468424,3.315432298193903,0.8184399889500418,11.057332056963928,3.315432298193903,0.8184399889500418,4.050916796535316,-3.315432298193903,-0.8184399889500418,-4.050916796535316,2.1741561687051676,0.0
