evaluation,offline_var_0,offline_var_1,offline_var_2,offline_var_3,offline_var_4,offline_var_5,offline_var_6,offline_var_7,offline_var_8,offline_var_9,offline_var_10,offline_var_11,offline_var_12,offline_var_13,offline_var_14,offline_var_15,offline_var_16,offline_var_17,offline_var_18,offline_var_19,offline_var_20,offline_var_21,offline_var_22,offline_var_23,offline_var_24,offline_var_25,offline_var_26,offline_var_27,offline_var_28,offline_var_29,obj_Maximize_Volume,con_Maintain_L/D_Ratio,30_DV_Model_cl,30_DV_Model_cd,30_DV_Model_Volume,30_DV_Model_CL,30_DV_Model_CD,30_DV_Model_K,30_DV_Model_-CL,30_DV_Model_-CD,30_DV_Model_-K,convergence_metric,acqf_value
1,0,0,0,0,0,0,0,0,0,0,0,0,0,0,0,0,0,0,0,0,0,0,0,0,0,0,0,0,0,0,9.067797334,0.161908777,4.156026987,0.894221955,9.067797334,4.156026987,0.894221955,4.53,-4.156026987,-0.894221955,-4.647645885,0.084287822,
2,0.270036513,0.117669976,0.038857557,0.049684018,0.15264847,0.092230288,-0.120267524,-0.025782834,-0.062323041,-0.17869611,0.006971691,-0.034319997,0.11533988,0.421805635,-0.039038405,0.373717695,-0.03648774,0.357033768,0.329080658,0.153862918,0.034353812,0.058674614,0.101569578,0.037433364,0.178172149,0.176674642,-0.000817048,0.192237397,-0.021323274,0.051849058,12.0518461,-0.685746148,3.773342347,0.992987191,12.0518461,3.773342347,0.992987191,3.799990959,-3.773342347,-0.992987191,-3.799990959,0.084287822,
3,-0.062234786,0.00621192,0.077657346,-0.14572059,-0.023703836,-0.05511818,0.107042412,0.000645371,-0.073203577,-0.007071234,-0.128378151,-0.097638174,0.333357479,0.130850833,0.214779863,-0.037720577,0.277667114,-0.046993008,0.058124781,0.245046729,0.248744059,0.129113929,0.269359575,0.291833637,-0.017592832,0.071064335,0.166191961,-0.035159605,0.067062695,0.011345343,12.35941951,-0.767530442,3.933014852,1.057771987,12.35941951,3.933014852,1.057771987,3.718206665,-3.933014852,-1.057771987,-3.718206665,0.084287822,
4,0.094037273,0.256881723,-0.034340092,0.215125949,-0.243834207,-0.128011886,-0.038851172,0.083535868,-0.151807279,-0.027870555,-0.102866158,-0.106222647,0.013813516,0.28512294,0.433743893,0.236449546,0.243031438,0.186724097,-0.023631654,0.003256599,0.05882166,0.233962141,-0.039147453,0.075278204,0.091659762,0.027234512,0.058166294,0.054328974,0.053834416,0.009627121,11.43797245,-0.084429746,3.682041036,0.836578938,11.43797245,3.682041036,0.836578938,4.401307361,-3.682041036,-0.836578938,-4.401307361,0.084287822,
5,0.182582649,-0.025614984,0.151860473,-0.035898554,0.12353435,0.115894532,0.033063985,-0.062039094,0.027548503,-0.106290711,-0.058086449,-0.003234252,0.395400118,-0.043217522,0.155543971,0.063030622,0.104323307,0.142027644,0.188372822,0.394248672,0.180707358,0.023093641,0.12591442,0.158547538,0.068582775,0.140231158,0.076049795,0.102041506,0.139414356,0.087248476,11.96232835,-0.693930086,3.638331129,0.95952434,11.96232835,3.638331129,0.95952434,3.791807021,-3.638331129,-0.95952434,-3.791807021,0.084287822,
6,0.206243188,0.245584412,0.108440533,-0.056761535,0.017331103,0.036888801,-0.019949958,0.097340962,-0.195519158,0.04558669,-0.062061478,0.023347825,-0.061264896,0.102970355,0.043593783,0.136866122,0.074373061,0.080200443,0.029241361,0.070827406,-0.01796545,0.088249727,0.026000424,0.172882723,0.039563832,-0.002428498,0.041403522,-0.00847585,-0.00512032,0.067146587,9.489984565,0.017121402,3.978099712,0.883460962,9.489984565,3.978099712,0.883460962,4.502858509,-3.978099712,-0.883460962,-4.502858509,0.084287822,
7,0.018748144,-0.115248959,-0.004910316,0.233013651,-0.145366896,-0.02475647,0.052004032,-0.107632455,0.068165094,-0.157233389,-0.017286805,-0.132630848,0.470177057,0.450271263,0.340009851,0.203346855,0.185541824,0.244561288,0.240310141,0.163192677,0.278500627,0.156200854,0.191062297,0.092287569,0.120955923,0.111317538,0.124593998,0.157155683,0.08614985,0.025959208,14.24295139,-0.930268788,3.36724303,0.947060338,14.24295139,3.36724303,0.947060338,3.55546832,-3.36724303,-0.947060338,-3.55546832,0.084287822,
8,-0.098939106,0.16177369,0.1816924,-0.230318857,-0.116262597,-0.197326779,-0.101215083,-0.040055488,-0.018611217,-0.108224371,0.008400297,-0.073869929,0.190445923,0.003225346,0.257064054,-0.00227146,0.344524448,0.014677376,0.396932844,-0.079559032,0.088580877,0.191534329,0.078731309,0.231872213,0.011375196,0.151579467,-0.047717984,0.127795297,0.031962821,-0.006648042,12.15912039,-0.95838334,4.529872644,1.284212739,12.15912039,4.529872644,1.284212739,3.527353767,-4.529872644,-1.284212739,-3.527353767,0.084287822,
9,0.392748634,0.076151658,-0.079204382,0.132380152,0.237470813,0.160327019,0.126133686,0.046706296,-0.113820237,-0.060999357,-0.126943614,-0.057911578,0.258534921,0.238094918,-0.012827287,0.305969311,0.009077452,0.298856339,0.125041257,0.312174743,0.128380107,-0.017459641,0.24652131,-0.019853879,0.148807784,0.045003773,0.182528131,0.022059718,0.126041076,0.07355745,11.35562603,-0.720638191,2.978531317,0.791089791,11.35562603,2.978531317,0.791089791,3.765098916,-2.978531317,-0.791089791,-3.765098916,0.084287822,
10,0.35308182,0.291758861,0.163751819,0.299473986,-0.057634611,0.139797501,-0.006244794,0.119392353,-0.182916182,-0.083033756,-0.112099269,-0.025660042,0.439362157,0.014600339,0.395637075,0.123496786,0.213156472,0.114188388,0.005393816,0.014737507,-0.044440071,0.172436515,0.044854396,0.203997808,0.136492173,0.189447492,0.151300614,0.151346822,0.098011408,-0.019250799,10.21645852,-0.289906131,3.191971202,0.760748281,10.21645852,3.191971202,0.760748281,4.195830976,-3.191971202,-0.760748281,-4.195830976,0.084287822,
11,-0.146889308,-0.056359341,-0.099485633,-0.101994632,0.187051548,-0.102782725,0.065624703,-0.094053976,0.047064309,-0.036410528,0.021513751,-0.083714492,-0.087473058,0.229643742,0.124937949,0.17498867,0.126757055,0.219227934,0.277164795,0.346725482,0.260546664,0.102013733,0.21537269,0.114780246,0.045218909,0.089408171,-0.016598919,0.019410823,0.004011366,0.082415043,13.14121971,-0.794607891,4.011822204,1.086882081,13.14121971,4.011822204,1.086882081,3.691129216,-4.011822204,-1.086882081,-3.691129216,0.084287822,
12,0.039582564,0.115534827,0.088305619,0.120953465,0.091198995,-0.07586798,-0.078094524,-0.057374163,0.002480914,0.004921554,-0.030745946,-0.11997624,0.232034569,0.074040417,-0.094289779,0.021815508,-0.007027817,-0.07857584,0.359857032,0.104021369,0.111639449,-0.002876112,0.010364979,0.251048112,0.165563611,0.008032869,0.093351481,0.049704337,0.114086138,0.058286814,10.81779138,-0.318244701,3.78463439,0.908132282,10.81779138,3.78463439,0.908132282,4.167492407,-3.78463439,-0.908132282,-4.167492407,0.084287822,
13,0.235428127,0.017198277,-0.022704208,-0.198738085,-0.211970231,0.063848136,0.149334135,0.03587378,-0.126414434,-0.197540453,-0.076560244,-0.011724125,0.15933826,0.476277357,0.201318398,0.315059194,0.253257285,0.385794014,0.148908916,0.256037355,0.148383158,0.208044075,0.183611734,-0.006649531,0.016484218,0.128316115,0.072507111,0.121760588,0.022891612,0.03856047,13.70993058,-0.945420798,3.644905066,1.029542207,13.70993058,3.644905066,1.029542207,3.540316309,-3.644905066,-1.029542207,-3.540316309,0.084287822,
14,0.151819951,0.17686722,-0.054438201,-0.150407916,-0.177828187,0.182610463,-0.133826098,-0.011313299,-0.041288091,-0.050073785,-0.043417632,0.009421038,0.307140588,0.33226792,0.296107383,0.364567873,0.324018893,0.331378214,0.307934322,-0.022177028,0.01396906,0.112349559,-0.010428055,0.020952213,-0.011925494,-0.017116737,0.107282754,-0.014723796,0.077619557,-0.003908719,12.56654832,-0.781239222,3.97741081,1.073670692,12.56654832,3.97741081,1.073670692,3.704497886,-3.97741081,-1.073670692,-3.704497886,0.084287822,
15,0.071557954,0.051873692,0.134103034,0.070704417,0.049320531,-0.170575641,0.09356833,0.021601183,-0.085872467,-0.127892158,-0.089226036,-0.141295275,0.08451572,-0.088609135,0.016572246,-0.061866561,0.034633385,-0.013151137,0.096050427,0.30862308,0.226072528,0.044347844,0.1628187,0.276017139,0.193689125,0.102202797,0.027037983,0.178965889,-0.008035855,0.097044675,11.14561723,-0.421581969,3.748802286,0.922406296,11.14561723,3.748802286,0.922406296,4.064155138,-3.748802286,-0.922406296,-4.064155138,0.084287822,
16,-0.015862343,0.197620706,0.020953636,0.018924071,0.203650619,-0.043912403,-0.062118464,0.073799045,-0.139147237,-0.141014542,-0.141661699,-0.065385946,0.364283761,0.354761316,0.099781742,0.264750531,0.094463764,0.273340042,-0.061507964,0.066887868,0.077157325,0.009038789,0.110686023,0.046857866,0.073676032,0.159837238,0.197440395,0.08855699,0.128961834,0.042054816,11.44123835,-1.019097851,3.845677034,1.109338685,11.44123835,3.845677034,1.109338685,3.466639256,-3.845677034,-1.109338685,-3.466639256,0.084287822,
17,0.308058445,-0.07134117,0.057412405,0.175563251,-0.081969626,0.00700998,0.009716804,-0.080248942,0.006522273,0.030252263,-0.008053759,-0.044165245,-0.012696136,0.196141755,0.352264754,0.076341858,0.158010001,0.04862881,0.209327263,0.218153923,0.206794938,0.218015197,0.281204317,0.13344271,0.108424347,0.060548982,-0.031930361,0.074509949,0.040497479,0.024882914,12.02073162,-0.211238889,3.430387232,0.802523959,12.02073162,3.430387232,0.802523959,4.274498218,-3.430387232,-0.802523959,-4.274498218,0.084287822,
18,0.316619145,0.217520658,-0.08528963,-0.244530162,0.106946407,-0.158202289,0.102785589,0.063340576,0.042961823,-0.161566828,-0.012891929,0.029640073,0.24971762,0.117571882,0.108399194,0.389883479,0.228512072,-0.059226722,-0.034646386,0.137545295,0.277421356,0.185167142,0.299085185,0.262049542,-0.026686891,0.152321672,-0.034524554,0.067323003,0.012611213,0.09271968,11.5955173,-0.772950478,3.915368647,1.054563334,11.5955173,3.915368647,1.054563334,3.712786629,-3.915368647,-1.054563334,-3.712786629,0.084287822,
19,-0.041676567,-0.091222694,0.178231472,0.148200661,-0.227414487,0.195946906,-0.124645348,-0.082758554,-0.17012225,0.041146505,-0.147885165,-0.137567374,0.176761151,0.425721018,0.412311801,-0.023432122,0.117378759,0.374646317,0.168932609,0.229885202,-0.038586494,-0.023569007,0.114925463,0.003659055,0.179810634,0.038890138,0.168723347,0.081362327,0.100987619,0.000420735,12.81044022,-0.987934574,3.619275178,1.034728274,12.81044022,3.619275178,1.034728274,3.497802534,-3.619275178,-1.034728274,-3.497802534,0.084287822,
20,0.080186955,0.18321048,-0.008508487,-0.074745832,-0.01094674,0.019578071,0.019240125,-0.001321583,-0.122344948,-0.072644286,-0.083002584,-0.078763218,0.496597486,-0.009747245,0.184779724,0.220752068,-0.04783546,0.126054241,0.310576434,-0.011436821,0.164998742,0.081316759,0.156231514,0.151224818,0.059685372,0.003684849,0.03121523,0.171772946,0.020618129,0.020792801,11.92866787,-0.703517312,3.787480708,1.001390959,11.92866787,3.787480708,1.001390959,3.782219796,-3.787480708,-1.001390959,-3.782219796,0.084287822,
21,0.126073802,0.04549918,0.102784989,0.253679256,0.140179523,-0.032328707,-0.052631661,0.024578918,-0.010280142,-0.119000954,-0.038579475,-0.051577633,-0.030050041,0.261016226,-0.077615005,0.049210467,0.287550921,0.20059331,0.046174176,0.380271576,0.117404974,0.14956406,-0.02520008,0.061331902,0.093550905,0.110575621,0.134172935,-0.021923428,0.106185764,0.046151343,10.90878613,-0.152180688,3.681377893,0.849505011,10.90878613,3.681377893,0.849505011,4.33355642,-3.681377893,-0.849505011,-4.33355642,0.084287822,
22,0.261174047,0.09606656,0.138935555,0.203044707,0.219093492,-0.113770375,0.037708121,-0.045045103,-0.098666267,-0.003712639,-0.081573981,-0.027984743,0.421619491,0.398005277,0.034318574,0.150685592,0.333128005,0.262495466,0.377477775,0.085740709,0.220304437,0.249617345,0.177023648,0.120796411,0.122652211,0.029691727,0.04471972,0.114568244,-0.01593562,0.07926233,12.57302769,-0.671553875,3.073469183,0.805800087,12.57302769,3.073469183,0.805800087,3.814183233,-3.073469183,-0.805800087,-3.814183233,0.084287822,
23,0.030953925,0.036697783,-0.049322405,-0.026499667,-0.097718481,0.126632604,-0.034124868,0.040253968,-0.037185475,-0.175230771,-0.037144936,-0.102530326,0.044607925,0.145872777,0.278497156,0.219044563,0.019010125,0.068112917,0.11401124,0.176949891,-0.002649299,0.038461194,-0.004407946,0.208015146,0.030524082,0.135831643,0.090103799,0.042504047,0.075346832,-0.016088103,11.45184556,-0.388217417,4.187314051,1.021914321,11.45184556,4.187314051,1.021914321,4.097519691,-4.187314051,-1.021914321,-4.097519691,0.084287822,
24,-0.121074789,0.284983915,0.062245208,0.02527914,-0.130957605,0.049939231,0.121102289,0.107531431,0.019283202,-0.09367093,0.027912754,-0.111160651,0.324631558,0.307623831,0.370011,-0.016559686,0.059902562,0.313047167,0.017275913,-0.063461284,0.200943967,0.07376617,0.233255323,-0.011172965,0.150756725,0.181074654,0.009118218,0.012223448,0.043474474,0.03517299,11.72994178,-1.033881251,3.648813129,1.057058371,11.72994178,3.648813129,1.057058371,3.451855857,-3.648813129,-1.057058371,-3.451855857,0.084287822,
25,0.344520956,-0.04960281,0.026069714,-0.122923872,0.002631277,-0.087669632,-0.106289852,-0.098900932,-0.14321685,-0.016119118,-0.107085518,0.003056348,0.102112118,-0.056940003,0.082171466,0.289802847,0.198548552,-0.001149838,0.221790603,0.327556153,0.060285364,0.143956185,0.049095601,0.244543342,0.002532101,0.068606623,0.156862362,0.14415253,0.137562271,0.06168255,11.97763118,-0.431966817,3.863684386,0.953108861,11.97763118,3.863684386,0.953108861,4.053770291,-3.863684386,-0.953108861,-4.053770291,0.084287822,
26,0.366932236,0.154994263,0.081904478,0.005232049,-0.196898413,-0.01101833,0.061203071,-0.036959514,-0.077533025,-0.1324542,-0.120720181,0.015672574,-0.003819409,0.318998217,0.231324897,0.107802969,-0.02071777,0.167603632,0.341414239,0.029532412,0.243747474,0.019787937,0.239637394,0.107426107,0.054342745,0.171095087,0.187983285,0.029254496,0.064778683,0.029120066,12.09516437,-0.607476578,3.46998508,0.894727173,12.09516437,3.46998508,0.894727173,3.878260529,-3.46998508,-0.894727173,-3.878260529,0.084287822,
27,-0.090380429,0.082911067,0.043388318,0.19193658,0.076902634,0.048860474,-0.010714383,0.056812597,-0.049820912,-0.054285374,0.013238477,-0.14627097,0.377945666,-0.065390573,-0.055715223,0.161164856,0.268606367,0.152479343,0.137012818,0.360365212,0.018336237,0.228472432,0.063662554,0.190000005,0.134823904,0.051233399,-0.022107381,0.134982128,-0.029211709,0.063992036,11.54231933,-0.580156729,3.633742412,0.930397549,11.54231933,3.633742412,0.930397549,3.905580378,-3.633742412,-0.930397549,-3.905580378,0.084287822,
28,-0.006999954,0.226119876,0.156107885,-0.168911498,0.168148875,0.171533384,0.135602022,0.094712199,0.031910821,0.019353818,-0.022124993,-0.070229443,0.058145541,0.369074732,0.172088924,0.037977627,0.202540574,0.345399757,-0.005566681,0.120001633,0.175451832,0.123628133,0.208478579,-0.036485127,0.025355345,-0.007800814,0.121209276,0.16435543,0.148004149,0.076951348,11.02086082,-1.063540319,3.876866193,1.13285893,11.02086082,3.876866193,1.13285893,3.422196788,-3.876866193,-1.13285893,-3.422196788,0.084287822,
29,0.214869941,-0.095751581,-0.029809048,0.090817203,-0.03938748,-0.184381339,-0.091710185,-0.118206424,-0.164342406,-0.152537616,-0.068284919,-0.037779966,0.275912041,0.171879479,0.417067026,0.329351311,0.13903208,-0.029058502,0.257786528,0.271300367,0.042715866,0.055364335,0.029775278,0.217242383,0.163698744,0.090944607,0.013479151,-0.001283021,0.056822013,-0.01003736,13.060268,-0.513894383,3.821179118,0.962067077,13.060268,3.821179118,0.962067077,3.971842724,-3.821179118,-0.962067077,-3.971842724,0.084287822,
30,0.173955667,0.263221253,0.008700653,0.109426092,-0.069631402,-0.067857077,0.079143838,0.078569761,0.055663097,-0.032823337,-0.051687427,-0.019276072,0.133059496,0.037398342,0.322261431,0.350275984,0.083896542,0.025286007,-0.073418434,-0.03837626,0.294603646,-0.005423927,0.143329114,0.284666634,0.191966562,0.021004897,0.103046512,0.109241682,0.089136663,0.015676642,10.7902803,-0.31888513,3.481312601,0.835477867,10.7902803,3.481312601,0.835477867,4.166851978,-3.481312601,-0.835477867,-4.166851978,0.084287822,
31,0.119785731,-0.031987369,0.122334795,-0.188818867,0.190534557,0.080816625,-0.148202634,-0.074015514,-0.191189584,-0.079797022,-0.097852432,-0.088559122,0.201262992,0.215624006,0.061210289,-0.078029366,0.170236113,0.280075527,0.190870527,0.293579037,-0.01271249,0.20574982,-0.035374187,0.033571841,-0.002859469,0.120715497,0.062450136,0.061521432,0.003468882,0.047525906,11.68287579,-0.733967922,4.239834312,1.130089327,11.68287579,4.239834312,1.130089327,3.751769185,-4.239834312,-1.130089327,-3.751769185,0.084287822,
32,-0.070793169,0.137574399,-0.065593693,0.274515245,0.033014285,0.1037399,0.004887051,-0.021284411,-0.10128524,-0.185667164,-0.133391869,-0.124950459,-0.078797424,0.050528174,-0.030575626,0.278573659,0.310280026,0.098292336,0.288541642,0.052311931,0.144400414,0.170420256,0.262476736,0.16190005,0.106505185,0.197047561,0.137611893,-0.027965427,0.118152031,0.091346849,11.42310575,-0.52585361,3.74978697,0.94694376,11.42310575,3.74978697,0.94694376,3.959883498,-3.74978697,-0.94694376,-3.959883498,0.084287822,
33,0.295852762,-0.013672483,0.195586381,-0.079718248,-0.160867827,-0.141567827,-0.067064669,0.013089017,-0.022973667,0.017419475,0.000572682,-0.005470938,0.452603651,0.491011333,0.274680609,0.092035903,0.050031142,0.233267401,0.085076002,0.204295225,0.093580067,0.100280864,0.086501896,0.08195887,0.082489347,0.076436692,-0.003274202,0.199424882,0.029678051,0.005538854,12.85529567,-0.599363142,3.611530728,0.929280291,12.85529567,3.611530728,0.929280291,3.886373965,-3.611530728,-0.929280291,-3.886373965,0.084287822,
34,0.286646402,0.249671252,0.094101391,-0.120011891,0.243044748,-0.174911294,0.027604993,0.052782241,-0.17355216,-0.172083171,-0.019524829,-0.142366022,-0.093523814,0.040856813,0.37952113,0.345530462,0.013683929,0.350643298,0.233523057,0.241642791,0.074239827,0.175718379,0.033752704,0.154416341,0.156053882,0.167002048,-0.038580331,0.098496033,-0.004190804,0.032627206,12.00549539,-0.621004311,3.97703484,1.029058165,12.00549539,3.97703484,1.029058165,3.864732796,-3.97703484,-1.029058165,-3.864732796,0.084287822,
35,-0.08038571,-0.019290523,-0.019246603,0.040852828,-0.122384062,0.162111978,-0.05018257,-0.033042603,0.039012642,-9.65E-05,-0.065355687,0.010446552,0.427864731,0.20046108,0.074804866,-0.065786447,0.327789611,-0.023761617,0.018711355,0.150247098,0.209704586,0.107460432,0.204271123,0.068505221,0.004244503,0.053575086,0.173405645,0.050768642,0.084282792,0.060485369,11.57959421,-0.604069079,3.854784812,0.993074313,11.57959421,3.854784812,0.993074313,3.881668029,-3.854784812,-0.993074313,-3.881668029,0.084287822,
36,0.110310691,0.123176048,0.167351616,-0.010391466,-0.154899834,0.03939093,0.093834223,-0.114643914,-0.006850177,-0.019250768,-0.123386801,-0.048707731,0.148389185,0.065759682,0.029362867,0.268209098,0.193225361,0.16542241,0.101403585,0.39014257,0.005944435,0.00260369,0.065513829,0.298327897,0.128062777,-0.010999707,0.035911806,-0.039641056,0.037322017,0.080461809,11.69993489,-0.484973696,3.753290163,0.938143493,11.69993489,3.753290163,0.938143493,4.000763412,-3.753290163,-0.938143493,-4.000763412,0.084287822,
37,0.164631821,-0.00181758,-0.093538882,0.206495328,0.027290656,-0.001597616,-0.12767637,0.091262677,-0.118395695,-0.097301578,0.010198684,-0.060798232,0.225435462,0.48748428,0.28988241,0.094903071,0.054567171,0.150230858,0.377038151,-0.00059327,0.234083964,0.211290839,0.238760376,0.041262516,0.032348141,0.095894852,0.130070546,0.187741544,0.122990097,-0.013547332,12.86990447,-0.713638615,3.484451499,0.923743509,12.86990447,3.484451499,0.923743509,3.772098492,-3.484451499,-0.923743509,-3.772098492,0.084287822,
38,0.22261597,0.167687901,0.015150434,0.258883348,0.114062627,-0.144513638,0.112738275,-0.070920393,-0.032710452,0.036963094,-0.130352054,-0.087557286,0.07374935,0.322525841,0.179019978,0.104934422,0.124546995,0.088311913,0.049481332,0.174503239,0.103235464,0.117778154,0.087671346,-0.028960291,0.061447703,0.015220653,0.047803119,0.025020586,-0.02158903,0.019187216,10.51390091,0.092062552,3.419469573,0.746967938,10.51390091,3.419469573,0.746967938,4.577799659,-3.419469573,-0.746967938,-4.577799659,0.084287822,
39,0.000830132,0.06935145,0.053962229,-0.065167886,-0.233813558,0.106831917,-0.108738087,0.075587627,-0.093656516,-0.166218713,0.003239195,-0.021774756,0.300358491,-0.080622651,-0.065426492,0.171528966,0.235668109,0.223351285,0.324180118,0.082452242,0.156795324,0.047645677,0.260917892,0.23073781,0.098903232,0.12136603,0.086397684,0.130770551,0.069592806,0.044015819,12.46738457,-1.014373192,3.994583952,1.150724628,12.46738457,3.994583952,1.150724628,3.471363915,-3.994583952,-1.150724628,-3.471363915,0.084287822,
40,-0.08236572,0.237965163,-0.058048856,0.158317312,-0.018069163,0.083761987,0.046659203,0.008591386,-0.147691944,-0.1148335,-0.054616638,-0.013495928,-0.018856624,0.38423823,0.118176813,0.025736074,0.29471606,0.037817089,0.166621735,0.323251241,-0.046967518,0.012303671,-0.030714435,0.093806614,-0.024811151,0.195539874,0.005397823,0.161052071,0.049226018,0.094853876,11.21650528,-0.311145959,3.910394308,0.936713122,11.21650528,3.910394308,0.936713122,4.174591148,-3.910394308,-0.936713122,-4.174591148,0.084287822,
41,0.374493626,-0.11015314,0.128167141,-0.238791623,0.146587619,-0.070948455,-0.03109413,-0.016900225,0.014273395,-0.067977895,-0.100452703,-0.118246923,0.352895782,0.168420435,0.40467693,0.334097298,-0.040682519,0.29255762,-0.04912572,-0.068636353,0.263087631,0.223479007,0.139803984,0.182350455,0.185274619,0.08307809,0.159992375,-0.004564621,0.143216797,0.002032301,12.30068303,-1.012333687,3.608193802,1.038806428,12.30068303,3.608193802,1.038806428,3.473403421,-3.608193802,-1.038806428,-3.473403421,0.084287822,
42,0.4,-0.12,-0.099635506,0.299474749,-0.249276104,-0.199409276,-0.149562861,-0.119648763,0.069961464,0.04968129,0.029855131,0.029863654,-0.099347644,0.068758788,0.449454182,0.399796176,-0.049880586,-0.07964584,0.362833376,0.399424471,0.299985158,0.24974409,-0.049707452,0.299866232,-0.029674544,-0.019647751,-0.049658494,-0.039666411,-0.029899059,-0.019866841,12.97350341,-0.728051966,3.467025367,0.922649247,12.97350341,3.467025367,0.922649247,3.757685142,-3.467025367,-0.922649247,-3.757685142,0.084287822,4.248183069
43,0.064522421,-0.12,-0.099635506,0.299474749,-0.249276104,-0.199409276,-0.149562861,-0.119648763,-0.199862426,0.04968129,-0.149917818,-0.149784394,-0.099347644,0.499444873,0.449454182,0.399796176,-0.049880586,-0.033191862,-0.079239164,0.399424471,-0.031134426,0.24974409,-0.049707452,0.299866232,0.199921015,0.199816983,-0.049658494,0.199884995,0.149758097,0.099892012,13.3616706,-0.811727009,3.633433968,0.988955901,13.3616706,3.633433968,0.988955901,3.674010099,-3.633433968,-0.988955901,-3.674010099,0.084287822,2.501648139
44,0.4,-0.12,-0.099635506,0.257709104,-0.249276104,-0.199409276,0.149701065,-0.119648763,-0.199862426,-0.199880095,-0.149917818,-0.059209243,-0.099347644,0.499444873,0.449454182,-0.032902649,0.349844371,-0.07964584,-0.079239164,0.399424471,-0.049954312,0.24974409,-0.049707452,-0.009916698,0.199921015,-0.019647751,0.057785421,-0.039666411,-0.029899059,0.099892012,11.8067869,-0.52168288,3.63918715,0.918046763,11.8067869,3.63918715,0.918046763,3.964054227,-3.63918715,-0.918046763,-3.964054227,0.084287822,1.840295124
45,0.130937,-0.12,0.048703923,0.299474749,-0.249276104,-0.199409276,-0.149562861,-0.119648763,-0.199862426,-0.019662057,-0.149917818,-0.149784394,-0.099347644,0.499444873,0.449454182,0.399796176,0.349844371,0.061823657,0.399858528,0.399424471,0.299985158,0.24974409,-0.049707452,-0.039775235,0.199921015,-0.019647751,-0.049658494,0.199884995,-0.029899059,0.099892012,14.66254856,-0.896433485,3.596031281,1.001874363,14.66254856,3.596031281,1.001874363,3.589303623,-3.596031281,-1.001874363,-3.589303623,0.084287822,2.091744159
46,0.172694095,-0.12,-0.099635506,0.299474749,-0.249276104,-0.199409276,-0.149562861,-0.119648763,-0.199862426,0.04968129,-0.149917818,-0.149784394,-0.056918888,0.499444873,0.449454182,-0.007880123,0.349844371,0.012929984,0.026156556,-0.071708303,0.299985158,0.24974409,-0.049707452,0.299866232,0.199921015,0.199816983,0.00738179,-0.039666411,0.149758097,0.086758505,12.84005864,-0.655011561,3.684656525,0.961869098,12.84005864,3.684656525,0.961869098,3.830725547,-3.684656525,-0.961869098,-3.830725547,0.084287822,1.411719336
47,0.233792501,-0.12,-0.099635506,0.299474749,-0.249276104,-0.199409276,-0.149562861,-0.119648763,-0.199862426,-0.041938642,-0.149917818,-0.149784394,-0.099347644,0.092854282,0.449454182,0.045567883,0.349844371,0.065487551,-0.050801401,0.399424471,-0.049954312,0.24974409,-0.049707452,-0.039775235,0.199921015,-0.019647751,0.040588323,0.199884995,0.149758097,0.099892012,12.01896106,-0.55889596,3.704589254,0.943401863,12.01896106,3.704589254,0.943401863,3.926841148,-3.704589254,-0.943401863,-3.926841148,0.084287822,1.729213908
48,0.223695919,0.3,-0.099635506,0.299474749,-0.249276104,-0.199409276,-0.149562861,-0.119648763,-0.199862426,0.04968129,-0.149917818,0.029863654,-0.099347644,0.499444873,-0.099172812,0.399796176,0.349844371,-0.073310066,0.027790652,0.399424471,0.299985158,0.24974409,-0.049707452,0.056912005,0.199921015,-0.019647751,-0.049658494,0.110046325,0.149758097,-0.019866841,12.22106858,-0.524406414,3.573774016,0.902165028,12.22106858,3.573774016,0.902165028,3.961330693,-3.573774016,-0.902165028,-3.961330693,0.084287822,2.5381271
49,0.276287839,0.3,0.199992892,0.150218507,0.249730157,-0.199409276,0.149701065,-0.119648763,-0.199862426,0.04968129,0.029855131,-0.149784394,-0.099347644,-0.09982319,-0.099172812,-0.079978528,-0.049880586,0.021484613,-0.079239164,-0.079916936,-0.049954312,0.24974409,-0.001387309,-0.039775235,0.028523201,-0.019647751,0.013894675,0.199884995,-0.029899059,-0.019866841,7.161319321,0.144846261,3.59422449,0.776192588,7.161319321,3.59422449,0.776192588,4.630583369,-3.59422449,-0.776192588,-4.630583369,0.084287822,1.400686213
50,0.214625552,0.086149325,-0.099635506,0.184562293,-0.249276104,-0.199409276,-0.149562861,-0.119648763,-0.199862426,-0.199880095,-0.149917818,-0.149784394,-0.099347644,0.499444873,0.449454182,0.399796176,0.349844371,-0.024542145,0.018486574,0.399424471,0.299985158,0.24974409,0.019142955,0.037308657,0.025131516,-0.019647751,0.04663876,0.199884995,0.149758097,0.099892012,13.58726683,-0.739037105,3.862395421,1.030879285,13.58726683,3.862395421,1.030879285,3.746700002,-3.862395421,-1.030879285,-3.746700002,0.084287822,1.02435004
51,0.349718339,-0.12,-0.099635506,0.299474749,-0.249276104,-0.199409276,0.02363977,-0.119648763,-0.199862426,0.04968129,-0.149917818,-0.149784394,-0.096243071,0.499444873,-0.099172812,0.399796176,0.349844371,0.042007816,0.112638261,0.399424471,0.299985158,0.24974409,-0.03774365,-0.039775235,0.199921015,0.199816983,0.050208639,0.199884995,0.149758097,-0.019866841,13.26721479,-0.925862531,3.374723299,0.947989382,13.26721479,3.374723299,0.947989382,3.559874576,-3.374723299,-0.947989382,-3.559874576,0.084287822,2.508972295
52,0.152552443,0.3,0.052637784,0.299474749,-0.249276104,-0.199409276,-0.149562861,-0.119648763,0.069961464,-0.199880095,0.029855131,-0.149784394,-0.006442683,0.499444873,0.449454182,-0.079978528,0.349844371,-0.07964584,-0.079239164,0.399424471,-0.036435056,0.24974409,0.299514143,0.299866232,0.199921015,-0.019647751,-0.049658494,-0.039666411,-0.029899059,-0.019866841,11.91249457,-0.574265829,3.801675538,0.97192981,11.91249457,3.801675538,0.97192981,3.911471278,-3.801675538,-0.97192981,-3.911471278,0.084287822,2.313895406
53,0.211035318,0.115899215,-0.099635506,0.250650072,-0.249276104,-0.199409276,-0.149562861,-0.119648763,-0.199862426,-0.199880095,-0.149917818,0.029863654,-0.056594596,0.499444873,0.449454182,-0.038937238,0.349844371,0.038994783,-0.02374559,0.034601351,0.047826932,0.24974409,-0.049707452,0.299866232,0.199921015,0.016529001,0.19975721,0.199884995,-0.029899059,0.099892012,12.14781123,-0.587257039,3.8488902,0.987279692,12.14781123,3.8488902,0.987279692,3.898480069,-3.8488902,-0.987279692,-3.898480069,0.084287822,1.037630975
54,0.126515166,0.183305141,-0.099635506,0.153173989,-0.249276104,-0.199409276,-0.149562861,-0.119648763,-0.199862426,0.04968129,-0.149917818,-0.149784394,-0.099347644,-0.094265068,0.449454182,0.399796176,0.349844371,-0.00824946,0.009768193,0.399424471,-0.049954312,0.24974409,-0.049707452,-0.039775235,-0.029674544,0.199816983,0.19975721,0.035433792,-0.029899059,0.099892012,11.79609123,-0.445630066,3.78412482,0.936639743,11.79609123,3.78412482,0.936639743,4.040107042,-3.78412482,-0.936639743,-4.040107042,0.084287822,1.677229672
55,0.277378746,0.08196596,0.066270329,0.218073531,-0.249276104,-0.199409276,0.149701065,-0.119648763,-0.199862426,0.04968129,-0.149917818,0.029863654,-0.099347644,0.137690801,0.449454182,-0.076154088,0.349844371,0.025097294,-0.000199713,0.055509008,-0.011762682,0.24974409,-0.049707452,0.299866232,-0.029674544,0.199816983,0.006938089,-0.039666411,0.149758097,-0.019866841,10.80929994,-0.173711741,3.587944833,0.832078786,10.80929994,3.587944833,0.832078786,4.312025367,-3.587944833,-0.832078786,-4.312025367,0.084287822,1.392283266
56,0.254221253,0.12231828,0.160190088,0.299474749,0.002373833,-0.031837218,-0.149562861,-0.119648763,-0.199862426,0.04968129,-0.149917818,0.029863654,-0.099347644,0.014626285,0.449454182,0.399796176,0.349844371,-0.005971404,0.01809362,0.132792848,0.257655355,0.24974409,-0.049707452,-0.039775235,-0.029674544,-0.019647751,-0.049658494,-0.039666411,0.127539046,0.037757011,10.4433364,0.049889425,3.685822408,0.812637985,10.4433364,3.685822408,0.812637985,4.535626532,-3.685822408,-0.812637985,-4.535626532,0.084287822,1.345390947
57,0.220976385,0.117189531,0.025749343,0.171022803,0.07692049,-0.028601581,0.097573494,-0.119648763,-0.199862426,0.04968129,-0.10886561,0.029863654,-0.095411139,0.499444873,0.449454182,-0.074494048,0.349844371,0.0597864,-0.002440911,0.143808878,-0.049954312,0.24974409,-0.049707452,-0.039775235,-0.029674544,-0.019647751,-0.049658494,-0.039666411,0.149758097,-0.006581598,10.35319445,0.013995205,3.609899073,0.802247517,10.35319445,3.609899073,0.802247517,4.499732313,-3.609899073,-0.802247517,-4.499732313,0.084287822,0.70431682
58,0.234986531,0.239551965,-0.043746574,0.140423606,-0.042543549,-0.002109621,-0.126168428,0.093438215,-0.014106596,-0.193139725,-0.049309051,-0.020896319,-0.087126443,-0.020382897,0.116726645,0.281880494,-0.043232747,0.15062728,-0.028180255,0.041283683,0.07858113,0.248453131,0.291945695,0.229525741,0.062218539,0.156019532,0.099116013,0.169865309,-0.011166837,0.024347522,10.36121617,-0.580042203,3.813205174,0.976319264,10.36121617,3.813205174,0.976319264,3.905694905,-3.813205174,-0.976319264,-3.905694905,0.084287822,0
59,0.193717565,0.179859214,0.075026541,0.299474749,-0.249276104,-0.027996231,0.149701065,-0.119648763,0.012905141,0.04968129,0.029855131,0.029863654,0.101735275,0.149881475,0.449454182,0.399796176,0.349844371,-0.02321002,0.053379828,0.037177309,0.053281049,0.24974409,-0.049707452,0.051130816,0.199921015,-0.019647751,0.19975721,-0.039666411,-0.029899059,0.099892012,11.00533616,-0.044531324,3.354008863,0.755202309,11.00533616,3.354008863,0.755202309,4.441205783,-3.354008863,-0.755202309,-4.441205783,0.084287822,1.180463027
60,-0.090494039,-0.007582036,0.12633062,-0.232981893,-0.039923,-0.090527214,-0.141549348,-0.106635574,-0.177520964,-0.126599493,-0.004240794,0.027789151,0.21215806,0.009005616,-0.031055854,0.094409053,-0.002517265,-0.050340781,0.297300241,0.162421041,0.178553024,0.05942212,0.048894868,-0.012503925,0.18486458,0.010086381,0.15038342,-0.01411972,0.013621645,-0.004383108,11.78940395,-0.764382636,4.665223333,1.253635838,11.78940395,4.665223333,1.253635838,3.721354471,-4.665223333,-1.253635838,-3.721354471,0.084287822,0
61,0.226387611,0.177135461,0.065172248,0.299474749,0.005546977,-0.199409276,0.135013611,0.019199281,0.069961464,0.04968129,0.029855131,0.029863654,-0.085776264,0.276768972,0.449454182,0.2638482,0.349844371,-0.07964584,0.039674346,0.236654121,0.014915066,0.24974409,-0.049707452,0.028073491,-0.029674544,-0.019647751,-0.049658494,-0.039666411,-0.029899059,0.099892012,10.38465109,0.406675595,3.412278056,0.697463248,10.38465109,3.412278056,0.697463248,4.892412702,-3.412278056,-0.697463248,-4.892412702,0.911711802,1.033909917
62,0.227288673,0.3,0.058841328,0.299474749,0.067193869,-0.199409276,0.149701065,0.006662715,0.069961464,0.04968129,0.029855131,0.029863654,-0.099347644,-0.09982319,-0.099172812,-0.079978528,-0.049880586,-0.07964584,0.002786887,-0.079916936,-0.049954312,-0.029537909,-0.049707452,-0.039775235,-0.029674544,-0.019647751,-0.049658494,-0.039666411,-0.029899059,-0.019866841,6.757596376,0.997640182,3.606933468,0.657794144,6.757596376,3.606933468,0.657794144,5.48337729,-3.606933468,-0.657794144,-5.48337729,0.911711802,1.622678267
63,0.320154189,-0.12,0.079405746,0.299474749,-0.035145628,-0.199409276,0.149701065,0.023768719,0.069961464,0.04968129,0.029855131,0.029863654,-0.099347644,0.499444873,0.449454182,0.399796176,0.349844371,-0.07964584,0.04409127,0.152899839,0.178160699,-0.029537909,-0.049707452,0.000681041,-0.029674544,-0.019647751,-0.049658494,-0.039666411,-0.029899059,-0.019866841,11.02176622,0.112797724,3.38093176,0.735219343,11.02176622,3.38093176,0.735219343,4.598534832,-3.38093176,-0.735219343,-4.598534832,0.911711802,1.104660163
64,0.252510404,0.3,0.032137862,0.299474749,0.009997442,-0.199409276,0.138348798,0.021886142,0.053300666,0.04968129,0.029855131,0.029863654,-0.099347644,-0.038588393,0.449454182,-0.079978528,0.177442439,-0.07964584,0.051530859,0.093938573,0.299985158,0.24974409,-0.049707452,-0.035302836,0.033823564,-0.019647751,-0.049658494,-0.039666411,-0.029899059,-0.010622435,9.375187832,0.54385327,3.458727669,0.687675816,9.375187832,3.458727669,0.687675816,5.029590378,-3.458727669,-0.687675816,-5.029590378,1.202658788,0.736993082
65,0.234324475,0.3,0.033315387,0.299474749,-0.041200994,-0.199409276,-0.149562861,0.007695932,0.069961464,0.04968129,-0.011511382,-0.149784394,0.025798003,0.294413616,0.449454182,0.399796176,0.349844371,-0.07964584,0.084143212,0.141907175,-0.012140312,0.24974409,-0.049707452,0.169227253,0.199921015,-0.019647751,-0.049658494,-0.039666411,0.149758097,0.099892012,11.20618012,0.060793714,3.557886837,0.782549811,11.20618012,3.557886837,0.782549811,4.546530822,-3.557886837,-0.782549811,-4.546530822,1.202658788,0.156100423
66,0.172400389,0.222937146,0.004946642,0.299474749,0.004770042,-0.199409276,0.149701065,0.019769684,-0.199500203,0.04968129,0.029855131,0.029863654,-0.099347644,-0.09982319,0.190799925,0.086368095,0.315119575,-0.07964584,0.056018695,0.039238753,-0.049954312,0.24974409,-0.049707452,-0.039775235,-0.029674544,-0.019647751,-0.049658494,-0.039666411,-0.029899059,0.05534014,8.717018621,0.53529129,3.556668269,0.708354542,8.717018621,3.556668269,0.708354542,5.021028397,-3.556668269,-0.708354542,-5.021028397,1.202658788,0.340299662
67,0.153930129,0.273244542,0.06447519,0.299474749,-0.10295232,-0.199409276,-0.124662694,0.104378995,0.069961464,0.04968129,-0.149917818,0.029863654,0.013387856,0.499444873,0.449454182,0.020611461,-0.049880586,-0.001630381,0.034001366,0.399424471,0.088840026,0.24974409,-0.049707452,-0.039775235,-0.029674544,-0.019647751,-0.049658494,-0.039666411,-0.029899059,0.099892012,11.15416868,0.138864662,3.646280357,0.788452831,11.15416868,3.646280357,0.788452831,4.62460177,-3.646280357,-0.788452831,-4.62460177,1.220690389,0.235921774
68,0.271372691,0.291410669,0.037822463,0.299474749,0.036258573,-0.199409276,0.149701065,0.002751116,0.069961464,0.04968129,0.029855131,0.029863654,-0.099347644,-0.077245762,0.449454182,-0.079978528,0.349844371,-0.07964584,0.004316588,0.205323851,0.299985158,-0.017945162,-0.049707452,-0.039775235,-0.029674544,-0.019647751,-0.049658494,-0.039666411,-0.029899059,0.099892012,9.211185294,0.499370333,3.415142988,0.685069084,9.211185294,3.415142988,0.685069084,4.985107441,-3.415142988,-0.685069084,-4.985107441,1.220690389,0.567625841
69,0.193987097,0.3,-0.099635506,0.299474749,0.031251237,-0.199409276,0.149701065,0.05837941,0.069961464,0.04968129,-0.149917818,0.029863654,-0.099347644,-0.032019471,0.449454182,0.318241755,0.130010179,-0.027555358,0.029330621,-0.079916936,-0.037659875,0.24974409,-0.049707452,-0.039775235,-0.029674544,-0.019647751,-0.049658494,-0.039666411,-0.029899059,-0.019866841,8.973285896,0.453630383,3.565442084,0.721841833,8.973285896,3.565442084,0.721841833,4.939367491,-3.565442084,-0.721841833,-4.939367491,1.220690389,0.436232977
70,0.211109832,0.070065698,0.072545096,0.299474749,0.02211628,-0.199409276,0.149701065,-0.012764341,0.063719296,0.04968129,-0.014571717,0.029863654,-0.083125372,0.38156854,0.449454182,0.033846587,0.349844371,-0.066364377,0.115600756,0.322600524,0.060599252,0.24974409,0.00233199,0.128495914,-0.023514436,-0.019647751,-0.049658494,-0.039666411,-0.029899059,-0.019866841,11.0845728,0.162202259,3.37938325,0.727071285,11.0845728,3.37938325,0.727071285,4.647939366,-3.37938325,-0.727071285,-4.647939366,1.237024879,0.112805821
71,0.232853563,0.272354768,0.077546292,0.299474749,-0.009786208,-0.199409276,0.149701065,0.062487462,0.069961464,0.04968129,-0.149917818,0.029863654,-0.099347644,0.108871592,-0.005382201,0.22236121,0.317048231,-0.059956603,0.025786727,0.007671811,0.042692989,0.24974409,-0.049707452,-0.039775235,-0.029674544,-0.019647751,-0.049658494,-0.039666411,-0.029899059,0.099892012,8.724053988,0.468210129,3.513931329,0.70931949,8.724053988,3.513931329,0.70931949,4.953947237,-3.513931329,-0.70931949,-4.953947237,1.237024879,0.355248746
72,0.251771989,0.3,0.071706512,0.299474749,0.035391794,-0.199409276,0.149701065,1.48E-05,0.042419278,0.04968129,0.029855131,0.029863654,-0.099347644,0.019950243,0.449454182,0.265098987,-0.049880586,-0.052979369,0.001204075,0.132008991,-0.045607976,0.24974409,-0.049707452,-0.009019389,-0.029674544,-0.019647751,-0.049658494,-0.039666411,-0.029899059,0.099892012,9.023780588,0.663356652,3.445049793,0.669059441,9.023780588,3.445049793,0.669059441,5.14909376,-3.445049793,-0.669059441,-5.14909376,1.448491219,0.433053015
73,0.205658052,0.3,0.048250368,0.299474749,0.026583739,-0.199409276,0.149701065,-0.00031192,-0.199862426,0.04968129,0.029855131,-0.149784394,-0.095092346,0.328835276,0.449454182,0.274600638,-0.049880586,-0.060475638,0.035323894,0.385354308,0.299985158,0.24974409,-0.049707452,0.257295027,-0.029674544,-0.019647751,0.19975721,-0.039666411,-0.029899059,0.099892012,11.48557648,-0.150443263,3.236655879,0.746582814,11.48557648,3.236655879,0.746582814,4.335293845,-3.236655879,-0.746582814,-4.335293845,1.448491219,0.195215972
74,0.239779027,0.279582827,0.082722168,0.299474749,-0.249276104,-0.199409276,-0.149562861,0.009133478,-0.006315289,0.04968129,0.029855131,0.029863654,-0.099347644,0.156076168,0.449454182,0.399796176,-0.049880586,-0.070786835,0.027086885,0.050201958,-0.049954312,0.068541136,-0.049707452,-0.039775235,0.199921015,-0.019647751,-0.049658494,-0.039666411,0.149758097,0.099892012,10.01167519,0.335408695,3.676015258,0.762477512,10.01167519,3.676015258,0.762477512,4.821145803,-3.676015258,-0.762477512,-4.821145803,1.448491219,0.68361506
75,-0.107622974,0.199784443,0.008672198,-0.017143108,0.147674014,0.064458532,-0.046410443,0.013384382,-0.05790837,-0.011084914,-0.107449274,-0.02086289,0.458821989,0.06833281,0.321650395,0.301979107,0.207758627,0.165116561,0.011223567,0.283502173,0.163242865,0.162590465,-0.047667372,0.140092631,-0.007467324,0.182644306,0.160176157,0.118990981,0.136203903,0.05254545,12.25592521,-1.0168001,3.922710143,1.130810428,12.25592521,3.922710143,1.130810428,3.468937007,-3.922710143,-1.130810428,-3.468937007,1.448491219,0
76,0.21806576,0.275577056,0.054396853,0.299474749,0.024350138,-0.199409276,-0.149562861,0.022319004,0.069961464,0.04968129,0.029855131,0.029863654,-0.071309033,0.009719513,0.449454182,-0.079978528,-0.049880586,-0.030439093,0.028000374,-0.028286635,-0.049954312,0.103324062,-0.049707452,-0.039775235,-0.029674544,-0.019647751,-0.049658494,-0.039666411,-0.029899059,0.099892012,8.426716719,0.636724296,3.763738309,0.734751912,8.426716719,3.763738309,0.734751912,5.122461404,-3.763738309,-0.734751912,-5.122461404,1.448491219,0.187525051
77,0.247054137,0.22231965,0.063297952,0.299474749,0.006835749,-0.199409276,0.149701065,0.054410581,-0.199862426,0.04968129,0.029855131,-0.148226254,-0.099347644,-0.030081193,0.449454182,0.145110117,-0.028211185,-0.07964584,0.149804174,0.327250782,-0.049954312,-0.029537909,-0.049707452,-0.017993383,0.199921015,-0.019647751,-0.049658494,-0.039666411,0.123733454,0.027134895,9.928085686,0.160738704,3.333290979,0.717380465,9.928085686,3.333290979,0.717380465,4.646475811,-3.333290979,-0.717380465,-4.646475811,1.448491219,0.304120597
78,0.163010346,0.259946997,-0.099635506,0.299474749,-0.085403023,-0.199409276,0.149701065,0.050762063,0.021480012,0.04968129,0.029855131,0.029863654,0.017519965,0.499444873,0.264181624,0.399796176,-0.047446994,0.016972814,0.128056835,0.204559486,0.120412558,0.24974409,-0.044319553,-0.039775235,-0.029674544,-0.019647751,-0.049658494,-0.039666411,0.149758097,0.099892012,11.37400395,0.151013912,3.354739928,0.723510905,11.37400395,3.354739928,0.723510905,4.636751019,-3.354739928,-0.723510905,-4.636751019,1.457158846,0.24455543
79,0.230940126,0.187492247,0.033425932,0.299474749,-0.167233961,-0.199409276,0.000759941,0.047202262,-0.026740193,0.04968129,0.029855131,0.029863654,0.060515977,0.499444873,0.449454182,0.073883839,0.349844371,-0.017099314,0.043787556,0.171096989,-0.011922767,0.24974409,-0.04282958,-0.039775235,-0.029674544,-0.019647751,-0.049658494,-0.039666411,0.149758097,0.099892012,11.03791701,0.186987561,3.458332369,0.740110452,11.03791701,3.458332369,0.740110452,4.672724669,-3.458332369,-0.740110452,-4.672724669,1.47335024,0.176002589
80,0.150858771,0.18904657,0.021397713,0.299474749,-0.046427727,-0.199409276,0.149701065,0.018096765,0.060116471,0.04968129,0.029855131,0.029863654,-0.043656791,0.266982204,0.449454182,0.399796176,-0.008629171,-0.007094791,0.011068015,0.274867449,0.126468077,0.24974409,-0.039229295,-0.039775235,0.129457058,-0.019647751,-0.049658494,-0.039666411,-0.029899059,-0.019866841,10.99454387,0.223331486,3.402101338,0.722457376,10.99454387,3.402101338,0.722457376,4.709068593,-3.402101338,-0.722457376,-4.709068593,1.495516137,0.090043028
81,0.313600708,-0.087544301,-0.019711117,0.086463972,-0.238645577,-0.160196552,-0.025336581,0.012067824,-0.141486124,0.037428957,-0.075515198,-0.02398043,0.071606306,0.308683222,0.292985698,0.391186482,0.118483712,0.122664882,0.39617173,0.013823888,0.006108999,0.058024788,0.284091943,0.175619312,0.000334478,0.182086354,0.178331386,0.146640355,0.145133635,0.030141001,13.14137928,-0.753481282,3.365498738,0.901733133,13.14137928,3.365498738,0.901733133,3.732255826,-3.365498738,-0.901733133,-3.732255826,1.495516137,0
82,0.20431804,-0.007728082,-0.099635506,0.299474749,0.028564851,-0.199409276,0.149701065,-0.04522947,0.056725132,-0.199880095,0.029855131,0.029863654,-0.052269074,0.18718077,0.449454182,0.328480184,-0.049880586,-0.069771264,0.063546346,0.143566286,0.130853368,0.24974409,0.033807236,-0.039775235,-0.029674544,-0.019647751,-0.049658494,-0.039666411,0.149758097,0.099892012,10.8192497,0.065101938,3.682791145,0.809255416,10.8192497,3.682791145,0.809255416,4.550839046,-3.682791145,-0.809255416,-4.550839046,1.495516137,0.069425193
83,0.255050576,0.242736912,0.199293785,0.08177438,-0.000164285,-0.167341211,0.10611086,-0.107555672,-0.175750552,-0.038337051,-0.100053981,0.003418994,-0.067603879,0.229104597,0.033206107,0.316071785,0.311590004,0.146651808,0.261900573,0.18160001,0.161937877,0.137717491,0.107518339,0.13868957,-0.024100185,0.149129475,0.026435127,0.017259469,0.120731315,0.018377552,11.56081912,-0.240746143,3.57671295,0.842572571,11.56081912,3.57671295,0.842572571,4.244990964,-3.57671295,-0.842572571,-4.244990964,1.495516137,0
84,0.133691878,0.054625973,0.021100384,-0.005328299,0.030911367,-0.183934518,-0.147843693,-0.025670721,-0.037002688,-0.1900283,-0.004070223,0.024702218,0.353451565,0.454867864,0.026745143,0.081698635,0.246033846,0.268219047,0.21743021,0.085533419,0.273054831,0.215245393,0.273192971,0.271732848,0.075312553,0.126189161,0.027320325,0.105618377,0.00779638,0.044211262,13.44743119,-1.089133981,3.81581969,1.123422298,13.44743119,3.81581969,1.123422298,3.396603126,-3.81581969,-1.123422298,-3.396603126,1.495516137,0
85,0.144490881,0.238937659,-0.098397112,0.035123356,-0.202581758,-0.128403038,-0.04021332,0.047505376,-0.120582247,0.036807171,0.020152666,-0.042589172,0.370822486,0.49490819,0.430103661,-0.044770385,0.263613622,0.22935315,0.345559994,0.286140773,0.153889552,0.077167437,0.298476146,0.044986533,0.147330746,0.054014103,0.021135017,0.181338743,0.105054526,0.048230527,14.21072239,-0.823205705,3.344782044,0.91324324,14.21072239,3.344782044,0.91324324,3.662531403,-3.344782044,-0.91324324,-3.662531403,1.495516137,0
86,0.232709347,0.3,0.058922184,0.299474749,-0.002231759,-0.199409276,0.149701065,0.022057262,0.069961464,0.04968129,0.029855131,-0.017571202,-0.077973172,0.499444873,0.449454182,0.350257932,-0.022300994,-0.016675967,0.131391211,0.21273836,-0.002386799,0.24974409,-0.04349033,-0.039775235,0.199921015,-0.019647751,-0.049658494,-0.039666411,-0.029899059,0.099892012,10.92861945,0.265159173,3.308609835,0.696418031,10.92861945,3.308609835,0.696418031,4.75089628,-3.308609835,-0.696418031,-4.75089628,1.518269075,0.070305632
87,0.227925047,0.3,0.056596041,0.299474749,0.061641148,-0.199409276,0.149701065,-0.027642847,0.055170436,0.04968129,0.029855131,0.029863654,-0.099347644,0.280508947,0.449454182,0.3784328,-0.049880586,-0.07964584,0.067473523,0.335270834,0.058835729,0.24974409,0.033034528,-0.039775235,-0.029674544,0.199816983,-0.049658494,-0.039666411,0.149758097,0.099892012,10.68917409,0.133366679,3.324379586,0.719702293,10.68917409,3.324379586,0.719702293,4.619103786,-3.324379586,-0.719702293,-4.619103786,1.518269075,0.048919708
88,0.393781805,0.061342619,-0.052622311,0.103984715,0.155931404,0.136131835,-0.134984809,0.050723929,-0.027558479,-0.126509537,-0.025682991,-0.084303965,-0.056941418,-0.012620543,0.141628374,-0.028979375,0.023939048,0.170857597,0.210170593,0.219555404,0.240048656,0.227427159,0.20474248,0.230513741,0.007002143,0.029473043,0.004056809,0.177540991,-0.000284691,0.007130644,10.8361692,-0.345077373,3.700436619,0.893682856,10.8361692,3.700436619,0.893682856,4.140659735,-3.700436619,-0.893682856,-4.140659735,1.518269075,0
89,0.303306304,0.036311758,0.009122398,0.145258373,-0.043944231,-0.008347078,-0.113934071,0.024836138,0.042830349,-0.053598758,-0.087775965,-0.126182755,-0.047566656,0.190490518,0.342811293,0.227134545,0.065841226,0.353134202,0.385657129,0.330751307,0.269544768,0.157150809,0.187904536,0.16037372,-0.016028177,0.1724501,0.074079899,0.197400529,-0.010983967,0.081850785,13.39165457,-0.714290021,3.387893881,0.898300786,13.39165457,3.387893881,0.898300786,3.771447087,-3.387893881,-0.898300786,-3.771447087,1.518269075,0
90,-0.052415296,0.134197493,0.112257197,-0.032441487,-0.207450913,-0.103313873,0.041140448,0.10348298,0.062009425,0.008570851,-0.054256368,-0.059565625,0.322219216,0.492088063,-0.06203793,0.116867589,0.159327332,0.093698066,0.179128394,0.338593362,0.104586961,-0.021043002,0.185783029,0.157721421,0.017707216,0.179570398,0.163913271,0.136184309,0.102121633,0.089527829,12.93270335,-0.72294005,3.713632252,0.986933974,12.93270335,3.713632252,0.986933974,3.762797058,-3.713632252,-0.986933974,-3.762797058,1.518269075,0
91,-0.01493746,-0.052717947,0.16638892,0.235453244,0.135316144,-0.089707198,0.056689105,-0.089571097,0.051178337,-0.008943195,-0.097622373,-0.003548453,0.367982729,0.238313058,-0.034770183,0.329386583,0.097241525,0.071730909,-0.004011226,0.328863198,0.289203417,0.229501733,0.242512711,0.235134821,-0.014708235,0.157593482,0.074021532,-0.017047079,0.068368906,0.043049859,12.16187107,-0.61813794,3.398067041,0.878598555,12.16187107,3.398067041,0.878598555,3.867599168,-3.398067041,-0.878598555,-3.867599168,1.518269075,0
92,0.212828633,0.3,0.039619054,0.299474749,-0.136042289,-0.199409276,0.149701065,0.043909722,0.069961464,0.04968129,0.029855131,-0.03444587,0.058173305,0.422513903,0.449454182,0.274535871,0.000811663,0.016997465,0.128172287,0.173263393,0.174268475,0.24974409,-0.049707452,0.047632813,-0.029674544,-0.019647751,-0.049658494,-0.039666411,-0.029899059,0.099892012,11.28204068,0.245376757,3.306179812,0.698816369,11.28204068,3.306179812,0.698816369,4.731113865,-3.306179812,-0.698816369,-4.731113865,1.544769123,0.049358676
93,-0.049043843,-0.082638305,-0.097518466,0.069054293,0.143817792,-0.076050058,-0.050340666,-0.100662803,-0.001205021,-0.061171685,-0.139157218,-0.07439036,0.07786046,0.300122803,0.323580582,-0.00076485,0.093820089,0.208793179,0.255480941,0.209510295,0.195369367,0.059768065,0.117236196,0.233858601,0.03843563,0.031518692,-0.037280921,0.120933302,0.096777234,-0.017845901,12.90092013,-0.570922493,3.831341475,0.978677627,12.90092013,3.831341475,0.978677627,3.914814614,-3.831341475,-0.978677627,-3.914814614,1.544769123,0
94,0.278253979,0.3,-0.088896659,0.299474749,-0.090278508,-0.097301902,0.149701065,0.047161261,0.069961464,0.04968129,0.029855131,0.029863654,-0.099347644,0.018119355,0.447168467,0.202393288,0.235038173,-0.07964584,0.013994108,0.010119898,-0.049954312,-0.029537909,-0.049707452,-0.039775235,-0.029674544,-0.019647751,-0.049658494,-0.039666411,-0.029899059,-0.019866841,8.667525752,0.826465852,3.48034135,0.65515971,8.667525752,3.48034135,0.65515971,5.312202959,-3.48034135,-0.65515971,-5.312202959,1.775289378,0.26394427
95,0.244805623,0.3,-0.099635506,0.299474749,-0.179474906,-0.119430421,0.149701065,0.06945224,0.069961464,0.04968129,0.025067332,0.029863654,-0.099347644,0.308584397,0.449454182,0.399796176,0.349844371,-0.00393239,0.086491695,0.108396743,-0.0205261,0.24974409,-0.049707452,-0.009890062,-0.029674544,-0.019647751,-0.049658494,-0.039666411,-0.029899059,-0.019866841,10.55069629,0.31065404,3.362330374,0.701012547,10.55069629,3.362330374,0.701012547,4.796391147,-3.362330374,-0.701012547,-4.796391147,1.782843583,0.156888771
96,0.201073953,0.144918306,0.001039169,-0.172730408,0.02754909,-0.023902321,0.077534704,0.11485218,-0.084689654,-0.066628851,-0.105130661,-0.028408456,0.13788498,0.431801109,-0.058335052,0.332248394,-0.032341943,0.212960537,0.062502781,0.182525334,-0.009938914,0.000954443,0.039293767,0.041904315,0.145650985,0.130042212,0.185989491,0.194116227,-0.004703194,-0.003556722,11.50982918,-0.485583045,3.855946374,0.963949466,11.50982918,3.855946374,0.963949466,4.000154062,-3.855946374,-0.963949466,-4.000154062,1.782843583,0
97,0.243408309,0.3,-0.099635506,0.299474749,-0.042276866,-0.199409276,0.149701065,0.027333727,0.069961464,0.04968129,0.016356927,0.029863654,-0.031426506,-0.019595286,0.449454182,0.399796176,0.18459367,-0.070781132,0.198696281,-0.032560151,0.104832336,-0.029537909,-0.049707452,0.016205244,0.199921015,-0.019647751,-0.049658494,-0.039666411,-0.029899059,0.099892012,10.07572009,0.479503752,3.394911065,0.683735424,10.07572009,3.394911065,0.683735424,4.965240859,-3.394911065,-0.683735424,-4.965240859,1.833862056,0.210450143
98,0.016126003,0.124678361,-0.097844857,0.241381407,0.185779103,-0.168533148,-0.135414392,0.017501729,-0.073240505,-0.194469868,0.00727514,-0.034680059,0.167271399,0.157289846,0.036167184,0.372435678,0.291389596,0.327706797,0.17498177,-0.044249787,0.136835688,0.241071443,-0.00877201,0.002481595,0.155348626,0.041780749,0.001998032,0.057377448,0.070994738,0.079858881,11.63967105,-0.729454292,3.812842801,1.015057435,11.63967105,3.812842801,1.015057435,3.756282816,-3.812842801,-1.015057435,-3.756282816,1.833862056,0
99,0.294346325,0.169737198,-0.099635506,0.182926002,-0.055054082,-0.199409276,0.082736592,0.019557243,0.033313024,0.017012465,-0.029694845,0.029863654,0.125503929,0.360403377,0.449454182,0.211673972,0.030680326,0.023073851,0.169026064,0.218187356,0.121675072,0.168335495,-0.049707452,0.038166925,0.066575359,-0.019647751,-0.049658494,-0.039666411,-0.029899059,0.099892012,11.71717252,0.181678588,3.474892389,0.744500301,11.71717252,3.474892389,0.744500301,4.667415696,-3.474892389,-0.744500301,-4.667415696,2.000931205,
100,0.289104239,0.064012989,0.065824512,0.199030565,-0.080347349,-0.136317882,0.065591282,0.076817131,-0.180350955,-0.196319598,-0.110049841,0.003170658,0.48055992,0.468543337,0.244722521,0.074388309,0.315898376,0.017673302,0.251951919,0.271867758,0.160867577,0.003558085,0.196590853,0.030944001,0.198164401,0.054906977,0.148619498,0.160993454,0.118377616,0.00187136,12.99947656,-0.585089973,3.345164961,0.857592303,12.99947656,3.345164961,0.857592303,3.900647135,-3.345164961,-0.857592303,-3.900647135,1.833862056,0
101,-0.026671095,0.19768598,0.019648286,0.077117666,0.240550822,0.039782288,0.008463583,-0.027435947,-0.050625989,-0.109144978,-0.095012843,-0.131309799,0.086510228,0.216993099,0.296760981,0.032710616,0.10852447,0.021823919,0.283174366,0.14980868,0.000564926,0.235955948,0.189355707,0.13646192,0.197535949,0.052932062,0.082997584,0.123148172,0.080409948,-0.016981736,11.42558139,-0.565825495,3.968569262,1.012412946,11.42558139,3.968569262,1.012412946,3.919911613,-3.968569262,-1.012412946,-3.919911613,1.833862056,0
102,-0.060442429,0.103855367,0.180903836,0.149021012,-0.151104418,-0.117305749,-0.022234033,-0.014443151,-0.139491056,-0.040342051,-0.019144878,-0.050940406,0.455232474,-0.044363518,-0.094423636,0.258286996,0.334006326,-0.01702767,0.036538862,-0.036052588,0.090421408,0.244289747,-0.023946456,0.22167179,0.030420159,0.191904945,0.073067293,0.047145439,0.042652953,0.02379941,10.86983192,-0.562712647,3.74363092,0.954271623,10.86983192,3.74363092,0.954271623,3.923024461,-3.74363092,-0.954271623,-3.923024461,1.833862056,0
103,0.22252861,0.294092996,-0.099635506,0.299474749,-0.076202431,-0.199409276,0.149701065,0.029179604,0.069961464,0.04968129,0.029855131,0.029863654,-0.048523738,0.09914126,0.449454182,0.177990554,-0.019583298,-0.028629835,0.105760775,0.053097552,0.061291564,0.0186001,-0.049707452,0.0286936,0.040584501,-0.019647751,-0.049658494,-0.039666411,-0.029899059,-0.019866841,9.738443731,0.614970054,3.455048324,0.677366533,9.738443731,3.455048324,0.677366533,5.100707161,-3.455048324,-0.677366533,-5.100707161,1.908061943,0.129406204
104,0.32865821,0.201234808,-0.030622059,0.123264742,-0.008003469,0.064981772,0.126852189,0.092080993,0.043566303,-0.058296288,-0.059155084,-0.139282131,0.131107406,-0.006064938,0.017746614,0.300133096,0.169913954,0.361838867,-0.04446957,0.104354855,0.040435418,0.110572786,-0.047275397,0.06568003,-0.012499414,0.142914919,0.017944024,0.196445834,0.081319905,0.05396987,10.13051476,-0.255567063,3.281272277,0.775683304,10.13051476,3.281272277,0.775683304,4.230170044,-3.281272277,-0.775683304,-4.230170044,1.908061943,0
105,0.221009339,0.3,-0.099635506,0.299474749,-0.139745604,-0.199409276,0.149701065,0.052588124,-0.199862426,0.04968129,-0.149917818,0.029863654,0.031679428,0.36543049,0.449454182,0.399796176,0.349844371,-0.058916362,-0.067353827,-0.01075737,0.243455419,-0.029537909,-0.049707452,0.013439758,0.199921015,-0.019647751,-0.049658494,-0.039666411,-0.029899059,-0.019866841,10.81970994,0.098491417,3.468754586,0.756671394,10.81970994,3.468754586,0.756671394,4.584228525,-3.468754586,-0.756671394,-4.584228525,1.908061943,0.077176388
106,0.26473051,0.158408043,0.195689571,0.253522685,0.167143611,-0.131751273,0.076869469,-0.003710019,0.000134797,-0.185135832,-0.011691117,-0.041857134,0.274731844,0.263642887,0.326172301,-0.036217293,0.25000866,0.076288659,0.063259319,0.328066221,0.077239477,-0.027471865,0.207725878,0.135401471,0.047992286,0.137004059,0.010227633,-0.035232764,0.110702561,0.027836328,11.02621114,-0.239843959,3.398851393,0.80050328,11.02621114,3.398851393,0.80050328,4.245893148,-3.398851393,-0.80050328,-4.245893148,1.908061943,0
107,0.239097368,0.249291296,-0.099635506,0.299474749,-0.04026943,-0.199409276,0.128730735,0.05005929,0.069961464,0.04968129,0.029855131,0.014828306,-0.043266917,0.141813573,0.449454182,0.214156166,0.082110869,-0.008052023,0.247166408,0.139743476,-0.039810213,0.092973246,-0.049707452,0.020602152,-0.029674544,-0.019647751,-0.049658494,-0.039666411,-0.029899059,0.057216582,10.32279201,0.465879845,3.384323484,0.683478451,10.32279201,3.384323484,0.683478451,4.951616952,-3.384323484,-0.683478451,-4.951616952,1.92268965,0.046234262
108,0.266386409,0.270555289,0.031146473,-0.06026254,0.062067498,0.072179792,-0.067325366,0.11749479,-0.000754397,-0.0348327,-0.119402141,-0.082408505,0.484722674,0.078260487,0.360129216,0.260131333,0.001708092,0.26737419,-0.030583507,0.333871888,0.087722626,0.072049942,0.297990959,-0.006308409,0.198184771,0.142096579,-0.017071849,0.076554026,0.116134936,0.048800458,11.9808036,-1.122123508,3.395780028,1.009563057,11.9808036,3.395780028,1.009563057,3.363613599,-3.395780028,-1.009563057,-3.363613599,1.92268965,0
109,0.17608304,0.11455838,0.167522517,0.246918731,0.198974752,0.19693989,-0.061759175,0.083803789,-0.033109016,-0.194386189,-0.004195066,-0.119230284,0.440194701,0.24948728,0.059176352,0.385498808,0.098691717,0.384371638,-0.054875184,0.379757835,0.201867349,0.119341249,0.171761344,0.280303377,0.17620055,0.088113024,0.083449798,-0.021236161,0.003487107,0.045011054,12.01200937,-1.100508291,3.266528609,0.964935839,12.01200937,3.266528609,0.964935839,3.385228816,-3.266528609,-0.964935839,-3.385228816,1.92268965,0
110,0.079957304,-0.005049691,0.015334022,-0.113053595,-0.072485511,0.126593877,-0.06632289,0.095895694,-0.065449646,-0.175732923,-0.067395974,-0.066323556,0.47705067,0.400759974,-0.039093972,-0.029643529,0.057347443,0.370251399,-0.043265862,-0.011757221,0.004780508,0.198999823,-0.039935955,0.173848556,-0.009486289,-0.001392241,-0.02572329,0.08262154,0.004273032,0.017479953,11.33357609,-0.997839099,3.946336646,1.131436939,11.33357609,3.946336646,1.131436939,3.487898009,-3.946336646,-1.131436939,-3.487898009,1.92268965,0
111,0.186582922,0.168353164,0.040591561,-0.158270787,-0.233690836,0.175548111,0.132200162,-0.111078347,-0.046228295,-0.126010104,-0.122493837,-0.004219504,0.311106404,0.469432059,0.223836244,0.328640863,0.016276581,0.30904274,0.002256431,0.368590176,0.096549483,0.218531579,-0.006939426,0.105912831,0.084114273,0.066564036,0.007985375,-0.023913044,0.017949837,0.002453063,12.97354775,-0.711570229,3.826106416,1.013761855,12.97354775,3.826106416,1.013761855,3.774166879,-3.826106416,-1.013761855,-3.774166879,1.92268965,0
112,0.146282474,0.035732329,0.090318702,0.210118418,-0.113552181,0.107839677,0.018002129,0.071604626,0.009978779,-0.126575039,-0.022049467,-0.085615098,0.092984895,0.328222177,0.409241577,-0.070982109,-0.026182268,0.003731443,0.33853426,0.132989673,0.080531946,0.03820859,0.153159679,0.046809169,-0.008227323,0.086037338,-0.019427837,-0.026989277,0.049465683,0.055224222,11.27986984,-0.204529057,3.63496995,0.849052395,11.27986984,3.63496995,0.849052395,4.28120805,-3.63496995,-0.849052395,-4.28120805,1.92268965,0
113,0.323736674,0.214425544,-0.099635506,0.299474749,-0.022291793,-0.199409276,0.035269411,0.076600992,0.069961464,0.04968129,0.029855131,0.029863654,-0.0128367,0.435231097,0.449454182,0.399796176,0.253591761,0.079309361,0.113313845,0.231036113,0.094160162,0.179446399,-0.049707452,0.062073832,-0.014635296,-0.019647751,-0.049658494,-0.039666411,-0.029899059,0.099892012,11.55201813,0.17698597,3.286947377,0.704941581,11.55201813,3.286947377,0.704941581,4.662723078,-3.286947377,-0.704941581,-4.662723078,1.936035548,0.061298285
114,-0.027671155,0.264805142,0.177370576,-0.085122077,0.085761661,0.180595134,0.111517025,0.015610486,-0.130762729,0.018194007,-0.059073556,0.011343443,0.184946438,0.000961749,0.428169476,0.194179945,0.06163099,0.323904336,0.315276602,0.190472279,0.233206329,0.222582637,0.219562021,0.032080559,0.181109657,0.071621463,0.199755927,-0.000701788,0.075740221,0.098035327,12.49905668,-1.141445741,3.731449585,1.115766892,12.49905668,3.731449585,1.115766892,3.344291367,-3.731449585,-1.115766892,-3.344291367,1.936035548,0
115,0.226529462,0.263905749,-0.099436982,-0.017453819,0.181754275,0.156885327,-0.085683627,-0.10777505,-0.178411249,-0.051286828,-0.021455729,-0.025434261,0.480823778,0.212064457,0.063018623,0.297460378,0.199968648,0.197968277,0.09526757,0.206976235,0.278029809,0.137940498,0.089015805,0.233010612,0.02585628,0.185255606,-0.042143092,0.176297258,0.029860398,0.041850894,12.20701538,-0.896573488,3.611554011,1.006238331,12.20701538,3.611554011,1.006238331,3.58916362,-3.611554011,-1.006238331,-3.58916362,1.936035548,0
116,0.21925217,0.005776325,0.044489892,0.284574624,-0.245292122,0.035795927,0.040932304,-0.098786492,0.029773592,-0.062144633,-0.098945322,-0.046552663,0.112773859,0.229126586,0.373984607,-0.002666279,0.156728188,-0.07000262,0.322489583,-0.011662265,0.062943768,0.059319033,0.094723401,0.295321877,0.183514321,0.041059988,0.110005225,0.064101866,0.019122461,0.020398715,11.55685839,-0.341297986,3.467888783,0.836757081,11.55685839,3.467888783,0.836757081,4.144439122,-3.467888783,-0.836757081,-4.144439122,1.936035548,0
117,-0.047223997,0.161394406,0.066733612,-0.148437968,0.136712863,0.166259125,0.088676654,-0.066995552,-0.131897055,-0.176804682,-0.102061788,-0.036941075,0.061672974,0.068879162,0.118283498,0.381826631,0.328738196,0.131038356,0.104477955,0.232855423,0.217609524,0.027571195,0.009687988,0.227175945,0.170283682,0.1344957,0.095387992,0.146815821,0.072624609,0.054872229,11.95053777,-0.917400447,4.232837246,1.186221382,11.95053777,4.232837246,1.186221382,3.568336661,-4.232837246,-1.186221382,-3.568336661,1.936035548,0
118,0.348707291,0.187761807,-0.040726054,-0.061548337,-0.092205784,0.052506857,0.044891263,-0.090026858,-0.164067253,-0.037159658,-0.089871319,0.009746254,0.327537972,0.075337778,0.065569064,0.010791977,0.178890936,-0.007697618,0.185667813,-0.050811699,0.039819548,0.005731187,0.155265009,0.160514549,0.009587347,0.189034544,0.060916438,-0.009302713,0.13534468,-0.010667382,10.5139815,-0.218050539,3.667247001,0.859305608,10.5139815,3.667247001,0.859305608,4.267686568,-3.667247001,-0.859305608,-4.267686568,1.936035548,0
119,0.314520553,0.033284682,0.043088884,-0.204904378,-0.081758665,-0.106893355,-0.043488738,0.052493976,-0.079342378,-0.077579416,-0.133639212,-0.138251849,0.088059656,0.458215649,0.079077129,-0.046715164,0.281954653,0.227993168,0.32497503,0.273227031,0.253835804,0.048861434,0.030563092,0.125182747,0.004128475,0.058349631,-0.009510158,0.046865805,0.128912299,0.03881472,13.09389908,-0.586910917,3.886504408,0.996839617,13.09389908,3.886504408,0.996839617,3.89882619,-3.886504408,-0.996839617,-3.89882619,1.936035548,0
120,0.380167978,0.201003505,-0.037115332,-0.00066261,-0.11967231,-0.161422985,0.114993135,0.008268285,-0.124933479,-0.183505111,-0.026490806,-0.146628388,0.058798575,0.464728997,0.298347035,0.10705001,0.312380718,0.122386572,0.372435204,-0.058246401,-0.038501968,0.098245851,0.228769544,0.294039735,0.130579187,0.188310515,0.060070678,0.038352595,-0.007690126,0.04240678,12.45246801,-0.659032692,3.441637972,0.899373873,12.45246801,3.441637972,0.899373873,3.826704416,-3.441637972,-0.899373873,-3.826704416,1.936035548,0
121,0.243255604,0.265083598,-0.099635506,0.299474749,-0.060079872,-0.199409276,0.149701065,0.041580799,0.069961464,0.04968129,0.029855131,-0.010251113,0.02383447,0.334397758,0.449454182,0.376217606,0.098308591,0.009476708,0.138382001,0.146391403,0.036678221,0.085248534,-0.049707452,0.038897497,-0.020926144,-0.019647751,-0.049658494,-0.039666411,-0.029899059,0.046585775,10.85904699,0.364512063,3.330788,0.686725132,10.85904699,3.330788,0.686725132,4.850249171,-3.330788,-0.686725132,-4.850249171,1.975613949,0.045767382
122,0.009588313,0.155693388,0.058593427,0.088546792,-0.035491238,0.177430591,0.007829892,-0.014327636,-0.065798047,-0.029292203,-0.12414331,0.013329474,-0.080699659,0.125254209,0.012483432,0.236844213,0.306115063,0.112044545,0.362296618,-0.073891971,0.20032383,0.052488358,0.201682971,0.063859071,0.163791871,-0.007411838,0.087616325,0.167659982,0.094604166,0.010341623,11.10478765,-0.449169979,3.79904577,0.941157585,11.10478765,3.79904577,0.941157585,4.036567128,-3.79904577,-0.941157585,-4.036567128,1.975613949,0
123,0.206506731,0.17446162,-0.06280715,0.119898078,0.216467672,0.199433221,-0.082390347,-0.040403656,-0.06874244,0.048832968,-0.11735621,-0.082007383,-0.093112636,0.337311372,0.371681732,0.207420429,0.324460821,0.29300521,0.08230065,0.183406195,-0.013720433,0.106727773,0.19167376,0.208357202,0.005501214,0.158061411,0.051403385,0.166907768,-0.013706707,0.071809678,11.3854229,-0.397782539,3.524799289,0.862240328,11.3854229,3.524799289,0.862240328,4.087954569,-3.524799289,-0.862240328,-4.087954569,1.975613949,0
124,0.349610807,0.142074907,-0.086125,0.013565063,-0.06125922,0.030967911,0.019013524,-0.0300386,0.000149992,0.024602609,-0.07843073,0.027281991,0.365369155,0.167116139,0.334040762,0.143507863,0.117968659,0.057747898,0.280283465,0.352516034,0.189227632,0.076421533,0.159254987,-0.035044773,0.049661513,-0.010506247,0.015423495,0.134678443,-0.029541054,0.040647932,12.35699128,-0.25516579,3.476132591,0.821669777,12.35699128,3.476132591,0.821669777,4.230571317,-3.476132591,-0.821669777,-4.230571317,1.975613949,0
125,0.152172262,0.14838502,-0.014614895,0.131787599,-0.142781982,0.029150595,0.061908615,-0.070253953,-0.016817514,-0.167962001,0.009568282,0.019626113,0.029123217,0.372874368,0.032744104,0.26932774,0.333057571,-0.04672332,0.300495668,-0.040554663,-0.007811763,-0.011670119,-0.043461575,0.17372076,0.158582703,0.197605565,0.0741769,0.007197058,0.046551283,0.093474953,11.14991325,-0.257039068,3.779823146,0.893850332,11.14991325,3.779823146,0.893850332,4.228698039,-3.779823146,-0.893850332,-4.228698039,1.975613949,0
126,0.323349297,0.205056311,-0.009803928,-0.143123421,0.121098275,-0.135843609,0.136837729,0.091288114,-0.114131975,0.002655508,-0.074231611,-0.042542336,0.200288634,-0.06529026,0.30892898,0.126762057,0.102797364,0.126249456,0.257379057,-0.011619979,0.24318209,0.084434079,0.036589684,0.129394275,0.05347158,0.003481197,0.145176753,0.148308972,0.084029486,-0.01663239,11.18637945,-0.330894495,3.631825734,0.874118727,11.18637945,3.631825734,0.874118727,4.154842613,-3.631825734,-0.874118727,-4.154842613,1.975613949,0
127,-0.0503818,0.288091494,0.186077648,-0.209257175,-0.188382882,-0.180069899,0.085790489,0.01731792,-0.066731749,-0.147893407,-0.106837819,0.02378514,0.11312075,0.457640585,-0.003380881,-0.026606337,0.083301244,0.2093573,0.352525072,0.275483909,-0.030322459,0.016840172,0.097399194,-0.020108031,0.006913798,0.171421349,-0.008993074,0.02093183,-0.009949345,0.005093681,12.35811842,-0.827274564,4.254113643,1.162814596,12.35811842,4.254113643,1.162814596,3.658462543,-4.254113643,-1.162814596,-3.658462543,1.975613949,0
128,-0.037130769,0.18164833,0.142742378,-0.100302863,0.175610146,-0.044568161,0.149352333,-0.1087428,0.065451186,-0.100063686,-0.028242605,-0.010485974,0.453356755,0.068685122,0.246341449,0.216544144,0.178139444,0.226248114,-0.036956752,0.108851658,0.123759979,0.215759801,0.114398768,0.274589836,0.141696259,0.136544945,0.086014359,0.06503891,0.06589829,0.066553959,11.85957322,-1.075135119,3.790722839,1.111452715,11.85957322,3.790722839,1.111452715,3.410601989,-3.790722839,-1.111452715,-3.410601989,1.975613949,0
129,0.158476557,0.019047919,0.024920254,-0.188860275,0.187068424,-0.012669966,0.046961901,0.045279579,0.065570003,-0.02416611,-0.0598702,-0.132387324,0.346751735,0.472854328,0.021523126,-0.028228059,0.197524074,0.001651347,0.137699583,0.300153038,0.03798421,0.012746115,-0.034314039,0.210241499,0.141102018,0.10310048,0.012982206,0.152381084,0.006426013,0.056150556,11.83271229,-0.57514879,3.951489922,1.010459195,11.83271229,3.951489922,1.010459195,3.910588317,-3.951489922,-1.010459195,-3.910588317,1.975613949,0
130,0.028550087,0.153444177,-0.019977385,0.112761932,-0.214661093,-0.148632366,-0.071203466,0.062550863,-0.167467709,0.025505306,0.018712279,-0.076234341,0.496145767,0.298120892,0.431282847,0.293059089,0.281011485,0.312483645,0.09183804,-0.005584151,0.184285163,0.002266571,0.236829367,0.194071962,0.029534819,0.157886258,0.092375079,0.013288605,0.065176641,-0.012179385,13.40817165,-0.997630368,3.295520742,0.944787814,13.40817165,3.295520742,0.944787814,3.488106739,-3.295520742,-0.944787814,-3.488106739,1.975613949,0
131,0.211589653,0.146629215,0.168630069,-0.022520421,-0.217832534,-0.069388419,0.030322636,-0.002868685,0.056243074,-0.044970885,-0.061551148,-0.043004243,0.442633505,0.491248324,0.084414736,0.130591698,0.134852926,0.141686466,0.062173541,0.332939687,0.079753761,0.024214865,-0.028618092,0.101497712,0.050429035,0.125241186,-0.017669614,0.140655952,0.069997814,-0.005267167,12.34527041,-0.402056586,3.707720852,0.907936072,12.34527041,3.707720852,0.907936072,4.083680522,-3.707720852,-0.907936072,-4.083680522,1.975613949,0
132,0.069239623,0.06017411,0.177344782,0.278065414,0.211130636,0.072697942,-0.122359645,0.092472601,-0.1299062,-0.131037754,-0.115859227,-0.013288244,0.212547406,0.131651897,-0.053785132,0.037004055,-0.007344671,0.229357516,0.290223601,0.094165716,0.017588641,0.205851635,0.117082926,0.12491948,0.143868803,0.061715299,0.134814855,0.189666774,0.110596369,0.052098475,10.79626759,-0.500652039,3.616188555,0.907430706,10.79626759,3.616188555,0.907430706,3.985085068,-3.616188555,-0.907430706,-3.985085068,1.975613949,0
133,0.205532275,0.152327772,0.094908851,0.02069767,-0.053445739,-0.105229004,-0.114027499,-0.064474738,-0.079698772,-0.03676434,0.014181888,-0.10261024,0.071611911,0.353326016,0.275085338,0.166945655,0.327325953,0.110442462,-0.069668119,0.355910811,0.178384415,-0.001702933,0.212188812,0.017758044,0.048733933,0.021112308,0.127153582,0.093446613,0.14054871,0.078732699,11.9491854,-0.54724724,3.701534558,0.939835999,11.9491854,3.701534558,0.939835999,3.938489868,-3.701534558,-0.939835999,-3.938489868,1.975613949,0
134,0.122641828,0.148740262,0.110644966,0.262528597,0.103214855,0.135746196,-0.033316335,-0.046492155,-0.041513479,-0.088137602,-0.131475832,-0.025677689,0.228649106,0.219226739,0.300289933,0.254758554,0.186714625,0.360435907,0.288634757,0.21261498,0.067693144,0.100062218,0.118979928,0.132919653,0.08673453,0.050427943,0.016279676,-0.006999966,-0.006152774,0.075650748,12.08002354,-0.436044951,3.40779697,0.841495313,12.08002354,3.40779697,0.841495313,4.049692156,-3.40779697,-0.841495313,-4.049692156,1.975613949,0
135,0.223578043,-0.008783411,-0.049017416,-0.028989107,0.170815172,0.168943085,0.09282915,-0.035901746,0.019029874,0.009278134,-0.098354697,0.018459275,0.194457857,0.274575407,0.205609426,0.028739745,0.246007366,0.244408286,-0.052653777,0.127274483,0.198434152,0.049177548,0.024963636,0.245172368,0.029710744,0.04420215,0.165336446,0.024552116,0.096641179,0.01172881,11.15802988,-0.371982745,3.547047608,0.862240984,11.15802988,3.547047608,0.862240984,4.113754363,-3.547047608,-0.862240984,-4.113754363,1.975613949,0
136,0.005882237,0.102743075,-0.016436757,0.126708923,-0.04395737,-0.061075354,-0.127723093,0.071767168,-0.042032238,-0.01189041,-0.1394263,0.007282345,0.219572651,0.016846375,0.299918612,0.300424054,0.127149073,0.386263799,0.373885064,-0.010280311,0.085350551,0.137141692,0.166783593,-0.032481525,0.195576911,0.108670246,0.097118355,-0.011611161,0.14778935,-0.016232276,12.64546001,-0.789789656,3.574021608,0.967010937,12.64546001,3.574021608,0.967010937,3.695947452,-3.574021608,-0.967010937,-3.695947452,1.975613949,0
137,-0.0284002,0.198595375,0.106847862,0.032071321,0.10274863,-0.187006733,0.129066844,-0.036588146,-0.040180115,-0.178677421,0.019139925,-0.010165998,-0.074655762,0.119491766,0.056315967,0.12103127,0.31762541,-0.054613858,0.060756383,0.094169072,-0.039909282,0.08451449,0.141757216,0.215448256,-0.017547575,0.098891646,-0.034543979,0.1752074,0.057238149,-0.008666158,10.09044793,-0.281957492,4.143846763,0.985743103,10.09044793,4.143846763,0.985743103,4.203779616,-4.143846763,-0.985743103,-4.203779616,1.975613949,0
138,0.163608823,0.207971972,-0.015552863,0.068020301,-0.140486835,-0.116631907,-0.010899535,-0.094118548,0.062678032,-0.162167776,-0.032763254,-0.011672079,0.141020462,-0.098159578,0.096439308,-0.01465712,0.075942103,0.398220064,0.111699108,-0.0040443,0.003148153,0.160551415,0.084679837,0.29481064,0.170103307,0.18569811,0.179253744,0.064696579,0.025454462,0.046564627,11.29737914,-0.766214036,3.58026939,0.962561415,11.29737914,3.58026939,0.962561415,3.719523072,-3.58026939,-0.962561415,-3.719523072,1.975613949,0
139,0.030913559,-0.098924495,-0.012837077,-0.24347104,-0.038705986,0.042873081,0.122560509,0.098301141,-0.074707908,-0.100155737,-0.042543733,0.029181824,-0.041606452,0.177150768,0.059392856,0.327965301,0.087763922,0.251452284,0.373362662,0.297393673,0.108857852,0.047751926,0.142266598,0.094797189,0.187355088,0.096763165,0.053433627,0.083630203,0.112071383,0.029765143,13.24520768,-0.753454348,3.98843915,1.068632632,13.24520768,3.98843915,1.068632632,3.732282759,-3.98843915,-1.068632632,-3.732282759,1.975613949,0
140,-0.118048857,0.126733315,0.091562357,-0.146265215,-0.009073069,0.039791231,-0.123684846,-0.097730067,0.026446253,-0.136724166,-0.123278137,-0.041720037,0.396869258,0.055498775,0.36502827,-0.03568815,0.199990929,0.308073817,0.039756339,0.228447708,-0.030892286,0.131704991,0.078646823,0.235465981,0.111123343,0.174055318,-0.020701133,0.046202332,0.098005355,0.078699524,12.45997928,-1.134367948,4.277242048,1.276267055,12.45997928,4.277242048,1.276267055,3.351369159,-4.277242048,-1.276267055,-3.351369159,1.975613949,0
141,0.09905804,-0.025739282,-0.060953837,0.277911874,-0.012458222,-0.192787413,-0.034446001,-0.045506938,-0.079055203,0.005970754,-0.037520448,-0.045848558,0.247675841,0.366118822,0.211098003,0.352614203,0.309995951,0.101385258,0.010905456,0.362537111,-0.000830903,0.051270382,0.109126539,0.181669715,0.027056354,0.185390545,-0.031155115,0.161006138,0.148814388,0.099758831,12.6981843,-0.30289615,3.447402621,0.824177313,12.6981843,3.447402621,0.824177313,4.182840958,-3.447402621,-0.824177313,-4.182840958,1.975613949,0
142,0.231612703,0.054507253,0.055592973,-0.065012999,-0.007286034,-0.042561156,-0.006992139,0.116921403,-0.05861418,-0.085680724,-0.12663193,0.023367111,6.19E-07,-0.057947493,-0.063321091,0.103321089,0.228706277,-0.028364895,0.27049545,0.38978571,0.286598232,0.248171045,-0.037731752,0.061704845,0.0583029,0.13038491,0.181142582,0.160011772,0.05234078,0.026829966,11.60368988,-0.4244603,3.875531412,0.954264286,11.60368988,3.875531412,0.954264286,4.061276808,-3.875531412,-0.954264286,-4.061276808,1.975613949,0
143,0.063290004,0.206313086,0.034025251,0.18634615,-0.093274718,0.016851639,-0.028342313,0.021964011,-0.141007963,-0.006799835,-0.10337101,-0.028081053,0.22503048,-0.090614578,0.007158938,0.32340244,0.182725451,0.276863642,0.306065846,0.215479102,0.062975127,0.15842848,0.206426887,-0.003835688,0.106889469,0.020186137,0.001085293,0.117298533,-0.002294713,0.028889517,11.74442594,-0.487212538,3.477422294,0.86967636,11.74442594,3.477422294,0.86967636,3.998524569,-3.477422294,-0.86967636,-3.998524569,1.975613949,0
144,0.006230966,0.184367945,-0.050639972,-0.227499548,0.03613369,0.141003634,0.009912512,-0.078246368,0.023874961,-0.15840657,-0.08751836,-0.147702471,0.37370255,0.061766374,-0.021712076,0.36101615,0.320695322,-0.001427701,0.299889854,-0.003711725,0.064279772,0.016047406,0.279155961,0.270656897,0.151544491,0.034473208,0.151001697,0.033775709,0.120832019,0.016037054,11.9938622,-1.012559624,4.189674949,1.206294515,11.9938622,4.189674949,1.206294515,3.473177484,-4.189674949,-1.206294515,-3.473177484,1.975613949,0
145,0.006810085,-0.051254731,-0.059816717,0.118092419,-0.232822695,-0.049903242,-0.081081065,0.028028636,-0.165263315,-0.172459449,-0.072663879,-0.022667978,0.114284702,0.495727641,0.251977151,-0.011064354,-0.034841295,0.272928761,0.053829823,-0.053144972,0.135133383,0.242074027,0.214695488,0.20782389,0.076871519,0.093137376,0.158236968,-0.011631725,0.108105035,0.015378201,12.65755559,-0.835153728,3.766724201,1.031814318,12.65755559,3.766724201,1.031814318,3.65058338,-3.766724201,-1.031814318,-3.65058338,1.975613949,0
146,0.000406803,0.200457119,-0.009713909,0.205522931,0.126200149,0.107565644,-0.001264145,0.053700606,-0.007310272,-0.005256935,0.020907712,-0.123140474,0.480609597,0.108778203,-0.010587956,0.045327786,0.2962432,-0.020847725,0.14276184,-0.050105586,0.146502406,0.183376056,0.236823076,-0.015275979,0.066666959,0.101593084,0.048776544,-0.038769364,0.034007809,0.022666797,10.22617911,-0.49587247,3.527890378,0.884213049,10.22617911,3.527890378,0.884213049,3.989864638,-3.527890378,-0.884213049,-3.989864638,1.975613949,0
147,0.377583904,0.193053237,0.021485171,-0.197287671,0.204022834,-0.076260335,-0.018863474,-0.003577404,-0.16931986,-0.164686326,-0.044270812,-0.081471681,0.076388436,0.282273398,0.182997431,0.326345017,-0.020922329,0.051815465,0.369217942,0.307854343,-0.026101706,0.089990436,-0.000657811,0.240716848,0.053353058,0.130103176,0.1761415,0.141650628,-0.015101327,0.019222205,12.08988114,-0.672321431,3.968690183,1.04071796,12.08988114,3.968690183,1.04071796,3.813415676,-3.968690183,-1.04071796,-3.813415676,1.975613949,0
148,0.358869369,0.150724989,0.009970563,-0.207571594,-0.066010533,0.041098443,0.042010872,0.000812257,-0.181076592,-0.181608499,-0.021868248,-0.144448851,0.248561281,0.462329441,0.02040988,0.328535158,0.068036515,0.140136651,0.269099762,-0.062823058,0.128107389,0.127893353,0.238033617,0.098827623,0.069500121,-0.008938658,0.132032074,0.084395165,0.041043806,0.060638882,12.10317639,-0.73241154,3.754674571,1.000359416,12.10317639,3.754674571,1.000359416,3.753325567,-3.754674571,-1.000359416,-3.753325567,1.975613949,0
149,0.233612101,-0.077316048,0.062522988,0.128997315,0.037613577,-0.165489666,0.120322311,-0.111402232,-0.173920478,-0.016742918,-0.006640612,-0.091425468,0.023637733,0.286538551,0.325938174,0.205007972,0.331083318,0.231640717,0.142807194,0.104657836,0.066469074,0.140573568,0.050697833,0.182806098,0.161549065,0.070256918,-0.022504736,0.04360254,0.005194886,0.021037649,12.18545758,-0.230338289,3.439402906,0.808244551,12.18545758,3.439402906,0.808244551,4.255398818,-3.439402906,-0.808244551,-4.255398818,1.975613949,0
150,0.19144994,0.285008643,-0.092826632,-0.042563769,0.187098101,-0.024469252,0.027361872,0.08615164,-0.144759879,-0.166051479,-0.132008161,-0.099504325,0.155329522,0.001700556,0.135024365,0.237722143,-0.032587392,0.098668534,0.133142936,0.075714395,0.253297088,0.158971813,0.028933645,-0.029434274,0.049169533,0.192860797,0.073955215,0.124321157,0.143019234,0.038428847,10.82640996,-0.549141291,3.973599488,1.009399916,10.82640996,3.973599488,1.009399916,3.936595817,-3.973599488,-1.009399916,-3.936595817,1.975613949,0
151,0.201657356,0.07849369,0.037664065,0.034028346,0.237333426,0.123862336,0.075974988,-0.056826288,-0.117612913,-0.078182543,-0.148637322,-0.138574945,0.136607431,0.371150707,0.099180541,0.048361851,0.137445663,0.237434173,0.259742733,0.01885475,0.118353826,0.056385886,-0.020466538,0.088497149,0.189311956,-0.011366919,0.094283188,0.010801064,0.106075836,0.078358194,11.1555375,-0.281765864,3.679292204,0.875194427,11.1555375,3.679292204,0.875194427,4.203971243,-3.679292204,-0.875194427,-4.203971243,1.975613949,0
152,0.306343153,0.118190265,-0.047929582,0.150485602,0.140571907,-0.052083436,-0.029123553,0.064104361,-0.149752596,-0.120325802,-0.055721936,-0.015214128,0.249937222,0.096349131,-0.062503125,0.258148499,-0.012285394,0.011256168,0.200152512,0.121827462,-0.03902166,0.17953816,-0.01032869,0.089745812,0.192042742,0.070942662,0.037676278,0.012861867,0.050321625,0.098517757,10.41410324,0.030711577,3.682662123,0.8153889,10.41410324,3.682662123,0.8153889,4.516448684,-3.682662123,-0.8153889,-4.516448684,1.975613949,0
153,0.113937243,0.184551263,-0.00246021,-0.096161289,0.134908654,-0.018792595,-0.0009977,-0.100490262,0.068992635,-0.073090843,-0.088897031,-0.066260957,0.430591014,0.039647361,0.126383667,-0.013118739,0.207381389,0.077181882,-0.074516515,0.158863909,0.033493956,0.158425821,0.004478003,0.059752859,-0.026242914,0.152997088,-0.002418573,-0.023215752,0.072193746,-0.011909802,10.35165589,-0.523907971,4.030767074,1.017400533,10.35165589,4.030767074,1.017400533,3.961829137,-4.030767074,-1.017400533,-3.961829137,1.975613949,0
154,0.31349418,0.176480126,-0.099635506,0.299474749,-0.051417757,-0.127510173,0.149701065,0.049167354,0.069961464,0.04968129,0.003498966,0.029863654,0.122520405,0.295970618,0.449454182,0.171796578,0.000802221,-0.039203089,0.108702538,0.154969067,0.007562035,0.08611844,-0.049707452,0.040822582,0.110498007,-0.019647751,-0.049658494,-0.039666411,-0.029899059,0.087582791,10.53105793,0.439981397,3.301913199,0.670341433,10.53105793,3.301913199,0.670341433,4.925718504,-3.301913199,-0.670341433,-4.925718504,1.988723441,0.036631053
155,0.080912281,-0.070793171,0.102301234,0.109355183,-0.066070776,-0.134088726,-0.028934082,0.094336067,0.000149901,-0.144331761,-0.012234071,-0.002304719,0.391240553,0.468035717,-0.064897119,-0.031179639,-0.026710138,0.131023338,0.019796742,-0.036495301,-0.014782717,0.084172044,0.155492049,0.190461138,0.104416057,0.004141299,0.171299677,-0.024033375,0.117044053,0.019390033,11.09111023,-0.616893746,3.686003882,0.952740532,11.09111023,3.686003882,0.952740532,3.868843361,-3.686003882,-0.952740532,-3.868843361,1.988723441,0
156,-0.023502357,0.133325971,0.146068471,0.09625254,-0.001912843,0.169181327,0.082727329,0.009542547,0.016513671,0.021519403,-0.125283477,-0.000346639,0.099997006,0.204886459,0.257432135,-0.026736891,0.021330987,-0.070097398,0.234651626,0.335546505,0.177616882,0.004012412,0.19695574,0.092698809,0.100582935,0.182595798,-0.04889808,-0.029311213,0.040022693,0.022417696,11.29313953,-0.421735997,3.788485032,0.932205708,11.29313953,3.788485032,0.932205708,4.06400111,-3.788485032,-0.932205708,-4.06400111,1.988723441,0
157,0.217492052,0.212039984,0.040383836,0.116644716,0.160953197,0.101295711,-0.142939708,-0.0383879,-0.115556606,-0.189418324,0.01125065,0.018611907,0.105482725,0.411311309,0.322321386,0.134678941,0.173120204,-0.065711032,-0.0148235,0.194895221,0.031457573,0.244312199,0.079382313,0.262154442,0.143559319,0.116035774,0.103700314,0.178735598,0.009125048,0.09453432,11.01261846,-0.49164559,3.993277807,0.999796271,11.01261846,3.993277807,0.999796271,3.994091518,-3.993277807,-0.999796271,-3.994091518,1.988723441,0
158,-0.12289651,0.186149161,-0.082229926,0.279815691,0.068126374,-0.158468855,-0.078593879,0.037133699,-0.192098431,-0.142773408,0.025122897,-0.033927879,0.248854391,0.422435722,0.312950523,-0.062754739,0.233291103,0.065627123,0.156601583,0.254442437,0.03781553,0.03504953,-0.044523818,0.215443792,0.075912896,0.084541617,0.098730985,0.060776276,0.058646119,-0.010136316,12.13367165,-0.512867701,3.834596506,0.96519571,12.13367165,3.834596506,0.96519571,3.972869407,-3.834596506,-0.96519571,-3.972869407,1.988723441,0
159,-0.002916522,0.177625451,-0.033774413,0.176881961,0.04619039,0.019150558,-0.009220812,0.075738956,-0.040160925,0.022040242,0.013417189,0.022436912,0.146039254,0.160565612,0.371783593,-0.012967654,0.308431988,0.007716687,0.281934355,-0.050648988,0.080251143,0.060720043,-0.016838555,0.166079876,0.181254722,0.148994681,0.049331915,0.007671477,0.117113449,0.000658218,11.08229916,-0.155077965,3.703346482,0.855146148,11.08229916,3.703346482,0.855146148,4.330659142,-3.703346482,-0.855146148,-4.330659142,1.988723441,0
160,0.351057224,0.105321,0.129036967,-0.008062011,-0.154137795,0.031512459,0.004188347,-0.02205288,-0.157737744,0.049516642,-0.148132674,-0.143260603,0.144520947,0.195879659,0.088458957,0.091046312,0.214552724,0.043003488,0.341789813,0.334152383,0.008719508,0.207681202,0.23955644,0.231024569,0.025209917,0.135139121,0.15109612,0.009676312,0.003650457,0.026812263,12.21799134,-0.553968322,3.472714707,0.883244895,12.21799134,3.472714707,0.883244895,3.931768786,-3.472714707,-0.883244895,-3.931768786,1.988723441,0
161,-0.075351287,0.291876082,-0.063960932,0.153863062,0.04941452,0.093356271,-0.042647146,-0.094086413,-0.173493724,-0.180031736,-0.004344889,-0.119352251,0.08193678,0.329283859,-0.088050004,0.141028467,0.039138018,0.106138693,-0.002957899,0.192278211,0.015561483,-0.022335679,0.150341643,0.086936013,0.155591243,0.088070871,0.093266858,0.108363222,0.121855427,0.029159453,10.64268161,-0.507638501,4.033449301,1.013913857,10.64268161,4.033449301,1.013913857,3.978098607,-4.033449301,-1.013913857,-3.978098607,1.988723441,0
162,0.389026666,0.205404503,0.095202986,-0.085746165,-0.121717485,-0.145121725,-0.104063977,-0.079991566,-0.034603055,-0.016914713,0.020964871,0.007135433,-0.004695077,0.317593808,0.215995392,0.122366115,0.154846829,0.170481391,0.129937939,0.099644481,0.010750674,0.042638413,-0.044160511,0.037881605,0.060827258,-0.001701379,0.126537046,0.030311227,0.148557705,0.08312015,11.05145145,-0.10380997,3.862539079,0.881470403,11.05145145,3.862539079,0.881470403,4.381927137,-3.862539079,-0.881470403,-4.381927137,1.988723441,0
163,0.18612852,-0.026944102,-0.049696275,0.032983315,0.07416986,0.029182041,0.004905449,-0.042824491,-0.184674148,-0.112611052,0.029658959,-0.053631378,-0.00343146,-0.09163478,0.296475559,0.06109766,0.021675577,0.066354031,0.364840119,-0.00804456,0.22694306,0.163344743,0.169036908,0.103555421,0.12325854,0.159873341,0.080517771,-0.024061594,0.132935288,0.020601228,11.49087788,-0.317026966,3.815171929,0.915192422,11.49087788,3.815171929,0.915192422,4.168710141,-3.815171929,-0.915192422,-4.168710141,1.988723441,0
164,0.312688714,0.055368846,-0.09090327,0.289054902,0.231669285,0.15821585,0.119923479,0.070595518,0.025420323,-0.088031022,-0.088990724,0.015199119,-0.071919684,0.438514692,0.397003845,0.393723831,0.345151182,0.229024176,0.039513197,0.084461099,0.205426208,0.10981924,0.223647772,0.097091511,0.141494074,0.191422592,0.044462358,-0.003218055,0.022796582,-0.00080449,11.47734413,-0.301157417,3.105962571,0.742240034,11.47734413,3.105962571,0.742240034,4.18457969,-3.105962571,-0.742240034,-4.18457969,1.988723441,0
165,0.075481652,0.288032264,0.036184597,-0.113724609,-0.136572425,-0.195334215,-0.021882988,0.044196229,-0.130255906,-0.197008979,-0.000539805,0.002967464,0.299901357,-0.057003824,0.405676677,0.345769689,0.073980844,0.294278786,0.103002254,0.284696319,0.099862167,0.226766324,-0.006983837,0.294822524,0.127929182,0.083024212,0.147773407,0.123718883,-0.000849024,0.014792556,13.13122296,-1.009251623,3.948110885,1.135661547,13.13122296,3.948110885,1.135661547,3.476485485,-3.948110885,-1.135661547,-3.476485485,1.988723441,0
166,-0.061842863,0.213441924,0.183111571,0.135524977,-0.010920578,0.101461669,-0.060339178,-0.092079492,-0.165360463,-0.142397129,-0.01206868,-0.061654547,0.34455463,0.396678344,0.235634129,0.113725309,0.338735114,0.202236892,0.193566883,0.218952947,0.163547158,0.210310765,0.007758923,0.158120854,0.100403712,0.132374212,0.041151254,-0.012106077,0.091761325,0.04637453,12.66083928,-0.718173093,3.908093739,1.03729989,12.66083928,3.908093739,1.03729989,3.767564015,-3.908093739,-1.03729989,-3.767564015,1.988723441,0
167,0.184967628,-0.08668318,0.184233907,0.149844027,0.230456707,0.182474483,-0.024451415,0.065128744,-0.184994419,-0.026522832,-0.041744344,-0.016376448,0.230564153,0.168616268,0.033613164,-0.045194093,0.334097554,0.051639468,0.207296103,-0.073646306,0.224743542,0.247319683,0.192501015,0.064807198,-0.008098381,0.114368982,0.148258881,0.010640663,0.06157142,0.072453983,10.35189634,-0.472456014,3.480640164,0.867280433,10.35189634,3.480640164,0.867280433,4.013281094,-3.480640164,-0.867280433,-4.013281094,1.988723441,0
168,0.0939944,0.257040927,0.114991422,0.038308396,-0.229820123,-0.032204798,-0.079675839,0.034004764,-0.018583612,-0.167637269,-0.004004018,0.018302097,0.073248259,0.237775826,-0.075454319,0.081546328,0.298949576,-0.007947435,0.090013847,0.263787965,0.005590564,0.031031231,0.179674621,-0.035594028,0.124337843,0.118681787,-0.010052808,0.136626181,0.081791902,0.068463439,10.87882124,-0.408846648,4.111778453,1.008557501,10.87882124,4.111778453,1.008557501,4.07689046,-4.111778453,-1.008557501,-4.07689046,1.988723441,0
169,0.220297356,0.020961006,-0.004461789,-0.107133025,-0.133736083,0.054048545,0.134340595,-0.092667036,-0.051485333,-0.191784791,-0.145726082,-0.02118591,0.159655926,0.081830338,-0.030107817,0.052501542,0.311065609,0.18109533,-0.034886237,0.37454084,0.254689108,-0.015571163,0.06287667,0.211671174,0.085392816,0.053212866,-0.014037262,0.179683477,0.118992225,0.084917,11.95061521,-0.646365804,3.770138246,0.981967606,11.95061521,3.770138246,0.981967606,3.839371304,-3.770138246,-0.981967606,-3.839371304,1.988723441,0
170,0.350472212,0.287283801,-0.070395045,0.022886688,-0.212498588,0.128001836,0.031423767,-0.039814169,-0.051596535,-0.020807779,-0.098686604,0.01690993,0.151578138,0.379388011,0.32399319,-0.017288905,-0.04602131,0.092088267,0.005755184,0.075563881,0.068510166,0.246892373,0.051791745,-0.017779404,0.177841365,0.182421011,0.155927838,0.152746713,-0.006340335,0.082960398,11.04767025,-0.195472416,3.568561528,0.831781203,11.04767025,3.568561528,0.831781203,4.290264692,-3.568561528,-0.831781203,-4.290264692,1.988723441,0
171,-0.065080871,0.031223173,0.122616877,0.043886089,-0.171869912,-0.050014177,-0.032245309,0.031084211,-0.066606495,-0.028345298,-0.105688329,-0.12483186,0.246369278,0.043166413,0.086835039,0.001784744,0.239273253,0.118227791,0.344548867,0.23347682,0.154946152,0.007573937,0.132163663,0.270416021,0.022588928,0.052903862,0.147638447,0.19164739,0.033366146,0.044802345,12.62119224,-0.696042588,3.765275509,0.99355647,12.62119224,3.765275509,0.99355647,3.789694519,-3.765275509,-0.99355647,-3.789694519,1.988723441,0
172,-0.018343989,0.029369843,0.078031827,0.066964438,0.005177317,-0.145545069,0.083181408,0.062150233,-0.00763946,-0.01808816,-0.017215821,-0.081252963,0.217427074,0.295982888,0.002348729,0.011037597,0.220423624,0.013903044,0.147483293,0.183966661,0.16018083,0.065934673,-0.043169903,0.017453248,0.124563648,0.086118522,0.014054926,0.000809562,0.085470245,0.056233231,11.38585449,-0.124116551,3.836613861,0.87963036,11.38585449,3.836613861,0.87963036,4.361620556,-3.836613861,-0.87963036,-4.361620556,1.988723441,0
173,0.280904888,0.077335361,0.060134146,0.091904139,0.006162637,-0.058247106,0.021306522,0.00877009,-0.102193228,-0.064624003,-0.110184672,-0.140980581,-0.061422729,0.360068775,0.161849442,0.136819246,0.008456041,0.009710677,-0.067771246,-0.053529363,0.049053235,0.026732058,0.227400076,0.109134385,0.151413924,0.043882521,0.079313499,0.051899584,0.118202709,-0.011873524,10.01950795,0.054706711,3.693672134,0.813504644,10.01950795,3.693672134,0.813504644,4.540443818,-3.693672134,-0.813504644,-4.540443818,1.988723441,0
174,0.261270271,-0.015034515,0.001137414,-0.175700704,-0.230830494,-0.064804995,0.124558048,0.097377037,-0.010340909,-0.105550677,-0.119132915,-0.000995688,0.148986889,0.054225506,0.422419386,0.241867389,0.21968766,0.209328792,0.251429073,0.399298481,-0.014184713,0.081862565,0.292582057,0.05120659,0.030170242,0.161998555,0.157191387,0.018170972,0.147120427,0.005738662,13.36730937,-0.837014491,3.562430333,0.976350002,13.36730937,3.562430333,0.976350002,3.648722617,-3.562430333,-0.976350002,-3.648722617,1.988723441,0
175,0.051680252,0.142041834,-0.085239413,0.11794562,-0.21032507,-0.050588803,0.036568658,-0.066435443,-0.165356366,-0.006127873,0.017538705,0.022409494,0.258879592,0.468894357,0.32420536,0.112836838,0.282027865,-0.044604759,0.198041225,0.119938381,0.02108912,0.023206779,-0.036351233,0.217803394,0.16395899,0.08643609,0.015838808,0.18688536,0.08813753,0.034224182,12.51474171,-0.435877879,3.617009532,0.893119817,12.51474171,3.617009532,0.893119817,4.049859229,-3.617009532,-0.893119817,-4.049859229,1.988723441,0
176,0.087888995,-0.094401902,0.0141069,0.243184628,-0.028721009,0.171157816,-0.005852634,0.054161327,0.050584583,-0.088429133,-0.096192002,-0.078913081,-0.085755908,0.121589555,0.101064926,0.308142533,0.207081256,0.176565282,-0.075718936,0.228120121,0.127391937,0.016087568,0.254030066,0.149876172,0.003453842,0.014949085,0.016348979,0.058509794,0.013652353,0.087057126,10.74032733,-0.272269656,3.595447128,0.85332263,10.74032733,3.595447128,0.85332263,4.213467451,-3.595447128,-0.85332263,-4.213467451,1.988723441,0
177,0.172857916,0.047151567,0.006021826,-0.139251677,0.019486982,0.084559191,-0.004790988,-0.082686303,-0.024021232,-0.024809388,-0.123930268,-0.030566878,0.130565551,0.354995373,0.041397871,0.081174219,-0.046476732,0.342018072,-0.046018959,0.372847071,0.002157931,-0.026681316,-0.029697035,0.122027138,0.184922571,0.098485215,0.093300042,0.137805671,-0.026218173,0.000316871,11.71567291,-0.620574038,3.845432692,0.994895331,11.71567291,3.845432692,0.994895331,3.865163069,-3.845432692,-0.994895331,-3.865163069,1.988723441,0
178,0.110889294,-0.081130319,0.051070994,-0.214264572,0.195093884,-0.017721329,-0.044740189,0.026471864,-0.120673248,-0.07475421,-0.079125821,-0.049087378,0.006800776,0.202079207,-0.077875791,0.328381,0.088185717,0.033377281,-0.032697269,0.345159297,0.10112848,0.203539203,0.104892972,0.021439879,0.19884833,0.095238429,-0.007874208,0.045995419,0.038180282,0.07534925,11.40468234,-0.555220345,4.277605915,1.088306239,11.40468234,4.277605915,1.088306239,3.930516763,-4.277605915,-1.088306239,-3.930516763,1.988723441,0
179,0.33285838,0.025860546,-0.046757133,0.284351517,-0.184528731,0.194875568,0.111138085,-0.008271862,0.034240971,-0.050078386,-0.122101037,0.016623424,0.320330669,0.455811748,0.355650647,0.182918696,0.223179123,0.255646858,-0.009130841,-0.037716274,-0.026040465,0.001659796,-0.023714119,0.190610436,-0.00992237,0.102821701,0.113620263,0.06274576,0.053739168,0.067683244,11.12823033,-0.319150939,3.223215549,0.773586677,11.12823033,3.223215549,0.773586677,4.166586168,-3.223215549,-0.773586677,-4.166586168,1.988723441,0
180,0.091193237,0.083618558,0.194761092,0.155685286,-0.194359342,0.1974447,-0.092458993,-0.059986242,-0.078991284,-0.139667039,-0.061528461,0.025919649,0.074600692,0.015025465,0.170495478,-0.015737035,0.141246968,0.005796866,0.237650211,0.193856533,0.246471894,0.191333673,0.103615182,-0.00354582,0.079243798,0.039552493,0.110884754,0.080957369,0.077056945,0.052125436,11.06966503,-0.336573689,3.974932857,0.958008267,11.06966503,3.974932857,0.958008267,4.149163418,-3.974932857,-0.958008267,-4.149163418,1.988723441,0
181,0.247753853,0.175507859,0.191933613,0.274785294,0.050945571,0.12007741,-0.053064822,-0.093152979,-0.019636162,-0.132705535,-0.097240145,-0.12177792,0.216879652,0.115629166,0.361419563,0.008925453,0.145139491,0.181347187,0.01351648,-0.034501895,0.203400619,0.190680731,0.11122112,0.169338393,0.112405864,0.028006484,0.098618194,0.017373419,0.036426099,0.043967753,10.35162807,-0.275310878,3.451247275,0.819690712,10.35162807,3.451247275,0.819690712,4.21042623,-3.451247275,-0.819690712,-4.21042623,1.988723441,0
182,0.201958578,0.116159777,0.147153441,-0.18683906,0.098009294,-0.11797494,-0.10570612,0.114410828,-0.107559284,-0.055379167,-0.011398364,-0.033917458,-0.012251023,-0.050344551,0.249529129,0.391212836,-0.037682151,0.087561789,0.093699288,0.369891606,0.051973717,-0.029430785,0.229181413,0.027623173,0.073894046,0.196328582,0.034126541,0.072190308,0.14778935,-0.008241937,11.41509863,-0.782687894,4.063854869,1.097434745,11.41509863,4.063854869,1.097434745,3.703049214,-4.063854869,-1.097434745,-3.703049214,1.988723441,0
183,0.250342113,0.230028417,0.188523845,0.060005768,0.227396124,-0.069264241,0.075239257,0.012096838,-0.065496565,-0.055690882,-0.036874029,-0.018054323,0.050496201,0.414425548,0.374265674,0.201993128,0.194605697,0.221720605,0.15065877,-0.001932208,0.083699633,0.172199756,-0.041867615,0.093881416,0.195561725,-0.015638852,0.126492743,-0.020961959,0.07038598,0.045413259,11.01215819,-0.112233227,3.641770245,0.832689382,11.01215819,3.641770245,0.832689382,4.373503881,-3.641770245,-0.832689382,-4.373503881,1.988723441,0
184,-0.038659464,0.172175688,0.070352518,-0.07822021,-0.238345955,-0.090504131,-0.063300941,0.092632856,-0.173262698,-0.156586272,-0.101331789,-0.081243299,0.426082477,0.24403921,0.308933512,-0.042759484,0.340900401,0.381135213,-0.045807378,-0.027705761,0.052205525,-0.008746495,-0.004774019,0.168815558,0.15133017,-0.010003442,0.121456185,0.049866263,-0.010040589,0.055464614,12.16392125,-0.982776251,3.933985169,1.123045712,12.16392125,3.933985169,1.123045712,3.502960856,-3.933985169,-1.123045712,-3.502960856,1.988723441,0
185,0.01636617,0.290195197,0.042698872,-0.034039042,0.148566265,-0.031627568,0.102723697,0.084980479,-0.03247501,-0.148907368,0.006527954,-0.049249283,0.4172845,0.464064958,-0.037369854,0.041131201,-0.033940054,0.199361,0.023799645,-0.032027756,0.192235659,0.192156152,0.119061379,0.13797876,0.052572454,0.006646157,-0.041992477,-0.000392571,0.071550829,0.043025069,10.94845114,-0.788022049,3.920438708,1.060232778,10.94845114,3.920438708,1.060232778,3.697715058,-3.920438708,-1.060232778,-3.697715058,1.988723441,0
186,0.214649953,0.082707393,0.047799853,0.062406644,-0.146050445,-0.174954864,0.094702663,-0.012048074,-0.030200756,-0.013823599,-0.058161177,-0.037434072,0.080409307,0.110011723,0.299020269,0.302226645,0.05093161,0.19939313,0.216969499,0.122011267,0.005657065,0.070833512,0.169045861,0.194667267,0.000982015,0.16836165,0.152910326,0.157172905,0.055810707,0.05972268,12.14395139,-0.375750654,3.452261109,0.839968975,12.14395139,3.452261109,0.839968975,4.109986454,-3.452261109,-0.839968975,-4.109986454,1.988723441,0
187,0.361742281,0.125042282,0.158730334,0.292654524,-0.078215939,-0.107524083,0.091473064,0.000420736,0.017840641,-0.099897522,-0.022387732,0.010721707,0.422780188,0.277211943,-0.068972529,-0.01388127,-0.014878246,0.306455624,0.026511142,0.225629156,0.265659618,0.194664839,0.165125848,0.285454955,0.184636994,0.106188161,0.162374031,0.050782866,0.109552342,-0.010273617,11.8223025,-0.75057743,2.917793927,0.781169797,11.8223025,2.917793927,0.781169797,3.735159677,-2.917793927,-0.781169797,-3.735159677,1.988723441,0
188,-0.027684068,-0.104565822,0.151650216,-0.200831586,0.064559897,0.079622691,0.097919243,0.117504456,0.008528231,0.021270075,-0.024225009,-0.103080195,0.160803293,0.371261337,0.413266734,0.214032127,0.057582349,0.009496995,0.244630254,0.254470734,0.120287705,0.196543631,0.006177618,-0.029419061,0.138559666,0.028058171,0.013935076,0.051720318,0.025026817,0.021100647,12.53597356,-0.6207749,4.109797943,1.063347511,12.53597356,4.109797943,1.063347511,3.864962208,-4.109797943,-1.063347511,-3.864962208,1.988723441,0
189,-0.09862887,-0.086623235,0.004105878,0.275258736,-0.068086519,0.035630813,0.117113379,-0.116143246,-0.023362265,-0.065297278,-0.108035405,-0.057923579,-0.059969433,0.207145876,0.329857072,0.0284553,0.331058418,0.234300681,0.37751537,0.027316664,0.006531928,0.143196218,0.28560648,0.054560175,0.056605425,0.135060601,0.023104854,0.177753974,0.026399441,0.095819295,12.3178228,-0.622399849,3.462693843,0.896296029,12.3178228,3.462693843,0.896296029,3.863337258,-3.462693843,-0.896296029,-3.863337258,1.988723441,0
190,0.167294681,0.138374641,0.171003975,0.210204105,-0.199973635,0.076152544,0.041540522,0.066178936,-0.085646464,-0.082167206,-0.118386763,-0.055009595,0.213472626,0.333957382,0.148866838,0.332521614,0.030011596,-0.068877854,0.051755427,0.028370502,0.213201617,0.125482854,0.172910091,0.04178334,0.149691542,0.197856621,-0.009670742,0.148923174,0.029649746,0.08775638,11.14473067,-0.273837127,3.570631709,0.847748457,11.14473067,3.570631709,0.847748457,4.211899981,-3.570631709,-0.847748457,-4.211899981,1.988723441,0
191,0.17225673,-0.116894739,0.125228896,-0.073429157,-0.102166366,-0.027226154,0.072751687,0.088513747,-0.144582364,-0.103377561,-0.110242936,-0.144251318,-0.027106533,0.325918439,0.427122131,0.297032033,-0.049116767,-0.044626871,-0.073492433,0.03913278,0.237596483,0.017781446,0.015636145,0.238093615,-0.024467606,0.12839482,0.165880811,0.060397647,0.143922651,0.093451773,11.52060789,-0.340141533,3.942171902,0.950930169,11.52060789,3.942171902,0.950930169,4.145595575,-3.942171902,-0.950930169,-4.145595575,1.988723441,0
192,0.109283836,0.269098696,0.122741229,0.040441514,-0.043505923,-0.087971142,-0.121381944,0.075224238,-0.163840332,-0.033365144,-0.134260619,-0.085952945,0.287017061,0.471121546,0.117310462,0.219396627,0.054889906,-0.053683768,0.143302131,0.276048879,0.027397118,0.086998467,0.17244211,-0.018702081,0.05793121,0.032510197,0.138995239,0.164372741,-0.02847744,0.007889291,11.65214677,-0.417714306,3.899671437,0.958615924,11.65214677,3.899671437,0.958615924,4.068022801,-3.899671437,-0.958615924,-4.068022801,1.988723441,0
193,0.211420435,0.03821536,0.077837612,-0.247742239,0.063358618,0.001075438,-0.090474881,0.107155615,-0.059932802,-0.153770574,-0.040643698,-0.002172149,0.021504995,0.100168889,0.066397562,-0.042553442,0.070556839,0.11935514,0.007526805,-0.035817248,0.077986124,0.202829173,0.124638478,0.171558513,0.015633242,0.143750841,0.150226223,0.17869709,0.067335137,0.002206389,10.37377773,-0.685947422,4.330105189,1.139564436,10.37377773,4.330105189,1.139564436,3.799789686,-4.330105189,-1.139564436,-3.799789686,1.988723441,0
194,-0.130039022,-0.010440967,0.158284163,0.227420305,0.180073504,0.007475867,-0.00550968,0.053192288,-0.147679629,-0.058865879,-0.057619307,-0.036418823,-0.028085098,0.287228842,0.061329812,-0.032400543,-0.040759908,0.175248846,0.004802233,0.296948843,0.171061604,0.182790368,0.296170884,0.091978207,0.192825198,0.12458554,0.05282847,0.182744475,-0.018154576,0.044903262,11.32704005,-0.502027274,3.702237649,0.929344205,11.32704005,3.702237649,0.929344205,3.983709834,-3.702237649,-0.929344205,-3.983709834,1.988723441,0
195,0.232382205,0.192878204,0.14889297,-0.057324392,0.211914953,-0.078552795,0.064280299,-0.060302548,-0.093654681,-0.079392572,-0.111691106,-0.013534085,-0.087219199,0.308818852,0.287071371,0.225392695,0.085533821,-0.056889138,0.313278595,0.222453397,0.054405529,0.017439836,0.012337901,0.225003374,0.176932113,0.19527948,0.118088764,0.095347581,0.093304236,0.038748187,11.52843522,-0.513083522,3.813581692,0.959958277,11.52843522,3.813581692,0.959958277,3.972653586,-3.813581692,-0.959958277,-3.972653586,1.988723441,0
196,0.29083644,0.067236982,0.046829758,0.20758199,-0.014424536,-0.14947289,-0.033153972,0.076211945,-0.017441773,-0.023947568,-0.063040935,0.021886938,0.321429747,0.476381141,0.166022188,-0.063338187,0.039091038,0.377528879,0.347273808,-0.058961519,0.2003208,0.126014383,0.270955203,0.188080582,0.116734321,0.112656969,0.190764414,0.010153639,0.122457271,0.096086877,12.7487746,-0.946119299,2.979626772,0.841793361,12.7487746,2.979626772,0.841793361,3.539617809,-2.979626772,-0.841793361,-3.539617809,2.000931205,0
197,-0.055501872,0.065430339,-0.080772543,0.090230456,0.111781549,0.025407252,0.003493472,0.060000799,-0.036673202,-0.032698239,0.009362851,-0.105482391,0.284382414,-0.098575536,0.42027018,0.071014927,0.087118987,0.001068335,0.324574944,0.096191602,0.240633655,0.242997315,0.01808247,-0.004668621,0.18574861,0.139420781,0.07107238,-0.008394448,0.00781531,0.056290564,11.87413436,-0.453962787,3.843258756,0.95324253,11.87413436,3.843258756,0.95324253,4.031774321,-3.843258756,-0.95324253,-4.031774321,2.000931205,0
198,0.338567562,0.018206583,-0.067527058,-0.166920744,0.237661119,-0.184624879,-0.128710753,-0.089702963,-0.014051861,-0.190876233,-0.036203668,-0.062695764,0.398841623,-0.065565384,0.319682039,0.319866061,0.069422557,0.080811447,0.354015225,0.065640328,0.059819467,0.153958907,0.095793975,-0.003358273,0.151573014,0.057678865,0.010439437,0.109315849,0.01931273,0.017790171,12.12127458,-0.658984002,4.118200788,1.076160566,12.12127458,4.118200788,1.076160566,3.826753106,-4.118200788,-1.076160566,-3.826753106,2.000931205,0
199,0.021637583,0.124669669,-0.015420477,-0.239727165,-0.109941108,0.192685067,-0.110227934,-0.092941442,-0.037274525,-0.148222563,-0.036042094,-0.057326482,0.279652977,-0.040483759,-0.009021987,-0.022684675,0.07466074,0.156819723,0.037040373,0.188455491,0.293094007,-0.023076472,0.160452146,-0.006405717,0.180248416,0.058906716,0.120723518,0.025259377,0.140201494,0.034064618,11.46821065,-1.04504346,4.298452776,1.249298315,11.46821065,4.298452776,1.249298315,3.440693647,-4.298452776,-1.249298315,-3.440693647,2.000931205,0
200,0.395011745,-0.112502924,0.07012773,0.216306857,0.076970474,-0.003223307,-0.098075628,0.035019891,-0.141594346,-0.04379581,-0.051243948,0.021922643,0.054222102,0.475784174,-0.008285939,0.313067548,0.085341665,-0.025164889,0.106544072,0.23202556,0.247480502,0.02267621,0.211957201,0.263644025,0.158452229,-0.01239534,0.098526004,0.189171223,0.089828492,0.07176636,11.75866593,-0.405669893,3.404971339,0.83453805,11.75866593,3.404971339,0.83453805,4.080067215,-3.404971339,-0.83453805,-4.080067215,2.000931205,0
201,-0.013379841,-0.023870653,0.068695147,-0.24247921,0.196532178,0.03947557,0.073096319,-0.034812931,-0.037037587,-0.100813165,-0.147681607,-0.091167971,0.30039004,0.091190608,0.341067434,0.109213307,0.025336386,0.115355887,0.006386047,-0.032802983,0.208946531,0.005758188,0.229332279,0.061652465,0.026877111,0.076318256,-0.033647049,0.036214572,-0.018293033,0.07916667,11.1873825,-0.871032552,4.185971305,1.15803968,11.1873825,4.185971305,1.15803968,3.614704555,-4.185971305,-1.15803968,-3.614704555,2.000931205,0
202,0.28559241,0.289488471,-0.038207295,-0.138565096,0.221893928,-0.031659488,-0.0518604,-0.041138515,-0.095477014,-0.034497078,-0.138349566,0.015917727,-0.062614763,-0.039253774,-0.075060334,0.346342879,0.145315385,0.078009925,0.24886564,-0.055866953,-0.017336831,0.123496021,0.291409561,0.15930852,0.084514231,0.128275881,0.105932631,0.144149826,0.014182109,-0.008268624,10.12783314,-0.555556316,3.970576218,1.010278262,10.12783314,3.970576218,1.010278262,3.930180792,-3.970576218,-1.010278262,-3.930180792,2.000931205,0
203,0.02328563,0.099868953,0.101897541,0.092723271,-0.037242639,-0.033536878,0.04357752,-0.032792391,0.046338799,0.023169776,0.001567594,-0.004678282,0.327947719,0.470564661,0.001770496,0.277838001,0.080456683,0.126909515,0.253839725,0.223280366,0.131931175,0.024295732,0.274129032,-0.037390061,0.034220307,0.022625602,0.080977458,0.085214038,0.020123716,-0.011221455,12.28606897,-0.547646001,3.503594403,0.889668194,12.28606897,3.503594403,0.889668194,3.938091107,-3.503594403,-0.889668194,-3.938091107,2.000931205,0
204,0.056592471,0.123097003,0.053168534,-0.147748932,0.070843789,-0.041979137,0.122224369,0.074019232,0.044049826,-0.083709074,-0.12259825,-0.082321447,0.019824292,-0.045653074,0.247921861,-0.039706324,0.297062701,0.227064099,0.340100662,0.015970533,0.204215832,0.177924218,0.08751759,0.095582796,0.155339348,0.092558369,0.028634299,0.146124549,0.032463314,0.02799261,11.75385706,-0.579523267,3.984950206,1.020156696,11.75385706,3.984950206,1.020156696,3.906213841,-3.984950206,-1.020156696,-3.906213841,2.000931205,0
205,-0.089012552,0.286717681,0.069542212,0.202306232,-0.184970433,0.12203954,-0.118772733,0.009855516,0.011157066,-0.15069818,-0.034171115,-0.060156097,0.138512153,0.251460994,-0.073478033,0.308060593,-0.022193491,0.313035406,0.099441162,0.319207202,0.215802746,0.038470273,0.252204063,-0.037119696,0.070658574,0.123294471,0.17372494,0.170745426,0.047440181,0.047738912,12.0557117,-1.022107964,3.676954141,1.061590023,12.0557117,3.676954141,1.061590023,3.463629143,-3.676954141,-1.061590023,-3.463629143,2.000931205,0
206,-0.030812688,0.162998856,-0.087940072,-0.056265757,0.004510198,-0.165881971,0.098476802,0.006127489,0.031178423,0.01024352,-0.115934242,0.025529333,-0.098994299,-0.095002049,0.284037457,0.346154335,0.283958704,-0.073332005,0.011436962,0.285645677,-0.003630016,0.042181107,0.157069765,0.154416351,0.158238116,0.153484614,-0.014971921,0.024219269,0.066660187,0.043808088,11.20790907,-0.35577835,4.032447804,0.976389364,11.20790907,4.032447804,0.976389364,4.129958757,-4.032447804,-0.976389364,-4.129958757,2.000931205,0
207,0.374346086,0.208523556,0.117856253,-0.161681231,-0.029033795,-0.130182448,-0.030141459,0.08106972,-0.167027697,0.032017575,-0.066655974,-0.088754742,0.121810928,-0.053361059,0.082381968,0.065873997,0.010723743,-0.06783544,-0.022105427,-0.020694815,0.166106853,0.228030957,0.082720308,0.068418126,0.112825885,0.098308396,-0.0257877,0.15863558,-0.028392261,0.040181408,9.708244775,-0.12508356,3.916127413,0.898059745,9.708244775,3.916127413,0.898059745,4.360653547,-3.916127413,-0.898059745,-4.360653547,2.000931205,0
208,0.277224912,0.006862563,0.054314659,-0.231299969,-0.092300447,-0.161199064,-0.114586842,-0.111920472,-0.114778019,-0.051871554,-0.131603213,-0.028359973,0.451227843,0.228947176,0.113458719,0.22546206,0.274789029,0.314594265,-0.034875724,0.235320247,0.140704996,0.012053487,0.094584289,0.165709809,0.012469259,0.044425558,0.005372964,0.030559166,-0.011440242,0.064987332,12.80267913,-0.877782262,3.842533045,1.065016944,12.80267913,3.842533045,1.065016944,3.607954846,-3.842533045,-1.065016944,-3.607954846,2.000931205,0
209,0.048957858,-0.007384269,0.13585347,-0.19994054,0.014564601,-0.115137283,-0.053211997,-0.057897517,0.063824532,-0.013767804,-0.012761756,-0.134035725,0.308279789,-0.040853521,0.18596291,0.369464148,-0.0380523,0.255593757,0.216857611,0.1573643,0.078944568,0.04074527,0.280866799,0.262441513,0.050557194,0.143141919,0.193839937,0.002162504,0.02538447,0.06660959,12.7530648,-1.073668269,3.78505474,1.109313709,12.7530648,3.78505474,1.109313709,3.412068838,-3.78505474,-1.109313709,-3.412068838,2.000931205,0
210,0.360198862,0.238050154,0.158026801,-0.127337777,-0.190874384,0.119895096,-0.05981216,-0.107763058,-0.035305007,0.034690182,-0.047326903,-0.080641501,0.155686171,0.446407441,0.03384113,0.325773851,-0.017209402,0.076580063,0.17640225,0.194015163,0.178604489,0.05999034,0.261698788,0.087780501,0.112914232,0.187434624,0.199293146,-0.039307216,0.053425219,0.084129961,12.05549448,-0.731233937,3.579770347,0.953460467,12.05549448,3.579770347,0.953460467,3.75450317,-3.579770347,-0.953460467,-3.75450317,2.000931205,0
211,0.067937696,0.182384025,0.033003691,0.296272192,0.030109877,-0.144117624,0.082626892,0.104249963,-0.132553813,-0.038794904,0.010158806,-0.114770777,0.096542068,0.47204148,0.381418565,0.338584944,-0.01455313,0.359589854,0.254395669,0.299162331,-0.030377145,0.20146936,-0.035991699,0.285841007,0.092049294,0.065577595,-0.03904518,0.077671005,0.037744071,0.02732024,12.96690985,-0.434704611,3.243229066,0.800593199,12.96690985,3.243229066,0.800593199,4.051032497,-3.243229066,-0.800593199,-4.051032497,2.000931205,0
212,-0.044455588,0.016248277,0.085928185,-0.148918294,-0.226651735,-0.013104078,-0.044012472,0.117976979,0.015917889,0.000879602,-0.064448105,-0.01475556,-0.085840556,0.080179711,0.360951832,-0.039555535,0.143061056,0.142810604,0.378863051,-0.057467578,0.172497423,0.090167616,-0.023989349,0.150764411,0.14480632,0.116097777,0.172641178,0.199275115,0.037523362,0.019018439,12.23450918,-0.65182373,4.139008008,1.079577862,12.23450918,4.139008008,1.079577862,3.833913377,-4.139008008,-1.079577862,-3.833913377,2.000931205,0
213,0.091471118,0.10809537,-0.039509448,0.148410363,0.003926369,-0.019591643,0.145829259,-0.085298723,-0.033470726,0.00808438,-0.146923918,-0.075962065,0.289306194,0.308238819,0.257722713,0.100962339,0.181060801,0.059319842,0.196315024,0.263991302,0.098641296,0.099006809,0.054937422,0.188785584,0.009878446,0.142804516,-0.017278068,0.152909264,0.112171386,-0.019540263,12.25076414,-0.360383017,3.516468024,0.852403926,12.25076414,3.516468024,0.852403926,4.12535409,-3.516468024,-0.852403926,-4.12535409,2.000931205,0
214,-0.105875685,-0.013078032,0.067048223,-0.233927353,-0.132301556,0.123472354,0.107912657,-0.05504598,-0.121762362,-0.006655983,-0.015566131,-0.049712529,0.073043823,-0.045357432,0.131526017,0.110046215,0.168536785,0.237873324,0.309545696,-0.040544133,0.231673614,0.13130691,0.186094622,-0.002224436,0.126443311,0.196534779,0.10743703,0.151247673,0.073581795,0.082387837,12.32590589,-0.972736765,4.054500279,1.154141726,12.32590589,4.054500279,1.154141726,3.513000342,-4.054500279,-1.154141726,-3.513000342,2.000931205,0
215,0.379202282,-0.02796089,-0.001466304,-0.036947323,0.231710104,0.165860858,0.087271661,0.07417128,-0.009651039,0.035627194,-0.035861218,-0.084631481,0.458823615,0.201162913,0.370970521,0.122267315,0.162646379,-0.055731048,0.268438821,0.244404366,0.223001758,0.244926304,0.032565699,-0.019798957,0.143306014,0.00485257,0.014618646,0.134579839,0.102722456,0.004938663,11.84930529,-0.255847764,3.450290984,0.815692966,11.84930529,3.450290984,0.815692966,4.229889343,-3.450290984,-0.815692966,-4.229889343,2.000931205,0
216,0.121869447,0.288601684,0.112223363,-0.128700125,0.127086449,-0.002174657,-0.099891768,-0.003022776,0.055527513,-0.054159383,0.020904004,-0.051126458,0.406585079,0.436069604,0.125283537,0.326116668,0.082688564,0.022244933,0.044024229,0.226211854,0.03870726,0.146000055,0.021460955,0.219929754,0.070894145,0.010727438,0.14924441,0.131010757,-0.003453134,0.020827651,11.60747466,-0.721287627,4.165333992,1.106492201,11.60747466,4.165333992,1.106492201,3.76444948,-4.165333992,-1.106492201,-3.76444948,2.000931205,0
217,0.026278508,0.285183528,0.008548781,0.051805898,-0.018143435,-0.006556723,-0.016681808,0.085938335,-0.057821655,-0.123002633,-0.028296764,-0.02116698,0.104099398,0.020438782,0.302820925,0.317982681,0.337994878,0.006612856,0.141499996,0.050485516,0.165710356,0.205085025,0.292806972,0.15647564,0.180465846,0.056831632,0.104905755,0.048234247,-0.018146051,-0.001701604,11.5264198,-0.581830813,3.914313356,1.002665807,11.5264198,3.914313356,1.002665807,3.903906294,-3.914313356,-1.002665807,-3.903906294,2.000931205,0
218,0.257380206,0.207162298,-0.03939675,-0.033747241,0.001549721,-0.093666322,-0.126468178,-0.088835138,-0.129498008,-0.022232354,-0.055347602,0.018089831,0.136671752,-0.04994746,0.105390502,0.375938408,0.158963334,0.227459266,-0.014566985,0.158585489,0.128685637,0.196535031,0.004148794,0.144950108,0.009449859,0.074804716,0.192357147,0.172787369,0.063480843,0.087465556,11.31606305,-0.553194875,3.73255167,0.949144713,11.31606305,3.73255167,0.949144713,3.932542233,-3.73255167,-0.949144713,-3.932542233,2.000931205,0
219,0.242008169,0.286141758,0.185201149,0.196290415,-0.187537849,0.041774604,-0.062145933,0.059391642,-0.172035747,-0.14873265,0.004017294,-0.062594724,0.036464177,0.036779466,0.368919365,0.100545739,-0.02620499,0.348373196,0.079437408,0.119105454,0.292687782,0.208305637,0.122658575,0.082452414,0.01507906,0.14300786,0.025131979,0.052118933,0.113011543,0.045727346,11.33858105,-0.579657795,3.507625158,0.897991279,11.33858105,3.507625158,0.897991279,3.906079312,-3.507625158,-0.897991279,-3.906079312,2.000931205,0
220,0.278516505,-0.082314988,-0.013761041,-0.12027234,0.201336936,-0.056728838,-0.086632372,-0.070754531,-0.039727138,-0.027751157,0.020491805,0.001406435,-0.013754133,0.111109862,0.327084559,-0.031075619,0.29661065,0.099146314,-0.063839671,-0.030148862,0.105929883,0.169966254,0.188229934,0.288121581,0.040033032,0.119256561,-0.042889265,0.019912895,0.022069866,0.007401911,10.64856706,-0.284044969,3.988733292,0.949315933,10.64856706,3.988733292,0.949315933,4.201692139,-3.988733292,-0.949315933,-4.201692139,2.000931205,0
221,0.115884191,-0.052030106,0.084641304,-0.23857415,-0.013162477,0.078276987,-0.134579807,-0.006772084,-0.103792672,-0.159962535,-0.108548122,-0.119571436,0.435672705,-0.070443443,0.38536661,0.336048343,-0.000715855,0.076527153,0.378928799,0.143816817,0.028589519,-0.001809437,0.189198581,-0.015288621,0.176457287,0.138045355,0.022918828,0.175868083,0.090110659,-0.014822246,12.82044172,-0.912236452,4.261305354,1.192473646,12.82044172,4.261305354,1.192473646,3.573500655,-4.261305354,-1.192473646,-3.573500655,2.000931205,0
222,0.169430838,-0.117486729,0.187637449,-0.217214382,-0.149782496,0.034320262,-0.094209814,-0.116247226,-0.024534217,-0.063303728,0.020862644,-0.122097138,0.131715706,0.498167401,0.433510604,-0.079795846,0.26944638,0.367564962,-0.029435779,0.346697495,0.228524454,0.010525025,0.276783308,0.12922899,0.177376684,0.181067806,-0.033871193,-0.015936962,0.062782073,0.017975653,13.74498296,-1.087646796,3.870497412,1.139021349,13.74498296,3.870497412,1.139021349,3.398090312,-3.870497412,-1.139021349,-3.398090312,2.000931205,0
223,0.005779718,-0.07087037,0.016601657,0.295960223,-0.110162442,0.138079294,-0.146216896,-0.053426615,-0.129040774,-0.149753481,-0.101485373,-0.020405104,0.483272643,-0.026412236,0.117785674,-0.073950414,-0.018965661,0.292919724,0.145384212,0.350855669,0.279707478,0.158713718,0.115549777,0.289480481,0.108181275,0.017796808,0.060007652,-0.039388768,0.079812025,0.037281561,12.6776469,-0.913565924,3.518500479,0.984975327,12.6776469,3.518500479,0.984975327,3.572171184,-3.518500479,-0.984975327,-3.572171184,2.000931205,0
224,0.180250022,0.283468838,0.172934816,0.054706884,-0.067134726,0.178530396,-0.050810984,-0.070338147,0.006077472,-0.036459191,0.014211248,-0.029889224,0.177445231,0.230627006,0.253833314,0.182322625,0.038435944,0.073161885,0.23478059,0.236215905,0.147123673,0.051194228,-0.033909477,0.234005453,0.084756043,0.111222427,0.071268602,0.146114398,0.098353669,0.008107161,11.51617119,-0.418319284,3.744227541,0.920541657,11.51617119,3.744227541,0.920541657,4.067417824,-3.744227541,-0.920541657,-4.067417824,2.000931205,0
225,0.222498534,-0.118775523,-0.09281574,0.034026621,-0.108597976,-0.167222539,-0.06584136,-0.067448126,-0.093890792,-0.139285636,-0.039861413,-0.070804811,0.422682412,0.485044441,0.053794062,0.016506191,0.134784616,0.269133443,-0.044944969,0.014818768,-0.04863776,0.022298864,0.254759702,-0.03500803,0.031740916,0.147445858,0.090646418,0.19464423,-0.007765171,0.02712353,11.99177291,-0.999765546,3.500187641,1.004078082,11.99177291,3.500187641,1.004078082,3.485971561,-3.500187641,-1.004078082,-3.485971561,2.000931205,0
226,0.181095594,-0.019932424,0.191268815,0.168015512,0.022425834,-0.010428887,-0.14835522,-0.094375771,-0.003227992,-0.159483321,-0.12504521,0.018724946,0.077995044,0.262487471,-0.057177723,0.331561402,0.090958554,0.178697162,0.29728032,0.201072262,0.10069644,0.166657005,0.188674893,-0.022566392,0.048124788,0.179340341,-0.022810163,0.070688478,0.007922006,0.030716744,11.78430327,-0.449036132,3.836404008,0.950381024,11.78430327,3.836404008,0.950381024,4.036700975,-3.836404008,-0.950381024,-4.036700975,2.000931205,0
227,-0.038295854,0.219318327,0.186863121,-0.163291867,-0.190937982,0.133363832,-0.006748622,0.004350091,-0.153441612,-0.027826227,-0.055559994,-0.08747296,0.221413399,0.404855828,0.263874241,0.199470514,0.03402655,-0.02234956,0.270010306,0.182122059,0.005164622,0.136594688,-0.00976976,0.171917611,0.145737102,-0.010757112,0.171564958,0.001890842,-0.020130148,0.07950612,12.21003854,-0.738113859,4.242462413,1.132040798,12.21003854,4.242462413,1.132040798,3.747623248,-4.242462413,-1.132040798,-3.747623248,2.000931205,0
228,0.160671435,0.103829582,0.043556258,-0.078034204,0.161002624,-0.054472093,-0.07205167,0.01527556,-0.008327358,-0.186331785,-0.093121942,-0.120816209,0.445467026,0.207752868,-0.006984865,0.341228004,-0.045850286,0.381789251,0.320638108,0.343207669,0.126631873,0.03856091,-0.001959634,0.230716034,0.168537851,0.176568724,0.043356024,0.077689555,0.058723885,0.075757101,13.36411696,-1.032419346,3.812620237,1.104045587,13.36411696,3.812620237,1.104045587,3.453317762,-3.812620237,-1.104045587,-3.453317762,2.000931205,0
229,0.134360511,0.280846323,-0.054111985,-0.01709103,0.166252747,0.017976904,-0.03679867,0.075428846,-0.103122061,-0.12999111,-0.141433423,-0.090150053,0.384532121,0.27776244,0.253119263,0.092513564,0.182955672,-0.021677386,0.28826823,0.032445263,0.097209696,0.190194119,-0.000424802,0.256066583,-0.019885241,-0.013210764,0.199399134,0.045402217,-0.002006329,0.084795386,11.47324121,-0.628376874,3.940810771,1.021634105,11.47324121,3.940810771,1.021634105,3.857360234,-3.940810771,-1.021634105,-3.857360234,2.000931205,0
230,0.20463661,0.292305782,-0.008213559,0.243838957,-0.111200885,0.185183233,-0.118996273,0.050726599,-0.178765198,-0.102556764,-0.085105866,0.001673162,0.022292233,0.412512992,0.436665635,0.251027268,0.000314963,0.339049346,0.325855971,0.184142926,0.15247166,0.200020299,0.025427741,0.052793727,0.026710048,0.098197189,0.121959032,-0.013944026,-0.005260417,0.077900722,12.43566759,-0.39968852,3.522953701,0.862190849,12.43566759,3.522953701,0.862190849,4.086048587,-3.522953701,-0.862190849,-4.086048587,2.000931205,0
231,0.082091743,-0.075536439,-0.062050952,-0.231056814,-0.125086052,-0.146722835,0.024681953,-0.104191443,0.046974631,-0.075565204,-0.142530803,-0.075605453,0.034786052,0.22738704,0.436765141,0.310017541,0.21371379,0.166505731,-0.066762732,0.312445416,-0.003468028,0.069781314,0.055457104,0.195508804,0.097071343,-0.013516832,-0.016570661,0.033768274,0.121106343,0.01240246,12.86632873,-0.594117981,4.1477353,1.06581224,12.86632873,4.1477353,1.06581224,3.891619127,-4.1477353,-1.06581224,-3.891619127,2.000931205,0
232,0.139688531,0.089165165,0.057109141,0.28055823,0.003330693,0.166137721,-0.023396517,0.023058591,-0.178973096,-0.190585148,-0.012638285,-0.010363381,0.400375369,-0.009254708,-0.062652188,0.231196587,0.21814958,0.353170564,0.298454787,0.05530501,0.025212025,0.004798298,0.003105332,0.21446882,0.199033521,0.197690672,0.090482885,0.156212379,0.102465008,0.093363081,11.56520834,-0.773509332,3.335554316,0.898531695,11.56520834,3.335554316,0.898531695,3.712227775,-3.335554316,-0.898531695,-3.712227775,2.000931205,0
233,0.145706518,0.150618671,0.14857943,-0.000436836,-0.130100067,0.184143939,0.049411419,-0.086616242,-0.128310705,-0.180444676,-0.049899684,-0.011463036,-0.028846652,0.430505231,0.162909962,0.100484378,0.070664865,0.350079808,0.311038635,0.240649528,0.065586637,0.003111407,-0.013877626,0.110219566,0.024522518,0.10054537,0.128683694,-0.01065854,0.11479852,-0.007147924,12.13295573,-0.559991855,3.820633826,0.973225103,12.13295573,3.820633826,0.973225103,3.925745252,-3.820633826,-0.973225103,-3.925745252,2.000931205,0
234,-0.030314607,0.0510438,0.127238375,0.034984074,-0.07905981,0.161411867,-0.095005655,0.103858805,0.025322599,-0.158598199,-0.040020568,-0.011580343,0.453417527,0.466725577,0.004232812,0.204390487,0.185909904,0.076839948,0.327906067,0.079646672,-0.022589912,0.217234743,0.174197977,0.136886273,0.003216471,0.114535113,-0.039426076,0.12067465,-0.021768098,0.035337638,12.25480158,-0.832069728,4.035687221,1.104557914,12.25480158,4.035687221,1.104557914,3.65366738,-4.035687221,-1.104557914,-3.65366738,2.000931205,0
235,-0.127029945,-0.035681535,0.115591074,-0.011718492,-0.139996391,0.125960124,0.111767302,0.117238808,-0.054325093,-0.174918707,0.001908892,-0.130580423,0.153541648,-0.065900651,0.062289154,0.113247948,0.210041043,0.137109942,0.218606932,0.392120199,0.241066798,0.13971254,0.186755506,0.005234436,0.124652063,0.046440973,-0.009988588,0.000463819,-0.020220695,0.093198936,12.28145203,-0.768999876,3.999007279,1.075945656,12.28145203,3.999007279,1.075945656,3.716737231,-3.999007279,-1.075945656,-3.716737231,2.000931205,0
236,0.320342772,0.189671032,-0.049450279,0.164407893,-0.153452748,0.182629982,0.109386644,0.076676683,0.027666577,-0.146948964,-0.041993679,-0.011976071,0.016087574,0.156196305,-0.098250918,0.221921639,0.167290595,0.051133604,0.031604537,0.121878509,0.294446525,0.175998552,0.106229326,0.041040598,0.156989645,0.1621557,0.118343533,0.001848382,0.086737681,0.015204812,10.45648769,-0.263953218,3.455092688,0.818396389,10.45648769,3.455092688,0.818396389,4.221783889,-3.455092688,-0.818396389,-4.221783889,2.000931205,0
237,0.360078275,0.177358482,-0.03747805,0.298649441,0.150839493,-0.038801991,-0.107665983,0.079848804,-0.04403624,-0.166036376,-0.114623507,-0.112482766,-0.011044441,0.210205852,0.161996557,0.094796308,-0.008756247,0.082651516,-0.051623674,0.095207102,-0.034313796,0.238148863,0.013396771,0.089788799,0.027517792,0.12003178,0.165072875,0.077455112,0.008027161,0.073956472,9.467904774,0.05542501,3.636649977,0.800819236,9.467904774,3.636649977,0.800819236,4.541162117,-3.636649977,-0.800819236,-4.541162117,2.000931205,0
238,0.317858818,-0.098936253,0.092182397,0.02363816,-0.242074687,-0.064338942,-0.045849157,-0.070394136,-0.079592654,0.030427821,-0.020335737,-0.058980437,0.021850479,0.168983966,0.330794202,0.035598507,0.152476396,-0.050977138,0.200541912,0.089143024,0.19176906,0.118688257,-0.028192257,0.149014917,0.191404085,0.012372628,0.005352784,-0.036763275,0.019967004,0.067252446,11.66693439,-0.159679821,3.841563822,0.888005768,11.66693439,3.841563822,0.888005768,4.326057287,-3.841563822,-0.888005768,-4.326057287,2.000931205,0
239,0.347871213,-0.095948182,0.192288379,0.169452131,-0.203383822,-0.023444983,-0.138350368,0.034323076,0.010690419,-0.01929638,-0.029565839,-0.130788478,0.024974647,0.421164853,0.15843575,0.209649483,0.158264487,0.323240078,0.277059673,0.243633751,0.255791952,0.030310444,-0.028774258,0.168700174,0.043107151,0.002178305,0.006011346,0.126633528,0.129936466,0.069599823,12.84908983,-0.569243129,3.516119301,0.897772171,12.84908983,3.516119301,0.897772171,3.916493978,-3.516119301,-0.897772171,-3.916493978,2.000931205,0
240,-0.010641461,-0.119775562,0.058950048,-0.234499843,0.180604151,-0.082473498,-0.108851682,-0.024997012,-0.109787673,-0.14478992,-0.012028867,0.015808542,0.153109943,-0.091402519,0.302531573,0.11355153,0.179648855,0.209782063,0.391883811,0.045449824,-0.04065186,0.135118878,0.033557213,0.15368374,-0.018164076,-0.008098517,0.099581183,-0.038549785,0.087054472,0.030664563,11.96845336,-0.857071951,4.472120897,1.232442428,11.96845336,4.472120897,1.232442428,3.628665156,-4.472120897,-1.232442428,-3.628665156,2.000931205,0
241,0.3473598,0.14117606,-0.087430552,0.190998459,-0.17931919,-0.052722094,-0.040246051,-0.032760928,0.045256134,-0.083519332,-0.030334476,0.016382259,0.118642035,0.26378351,0.088673514,0.152960104,0.000907499,0.332001177,0.283474468,0.226705464,0.118608201,0.122166106,0.119855661,0.022261278,0.18969713,0.018075987,-0.00189721,0.062436044,0.041198475,-0.018852534,12.24422191,-0.360360269,3.396217986,0.823250365,12.24422191,3.396217986,0.823250365,4.125376838,-3.396217986,-0.823250365,-4.125376838,2.000931205,0
242,-0.059516762,0.130457018,0.026575751,0.012292039,0.199236942,-0.01355639,-0.017393229,-0.105016412,-0.030662436,0.04861558,-0.084192645,-0.018707213,-0.065534077,0.290904137,0.041161412,0.106647682,0.044432248,0.043638957,0.153888602,0.327997299,0.075345073,0.114203604,0.0023638,0.099191747,0.180575293,0.119589379,0.176562375,-0.014575823,0.062396842,0.025753709,11.30491106,-0.499160034,4.032191251,1.01144194,11.30491106,4.032191251,1.01144194,3.986577073,-4.032191251,-1.01144194,-3.986577073,2.000931205,0
243,0.067298667,0.077199244,0.105895047,-0.140658327,-0.219128989,-0.104833216,0.03648982,-0.008355492,-0.023338748,-0.031443312,-0.126591022,-0.130164232,0.327588169,0.112782438,0.137009621,0.292874895,0.049199802,-0.029920258,-0.038092759,0.196067377,0.142555514,0.145160452,0.124979509,0.266780173,0.030654088,0.07733706,0.074466381,-0.015669111,0.106420118,0.045001674,11.98168565,-0.497222764,4.005069547,1.004150719,11.98168565,4.005069547,1.004150719,3.988514344,-4.005069547,-1.004150719,-3.988514344,2.000931205,0
244,0.18887873,-0.061617449,0.085769844,0.222043336,-0.187503094,0.080860891,-0.11893265,0.055865661,-0.035958115,-0.138636804,-0.011127422,0.010953296,0.26788841,0.480453373,-0.011393014,0.006096416,0.349362848,0.05010217,0.373434202,0.011475024,0.24114479,0.193942052,0.179822265,0.104980589,0.055735075,0.1489532,0.014171468,0.022730437,0.053770216,0.093436497,12.38956637,-0.72760955,3.639283975,0.968376916,12.38956637,3.639283975,0.968376916,3.758127557,-3.639283975,-0.968376916,-3.758127557,2.000931205,0
245,0.398841052,0.132867664,0.163201972,-0.175951992,-0.23714723,0.001009428,-0.131151755,0.036151859,-0.095041848,-0.004644903,-0.04746765,-0.086136798,0.420462468,0.096749017,0.106855014,0.377168876,0.150583007,0.087748067,0.192779565,-0.002859714,0.22664668,0.042206859,0.216301167,0.131957554,0.135810423,0.043514831,0.13016467,0.053804104,0.147626922,0.039534852,12.13155232,-0.743753468,3.687991639,0.985571289,12.13155232,3.687991639,0.985571289,3.74198364,-3.687991639,-0.985571289,-3.74198364,2.000931205,0
246,0.128587939,-0.015188427,0.197216605,-0.101256873,0.118471793,-0.122051765,-0.049638052,-0.082295877,0.069068296,0.00738757,0.009589735,-0.055404388,0.431433132,0.431995193,0.292555708,0.326163574,-0.023990718,0.234306239,-0.013918486,0.053972384,0.216133462,0.050916831,0.298077185,0.253165946,0.051366498,0.132127847,0.035728245,0.039074082,0.051468669,0.001084611,12.67330722,-0.946062901,3.595988672,1.015909505,12.67330722,3.595988672,1.015909505,3.539674206,-3.595988672,-1.015909505,-3.539674206,2.000931205,0
247,0.092426815,0.067222865,0.069890956,0.110061853,-0.128463525,0.031862124,0.144673078,0.070841599,-0.180091927,-0.092044882,-0.026462043,-0.068299708,0.31142405,0.368348993,0.206492424,0.0898511,0.267679162,0.324691483,-0.056622217,0.22660663,0.081895886,-0.020574934,0.128748998,0.02088593,0.107515378,0.186980488,0.13353213,-0.027144525,0.09807262,0.090993807,12.07247493,-0.818380388,3.290829231,0.897330007,12.07247493,3.290829231,0.897330007,3.667356719,-3.290829231,-0.897330007,-3.667356719,2.000931205,0
248,-0.030319707,0.094873473,-0.017473166,0.114438316,0.144108693,0.193223661,0.028322911,-0.070190251,-0.040981344,-0.026370965,-0.120810691,-0.060921229,0.013254719,-0.09205845,0.209723149,0.308532921,0.155537948,0.301774197,0.016274016,0.178112656,0.065347052,0.23376183,0.032716571,0.122018177,0.101220679,0.12395783,0.188405651,0.120380259,0.116708415,0.022613511,11.04996967,-0.628558963,3.676747634,0.953222147,11.04996967,3.676747634,0.953222147,3.857178145,-3.676747634,-0.953222147,-3.857178145,2.000931205,0
249,0.275175727,-0.09180846,-0.02708932,0.114481635,-0.219166318,0.084121723,-0.14792581,-0.042579276,-0.074102565,-0.021812324,-0.07465524,-0.108242968,0.40386912,0.133741075,0.167791191,0.266149997,0.085276741,0.305282725,-0.000975857,0.360200381,0.124340385,0.128707806,0.198835766,0.288407406,0.170124368,0.007017199,0.097745602,0.014465811,0.143687984,0.002071662,13.12457923,-0.984531061,3.364573683,0.960975629,13.12457923,3.364573683,0.960975629,3.501206046,-3.364573683,-0.960975629,-3.501206046,2.000931205,0
250,0.078168837,0.220443713,-0.025113921,-0.153951406,-0.096037228,-0.179368142,0.028984554,-0.021217918,0.05218967,-0.163245532,-0.056698498,-0.113647969,0.159586852,0.21718271,0.269783345,0.118716463,0.086452864,-0.056146264,0.023476306,0.157314953,-0.021669779,0.13849058,0.207080891,0.066076272,0.139463821,0.047976751,0.163439996,0.046842957,0.055029421,0.09304815,11.48470286,-0.520335832,4.171507444,1.051976119,11.48470286,4.171507444,1.051976119,3.965401275,-4.171507444,-1.051976119,-3.965401275,2.000931205,0
251,0.39097947,-0.065471059,0.125652174,-0.183643691,0.163487028,0.155580494,-0.120072843,-0.103538154,-0.09751317,-0.080745028,-0.001042407,0.008744332,0.064007466,0.206076513,-0.044689959,0.105350502,0.000710414,0.169987739,0.334321528,-0.079686148,0.145880157,0.156423043,0.177070934,0.184818636,-0.014588985,0.060675076,0.070881305,0.044549954,-0.015877968,0.041925558,10.84415102,-0.602088469,3.920404704,1.009464313,10.84415102,3.920404704,1.009464313,3.883648639,-3.920404704,-1.009464313,-3.883648639,2.000931205,0
252,0.210606505,0.167568142,-0.077181446,0.181113349,0.041822997,0.17261722,-0.063555233,0.094618545,0.037371876,-0.16392137,0.009331262,-0.025821399,-0.013449805,0.027245217,0.011158537,0.080083605,0.029372633,-0.016821587,-0.079025218,0.086985464,0.16625437,0.100385102,-0.032115782,0.247782537,0.068472062,0.055355918,0.177686317,0.083785024,0.124524714,0.098814425,9.291556134,-0.09012538,3.868168434,0.880006851,9.291556134,3.868168434,0.880006851,4.395611727,-3.868168434,-0.880006851,-4.395611727,2.000931205,0
253,0.300059699,0.053559422,0.06788292,-0.078967781,0.125095023,0.046624021,0.038262472,0.096376556,0.046866485,-0.067936207,-0.122128176,0.021106254,0.282199919,-0.059423441,0.105342912,0.124668203,0.342256276,0.23380293,0.159431874,0.380871469,-0.046147268,0.204466076,0.080096563,0.274154856,0.071692969,0.053749563,0.142924454,-0.021411056,-0.00757387,0.063023944,11.57178153,-0.558337842,3.589153542,0.913875392,11.57178153,3.589153542,0.913875392,3.927399266,-3.589153542,-0.913875392,-3.927399266,2.000931205,0
254,0.383410232,-0.045989186,-0.017367751,0.016933389,0.191410708,-0.012395355,-0.094770675,0.003696589,-0.118687153,-0.113260952,-0.072086717,-0.099890182,0.455709443,-0.097405667,0.389015773,0.18896695,0.295126995,0.207072662,0.122832669,0.015501937,-0.024058525,0.056585547,0.158189515,0.045994585,0.09102934,0.176759761,0.082334419,0.09583762,0.041726572,0.002026926,11.27446626,-0.67200755,3.485680315,0.913982038,11.27446626,3.485680315,0.913982038,3.813729557,-3.485680315,-0.913982038,-3.813729557,2.000931205,0
255,0.388801997,0.265576357,0.076430062,-0.13654601,0.054576419,-0.180242588,0.018913823,-0.036220599,-0.091716482,-0.063125495,-0.128368375,0.015864059,0.183129967,0.188287777,0.406306858,0.209256472,0.306699149,0.029050783,0.349853714,0.105270666,0.299524243,0.249686562,0.170136422,0.00751208,0.091610988,0.187256552,0.170893007,0.128394901,0.14294376,-0.009093951,12.72414224,-0.656010707,3.633686252,0.948810926,12.72414224,3.633686252,0.948810926,3.829726401,-3.633686252,-0.948810926,-3.829726401,2.000931205,0
256,-0.140590776,0.027490388,-0.013496445,-0.073918931,-0.223797947,0.058886911,-0.037847389,0.043574049,-0.000183235,-0.074869476,-0.062762851,-0.075676987,-0.042942536,0.485489879,0.398793562,0.217750886,0.246026666,-0.018327797,0.288017509,0.373038582,0.241792196,0.223458302,0.251861001,0.28783963,0.100381237,0.059714078,-0.047205919,0.055616455,0.022099505,0.082890894,14.30891854,-0.954757159,4.072128274,1.153257264,14.30891854,4.072128274,1.153257264,3.530979948,-4.072128274,-1.153257264,-3.530979948,2.000931205,0
257,0.112798047,0.055267661,0.044857744,0.22564106,-0.024667165,-0.099456627,-0.032080487,-0.065434993,0.021468777,-0.114912186,-0.030987515,-0.045253452,0.245847257,0.381332014,0.443689034,0.253205045,-0.013520064,-0.07293363,0.345389077,0.070417674,0.153928737,0.240896483,0.000371534,0.046619733,0.087518627,0.041240814,-0.026225908,0.105873065,0.126991994,0.066587051,12.35300373,-0.221084406,3.713047392,0.870656453,12.35300373,3.713047392,0.870656453,4.264652701,-3.713047392,-0.870656453,-4.264652701,2.000931205,0
258,-0.071433412,0.155289059,0.023043173,0.14430345,0.02078382,-0.037509683,0.025069107,0.117995347,0.015861695,-0.017123399,-0.029465167,0.018556154,0.056311951,0.290488549,0.169824321,0.061508339,0.11373992,0.244136918,0.177286165,-0.076698509,0.136093134,-0.002411756,0.150889136,0.158700289,0.148591842,0.111675457,0.103301405,0.167319465,0.007027523,0.075146536,11.33472254,-0.486387017,3.61845309,0.904760276,11.33472254,3.61845309,0.904760276,3.999350091,-3.61845309,-0.904760276,-3.999350091,2.000931205,0
259,0.355314212,0.086941258,-0.081838704,0.164710037,0.143557933,0.043036736,-0.058370245,-0.040442822,0.058971091,-0.1439437,-0.046142134,-0.112781943,0.070689298,0.231421477,0.290473346,0.384509568,0.06709012,-0.006815101,0.121118333,0.215842119,0.176056168,0.092586229,0.289588023,0.280491567,-0.012309809,0.076759782,-0.001640971,0.025358059,0.055567464,0.036708566,11.50241503,-0.279944441,3.558053895,0.845988896,11.50241503,3.558053895,0.845988896,4.205792666,-3.558053895,-0.845988896,-4.205792666,2.000931205,0
260,-0.044483113,0.060050293,0.193969043,0.113428288,-0.15987638,-0.03925666,0.069339302,-0.056632478,-0.136090904,-0.068211146,-0.014514538,0.016876218,-0.096852168,-0.082444835,0.278199859,0.179864328,0.234306263,0.077461634,0.13274904,-0.017144817,0.040478622,0.087136336,-0.007075644,0.26253157,0.153992194,0.124692723,0.01918049,-0.025114922,0.081640488,0.051496738,10.77504126,-0.138034882,3.966083456,0.912225183,10.77504126,3.966083456,0.912225183,4.347702225,-3.966083456,-0.912225183,-4.347702225,2.000931205,0
261,0.27833937,0.096619679,0.19321076,-0.171967891,0.147266569,0.064036216,-0.078896477,-0.048531545,-0.004659132,0.010637531,-0.038667,-0.070431117,0.201202103,0.349176487,0.214540595,0.319549389,0.202891321,0.36969706,0.220269878,-0.020701572,0.065175241,-0.008126253,0.179883095,0.192611748,-0.019815885,0.0259241,0.043683355,0.181086488,0.055499656,0.089822578,11.88674493,-0.867046742,3.683579904,1.017931774,11.88674493,3.683579904,1.017931774,3.618690366,-3.683579904,-1.017931774,-3.618690366,2.000931205,0
262,0.009559703,0.241081936,-0.019771103,-0.015223692,-0.235934895,-0.012912412,0.073098173,0.097735759,0.039500336,-0.165911628,-0.048985399,-0.14124741,0.319066438,0.472334874,0.412540454,0.184968642,0.159692274,0.069188824,-0.016353889,0.12168094,0.060953727,0.165950932,0.059335802,0.128131604,-0.006496227,0.045393939,0.154968609,-0.008667846,0.143725176,0.08034886,12.23764373,-0.50662165,3.942935922,0.990907644,12.23764373,3.942935922,0.990907644,3.979115457,-3.942935922,-0.990907644,-3.979115457,2.000931205,0
263,0.136294201,-0.045349733,0.146662562,-0.092566827,-0.090572016,0.152055961,0.123615403,-0.049008803,0.02374606,-0.040459261,-0.002306831,-0.124779488,0.476656329,0.304591876,0.108199113,0.39706576,0.232067832,0.161093342,0.147506714,0.133678592,0.14687825,0.078802716,0.215167177,0.097797163,0.172452482,0.064354108,-0.037685108,0.06088482,-0.023107141,0.034268832,12.64004485,-0.707663341,3.627520995,0.960150918,12.64004485,3.627520995,0.960150918,3.778073767,-3.627520995,-0.960150918,-3.778073767,2.000931205,0
264,0.256295265,0.178672647,-0.098137184,0.220624795,0.202679911,0.005927515,-0.077486359,-0.07062822,0.024253207,0.045604933,-0.077908974,-0.100780778,0.157937421,0.198496813,0.152559372,0.103392893,0.186457622,-0.017224635,0.211838001,0.370428038,0.004369219,0.064401756,0.247367361,0.127408127,0.104149341,0.177395005,0.036666334,0.095736116,0.009832999,0.064715499,11.27472709,-0.137509239,3.421542745,0.786882116,11.27472709,3.421542745,0.786882116,4.348227868,-3.421542745,-0.786882116,-4.348227868,2.000931205,0
265,-0.124547587,0.078682213,-0.084976502,0.172383627,-0.085440528,-0.075198831,0.054767379,0.102337903,-0.091870982,-0.042500918,-0.131793764,0.02216181,0.498409753,0.053825544,0.441778601,0.249758291,0.133252631,-0.077610127,0.106711661,-0.067432815,0.173077722,0.111905357,0.107493158,0.148482067,0.161717326,0.15349827,0.048708893,0.015741744,0.148129327,0.096349368,12.07420377,-0.462935873,3.688685687,0.916944555,12.07420377,3.688685687,0.916944555,4.022801234,-3.688685687,-0.916944555,-4.022801234,2.000931205,0
266,0.043161995,0.031957288,0.168064964,-0.157000805,-0.054112447,0.171903161,0.119763862,-0.087193421,-0.141866837,-0.147617881,-0.087615267,0.009843013,0.39664032,0.255290605,0.279091473,0.366056311,0.070618728,0.222067514,0.154997885,-0.059469558,0.010620505,0.063331661,0.130267331,0.045655806,0.104669271,0.089278325,0.09128785,0.031055897,0.0567139,0.083846889,11.96327135,-0.857008053,3.92412252,1.081404112,11.96327135,3.92412252,1.081404112,3.628729054,-3.92412252,-1.081404112,-3.628729054,2.000931205,0
267,0.076531582,0.236987108,-0.013258725,-0.081710452,-0.023053585,-0.031919064,0.024645314,-0.022826908,-0.155117174,-0.134295021,-0.10651316,-0.148306777,0.281344884,0.116842768,0.416769765,0.28194772,0.124605658,0.098561104,0.37195404,0.315553544,0.201112115,0.16058161,0.023920874,0.049398842,0.098704217,-0.009926476,0.010170749,0.151007603,0.084702135,-0.017276905,13.23920496,-0.664279442,3.973663035,1.039829139,13.23920496,3.973663035,1.039829139,3.821457666,-3.973663035,-1.039829139,-3.821457666,2.000931205,0
268,0.347370374,-0.078984192,0.113549666,0.272880811,-0.099167776,-0.072866332,-0.094647702,-0.037112377,-0.13093465,-0.17385563,0.029742601,-0.106542529,0.319615276,0.111726481,-0.020409222,0.336292128,0.313748191,0.336843221,0.203034459,0.177486458,-0.004830408,0.229544091,0.075245563,0.052717771,0.148094588,0.161731667,-0.01748675,0.099025924,0.090144319,0.086681877,12.22343903,-0.736875381,3.412826222,0.910363324,12.22343903,3.412826222,0.910363324,3.748861727,-3.412826222,-0.910363324,-3.748861727,2.000931205,0
269,0.386348046,-0.048782672,-0.000990171,-0.056010589,-0.192611925,0.097278972,0.007415431,-0.090477077,-0.126691604,-0.124830245,-0.134394396,-0.100113381,0.099344049,-0.001839225,0.157543223,0.282193718,-0.038929777,-0.00640703,0.035262559,0.147482116,0.289712445,0.105758073,0.122840236,0.178947519,0.091831574,-0.010400207,0.127775266,0.040767491,-0.020296347,0.082439179,11.34458112,-0.404562017,3.794978681,0.929874018,11.34458112,3.794978681,0.929874018,4.08117509,-3.794978681,-0.929874018,-4.08117509,2.000931205,0
270,-0.007457504,0.067575344,0.071746963,0.146367002,-0.182296436,0.091266644,0.132919551,-0.11110092,-0.07551627,-0.039668176,0.028497285,0.012495184,0.387592755,0.040043751,0.293646856,0.055302694,0.125498861,0.290802864,-0.073310757,0.317471937,0.280920377,0.123764769,0.248351951,0.188639336,0.115973448,0.135589448,-0.035726991,-0.024861881,0.066445073,-0.015928901,12.46929328,-0.993744851,3.288071459,0.941603308,12.46929328,3.288071459,0.941603308,3.491992257,-3.288071459,-0.941603308,-3.491992257,2.000931205,0
271,0.097377292,0.039822918,0.013995258,0.04093793,0.049084319,0.196717516,0.055346464,-0.101317373,0.021058783,0.006695447,-0.125857403,-0.095815353,-0.032015769,0.286129088,-0.007167407,0.374835328,0.238321291,0.172490624,0.37200813,0.220703266,-0.019605387,0.014935206,0.291117394,0.290782881,-0.027792236,0.090316132,0.113291912,-0.006830985,0.068468142,0.00896679,12.04755456,-0.679286205,3.543038282,0.930798367,12.04755456,3.543038282,0.930798367,3.806450902,-3.543038282,-0.930798367,-3.806450902,2.000931205,0
272,0.319282542,0.0075364,0.12221729,0.288698343,0.143348594,-0.165331896,0.076473808,0.034622891,-0.134302345,-0.120449762,0.01146955,-0.08720411,0.498807745,0.047038263,0.203774583,0.085820736,0.289881227,-0.028685277,-0.069039514,0.164435618,0.200138877,0.248676545,0.130805944,0.072232917,0.025173752,0.077100862,0.194018975,-0.031955027,0.037714166,0.064645571,10.64851971,-0.418391237,3.19975733,0.786694182,10.64851971,3.19975733,0.786694182,4.06734587,-3.19975733,-0.786694182,-4.06734587,2.000931205,0
273,0.216911817,0.066238783,0.017108289,0.299257181,0.155417774,-0.036155871,-0.063681164,-0.002844675,0.013782974,0.017685487,-0.012844957,-0.065112457,0.143287089,0.028825484,0.354236343,0.327033774,0.080067609,0.159785002,0.209940493,0.059941913,0.164068316,0.228134503,-0.046169186,0.276632067,0.03391322,0.180264572,0.065544067,0.183372763,0.111375629,0.041130632,11.5096534,-0.244999441,3.309715055,0.780457391,11.5096534,3.309715055,0.780457391,4.240737667,-3.309715055,-0.780457391,-4.240737667,2.000931205,0
274,0.392658092,0.009581971,-0.085070218,0.196015005,0.133346721,-0.069056303,-0.107938523,-0.012322402,-0.093034008,-0.080887668,-0.003478756,-0.103200491,0.246033316,0.475014248,0.347980237,0.178615463,0.054483602,0.311444527,0.123344735,0.397299992,0.082084891,0.239757362,0.184653603,0.007328967,0.155168752,0.037981773,0.15786266,0.123308284,-0.004953202,-0.005184351,13.00389704,-0.724855689,3.214414046,0.854696995,13.00389704,3.214414046,0.854696995,3.760881418,-3.214414046,-0.854696995,-3.760881418,2.000931205,0
275,0.262550954,0.196052563,-0.046172723,0.133974984,-0.13498837,-0.062740208,-0.14166649,0.104266391,-0.138620001,-0.112778568,0.028333352,-0.099961371,-0.031451053,0.139925235,0.014860687,0.000196712,0.224572233,-0.001563731,0.395691652,0.083702714,-0.042394336,0.185666144,0.213130671,0.207572494,0.103232617,0.173790512,0.013002498,0.119245411,0.057145535,0.025458059,11.23118205,-0.452239528,3.77075035,0.934858711,11.23118205,3.77075035,0.934858711,4.03349758,-3.77075035,-0.934858711,-4.03349758,2.000931205,0
276,0.021823126,-0.029350078,0.179218762,-0.17874756,0.174057557,-0.193820693,-0.061771806,0.05630327,-0.111658931,-0.083393145,-0.050031609,-0.018036836,0.307975425,0.1406797,0.120111681,0.093000013,-0.027391891,-0.051983872,0.28075498,0.219875291,0.29418965,-0.023880247,0.02209358,-0.023438701,0.197547862,0.016094514,0.060564116,0.127047921,-0.019392618,-0.006113914,11.9946669,-0.701763594,4.293115511,1.13455221,11.9946669,4.293115511,1.13455221,3.783973514,-4.293115511,-1.13455221,-3.783973514,2.000931205,0
277,0.398759759,-0.116696544,0.016138406,-0.059175392,0.028633377,-0.025189088,-0.099810369,-0.022043115,-0.075790778,-0.143479226,-0.040103619,-0.077230838,0.028942111,-0.015877444,0.337233182,0.019106484,-0.04297254,0.156811277,-0.007360377,0.081874868,0.114990908,0.013610291,0.012051096,0.28115317,0.038069762,0.036070775,0.193119456,0.162356156,0.020759026,0.057988999,10.77872039,-0.435337879,3.872659337,0.956117933,10.77872039,3.872659337,0.956117933,4.050399229,-3.872659337,-0.956117933,-4.050399229,2.000931205,0
278,0.065077738,0.06611845,-0.006023814,0.043727924,-0.204969183,0.117507067,-0.140477901,-0.077546384,0.022109193,-0.190023578,-0.067875214,-0.031230933,0.152924404,0.066586122,-0.082645358,0.126722323,0.070325384,0.092701759,-0.003016855,0.059784756,0.138285374,0.105264056,0.073974898,0.21216039,-0.014171924,-0.015917509,0.180278554,0.025105335,0.130086919,0.047342228,10.67235969,-0.517631341,4.13991,1.043296284,10.67235969,4.13991,1.043296284,3.968105766,-4.13991,-1.043296284,-3.968105766,2.000931205,0
279,0.384276811,0.023973046,-0.014306227,-0.021416126,-0.216812673,0.072758028,-0.095352341,0.087230702,-0.006763974,-0.120477026,-0.135263647,-0.09984516,0.083679775,-0.04505218,-0.054123168,0.227665834,0.274837585,0.158291422,0.086572427,-0.000807861,0.001323338,-0.011585826,0.003570373,0.211332731,0.086101195,0.197412178,0.082689519,0.172778276,-0.016779127,0.001129065,10.54285935,-0.352635508,3.851882283,0.931959254,10.54285935,3.851882283,0.931959254,4.133101599,-3.851882283,-0.931959254,-4.133101599,2.000931205,0
280,0.237048721,0.205550773,0.074420044,0.184245211,-0.133542959,-0.082370787,-0.131076609,0.100210307,-0.111263914,-0.076447256,-0.042690905,-0.114985199,0.279729882,0.282371255,0.364447154,0.32883891,-0.010079703,0.095483764,0.138761368,0.065259068,0.243730503,0.161338691,0.18011902,0.019683349,0.021779044,0.153322902,0.141317448,0.19002158,0.1186163,0.085177107,12.18625073,-0.568779604,3.49845184,0.893155424,12.18625073,3.49845184,0.893155424,3.916957503,-3.49845184,-0.893155424,-3.916957503,2.000931205,0
281,0.342853766,0.114409768,0.184937833,0.295945955,-0.070733075,-0.134158652,-0.127969521,-0.039784575,-0.112063059,-0.036195084,-0.058590857,-0.100368656,0.03826225,0.286716808,0.032775798,0.251376378,0.29252899,0.395605697,0.383560142,0.322631394,0.281166275,0.022642863,0.133852122,0.238434963,0.057461933,0.156598239,0.088085606,0.070795513,0.142767974,-0.005623704,13.17824072,-0.686220507,3.162121578,0.832243127,13.17824072,3.162121578,0.832243127,3.799516601,-3.162121578,-0.832243127,-3.799516601,2.000931205,0
282,0.005223569,0.078690095,0.1371627,0.207699116,-0.143225225,-0.188515628,0.119055662,0.087559399,0.038533219,-0.183235813,0.002392895,-0.110267811,0.257028689,0.471075486,0.083662607,-0.011829347,0.185524745,0.2168839,0.202355506,0.214575845,0.11176739,-0.024380538,0.240466834,0.20106457,0.032240378,0.117605846,0.185289201,0.02551166,0.083419182,0.077493859,12.6199701,-0.719823385,3.391135754,0.900481531,12.6199701,3.391135754,0.900481531,3.765913722,-3.391135754,-0.900481531,-3.765913722,2.000931205,0
283,-0.00741346,0.22493546,-0.060243647,-0.163440413,0.242180228,0.076659963,-0.121756732,-0.089831133,0.025641901,-0.055070404,-0.054828399,-0.002750464,0.052759977,-0.095517688,-0.057332411,0.120882616,0.126523307,-0.044222473,0.304135046,0.238224707,0.038042658,0.033041303,0.035746445,0.070559995,0.143438213,-0.01322017,-0.040624692,0.187776309,0.108736814,-0.011970403,10.46369375,-0.73258062,4.562450843,1.215630326,10.46369375,4.562450843,1.215630326,3.753156488,-4.562450843,-1.215630326,-3.753156488,2.000931205,0
284,0.390611786,-0.035145852,0.036354364,0.220277021,-0.120532614,-0.187553696,0.008363265,-0.082087112,-0.16311432,-0.066252016,-0.019397138,-0.058607985,0.489287046,0.414393271,0.103112069,0.156514684,0.153722744,0.301669671,0.005829887,0.358801602,-0.015029036,0.10910136,0.258190488,-0.030798835,0.068268539,0.157567066,0.028613193,0.006903673,0.040851287,0.006349527,12.60376022,-0.93480882,3.051360715,0.859313528,12.60376022,3.051360715,0.859313528,3.550928288,-3.051360715,-0.859313528,-3.550928288,2.000931205,0
285,0.324842932,0.274587459,0.181151612,0.011075292,0.133703876,-0.159496517,0.02982083,0.014942849,-0.139580516,0.042669901,0.020059085,-0.135616697,0.168090877,0.290891637,0.398873018,0.126929669,0.158555755,0.043646691,0.251905394,0.316329134,0.280380404,0.208736985,0.073500331,0.167021185,-0.025179111,0.183280781,0.089010963,-0.028985725,0.073861403,0.023789315,12.2483646,-0.36143789,3.481339324,0.84410445,12.2483646,3.481339324,0.84410445,4.124299217,-3.481339324,-0.84410445,-4.124299217,2.000931205,0
286,-0.094963341,-0.078682198,-0.023056598,0.153681239,-0.152862615,0.118107481,-0.092411937,0.097650251,0.06736294,-0.176892829,-0.13148388,-0.030952251,0.364782418,0.088966176,0.120801224,0.222901006,0.092040932,0.260869939,0.226183905,0.199746327,0.006450484,0.158171374,0.169822704,0.077119892,0.104976165,0.087333484,0.088691792,0.095839452,0.146190991,0.025618485,12.65488501,-0.830594198,3.809245936,1.042160602,12.65488501,3.809245936,1.042160602,3.65514291,-3.809245936,-1.042160602,-3.65514291,2.000931205,0
287,-0.069979481,0.220440245,-0.020537096,0.151509869,0.195023023,-0.131272576,0.01072523,-0.021352842,-0.081796007,-0.070726251,-0.050389621,-0.023240873,-0.078976939,0.490202075,0.182148411,0.330308507,0.331835028,0.208077597,0.15024166,-0.003422617,0.100071379,0.090975806,0.023686139,0.171860535,0.010419039,-0.014644895,-0.010768578,0.061266623,-0.027703927,0.036463709,11.44150328,-0.442107755,3.871366073,0.957398845,11.44150328,3.871366073,0.957398845,4.043629353,-3.871366073,-0.957398845,-4.043629353,2.000931205,0
288,0.258733699,0.103465365,0.058944674,0.180190394,-0.070043444,-0.137320918,-0.047526433,0.107683047,0.016704344,-0.198368031,0.025626835,-0.054797671,0.200898429,0.442382073,0.214411079,0.289867967,0.081124842,0.087257956,0.025075174,0.019748282,0.038765701,0.130902684,-0.048497126,-0.039570049,0.139127257,0.027246458,0.144294742,0.002257647,0.048009329,0.062088878,10.95556741,-0.248088017,3.803495975,0.897548592,10.95556741,3.803495975,0.897548592,4.237649091,-3.803495975,-0.897548592,-4.237649091,2.000931205,0
289,0.252138808,-0.098733795,0.015793433,0.103459517,-0.05139883,-0.075374859,-0.136394332,0.020305551,-0.055113618,-0.065638327,-0.021196582,-0.109367538,0.217098322,0.232308973,-0.094964468,0.38714316,-0.036225986,0.286567739,0.01444247,0.045783468,-0.017929737,0.081201731,-0.004569861,0.029913382,0.049697953,0.094884155,0.026200636,0.048711139,0.14898384,0.047205361,11.06473534,-0.421952157,3.700003361,0.910482077,11.06473534,3.700003361,0.910482077,4.063784951,-3.700003361,-0.910482077,-4.063784951,2.000931205,0
290,0.268436087,0.093066736,-0.052058947,-0.115418869,0.13309045,0.058274203,0.048725822,-0.076458282,-0.061817271,0.04660945,-0.074667617,0.008482755,0.409983835,0.126371358,0.333712153,-0.037499779,0.237210679,-0.024778982,0.183445403,0.117047778,0.238681971,0.211771602,0.212257576,0.035188226,-0.017803697,0.01669179,0.151694167,0.191620985,-0.010947977,0.057363142,11.6290094,-0.473214996,3.625181548,0.903467058,11.6290094,3.625181548,0.903467058,4.012522111,-3.625181548,-0.903467058,-4.012522111,2.000931205,0
291,0.117228962,0.104146346,0.176872184,-0.03838144,-0.093499304,-0.052833286,-0.03351396,0.116562487,-0.197356025,-0.042936647,0.017895562,-0.011174463,0.202409176,-0.049497747,0.151917235,0.084301194,0.266024931,0.04078204,0.298298187,-0.010116054,-0.046710238,0.066235024,0.071698704,0.203623959,0.194149127,0.080588414,0.129419317,0.084716732,0.115334572,0.059136522,11.103265,-0.408718089,3.895627452,0.955508776,11.103265,3.895627452,0.955508776,4.077019018,-3.895627452,-0.955508776,-4.077019018,2.000931205,0
292,0.030896321,-0.10175948,-0.015209755,0.087489278,0.079652764,0.101486627,0.015273597,-0.051895915,0.038553089,-0.133169844,-0.040891532,0.022007739,0.356754307,0.229723825,0.282672065,0.21650416,0.069218695,0.020719864,0.362854967,0.325152093,0.174309391,0.212211504,0.273513895,0.107498231,0.081319448,0.122971649,0.09423875,0.032600433,0.103616077,0.011421945,13.2907662,-0.63251348,3.688588518,0.957273409,13.2907662,3.688588518,0.957273409,3.853223628,-3.688588518,-0.957273409,-3.853223628,2.000931205,0
293,0.008390304,0.250832742,-0.092766213,0.148274271,-0.051639816,-0.002182934,-0.080753419,0.027398255,-0.039135008,0.002189636,-0.099340057,-0.036255735,0.296791123,0.35429484,0.254865187,0.227035567,0.221903717,0.042391902,0.0641613,0.082697275,0.187615636,0.061825176,0.019987262,0.075552383,0.064081648,0.058023839,-0.022507655,0.042983816,0.090133583,-0.017898063,11.62918587,-0.213097013,3.845133419,0.899943205,11.62918587,3.845133419,0.899943205,4.272640094,-3.845133419,-0.899943205,-4.272640094,2.000931205,0
294,0.227450031,0.05272043,-0.06218322,-0.118462092,-0.072847824,-0.185537511,-0.018779837,0.097427863,-0.107256525,-0.116255247,-0.110086252,-0.081868427,0.153705532,0.171736225,0.167874694,0.354218156,-0.036033601,0.214632559,0.320412583,0.279632266,0.104077782,0.229763489,0.07984789,0.176963779,-0.02170492,0.195860466,-0.0460376,0.094903535,0.047805307,0.002164245,13.28081703,-0.601094193,3.873698015,0.997182521,13.28081703,3.873698015,0.997182521,3.884642914,-3.873698015,-0.997182521,-3.884642914,2.000931205,0
295,0.070936428,0.136490843,0.019182995,0.176557069,-0.166298762,-0.141495267,-0.03794964,0.018776429,-0.019854382,0.031138663,0.013357691,-0.091159258,-0.016756255,0.323573752,0.348037196,-0.04673945,0.241844086,0.375423372,0.207070272,0.347470012,0.104131669,0.04572733,0.172690674,0.252591404,0.046964384,0.106993496,0.045701776,-0.02291709,0.114980689,0.070217876,13.09355997,-0.518552602,3.394862761,0.855736041,13.09355997,3.394862761,0.855736041,3.967184505,-3.394862761,-0.855736041,-3.967184505,2.000931205,0
296,0.397137131,0.016418507,-0.066485591,-0.079597736,-0.12602422,-0.029452682,0.008201834,0.08368984,-0.079213677,-0.1578428,-0.099331284,-0.140029238,0.154524057,0.157702947,0.361420471,0.071664777,0.348293385,0.034636762,0.075443831,0.323272252,0.249134856,0.193788793,0.163441244,0.139124899,0.169480769,0.107036786,-0.026199783,0.141786535,0.147719743,-0.002841953,12.75255895,-0.583485064,3.714742042,0.95194826,12.75255895,3.714742042,0.95194826,3.902252044,-3.714742042,-0.95194826,-3.902252044,2.000931205,0
297,0.329578752,-0.0958375,-0.074612296,0.152276757,-0.189547346,-0.120228707,0.105459087,0.052462135,-0.010625544,-0.051664245,-0.130934532,0.002845893,0.330715819,-0.031878593,0.041563321,0.354810743,0.243713625,0.15432404,0.235463109,0.039168422,0.036747702,0.179363818,0.259697496,0.115588418,0.08828018,0.04655587,0.133318583,-0.025717162,0.133270023,0.035084352,12.00642564,-0.671023619,3.255413626,0.85338352,12.00642564,3.255413626,0.85338352,3.814713488,-3.255413626,-0.85338352,-3.814713488,2.000931205,0
298,0.287297088,0.068874174,0.067497028,-0.088542781,-0.240916066,0.176604047,-0.050952939,-0.068458086,0.054260807,-0.083896879,-0.087542174,-0.022559432,0.487070112,0.497856585,0.281618676,0.380140643,0.26288474,-0.033382794,0.180171195,-0.002071828,0.016934804,0.128654431,0.036390035,0.107041607,0.120373323,0.066487467,0.036770333,0.106727264,-0.026823764,0.076593505,12.31884449,-0.467438511,3.924327297,0.976614157,12.31884449,3.924327297,0.976614157,4.018298596,-3.924327297,-0.976614157,-4.018298596,2.000931205,0
299,-0.019050701,-0.04698115,-0.075320824,0.28117548,0.227552114,0.15787679,0.059476039,0.066485659,-0.124491132,-0.03338957,-0.053641591,-0.102899416,0.370652037,-0.095987103,0.168459537,-0.075237788,0.246231239,0.17230854,0.394639385,-0.045321542,-0.003833667,0.22142642,-0.013934968,0.073081834,0.101900914,0.055455151,-0.046606159,0.055768475,0.018832824,0.025532222,10.69402354,-0.361668567,3.396303369,0.823532232,10.69402354,3.396303369,0.823532232,4.12406854,-3.396303369,-0.823532232,-4.12406854,2.000931205,0
300,0.092722065,0.097769746,0.042251376,0.263368128,0.223927446,0.005460914,0.133689021,0.097827205,0.034360216,-0.060527741,-0.086298293,-0.082982355,-0.081393945,0.288064082,0.108487126,-0.06062577,0.342862091,0.280891714,0.306761643,0.302804427,0.238918602,0.145442737,0.025677962,0.198574836,0.004304974,0.119252118,0.082560228,0.154429199,-0.016665897,0.010438019,11.74304062,-0.263066712,3.326167424,0.787692885,11.74304062,3.326167424,0.787692885,4.222670395,-3.326167424,-0.787692885,-4.222670395,2.000931205,0
301,0.159453203,0.085599314,0.074254127,0.276602039,0.029701882,0.138144833,-0.025179536,-0.104572837,-0.056683645,0.001420916,-0.023196481,0.008073556,0.264887482,0.213418398,0.029284976,0.027588661,-0.020496978,0.313295454,0.234787251,0.110186023,0.139099512,0.223600139,-0.031173,0.251035778,0.052906383,0.056470434,0.15532385,-0.027069357,0.134304856,0.058089847,11.37259705,-0.336263523,3.303020134,0.796009437,11.37259705,3.303020134,0.796009437,4.149473585,-3.303020134,-0.796009437,-4.149473585,2.000931205,0
302,-0.029816708,-0.029085388,-0.031073887,-0.223369273,-0.23169085,-0.006237027,-0.015371885,-0.107809855,-0.034595146,0.038480427,-0.138451133,0.025631238,0.088609773,0.218315167,0.049119573,0.321647031,-0.048155273,0.078085635,0.311439055,0.068925917,0.068490494,-0.01460353,-0.00852326,0.194419992,0.110751853,0.140861247,0.065494288,-0.020046593,-0.010051939,0.074065225,12.55789035,-0.6426615,4.235979828,1.102236922,12.55789035,4.235979828,1.102236922,3.843075608,-4.235979828,-1.102236922,-3.843075608,2.000931205,0
303,0.257298237,0.049934402,0.025787025,-0.190694586,-0.223453799,-0.187050906,0.000504229,0.084686078,-0.193613513,0.025185633,-0.067783794,-0.050820038,0.386906793,-0.03761791,-0.043588952,0.352741782,-0.032916547,0.105807556,0.158562303,0.245513967,0.060425963,0.049920667,0.133251396,0.126141223,0.027211862,0.065314033,0.109166861,0.017826192,-0.013354709,0.011865129,12.08408214,-0.565602107,3.726323701,0.950560045,12.08408214,3.726323701,0.950560045,3.920135001,-3.726323701,-0.950560045,-3.920135001,2.000931205,0
304,-0.130651232,0.111728896,0.181162282,0.092440978,-0.163529304,0.157500169,-0.00176164,0.034677109,0.034147098,-0.199304598,0.021001059,-0.00230201,0.017979401,0.444728804,0.001854514,0.321469061,-0.027968158,0.295664527,0.211146387,0.230689539,-0.031772932,0.225103438,0.252965756,0.097139863,0.092823206,-0.010744486,-0.00786786,0.132256762,0.093547583,0.038444856,12.21617563,-0.847895166,3.979737279,1.093983011,12.21617563,3.979737279,1.093983011,3.637841941,-3.979737279,-1.093983011,-3.637841941,2.000931205,0
305,0.140733692,-0.031289386,0.120034667,-0.229970335,-0.00550964,-0.014244769,-0.08895323,-0.073784866,-0.188965612,-0.18968104,-0.018401355,-0.144460598,0.188363193,-0.015063058,0.241782891,0.049576371,0.152385742,0.09559827,0.030037727,0.343443712,0.278067672,0.116389513,0.165706775,0.186897381,0.122947045,-0.005581055,0.152778464,0.176371875,0.073914329,0.095749721,12.48132993,-0.889600317,4.215232975,1.172155905,12.48132993,4.215232975,1.172155905,3.596136791,-4.215232975,-1.172155905,-3.596136791,2.000931205,0
306,-0.143907917,0.210853724,0.195610579,0.11572197,-0.069405282,-0.122925402,-0.08221252,-0.040429733,0.068522859,-0.19126523,-0.125063095,-0.141754201,0.18788538,0.489098926,0.093283645,0.177385263,-0.009920195,0.186613948,-0.053087878,0.060003453,0.105332651,0.039521791,0.236057867,0.089077217,0.106734818,0.12246379,0.049702957,0.160264659,0.120156738,0.020667841,11.64121035,-0.797069812,4.059485834,1.100529137,11.64121035,4.059485834,1.100529137,3.688667296,-4.059485834,-1.100529137,-3.688667296,2.000931205,0
307,0.264066238,0.040113645,0.021441025,0.165117058,0.240102415,0.115209979,0.074710621,-0.039487084,-0.142324896,-0.069061194,-0.062057364,-0.04955087,0.122913042,-0.005822264,-0.023562336,0.188341086,0.045124552,0.335077616,-0.059305192,0.143934337,-0.003911651,0.236013007,0.054247426,0.240019702,0.144430836,0.099771193,0.19506656,0.067602788,0.09124502,0.011925136,10.19537072,-0.403034563,3.263648854,0.799384432,10.19537072,3.263648854,0.799384432,4.082702544,-3.263648854,-0.799384432,-4.082702544,2.000931205,0
308,0.120224477,-0.006977583,-0.078232766,-0.246103627,0.18733784,0.022248633,-0.119941073,0.067394387,0.006889959,-0.191278783,-0.100468927,0.002689324,-0.048377655,0.225823503,0.327566725,0.248765713,0.209636757,0.011939401,-0.024345403,0.103306661,0.080316972,0.19280189,0.10530133,0.117731919,0.163009189,0.13169859,0.023358119,0.018961582,0.053391806,0.052545626,11.42642878,-0.729591669,4.618382042,1.229553572,11.42642878,4.618382042,1.229553572,3.756145438,-4.618382042,-1.229553572,-3.756145438,2.000931205,0
309,0.012783751,-0.039120758,0.044867758,-0.071176317,0.006782995,0.192024865,-0.018973302,-0.104504321,-0.001629716,-0.174051215,0.020436993,-0.11964559,0.402984378,0.266828502,0.414967484,0.276348436,0.010503852,0.3639907,0.214181829,-0.057988471,0.097209855,0.247878302,0.123049768,-0.001989049,0.043583237,0.140592114,-0.008474745,0.032116209,-0.002546182,0.044695595,12.70100281,-1.041802993,3.861627336,1.121283744,12.70100281,3.861627336,1.121283744,3.443934114,-3.861627336,-1.121283744,-3.443934114,2.000931205,0
310,0.013642464,-0.076958641,0.023909814,0.226226107,0.071080541,-0.025585961,-0.038652822,0.095535266,0.004685096,-0.04783524,-0.128033381,-0.059753505,0.196256628,0.221945648,0.252159619,0.087238813,0.136785696,0.144342306,0.361245103,0.037727501,0.203639928,0.22229412,0.264805018,0.268811936,0.0383937,0.139441164,0.082750008,0.15228843,0.128375206,0.077971547,12.7392458,-0.638044583,3.441480203,0.894427032,12.7392458,3.441480203,0.894427032,3.847692524,-3.441480203,-0.894427032,-3.847692524,2.000931205,0
311,0.116754407,-0.067096946,0.107914504,-0.170759297,0.231058095,-0.144301913,0.021179843,0.046536965,-0.105152155,-0.102061891,-0.097841119,-0.034934329,0.490014028,0.087600061,0.13528617,0.395499071,0.176635225,-0.035445152,0.118398506,0.198106493,0.029831289,0.152313649,0.080250605,0.140124972,0.016931521,0.081093519,0.020921156,-0.010548633,0.093825549,0.060880363,11.83330433,-0.544305257,4.088720609,1.037369353,11.83330433,4.088720609,1.037369353,3.941431851,-4.088720609,-1.037369353,-3.941431851,2.000931205,0
312,-0.099250328,0.081981204,-0.036632172,0.253472381,-0.151971157,0.162871392,0.058512523,-0.038694456,-0.183840432,-0.076829429,0.002031254,0.022243308,0.471870077,0.172537734,0.045195503,0.101861611,0.295333049,0.018929322,0.057355485,0.374681706,0.143978692,0.159442559,0.052175807,0.194543339,0.08441856,0.173859476,0.057642058,0.027592512,0.006763347,-0.015378759,12.17194397,-0.501619583,3.595254758,0.902396763,12.17194397,3.595254758,0.902396763,3.984117525,-3.595254758,-0.902396763,-3.984117525,2.000931205,0
313,0.392038931,0.10062615,-0.002871598,-0.022662905,0.174886259,-0.087400799,0.149326032,0.069684367,-0.073462169,-0.102415183,-0.008032899,-0.035054325,0.181981993,0.336419592,0.393718492,0.227871978,0.058295555,0.14863756,0.347674155,-0.042011904,0.172848833,0.146813656,0.16907828,0.094629146,0.186720485,0.006903315,0.1890003,-0.017981222,-0.017633534,0.026164065,12.02005946,-0.400548214,3.359468939,0.822353391,12.02005946,3.359468939,0.822353391,4.085188893,-3.359468939,-0.822353391,-4.085188893,2.000931205,0
314,-0.055455444,-0.10025319,0.07973063,-0.081770182,-0.137669857,-0.171949035,0.041989515,0.03384566,0.05784982,-0.174037872,-0.068373741,-0.13761534,0.176889249,-0.089909475,0.379616404,0.1431934,0.093962534,0.379960777,0.017325882,0.369770172,-0.039059852,0.116587165,0.088151873,0.010841931,-0.021467315,0.12098085,-0.037464737,0.108959993,-0.014747813,0.001415282,12.48564935,-0.880620372,3.925104823,1.088759425,12.48564935,3.925104823,1.088759425,3.605116736,-3.925104823,-1.088759425,-3.605116736,2.000931205,0
315,-0.141439463,0.056889598,0.064543352,-0.137463277,0.080760691,-0.138270604,-0.096366485,-0.040152367,-0.013238277,-0.062198321,-0.134980766,-0.078726922,0.314322238,-0.051210284,-0.006037775,0.232693638,-0.030521876,-0.036607473,0.088620672,0.184479014,0.264392936,0.187491451,0.150129334,0.163031488,0.161384414,0.173772941,0.045135126,0.189956577,0.128570877,0.031711477,12.11592094,-0.983592754,4.291766708,1.225468249,12.11592094,4.291766708,1.225468249,3.502144354,-4.291766708,-1.225468249,-3.502144354,2.000931205,0
316,-0.125021598,-0.043641184,0.151990899,-0.000664709,-0.00994074,-0.008363058,-0.032879814,-0.108910186,-0.115910366,-0.076243458,-0.143820332,-0.114365675,-0.084591541,-0.099779151,0.242075434,0.095829732,0.153875651,0.076385203,0.211022572,-0.034575919,0.068025752,0.002690078,0.092493038,0.17703569,0.161297296,0.115462748,0.180393404,0.113254602,0.08767106,-0.012532741,11.08215965,-0.537446757,4.17572716,1.057603872,11.08215965,4.17572716,1.057603872,3.94829035,-4.17572716,-1.057603872,-3.94829035,2.000931205,0
317,0.20444042,0.025636711,0.036946032,-0.165556758,0.139966512,-0.067347444,0.074396584,0.007186462,-0.149562536,0.036620116,-0.048385778,-0.133406584,0.419797183,0.429788028,0.193437752,-0.022446627,-0.013209851,0.255661011,0.268013446,-0.051018654,0.119860847,0.208082121,0.1862223,0.088311112,0.179920616,0.057594958,-0.028223099,0.056122111,0.053716138,0.005415756,12.43026566,-0.747473241,3.592111689,0.960903729,12.43026566,3.592111689,0.960903729,3.738263867,-3.592111689,-0.960903729,-3.738263867,2.000931205,0
318,0.288544905,0.286275742,0.035819291,0.197168542,-0.186348165,-0.03377146,-0.031094887,-0.060691999,-0.162056921,-0.007649071,-0.037747598,0.00093545,-0.082937687,0.272968067,0.109753679,0.146274953,0.216377855,0.337707305,0.042979933,0.355912972,-0.032303695,0.02490126,-0.039937613,0.091453409,0.177556819,0.114629851,0.076823133,-0.018432234,0.101522141,-0.015493673,11.29510587,-0.117053842,3.441489039,0.787763459,11.29510587,3.441489039,0.787763459,4.368683266,-3.441489039,-0.787763459,-4.368683266,2.000931205,0
319,0.343987892,-0.011534032,-0.006022893,-0.192167349,0.036002947,-0.066641862,0.010994438,-0.029856852,-0.124898901,-0.177926235,-0.095988338,-0.106975179,0.297803752,0.405944812,0.158542866,0.07610013,0.269818806,0.010676937,0.083753147,0.069125825,-0.000581276,0.030242017,0.003580512,0.168416112,0.067791267,0.064806579,0.151018383,0.014724758,0.130420234,0.005379138,11.55542165,-0.362238123,4.010368824,0.972564523,11.55542165,4.010368824,0.972564523,4.123498985,-4.010368824,-0.972564523,-4.123498985,2.000931205,0
320,0.332025274,0.085662898,-0.062224061,-0.148593826,-0.199153006,-0.037432754,-0.085899712,-0.040331258,0.015081506,-0.175958743,-0.062710041,-0.082256462,0.247989206,0.482232572,-0.047780968,0.238239057,0.126608081,0.251163606,-0.0006956,-0.033126557,0.185596536,0.186125498,0.278586094,0.059624972,-0.013503267,0.062094345,0.17850693,0.14787928,0.014762795,0.025945941,12.15165383,-1.065409793,3.681282535,1.076295394,12.15165383,3.681282535,1.076295394,3.420327314,-3.681282535,-1.076295394,-3.420327314,2.000931205,0
321,0.363994412,0.268408955,-0.047677845,-0.214530944,0.161212296,-0.096684994,0.117658974,0.013001436,-0.094722942,-0.125151071,-0.059902859,-0.106892423,-0.062638306,0.143964157,0.243690112,-0.025068231,0.066613745,0.175996232,-0.02981108,0.059373627,0.278708211,0.199583023,0.262981947,0.235086516,0.090822656,0.067196374,0.074429148,0.068618675,0.148633962,0.074463504,10.99270339,-0.518963766,3.866857004,0.974811685,10.99270339,3.866857004,0.974811685,3.966773342,-3.866857004,-0.974811685,-3.966773342,2.000931205,0
322,0.119328395,0.220919739,-0.088879138,-0.200755292,-0.146388335,-0.081928383,-0.069547927,0.052937195,-0.063959682,-0.116734876,-0.075482264,0.018766772,0.055422143,-0.073010781,-0.055101169,0.374439983,0.171494547,-0.034828225,0.375944461,0.081426381,0.286589013,0.231534693,0.041985566,0.13747349,0.103091258,0.034132103,0.144829996,0.09360576,0.038953937,0.089977452,12.13147077,-0.696445818,4.258037446,1.123702857,12.13147077,4.258037446,1.123702857,3.789291289,-4.258037446,-1.123702857,-3.789291289,2.000931205,0
323,0.332206272,0.233854246,-0.098033448,0.226594539,-0.187885538,-0.030843259,-0.083857344,-0.112110724,0.002364909,0.008797306,-0.070216531,-0.000257514,0.462167801,0.129000593,0.257294415,-0.002496069,0.273557511,0.104905223,0.12910227,0.395030024,0.043028807,0.118961781,0.220489644,0.134687608,0.123746294,0.018821107,0.149264954,0.07055703,0.112898918,-0.019179713,12.26253286,-0.570837153,3.219033711,0.822251845,12.26253286,3.219033711,0.822251845,3.914899954,-3.219033711,-0.822251845,-3.914899954,2.000931205,0
324,0.001150627,0.019215334,-0.058111154,0.136205262,0.137474761,-0.125764699,-0.000584015,0.003975153,-0.063106515,-0.05029775,-0.082055527,-0.034625188,0.376469121,-0.030961682,0.196174703,0.013535499,0.030719291,0.390045705,0.3152893,0.126240511,0.170898028,0.204216857,0.130987735,0.057825732,-0.01519146,0.072381605,0.151600791,0.134889211,0.034303333,-0.006902962,12.42844752,-0.877297268,3.369828388,0.933874067,12.42844752,3.369828388,0.933874067,3.60843984,-3.369828388,-0.933874067,-3.60843984,2.000931205,0
325,0.108634538,0.273245215,0.124478575,0.009341167,0.211304541,-0.026758031,-0.048146869,0.094219209,0.054215544,0.025376694,-0.077378358,-0.030654737,-0.024487631,0.288701339,0.276058367,0.268670362,-0.033755311,-0.002307305,0.109196611,0.23615053,0.176564061,0.007150145,0.074753095,0.019400632,0.010792223,0.08280261,0.196376252,-0.001875557,0.005818141,0.021395337,10.57890322,-0.462758352,3.908512056,0.97154678,10.57890322,3.908512056,0.97154678,4.022978756,-3.908512056,-0.97154678,-4.022978756,2.000931205,0
326,0.005968512,0.155069479,0.061285972,0.047223948,-0.087604646,0.140103025,0.069981759,0.099393102,-0.040456683,-0.12596384,-0.082988326,-0.084309571,0.376099325,0.211414146,-0.051570319,0.144421394,0.00293378,-0.076787612,0.172178667,0.319679723,-0.028305495,0.052349815,0.043759722,0.272481134,0.044811241,0.185193092,0.127860126,-0.038060878,0.023037372,-0.007844144,11.2329894,-0.384521089,3.897814224,0.950404516,11.2329894,3.897814224,0.950404516,4.101216018,-3.897814224,-0.950404516,-4.101216018,2.000931205,0
327,0.197268674,0.276196977,0.133490623,0.111879221,0.177753485,0.133141557,-0.113010851,0.000640052,0.063573689,-0.191389661,-0.142407565,-0.072364227,0.283088794,0.47281209,-0.048066803,0.288968776,0.278763171,0.152231141,0.024586603,0.179610177,0.071281026,0.092033673,0.268932075,0.195211572,0.115732185,0.026800352,0.027155749,0.140578838,0.029937676,0.089907176,11.1249831,-0.706021663,3.784837178,1.001355058,11.1249831,3.784837178,1.001355058,3.779715444,-3.784837178,-1.001355058,-3.779715444,2.000931205,0
328,-0.093425648,0.053301661,0.18190902,-0.061741293,-0.128690466,-0.042691419,0.078662349,0.063381564,-0.095249575,-0.030178244,-0.099386706,-0.004624834,0.361466267,0.342794484,-0.030160523,-0.044531641,0.118881489,0.053127897,0.355873737,0.264012337,0.128391892,0.136030026,0.120672758,0.052401946,0.11862924,0.191162063,0.036522307,0.043584057,0.055857195,0.032321175,12.7562474,-0.701865668,3.928642255,1.038259972,12.7562474,3.928642255,1.038259972,3.783871439,-3.928642255,-1.038259972,-3.783871439,2.000931205,0
329,0.115277379,-0.016314175,0.197878294,0.240535424,0.191333261,-0.064647235,0.142921997,0.094827153,0.013640644,-0.181403136,-0.024108013,-0.067254986,0.010313262,0.39938648,0.331277959,0.098769843,-0.010923286,0.382499689,0.255055679,0.315297842,0.106380229,0.242648777,-0.02629789,0.272042817,0.093923471,0.184535099,0.193579397,0.026992365,0.140225088,0.031043991,12.66171944,-0.475962302,3.386525965,0.84456762,12.66171944,3.386525965,0.84456762,4.009774806,-3.386525965,-0.84456762,-4.009774806,2.000931205,0
330,0.294466166,0.184006719,0.126639552,-0.120345833,-0.172759041,0.12454005,0.031188258,-0.047805735,-0.187665359,0.013208088,-0.06574684,-0.031138204,0.406277197,-0.051082617,0.328561757,0.211344326,0.008059183,0.200553194,-0.068539987,0.09991081,0.207879109,0.146023992,0.035054716,0.015361355,0.188652247,0.106545707,0.002683241,0.114694824,0.102338649,-0.015767502,11.28732184,-0.755086657,3.544658125,0.9501448,11.28732184,3.544658125,0.9501448,3.730650451,-3.544658125,-0.9501448,-3.730650451,2.000931205,0
331,0.367996747,0.286058418,-0.062272568,0.238735063,-0.03207096,0.187413901,-0.018764652,-0.070547316,-0.040371038,-0.189684041,-0.07649703,-0.129028287,0.466039291,-0.062011783,0.103605286,0.254010908,-0.034457941,-0.049697609,0.214822705,0.321809948,0.020956693,0.173189517,0.051431255,0.284816287,-0.013629421,0.185800208,0.083734178,0.152007571,-0.008335968,0.017400918,10.94321827,-0.360156814,3.435374147,0.832700833,10.94321827,3.435374147,0.832700833,4.125580294,-3.435374147,-0.832700833,-4.125580294,2.000931205,0
332,-0.143721837,-0.026136204,0.151143878,0.102164226,-0.168348291,0.179826881,-0.012397258,0.075435944,0.056739651,-0.078523997,0.00329546,0.01845449,0.447288902,0.091412871,0.046348071,0.131664723,0.077314136,0.04978493,0.154645886,0.213051879,0.11352149,0.20619642,0.09346712,0.184236819,0.088063701,0.173071391,-0.000165509,0.119958691,0.119031445,0.058687999,12.00900166,-0.706758054,3.887322275,1.028669972,12.00900166,3.887322275,1.028669972,3.778979053,-3.887322275,-1.028669972,-3.778979053,2.000931205,0
333,0.212492094,0.263097382,0.154244684,0.193950439,-0.165033585,0.106726519,0.142653079,-0.04540471,0.049334917,-0.01157704,-0.134713929,-0.126046487,0.315349901,-0.015785805,0.132857928,0.289966218,0.34218393,0.083585304,0.32834158,-0.0301056,0.288685897,0.186423843,0.229895326,0.239159154,0.037401704,0.016602047,0.16028926,0.029705785,-0.016458863,0.033910262,11.5131763,-0.711893956,3.172254791,0.840589994,11.5131763,3.172254791,0.840589994,3.773843152,-3.172254791,-0.840589994,-3.773843152,2.000931205,0
334,-0.024909197,0.219441153,-0.003335486,0.199493875,0.194963655,0.03345234,0.077649684,0.07915182,-0.053585061,0.015834682,0.02413896,-0.028945178,0.443860166,0.163409978,0.086976893,0.184128231,0.220888847,-0.04058272,0.329866951,0.003083294,0.295152188,-0.006719883,0.221310928,0.297861472,0.08633217,0.138434963,0.106851489,0.105724821,0.061759514,0.011738887,11.64247345,-0.668830793,3.379565826,0.885420167,11.64247345,3.379565826,0.885420167,3.816906314,-3.379565826,-0.885420167,-3.816906314,2.000931205,0
335,0.016640345,0.208539384,0.042322178,-0.095953481,-0.027158436,-0.102646492,-0.066290731,0.076742574,-0.070094423,-0.164703837,-0.002626076,-0.019014303,0.137665107,0.251529325,0.104664416,0.119118126,0.159508368,0.068074862,0.316527949,-0.05104555,-0.04708343,-0.01704851,0.189597945,0.205584198,0.060043422,0.041829428,0.015399449,0.141344646,0.143263644,-0.002654029,11.41825295,-0.778383397,4.212207306,1.136176269,11.41825295,4.212207306,1.136176269,3.707353711,-4.212207306,-1.136176269,-3.707353711,2.000931205,0
336,0.049895489,0.198573588,0.023738261,-0.216530517,-0.095684414,0.196219038,0.002877437,-0.118435176,-0.079662234,-0.182650089,-0.051764014,-0.1427504,0.066574498,-0.052504911,0.298300582,-0.007658511,0.143354795,0.182464773,0.127627905,0.095110951,0.063378769,0.168569587,0.083265753,0.054224119,0.064034309,0.093492767,0.084374117,0.083236543,0.101901302,0.016789878,11.15335575,-0.666316774,4.379218384,1.146566233,11.15335575,4.379218384,1.146566233,3.819420334,-4.379218384,-1.146566233,-3.819420334,2.000931205,0
337,0.235308094,0.004985203,0.170241844,0.285029899,-0.243724858,-0.101196593,-0.087747714,-0.005710568,0.048697827,-0.113639066,0.016668072,-0.020306311,0.1251272,0.240688167,0.36069992,0.230229154,0.187722122,0.333024926,0.020072656,0.097210641,0.239845828,0.088270779,0.289678971,-0.00277503,0.147601682,0.141085958,0.118606637,0.15445421,0.043573844,0.076084684,12.39175949,-1.017159301,3.244146627,0.935295907,12.39175949,3.244146627,0.935295907,3.468577807,-3.244146627,-0.935295907,-3.468577807,2.000931205,0
338,0.200191888,-0.009427439,-0.041839473,-0.222490634,0.002800197,-0.091925992,-0.077802233,-0.115292329,0.030300023,-0.022635279,-0.085153276,-0.007761157,-0.080194531,-0.040113569,0.189909061,0.055626304,0.265217495,0.056178793,0.258850836,0.101095583,0.170109732,0.192337506,0.033539616,-0.005015012,0.097034985,0.037181765,0.104581764,0.163509619,0.013500566,-0.003970773,11.53612535,-0.361713297,4.208916821,1.020584995,11.53612535,4.208916821,1.020584995,4.12402381,-4.208916821,-1.020584995,-4.12402381,2.000931205,0
339,0.398538266,0.097891188,0.159455675,0.124723751,0.184752021,-0.005126345,-0.040367049,-0.034725554,0.031817415,-0.174441007,-0.088607844,-0.112666615,0.40404061,0.234602367,0.187050458,0.362822412,0.140252374,0.019915555,0.267108475,-0.001163576,0.268264848,0.133113333,0.10885763,0.283743765,-0.017146538,0.093555987,0.166912923,0.062965696,0.126634933,0.043292881,11.62769396,-0.529359059,3.443569989,0.870384464,11.62769396,3.443569989,0.870384464,3.956378049,-3.443569989,-0.870384464,-3.956378049,2.000931205,0
340,0.086306609,-0.020457523,0.163056613,0.154860629,0.057493967,-0.166281275,0.027375401,-0.013540996,-0.008594773,-0.041837748,0.027284918,-0.092697246,0.367213818,0.450111102,0.238649648,0.318271192,0.292968403,0.067398361,0.11024953,-0.007549773,0.115863601,0.045308109,0.004082627,0.294625701,0.0180927,0.169188025,0.182389098,-0.018033683,0.134741373,0.004236466,12.15005004,-0.315782375,3.549240128,0.851145961,12.15005004,3.549240128,0.851145961,4.169954733,-3.549240128,-0.851145961,-4.169954733,2.000931205,0
341,0.03345595,0.013996366,0.148595751,0.274182284,-0.020281186,-0.066396209,0.101156782,0.04665195,-0.081611998,-0.162767293,0.023412831,-0.136348465,0.38461178,0.351119723,0.438893254,0.062316472,0.030114915,0.014427702,0.310699292,0.248979664,0.292741663,0.132456105,-0.045165662,0.259092995,-0.023232164,0.124323682,0.107899025,0.148273355,0.001138481,0.096351063,12.96930329,-0.565530318,3.427949992,0.87443091,12.96930329,3.427949992,0.87443091,3.920206789,-3.427949992,-0.87443091,-3.920206789,2.000931205,0
