Id,ratio[0],ratio[1],ratio[2],ratio[3],ratio[4],ratio[5],ratio[6],ratio[7],ratio[8],ratio[9],ratio[10],ratio[11],ratio[12],ratio[13],ratio[14],ratio[15],ratio[16],ratio[17],ratio[18],ratio[19],ratio[20],ratio[21],ratio[22],ratio[23],ratio[24],ratio[25],ratio[26],ratio[27],ratio[28],ratio[29],ratio[30],ratio[31],ratio[32],ratio[33],ratio[34],ratio[35],ratio[36],ratio[37],cd,cl,cm,cy,Cx,Cy,Cz,Cmx,Cmy,Cmz,Volume
0,-0.085833333,0.0354,0.030385763,0.111439883,-0.036323797,-0.068120063,-0.024967259,0.087931356,0.046700709,-0.082288428,0.005776163,-0.113614336,0.351241552,0.309191233,0.267817771,-0.005520449,0.038147445,0.146643623,0.286024371,0.334931008,-0.02921419,0.053542389,0.221860281,0.004605539,0.183992278,-0.017192186,0.063858994,0.149386163,0.046282681,-0.011239769,-0.021801922,0.029053436,-0.188754723,-0.15353837,-0.108622521,-0.001972162,-0.108761224,-0.028339112,0.98694296,3.635568473,-20.69064803,3.695558071,0.724189626,3.65821216,-5.28E-05,0.001738211,0.000729181,20.4534446,13.052404
1,0.268611111,0.0606,-0.015540843,-0.000161318,0.055956948,0.128556639,-0.105849837,0.098854377,-0.079299336,-0.141454381,-0.10636229,-0.09622721,0.182550698,0.387586793,0.170424494,0.111343044,0.005366799,0.101783611,-0.043206005,-0.052479323,0.009532085,0.202290878,0.217118814,0.130767206,0.049090863,0.072085691,0.064479101,0.120424647,0.144241877,0.026867024,-0.050781594,0.088786919,-0.166843212,-0.185661243,-0.141522334,0.000611461,-0.058782368,-0.079631841,0.959850392,3.846420629,-21.92354686,3.90400672,0.68333277,3.85720105,-5.36E-05,0.001362522,0.000486684,21.6366431,10.926001
2,0.192222222,0.0774,0.144884229,0.207000432,0.155429244,-0.052022574,0.081784022,-0.107060799,-0.139685813,0.00655105,-0.063972676,-0.015330236,0.450041007,0.060673048,0.032472199,0.36320884,0.144818593,0.134006398,0.308356103,0.329415331,0.275008921,0.18064304,0.259323093,0.092690061,0.012086098,0.006235813,0.020304928,-0.030223593,0.12912529,0.066018106,-0.087803839,0.050460737,-0.09743453,-0.016181036,-0.064115747,0.012208162,-0.1013653,-0.04174956,0.814320275,3.168940955,-17.6470635,3.218025684,0.586684007,3.19623021,8.22E-06,0.002954104,0.00021859,17.5727095,12.568018
3,0.018055556,0.1614,0.004013145,0.296399265,-0.24394794,0.114058298,-0.038201954,0.021751155,-0.070413041,-0.008380448,-0.0414854,-0.002258515,-0.041849107,-0.050323037,0.221339935,0.313098692,0.296322662,-0.078720779,0.354238007,-0.012966742,0.245050808,0.073066226,0.279974253,0.265965325,0.026176452,0.091132389,0.130130521,0.027786453,0.028513669,-0.018100557,-0.060057249,-0.095687686,0.010960841,-0.096828612,-0.054228985,-0.137861923,0.000388022,-0.023870401,0.861576692,3.497475892,-19.62567206,3.549056768,0.610091941,3.53476201,-3.48E-05,0.00142778,0.000266692,19.593555,11.597224
4,-0.043055556,0.258,0.077390083,0.19432097,-0.110883399,-0.152985754,-0.086957925,-0.108341655,-0.004368654,-0.091815953,-0.040109762,-0.08981836,0.393818451,0.426781419,0.359462305,0.087120185,0.214859819,0.377926683,-0.031270561,0.215544322,0.231369298,0.167543061,0.123774722,0.138526711,0.152758905,0.13496262,0.174166368,-0.000493579,0.085864429,0.057683025,-0.091228562,0.036305004,-0.088219295,-0.195009459,-0.031556672,-0.002255005,-0.053531693,-0.067211872,0.995148456,3.440761868,-19.37279539,3.501798391,0.747343513,3.47937051,-1.51E-05,0.000973469,-0.000109007,19.2723561,13.605899
5,-0.116388889,-0.0528,0.181322675,-0.03341868,-0.112319004,0.087535221,-0.072072438,-0.084408607,-0.019342939,-0.130970139,-0.136486334,-0.041705221,0.075059267,0.160259286,0.19914069,0.109683127,0.189941015,0.227954137,-0.004629164,0.013180013,0.240039173,0.194037838,0.275707154,0.108617613,0.056422474,0.070686889,-0.017663887,-0.031513903,0.030071132,-0.007898369,0.046872525,0.026687501,0.037370266,0.01415584,-0.193358325,-0.085593104,-0.046523487,-0.039504497,1.146115998,4.15553788,-24.29971151,4.225364208,0.845667917,4.1965003,-8.00E-05,0.001782198,0.000578801,24.1782835,11.726328
6,0.183055556,0.216,-0.068003912,0.214187348,0.174624242,0.11319752,-0.037117102,-0.016404484,-0.04311702,-0.058609835,0.027921754,-0.137595486,0.327024192,0.021455872,0.134185874,0.312310837,-0.013526234,0.093103744,0.051774747,0.246033303,0.299031907,0.027285129,0.242693686,-0.020085971,0.014545283,0.177563251,0.007865754,0.181997115,0.138189793,0.04003356,0.020521956,-0.07547624,-0.092137002,-0.163549346,-0.029624691,0.005145221,-0.100206785,-0.069695215,0.869995868,3.273838022,-18.62068545,3.326550961,0.631475142,3.31023148,9.99E-06,0.002624712,3.24E-06,18.5128283,11.255688
7,-0.049166667,0.2328,0.031338896,0.280566181,-0.16014465,-0.143049097,0.103612757,0.103594502,-0.066062038,-0.089621191,-0.022246223,0.015929541,0.32515427,0.402398735,0.360407832,0.220261803,0.287083365,0.082140283,0.107736622,-0.021511507,0.103827562,0.008937749,0.26258839,0.290407875,0.079220512,0.075994482,0.156480212,0.160706331,0.002329401,0.025331622,-0.099885173,-0.035998559,0.002638264,-0.127761025,-0.013219578,-0.066475922,-0.082930841,-0.018593273,0.845411241,3.346766949,-18.34142688,3.397587299,0.6053476,3.37704667,-2.54E-06,0.000712114,-2.16E-05,18.2558826,12.490655
8,0.360277778,-0.0486,-0.056718124,0.147517781,-0.18779778,0.142664906,0.113436908,-0.043572576,0.059406618,-0.078812665,-0.024029228,0.01301332,0.030487785,0.061196742,0.421133063,0.395594758,0.11646699,0.063705235,-0.025557282,0.053813672,0.02475089,-0.00977696,-0.007779616,0.102046501,0.062849555,0.134800578,0.110353369,0.069552744,0.131969203,0.024889241,0.029119889,0.005059092,-0.123551925,-0.122052624,-0.019959481,-0.133122315,0.006175692,-0.061264545,0.792814896,3.510405432,-19.32576382,3.557158232,0.541891763,3.53400162,5.96E-05,0.00194268,-6.90E-05,19.2376094,10.816861
9,-0.1225,-0.0024,0.04324169,0.275091017,-0.117481763,0.082871098,-0.10280684,-0.114491779,-0.114553253,0.016226165,-0.090068582,-0.040551833,0.171614311,0.109970296,0.125355585,0.085140865,-0.034542998,-0.058630099,0.142374288,-0.049477802,0.258423438,0.075613659,0.182389554,0.114219036,0.103824643,0.063107073,0.138116466,0.110636826,0.147760443,0.088495213,-0.042556067,0.064384483,-0.158031649,-0.092464363,-0.03122941,-0.01069247,0.012728791,-0.019421252,0.907164486,3.768598591,-21.05354138,3.82269907,0.637738392,3.79991696,-1.76E-05,0.001976406,-9.92E-06,20.9656116,11.319829
10,0.115833333,0.0984,0.110653581,-0.208460892,-0.094227569,-0.149824085,0.141197372,-0.066896443,-0.115006756,-0.071325861,-0.118975723,-0.025009279,0.191235766,-0.002797278,0.110511556,0.356775096,0.033724749,0.338231901,0.174557389,0.225282358,0.193487889,0.235860312,0.228731727,0.128746049,-0.01378978,0.036216025,0.134189335,-0.024154711,0.061211469,-0.002081674,-0.008006625,-0.086054945,-0.051544432,-0.1743929,-0.161054712,-0.089346717,-0.047245619,-0.07742383,1.043986437,3.627242935,-20.39878336,3.691231966,0.782508936,3.68026059,6.22E-05,0.002554961,-0.000800655,20.3906542,13.083839
11,-0.021666667,0.0018,0.068030749,-0.049128736,0.015937615,-0.112396137,-0.038470618,-0.065979684,-0.014501141,-0.005306873,-0.000561402,-0.104337348,0.235832254,-0.071629897,0.173645909,0.09506189,0.24387384,0.345361072,0.29304574,0.172715494,0.192338603,0.176510808,0.257132893,0.020434248,0.013451173,0.160810239,0.149381091,0.036978072,0.052406783,0.098263743,0.07792696,-0.078771349,-0.036211587,-0.188039596,-0.073492808,-0.144101826,0.013952353,-0.033099606,1.057345745,3.578029889,-20.14176209,3.643070698,0.798303659,3.62760964,-7.98E-05,0.003368871,0.000621608,20.084787,12.981675
12,-0.088888889,0.2286,0.037292817,0.073691825,0.092085534,-0.118063611,0.108177701,0.055173516,-0.169461525,-0.004890108,-0.136533529,-0.125658922,0.160810868,0.218239497,0.186586075,0.164586089,0.03921669,0.242171262,0.176564525,0.175014567,0.259211171,0.053729172,0.234064022,0.177207311,0.148500223,0.18539024,0.148718436,0.196502791,0.058787372,0.056203298,0.073026115,0.064193636,0.03972169,0.012974875,-0.150528033,0.00369908,-0.093129185,-0.081177886,1.020862053,3.619385481,-20.94366538,3.681780577,0.757990118,3.64932355,-1.82E-05,0.001400687,0.000137917,20.7598501,12.538575
13,0.231944444,0.174,-0.023479812,0.188187605,-0.244653406,-0.103007409,-0.014594589,0.064663136,-0.033274935,0.000423661,-0.017780749,-0.100751884,0.084288565,-0.032409918,0.116884905,-0.062412202,0.083360339,0.302627885,-0.011228914,-0.021148915,-0.01029449,-0.000905822,-0.029705722,-0.021468088,0.113399856,0.183471878,0.126374165,0.053658729,0.137785402,0.042115506,-0.005882386,0.023331985,0.041297801,-0.046874734,0.003344776,-0.077783674,-0.085905645,-0.075031316,0.816310198,3.415336122,-18.08096846,3.463959455,0.572028533,3.46471113,7.11E-06,0.001666675,-8.15E-05,18.1556301,9.988969
14,-0.052222222,-0.0318,-0.028491918,-0.041957219,0.00246059,0.094414538,-0.1349468,0.039218317,-0.038244838,-0.192353694,-0.114015517,-0.134718385,0.477116929,0.353298732,0.130133263,0.353773327,-0.020085604,0.31594078,0.355440138,0.060229264,0.272456481,0.126266759,0.22113927,0.201903801,0.065333463,0.160033718,0.1632527,0.067890203,-0.026773846,0.065515517,-0.047247163,0.066366177,0.041874113,-0.041238139,-0.148928212,-0.054595048,-0.098327588,-0.035727412,1.208598541,3.832258232,-22.83142448,3.907230616,0.928142517,3.85173119,3.07E-05,0.00132378,0.000195754,22.4803623,14.146298
15,-0.0675,-0.0822,0.127801256,0.099194219,-0.00524137,-0.176957426,-0.060641408,-0.015918654,-0.18383213,-0.136118584,-0.087994044,-0.057716791,0.088444265,0.370210854,0.375436935,0.223603649,0.25613891,0.166140743,0.366652817,0.167060759,0.182623705,0.176280288,0.006211468,-0.009588225,0.083877832,0.04907457,-0.014947723,0.196673961,0.011797228,0.030808886,0.021092904,0.099242292,-0.158731342,-0.154665126,-0.155069737,-0.022287995,-0.0508155,-0.098939683,0.99623224,3.910176093,-22.71981266,3.970144749,0.715498782,3.91958085,8.86E-05,0.002630236,-0.000372733,22.4245245,13.67972
16,-0.1225,0.1362,0.044718105,0.239066683,-0.179329767,-0.086244848,-0.139770822,0.106268538,-0.133317999,-0.043423337,0.014784892,-0.02901334,0.21419909,0.226873166,0.439367284,-0.017001645,0.301563319,0.152423451,-0.019083884,0.376908402,0.244048826,0.240170393,-0.049141996,0.13648618,-0.012132547,0.18197662,-0.046773353,0.025976942,0.091924162,0.007108832,-0.016396881,-0.056613788,0.043642339,-0.06429903,-0.108497276,-0.131412172,-0.024583696,0.008084742,0.974687313,3.827038626,-22.35558679,3.885706902,0.699890338,3.8408374,-7.92E-05,0.001023822,0.000556486,22.1082148,12.744476
17,0.231944444,-0.0486,0.051094673,0.256128105,0.124814601,0.165271665,0.118379219,0.014192592,-0.18635816,-0.101034755,-0.148890998,-0.092304592,0.347282386,0.001707693,0.113541509,-0.075136708,-0.011184444,0.249207453,-0.015807445,0.032300005,0.178320796,0.15019446,0.057992417,0.137762274,0.024481043,0.184682171,0.163496283,0.137781468,0.081662652,0.00768382,0.079285988,0.043071277,-0.186012515,-0.087751139,-0.084638654,-0.09326295,0.001137815,-0.089423727,0.802811977,3.115298449,-16.50774778,3.163711071,0.577616703,3.1612314,4.38E-05,0.00328829,-0.000204128,16.579161,10.448915
18,-0.134722222,0.1614,-0.024020576,-0.11142123,-0.149700287,0.135992856,-0.061191698,-0.061700105,-0.020515173,-0.068682761,-0.143962267,-0.030341972,-0.074177818,0.187990529,0.050924878,0.002819855,0.180022415,-0.012898534,0.31215312,-0.035413686,0.275257175,0.065209341,0.219025916,0.189104008,0.01188312,0.058483177,0.104660135,-0.03273419,0.096263272,0.092264994,0.016339036,0.088349087,-0.094960109,-0.067043322,-0.130587124,-0.082912427,-0.092665327,-0.009777439,1.161577264,4.35478956,-25.80355216,4.425209045,0.846554507,4.36483517,6.60E-06,0.000690787,-0.00026274,25.4532264,11.70843
19,0.011944444,-0.0948,0.022556624,0.196625175,-0.055281392,0.125368397,0.112079846,-0.005505908,0.044487089,0.008467601,-0.029603992,-0.139341652,0.371192368,0.227941274,0.001724553,0.227909639,-0.043997797,-0.045481781,-0.042441263,0.103513736,0.299666708,-0.026786102,0.018855625,0.199009772,0.048330674,0.168503565,0.01979392,-0.018678616,-0.004381206,0.028553433,0.027118184,-0.068720916,-0.099137649,-0.011417661,-0.07720011,-0.06276797,-0.003205241,-0.016402076,0.850008864,3.49285135,-19.4841453,3.54363656,0.59850527,3.5354041,7.21E-05,0.002561859,-0.00027222,19.4655891,11.089385
20,0.271666667,0.0102,0.168980074,-0.171536769,0.143374537,0.086639821,0.111706747,-0.102807168,-0.096833592,-0.137812061,-0.017115584,-0.067793131,-0.089719437,0.403996383,0.196219071,0.102424266,0.146081744,0.259191029,0.153894935,0.133686878,0.037169349,-0.007025281,0.090947145,0.107232455,0.132775849,0.19670255,-0.03288929,-0.013186637,0.055485843,-0.01860833,-0.047822699,-0.077397065,-0.179467259,-0.140310583,-0.08859212,-0.026416604,-0.113994024,-0.052867149,0.959069103,3.88603467,-22.51579221,3.943469763,0.680380559,3.8989117,5.12E-05,0.001608745,-0.000235633,22.2428805,11.751971
21,0.357222222,0.0396,0.080102875,-0.064549789,0.121962247,-0.054291705,0.107024171,-0.058661694,-0.063324094,-0.020415735,-0.107372503,-0.131716325,0.316173221,0.037072503,0.318918626,0.204359124,0.061544787,0.186847753,0.276393806,0.108160801,0.109213482,0.043482408,-0.045948844,0.196916424,0.177769179,0.141885778,0.04780615,-0.039903003,0.100860368,-0.006580614,0.002714251,0.004149798,0.011625504,-0.133939844,-0.059127719,-0.072446282,-0.0180476,-0.000116671,0.849682037,3.545122641,-20.02721376,3.595757723,0.596054913,3.56249724,-3.70E-05,6.12E-05,0.000297039,19.8583126,11.964604
22,-0.091944444,0.1866,0.165251454,0.058662349,-0.044327819,-0.010242106,-0.043084648,0.059615557,-0.003673065,-0.115752354,0.011842467,-0.128093831,-0.078195818,0.118734264,0.435051552,0.360009446,0.081743638,0.373729546,0.162626429,0.20195412,0.020894163,0.116985819,0.298593975,0.044361865,-0.008459209,0.097371391,0.120741159,-0.017198978,0.11513596,0.089169141,0.054482306,-0.090825749,-0.196026305,-0.137165723,-0.071248637,0.01743495,-0.025318355,0.009374761,1.101102887,3.778412568,-21.89960958,3.846017599,0.827381585,3.8049898,-0.0001032,0.001458315,0.001053515,21.6745905,12.483082
23,0.079166667,0.2538,0.138347196,0.159753899,0.195533525,0.010298185,0.078067098,-0.030718697,-0.164270753,-0.150302456,-0.002754589,-0.047884408,0.320904873,-0.064777798,0.269498462,0.304302266,0.254526938,0.043778275,0.018442783,0.163547467,0.241353728,0.204990948,0.024755924,0.033776263,0.085073478,0.037752432,0.065643085,0.198849846,0.140158501,0.068681894,0.02928398,0.023574796,-0.019686068,-0.15806689,-0.012851944,0.013196656,0.012535933,-0.067391106,0.927841491,3.65520523,-21.48465583,3.711024284,0.664076828,3.66723092,-0.000112582,0.001513891,0.000739339,21.2230608,10.847724
24,0.225833333,-0.0738,0.026704271,0.131592992,-0.158403439,-0.066302108,-0.101764103,-0.014762474,-0.163010828,-0.117966905,0.025321869,-0.06524032,0.162459988,0.242781458,0.048449386,0.320646026,0.200567857,0.360645219,0.032222613,0.217561165,0.111667177,0.13092076,0.022057491,0.18187487,0.172104994,0.060615568,-0.016002154,0.141148786,0.116673559,-0.000564374,-0.021865737,0.00833243,-0.095897694,0.015801894,-0.063661835,-0.100463058,-0.047228004,-0.036193994,0.94224993,3.584749806,-20.01675412,3.641745567,0.683954546,3.60985958,6.73E-05,0.001208005,-6.35E-05,19.8606674,12.753428
25,0.335833333,0.2412,0.146199045,0.017780756,-0.212569938,-0.00850142,-0.107987452,-0.064641537,-0.178550454,-0.172621011,-0.041844554,-0.107832609,0.464499805,-0.096338389,-0.061883418,0.052162515,0.120424403,0.047965649,-0.046504276,0.305844033,0.222948538,0.088732444,0.285644596,0.235523611,0.1683271,0.033443424,0.086066267,0.148697909,0.143006734,0.072305295,0.07587527,0.006668186,0.004918758,0.008784806,0.006240712,-0.043332133,-0.015241178,-0.038846308,0.995152367,3.590482911,-20.35507152,3.651154995,0.735406737,3.61502568,0.000115926,0.00281492,-0.000701719,20.1913483,11.273396
26,0.308333333,-0.0318,0.139154007,0.208821795,0.180005581,0.089650059,0.086893165,0.078878605,0.025970581,-0.123729483,-0.109616225,-0.101139642,-0.020373355,0.116996389,0.361173708,0.21812011,0.32057382,0.387332088,0.278152295,0.124802694,-0.042440231,-0.021052953,-0.017977138,-0.038282368,0.150936839,0.142293,0.074437381,0.087385845,0.031926987,0.047283025,-0.090000036,-0.059587009,-0.077813659,0.006893079,-0.03021316,-0.079784498,-0.048452626,0.001349636,0.760798521,3.342322963,-18.70297715,3.387251854,0.522730808,3.35919606,5.78E-05,0.001502281,4.60E-05,18.5461547,11.262725
27,0.024166667,0.1278,0.060978314,-0.050233384,-0.068060096,-0.065547314,-0.031099816,0.000151345,0.045905413,-0.051119734,-0.01468688,-0.035011484,0.394744056,0.176381694,-0.040401694,0.36203489,0.274359192,0.364466698,0.261821867,-0.069384233,0.15150849,0.214548471,-0.033668304,0.049701378,0.008955561,0.168102974,0.147361813,0.051161853,0.056376247,0.015311238,0.081171088,0.036997696,-0.083232597,-0.058752112,-0.04549232,-0.051805178,-0.044999443,-0.029004458,1.048236089,3.646116979,-21.08373861,3.710356474,0.783623672,3.67471736,0.00011602,0.001321333,-0.000741355,20.8852561,12.421537
28,-0.128611111,-0.099,0.086302697,-0.1454161,-0.248946206,0.02176906,0.140602147,0.02595986,-0.071346569,-0.038663949,0.020357342,-0.009738062,0.161535979,0.265236405,0.219586677,0.107163495,0.084205484,0.12928435,0.329544353,0.369711291,0.073278541,0.200432204,0.288146823,-0.03512103,0.092235002,-0.012230706,0.187744332,0.020584769,0.072711341,0.0807618,-0.050907102,0.055024306,-0.070178069,0.010969406,-0.110463669,-0.002628058,-0.011298265,-0.090946668,1.093746513,3.803924545,-21.56239137,3.870954275,0.821279343,3.84580473,-9.91E-05,0.001770343,0.000513293,21.4825814,13.703496
29,0.134166667,-0.057,0.198544323,0.25801012,0.179112845,0.157496634,-0.032652635,0.013619432,-0.009121338,-0.067384979,0.015924147,0.02056427,-0.00339793,0.496107706,0.273700109,0.085978662,0.340439114,-0.050336633,0.04781513,0.245768721,0.047450062,0.242920695,0.194776921,0.290845431,0.116595256,0.183040448,-0.041847142,0.095266121,0.00524129,0.002168658,-0.074328703,-0.036420208,-0.028949515,-0.161132733,-0.196449257,-0.051669462,-0.091566674,-0.051437388,0.852496351,3.555920837,-20.63427157,3.606725931,0.595172083,3.55571655,-0.000110806,0.002365735,0.000679013,20.3151553,11.487627
30,0.109722222,0.0774,0.071136387,0.287560968,0.044586547,0.115708569,-0.148600582,0.043797971,0.068159338,-0.169151821,-0.078601392,-0.010703204,0.455655425,-0.095516722,-0.010044568,-0.018374615,0.298021422,0.342170668,0.13658293,0.099773137,0.295353451,-0.010343766,0.162933751,0.195212364,0.112190716,-0.018538864,0.001310139,0.022665545,0.009003848,0.048861975,-0.009937188,0.02795654,-0.059903761,-0.150191241,-0.006510883,-0.023034797,-0.049120925,-0.068160881,0.977438762,3.381014423,-19.03093993,3.440961123,0.731490916,3.40947501,-5.89E-06,0.002077578,1.41E-05,18.8474598,11.270808
31,-0.061388889,0.237,0.065096575,-0.008810763,-0.10434552,0.137499173,0.008470589,0.102171981,-0.111693332,-0.122010926,-0.075678739,-0.035612615,0.183023359,0.186013816,0.276469521,0.178231233,0.214668817,0.000493951,0.331511949,0.290575032,0.207670614,0.078292312,0.04198757,0.218622779,0.070432331,0.170768639,0.085049828,0.004828471,0.13702296,0.078811216,0.087437907,-0.089690875,-0.078400002,-0.16280519,-0.064416273,-0.030446166,-0.002490537,-0.006086785,1.076837324,4.016948392,-24.20621945,4.082279682,0.786870156,4.01898087,-1.85E-05,0.002394906,0.00026494,23.8062101,12.816484
32,-0.052222222,0.2916,-0.036407441,-0.244442417,-0.197565731,-0.063966821,-0.085256483,0.001349639,0.010151474,-0.168803468,-0.097606858,0.011492488,0.30240601,0.400535756,0.33912105,-0.037468967,-0.035639937,0.179271933,-0.045060458,-0.079058648,0.080812884,0.199918107,0.103630853,0.167932643,0.196556115,0.016130029,0.124014289,-0.038402544,0.106231989,-0.005104895,-0.057971744,-0.044787089,0.033605385,-0.003178673,-0.055767543,-0.117707147,-0.085125574,-0.02802407,1.263649731,4.472457684,-26.72109421,4.549710751,0.939876242,4.47769731,-3.09E-05,0.001633387,0.000488754,26.2739269,12.108979
33,0.390833333,0.1068,0.178788197,-0.219630407,-0.014153109,-0.060585151,0.055602625,-0.101200645,-0.100870666,0.021129949,-0.049607703,-0.031827789,0.275827133,0.372210741,0.058369404,0.352165891,0.085236763,-0.03488132,0.056792615,0.196381509,0.223744794,0.135373632,0.075665321,0.135566561,0.140785016,-0.002733348,0.155143789,0.028710179,-0.025625975,0.0226075,-0.019188023,-0.068182678,0.042735275,-0.023404745,-0.052771302,-0.041988433,-0.080344227,-0.02334395,0.912716536,3.774350045,-21.78331524,3.828823805,0.64287103,3.79194517,7.32E-05,0.000694801,-0.000293281,21.6027336,11.805664
34,-0.107222222,0.216,0.001813275,0.13650268,-0.170920378,-0.174277094,-0.130212417,0.084031766,0.033274385,-0.085689756,-0.051732806,-0.023503966,0.301401894,0.405620164,0.047794104,0.06058353,0.260453495,-0.032060077,0.284421691,0.303173627,0.014737416,0.027747132,-0.018980014,0.276965665,0.129299479,0.081130404,0.048561805,0.056432228,0.083112519,0.054089578,-0.01628668,-0.030334659,-0.174962865,-0.108532157,-0.08936532,-0.047576291,-0.095059815,0.005762804,1.028583301,3.943888761,-22.92874114,4.00603199,0.743216771,3.93804217,-1.76E-05,0.000277976,0.000614069,22.5099687,12.975779
35,0.3725,0.2916,0.039330986,0.103859787,0.101339939,-0.194584442,-0.116862284,-0.032619913,-0.06071358,-0.099029424,-0.014887205,-0.004173432,-0.067731786,0.370677929,0.330203126,0.393044414,-0.023462519,0.335422049,0.121091235,-0.006007032,0.007352778,-0.003608478,0.289223607,0.097535179,0.159312059,0.195784488,-0.007809216,0.030836434,0.04879495,0.006119986,0.017150675,-0.052356881,-0.037105472,-0.175680413,-0.09067003,-0.034849426,-0.076664579,-0.016911589,0.887189366,3.495362468,-19.79657383,3.548735142,0.634689648,3.5059605,4.07E-05,0.001007621,-0.000189264,19.5117698,11.603915
36,0.051666667,0.2244,0.01779296,-0.078243572,0.177038625,-0.142388692,0.109602921,0.069483347,0.019619613,-0.15796084,-0.098206137,-0.106940304,0.413458089,0.013796878,0.22968047,0.388289616,0.334947565,0.16174376,0.165263831,0.363970242,-0.003302247,0.168815396,0.239269227,0.21352752,0.122652489,0.133750563,0.034192687,0.066298742,0.030294149,0.037057499,-0.023875251,-0.025054778,-0.15590394,-0.089739488,-0.070653244,0.007727067,-0.066619373,-0.086266732,1.059519946,3.788311103,-22.32168101,3.852991343,0.784299229,3.79713896,-9.98E-06,0.000629199,-6.67E-05,21.9693636,13.026685
37,0.036388889,-0.0444,-0.076152749,0.190777639,-0.183157471,-0.02303519,0.103381138,-0.079516242,-0.037099104,-0.127487614,-0.018110629,-0.059745626,-0.096603807,-0.052338374,0.002743399,0.255493082,0.252957105,0.36019014,0.38560672,-0.003849894,0.294844237,0.045811408,0.234201389,0.104771314,0.07300634,0.057934712,-0.028036457,0.121298284,0.017925012,0.093793638,0.041958071,-0.086572294,0.017568728,-0.027432073,-0.121579949,-0.048020626,-0.09298219,-0.029497399,0.908800647,3.473352163,-19.16098008,3.52828598,0.659675513,3.51798505,1.77E-05,0.001856114,-4.06E-05,19.1439173,12.441128
38,0.222777778,-0.0108,0.128528149,0.25686433,0.085293878,-0.029215568,0.138672686,-0.088334046,-0.140109928,-0.061236643,-0.148351041,-0.011647784,0.234530286,0.126636774,0.045217857,0.059142631,0.175180776,0.307685358,0.391976256,0.081841258,0.117969504,0.021424487,0.043041547,0.227550927,0.176970737,0.059980346,0.048769293,0.119626936,0.001686454,0.033363798,0.015584191,0.017057772,-0.09875062,-0.106539865,-0.041892859,-0.11679199,-0.007242555,-0.097064846,0.790509947,3.195650826,-17.33074875,3.243009567,0.561282497,3.23386107,5.05E-06,0.001929662,-0.00013051,17.3118494,11.957126
39,0.2075,-0.0696,-0.057314165,-0.149370062,-0.210837313,0.006617686,0.132144601,0.065714005,-0.030264558,-0.032931427,-0.083099256,-0.132620246,0.265619543,0.497148967,0.382037028,0.123384677,0.262384796,0.01712499,0.181147161,0.20311272,0.077507587,0.137301229,0.062811729,0.229562043,-0.015870166,0.153164313,-0.03669588,-0.00480954,0.00073067,-0.009267044,-0.008321669,-0.001801375,-0.03804198,-0.172964602,-0.005888893,-0.001252914,0.00772247,-0.086401422,0.931547519,3.775036081,-21.46160985,3.830821753,0.661943902,3.80272208,-5.03E-05,0.001152449,0.000311657,21.3289717,13.309964
40,-0.049166667,0.0816,-0.037558301,0.101192619,-0.109295182,-0.053236152,0.117472074,-0.10363065,-0.097880156,-0.095797316,-0.125869265,-0.138182777,0.090483311,0.137460261,0.21795244,0.28392412,-0.021051278,0.344164405,0.08737304,0.067509843,0.12597717,0.229437654,0.243843651,0.024145246,0.103419819,0.076352885,0.105645568,0.031767947,0.020874401,0.088946936,-0.027001826,-0.037876531,0.039871399,-0.098715917,-0.017210476,0.010355378,-0.068388368,-0.070339573,0.969908422,3.527982505,-19.40217951,3.587045908,0.715655456,3.58323962,-2.52E-05,0.001906068,0.000114398,19.4527558,12.366971
41,0.030277778,0.1026,-0.047645775,-0.005130957,0.114376974,-0.15045195,-0.122667755,0.092548564,-0.075091875,-0.095442448,-0.107055819,0.029691577,0.185143577,0.066400814,0.193182815,0.36719629,0.294066097,0.312221367,0.353727822,0.361869447,0.042676754,-0.004840602,0.07430445,0.261112358,-0.014292994,0.001080068,0.166365732,0.153138826,0.071850251,0.025166052,0.065526098,-0.032104157,-0.09412225,-0.046850611,-0.162404445,-0.12037476,-0.063073442,-0.092365001,1.085497544,3.819260862,-22.44875286,3.885677814,0.807108783,3.82750247,-3.14E-05,0.000289434,0.001025261,22.0622556,13.383138
42,0.033333333,0.0858,0.072031741,-0.140015579,0.166607097,-0.04853907,-0.135218297,-0.038771643,-0.159253179,-0.127075645,0.005056439,-0.013472062,0.298839012,0.144004169,0.295017927,0.057126165,0.241243853,-0.028411426,-0.069255649,-0.055838399,0.271224153,0.035357121,0.069784524,0.156280975,0.000903383,0.119481549,0.066670724,-0.003271891,-0.025271556,0.056385844,0.06355628,-0.010459465,-0.116071606,-0.148188606,0.021198139,-0.126734061,-0.090213039,-0.048724082,1.162579352,4.35049013,-26.12165903,4.42098999,0.846056098,4.34354293,9.66E-05,0.002541993,-0.00054187,25.643762,10.956602
43,0.320555556,0.0522,0.020825914,0.201359469,-0.095917044,-0.08231112,-0.039087062,0.100272108,-0.181072236,-0.171100878,-0.029299983,-0.113010002,0.158875754,0.222981139,0.423172962,-0.004780332,0.349040681,-0.014411057,0.01375719,0.149106199,0.103696682,0.108104684,0.014445389,0.142480205,0.198726615,0.188091227,0.152202705,0.043238633,0.053072998,-0.008957994,-0.064833604,-0.038172583,-0.022787161,0.002343879,-0.184536868,-0.118761769,-0.068660126,-0.042566864,0.866086086,3.648533616,-20.59038587,3.700061083,0.604848439,3.66497884,-5.05E-05,0.000332291,0.000395685,20.3918426,11.614824
44,0.311388889,0.132,0.101386116,0.185178558,-0.116104072,0.00033571,0.00993214,0.082407305,-0.099279605,-0.034590046,-0.122252705,-0.077791745,0.164318282,0.180580116,0.225996959,-0.064969171,0.015493823,0.051226562,0.208942324,-0.060330674,0.004749763,0.009650595,0.193431367,0.100097306,0.081162921,0.122780199,0.09531742,0.13928743,0.055180123,0.04770112,0.013951258,0.079218433,-0.087739537,0.027934506,-0.157475249,-0.122773583,-0.074388126,-0.060065378,0.782869237,3.443676631,-18.71008011,3.489898205,0.537099264,3.47509443,2.48E-05,0.001614343,-6.61E-05,18.6555915,10.407586
45,-0.091944444,0.153,0.080819869,0.201677659,-0.089149099,0.09398325,-0.05821262,0.084660206,0.066195989,-0.122196786,-0.101241597,-0.136833546,0.23177688,0.428798057,-0.078460546,-0.026272468,0.25814014,0.117975988,0.0583363,0.064540307,-0.024388626,0.061615567,0.108503759,-0.019238795,0.127624284,0.079982238,-0.000765927,0.135662971,0.053474867,0.01973985,-0.015272147,0.060467311,-0.018010538,-0.167679928,0.002245307,-0.088140322,0.001717714,-0.050643698,0.942447724,3.851456774,-22.16412375,3.907816648,0.664900204,3.86501861,6.09E-05,0.002703366,-0.00010156,21.9219924,10.705781
46,-0.055277778,-0.0108,0.094240204,-0.204657715,-0.063896859,0.111598024,0.031198588,0.083982728,-0.192167263,0.011504788,0.025083549,-0.040749544,0.307200969,0.439994336,-0.099895063,0.339579883,0.050768452,0.046901305,0.274579429,-0.058651136,0.268701151,-0.016510259,0.148450144,0.293982954,-0.020179858,0.082019861,-0.048543055,0.144905171,-0.011127134,0.070565002,-0.084971842,-0.019880436,0.007776186,-0.11886054,0.009641514,-0.074578895,-0.0307113,-0.078761006,1.129590422,3.935935616,-23.18431037,4.005144119,0.841679849,3.96279177,0.000111869,0.002479635,-0.000440953,22.9379938,12.569666
47,0.250277778,-0.0612,0.047138665,-0.118232401,-0.023919034,0.025234478,0.007232551,-0.091083947,0.039280182,-0.112566242,-0.144707614,-0.046565292,-0.061944297,0.481007124,0.103402355,0.222691454,0.170664919,-0.047588654,0.127485838,0.082701247,0.181470071,0.077008504,0.293217467,0.140889112,0.187171925,0.129150885,0.108847078,0.15210367,0.07938564,0.080663653,-0.089948002,0.067020201,-0.122750824,-0.103351514,-0.156962998,-0.136716851,-0.017520995,0.003779961,0.981211014,3.867064395,-22.23196053,3.92609024,0.702523727,3.88720008,-2.53E-05,0.002285067,0.000305777,22.0190129,12.352441
48,0.396944444,0.2454,-0.07405324,0.208082711,0.095185791,-0.044569394,0.130381944,0.045555213,-0.059857304,0.032024067,0.009991904,-0.058574901,0.251046311,0.438829827,-0.04997057,0.170641905,0.144453054,0.261048366,0.320632023,0.204880687,0.077857293,0.087464004,0.22958418,0.266073756,0.109550671,0.126709978,0.092173222,0.109091249,0.014409601,0.07838164,0.045544164,0.047718839,0.004986071,-0.065183615,-0.000185354,-0.13828628,-0.114993439,-0.078046319,0.728620406,2.929127114,-15.77568681,2.972817898,0.518311189,2.95384024,6.92E-07,0.000954304,-0.000109755,15.6764252,12.100554
49,0.066944444,0.3,0.00600667,-0.006925413,0.00489659,0.167051583,0.036863491,-0.024550389,-0.104713163,-0.003184839,-0.129875391,-0.098639867,0.093003174,-0.070612409,0.222554057,0.239358612,0.012438521,0.35364163,0.296260097,0.294692132,0.211163593,0.064925818,0.009462294,0.101284215,0.053463912,0.186274297,-0.005355618,0.044175101,0.097063643,0.071823366,-0.053167178,0.038486948,-0.077019113,-0.032816145,-0.001099772,-0.100949321,0.01673771,-0.05927903,0.99888842,3.745961735,-22.08331614,3.806515694,0.727715465,3.76375191,4.79E-06,0.002318958,0.000179294,21.831265,12.211645
50,0.07,0.09,0.180356229,0.23607796,0.083955426,0.048792403,-0.04904772,0.066564296,-0.119958136,-0.173814701,-0.070785829,-0.033555628,0.165183748,0.269748178,0.384604119,0.067899573,0.030608096,0.076285142,0.02130397,0.117775636,-0.035704532,0.142149347,0.034565088,0.122092643,0.060486919,0.04785441,0.065980274,0.093027448,0.026593434,0.034628034,0.06033553,0.077057359,-0.132223354,-0.097261367,-0.041233382,-0.000227944,-0.055496966,-0.073290541,0.88899562,3.852172823,-22.25816306,3.904802322,0.613561389,3.85700575,-7.74E-06,0.001281617,-0.000207593,21.9632775,10.574915
51,0.265555556,0.1404,0.166186177,-0.115963633,0.24977951,0.096006485,-0.018523064,0.03896593,-0.044586546,-0.14482958,-0.129353583,0.024340873,0.248341462,0.347696883,0.198201893,-0.006458592,0.087514918,-0.066747622,0.254124651,0.348251083,0.220956477,0.111260781,0.066575138,0.245332954,-0.028189657,0.15799175,0.098295306,0.129568401,0.050378835,0.053897226,-0.023603355,-0.081204547,-0.051218311,-0.147308103,-0.036352037,-0.073852752,-0.030011957,-0.009209101,1.040605777,3.970793668,-24.00943425,4.033710003,0.751306979,3.94728682,6.02E-05,0.001308372,-4.80E-05,23.4581724,11.938033
52,0.128055556,0.1152,-0.040422119,-0.214605089,-0.124450203,-0.058085135,-0.145399909,-0.078028801,0.017926909,-0.014456224,-0.132204836,0.026440726,0.295451258,0.246191117,-0.068033363,0.172053471,0.067579153,0.091218456,0.247027854,0.358677343,0.292412881,0.13343114,-0.038039255,0.265550868,0.094826498,0.145800686,0.018774731,0.161409535,0.027040076,-0.001947789,0.076863327,-0.03876514,0.029346984,-0.115632012,-0.024615919,-0.004645039,-0.094666469,-0.026635553,1.126174793,4.067543147,-24.25029943,4.136192799,0.831042892,4.07265629,0.000381114,0.003442327,-0.003015389,23.8806735,13.34633
53,0.0425,0.027,-0.041795582,-0.120967673,0.225332021,-0.025487314,-0.010957669,0.088226142,0.025053162,0.042162609,-0.047878723,-0.031179733,0.049188842,-0.010142955,0.134482758,-0.048420607,0.000782296,-0.073987428,0.358560599,0.165272062,0.2120454,0.215713198,-0.043235279,0.09622343,0.177978001,0.146526995,0.19790544,0.191872573,-0.018044363,0.053413035,-0.091419842,0.053554234,-0.054781104,-0.003296644,-0.002758657,-0.093422395,-0.067364041,-0.072770051,1.034571185,4.055103963,-23.87776147,4.11739397,0.740987722,4.04539217,0.000144706,0.002199077,-0.000896129,23.4470438,11.491472
54,0.381666667,0.0564,0.049406421,-0.201562148,0.229924372,-0.107196268,0.098422666,0.038706633,-0.113487495,-0.193758114,-0.096677273,-0.142370663,0.469709439,0.251912601,0.172518675,0.300062431,0.089602487,0.044374895,0.326985963,0.267202237,-0.018377241,0.170324833,0.212619244,-0.035880778,0.023646862,0.02972685,0.169156043,0.182807041,0.00727637,0.049804208,-0.03971126,0.02550763,-0.056249422,-0.017819338,-0.03949425,-0.130434307,-0.084793761,0.004308406,0.972369875,3.712760893,-21.43618092,3.771545887,0.70507559,3.72419175,-8.50E-06,0.001680526,9.25E-05,21.1427178,12.440397
55,-0.024722222,0.132,0.192820028,0.021104923,-0.238100445,0.189431059,0.124577368,-0.113717696,-0.036889196,-0.091285479,-0.133034575,-0.135252513,0.150678603,0.108676315,0.238616013,0.112271776,0.119570035,0.382193104,0.199563272,0.368462652,0.29005674,0.043258322,0.049632221,0.027810864,0.130500347,0.018488614,0.08769453,0.057758997,0.057904144,0.013971459,-0.070900064,0.091074804,-0.091156755,-0.126309999,-0.120886646,-0.074713629,-0.033198865,-0.040873547,1.020080313,3.71849306,-21.41999556,3.780592203,0.752236556,3.75769864,-3.78E-05,0.001804447,0.000353014,21.3482535,13.037181
56,-0.036944444,0.132,-0.099671854,0.026206807,-0.049983122,0.124781994,-0.084345132,-0.027426024,-0.1408027,-0.066620457,-0.104723685,-0.042503725,0.36384375,0.133915697,-0.043461708,0.29917354,0.233910184,0.033723941,0.203413204,0.300274596,0.022175523,0.088016606,0.28315179,0.251179799,0.170054109,0.011943574,-0.0071336,0.18887346,0.095878495,0.070396049,-0.081067215,-0.054209555,-0.166260144,0.011388035,-0.168665666,-0.027535925,-0.083156376,-0.099962964,1.027469179,3.815094583,-21.96149368,3.877473831,0.751048004,3.82792597,0.000636793,0.001053207,-0.004774528,21.6784532,12.877445
57,-0.009444444,-0.1032,-0.044371841,0.267802281,0.010068289,-0.017309769,-0.062347628,0.050541766,0.003089494,0.035016775,-0.108119648,-0.10618528,0.445117283,0.28794755,0.253424813,0.086591982,-0.033275957,0.121033297,0.217376304,-0.006836891,-0.010853876,0.160029895,0.28203057,0.090141687,0.167605243,0.06868555,0.191543579,0.157943571,0.127827053,0.099632681,-0.004448698,0.010605216,-0.106465268,-0.150796313,-0.18025528,-0.108320306,0.01030431,0.009712231,0.858613148,3.311867671,-17.77246503,3.363693953,0.622255614,3.34974413,1.88E-05,0.000376317,-1.69E-05,17.7253792,12.484716
58,0.250277778,0.0942,0.025654025,0.22922602,-0.195891619,-0.154424993,-0.076535006,0.019396161,-0.026045984,-0.137385114,-0.00722812,-0.086594882,0.187181872,0.20548535,0.115208735,0.219289236,0.210992034,0.03637225,0.117701263,-0.047018763,0.161074787,0.095627742,0.232278202,0.109616746,0.035225558,0.093464865,0.05879568,0.019756542,0.11229409,-0.00229589,-0.089577608,0.042813447,-0.058897359,-0.038923332,-0.16601659,-0.131782625,-0.099626334,-0.044201811,0.869048183,3.600965137,-19.87102119,3.652815104,0.611033029,3.62303911,0.00012283,0.001064136,-0.000365004,19.734896,11.464569
59,0.378611111,0.2328,0.050665902,-0.198755266,0.1597602,0.052918971,-0.047900359,-0.096339806,-0.184910818,-0.01309947,-0.101689916,-0.080006153,-0.07198493,0.49552446,0.260809888,0.270995972,0.133919489,0.170398907,0.1326108,0.250313255,0.267053611,0.173350889,-0.003571427,0.25567399,0.009562435,-0.00050591,0.183290686,-0.015374176,-0.016052959,0.076375272,0.059210679,-0.090556685,-0.157540938,0.012370053,-0.085004729,0.016351691,-0.074544387,-0.08051796,0.984880431,3.888386467,-23.13183311,3.947616339,0.704276816,3.89333348,6.57E-06,0.000295099,-0.000382996,22.7998529,12.324876
60,0.244166667,0.1278,-0.041256322,0.0700033,0.169126757,0.08733673,0.03230794,0.030540928,0.017050765,-0.044971917,-0.009284069,0.02764527,0.40610301,0.345792097,-0.023863501,0.3145033,-0.048491414,0.225972625,0.336225934,0.253366465,0.20072804,0.185621899,0.251873722,0.285575358,0.061801708,0.158902397,0.168670323,0.017367964,0.111700467,0.039664144,-0.010478665,-0.047058864,0.012011382,-0.105983249,-0.176953059,0.01468376,-0.062538503,-0.020489075,0.874962957,3.213486916,-18.35711517,3.266693354,0.643142221,3.22388988,-0.000125195,0.000709958,0.001229721,18.083824,13.013556
61,0.222777778,0.2118,-0.078944434,-0.173881591,0.127228716,0.098748089,-0.148324731,0.069126337,0.056487875,0.04495454,-0.149910238,-0.147744936,0.374405645,-0.076649642,0.448857119,0.386202475,0.296034731,0.099543239,0.051120728,0.248657833,-0.047166233,0.210105894,0.248833504,0.04324247,0.169534532,0.125637514,0.184822259,0.054430898,0.121214038,0.008722168,0.047723428,0.019548282,0.049054861,-0.015246409,-0.198217646,-0.073457534,0.002653608,-0.0734181,1.10121462,3.832684937,-22.77487075,3.900165558,0.821108744,3.85022187,-2.70E-05,0.001734604,0.000942259,22.491561,11.893682
62,0.134166667,0.1404,0.0420191,0.006993994,0.236322544,-0.178779891,-0.07149613,-0.081567051,0.055097594,-0.155736173,-0.08700737,-0.06470477,0.148480159,0.208460862,0.427745094,0.262275608,-0.038709633,-0.005633619,0.391586612,0.337860596,0.262393283,0.219566573,0.114685668,0.192379639,0.190775286,-0.003978409,0.128975714,0.059153246,0.034842654,0.012548757,-0.05236424,0.067479933,-0.045042503,-0.187037767,-0.082290903,-0.08769415,-0.012289671,-0.007890418,1.051276491,3.880730042,-23.39468417,3.944610119,0.770706917,3.87430703,-3.26E-05,0.000783092,0.000357562,22.9231407,13.35278
63,0.366388889,0.2412,0.173366357,0.288435078,-0.174813429,-0.143364071,0.05504762,0.02880388,-0.01412186,-0.016582055,-0.010172541,-0.091036252,0.49262133,0.39754473,0.205731768,0.307248954,-0.04996779,-0.024483401,0.164550731,0.123740929,0.155428845,-0.016320905,0.251096816,0.23651378,0.059956481,0.129640448,-0.03542683,0.160907742,0.143494995,0.001957572,-0.024375364,-0.099520488,-0.184369454,-0.061137076,-0.108910456,-0.094432909,0.010124,-0.055285949,0.742350791,3.064214597,-16.49818186,3.108534098,0.522639738,3.09847005,5.14E-05,0.001874776,-0.000134907,16.4494752,12.19884
64,0.073055556,0.027,0.167579988,-0.099714754,0.200790193,0.118634214,0.063486259,-0.001027468,0.03413625,0.000801386,-0.051256761,0.015698165,0.44274614,0.202597269,0.405950824,0.00854801,0.01453029,0.361198357,0.349537467,0.062867694,0.170610008,0.043902197,0.233214572,0.058966783,0.11470487,0.086505958,0.012217364,0.185971342,0.033751408,0.083199739,0.035419503,-0.005006215,-0.116137495,-0.02717601,-0.042883164,-0.092322851,-0.023012951,-0.002301027,1.023266132,3.556935443,-20.68171853,3.619650364,0.766789757,3.57853318,3.66E-05,0.002026384,-0.000633179,20.4295242,12.70311
65,0.155555556,-0.0486,-0.037048343,0.251587124,0.093911201,-0.001781966,0.023054716,-0.111886965,-0.114249981,-0.109343727,-0.021072897,-0.022657665,0.288396974,0.358108306,-0.081827449,0.36420819,0.140677802,0.156201408,0.083729941,0.347483786,0.219148212,0.211081336,0.072469264,0.192975846,-0.003648406,0.126235939,-0.020540258,0.175763452,0.041845747,-0.007529887,0.02604181,-0.004718663,-0.13007521,-0.029784569,-0.167459185,0.017620343,-0.043983716,-0.075314034,0.843057018,3.400810233,-19.06852265,3.451334715,0.599799389,3.43156004,-3.04E-05,0.001207263,0.000184358,18.9672746,12.624427
66,0.106666667,0.048,0.17821014,-0.136054102,0.013387467,0.097102054,-0.146060377,-0.106293641,0.002290031,-0.014775322,-0.065532699,-0.116696715,0.068565136,0.22578061,0.325231111,0.349737721,-0.007456806,0.02781684,0.055555766,0.039721291,0.173196989,0.068333903,0.295407702,0.151867024,0.170433877,0.111459308,0.151249552,0.196136669,0.038621065,-0.012844075,-0.025606451,-0.080436484,-0.142127285,-0.070770668,-0.119509165,0.001077393,-0.026965541,-0.036648376,1.082275654,4.040372584,-23.76164527,4.106026173,0.790895292,4.06259041,0.000234223,0.001032837,-0.002117543,23.5146198,12.039534
67,0.369444444,-0.0654,-0.065285071,0.166739772,0.132166234,0.118124237,0.073492882,0.00384067,-0.187986059,-0.181138016,-0.04832694,-0.092642516,-0.026108837,0.475540578,0.27077556,0.182670646,-0.002975642,0.142848977,0.057235966,0.284756762,0.019975621,0.127193335,0.199797388,0.079766974,0.125831815,-0.012940973,0.080802837,0.001191786,0.044861554,0.03577945,-0.038549746,-0.074269775,-0.102332963,-0.074698306,-0.002388802,0.010448576,-0.050609434,0.007060682,0.80897917,3.446309167,-19.23716117,3.494345665,0.563303477,3.46839659,-4.93E-05,0.00136617,0.000348689,19.0900471,11.633386
68,0.176944444,0.1194,0.058352081,0.072423522,0.118569203,-0.181100734,0.029894848,0.04905967,-0.084386733,-0.151773312,-0.097229177,0.021300922,0.167366138,-0.031874466,0.408843548,0.126037851,0.149347879,0.240675081,0.354594486,0.325387551,0.17902176,-0.011000033,0.003500242,0.096908529,0.146232516,0.141289855,0.075933878,0.123281226,0.050953223,0.052371156,0.010408315,0.046782132,-0.172767097,-0.165002039,-0.10731599,0.004403759,-0.005338618,-0.066916581,0.922495464,3.61118395,-20.85041162,3.666737318,0.662605174,3.61214654,-8.73E-05,9.02E-05,0.000478549,20.5129605,12.885764
69,0.265555556,0.1698,0.016667743,-0.00941537,0.029220737,0.019513273,-0.009666358,0.06074281,0.058187775,-0.09987907,-0.018046985,-0.005677194,-0.027774003,0.041711561,-0.03783864,0.04354957,0.048633667,0.138188196,0.169102667,0.341200885,0.139426087,0.074488908,0.014897351,0.164792486,0.07832743,0.12045142,0.060685586,0.068469099,0.063660472,0.0833638,-0.026587071,-0.011146706,-0.010256261,-0.020369159,-0.121996049,0.001565887,-0.046696118,-0.078640137,0.898643236,3.845270313,-22.30604278,3.898589611,0.622898036,3.83959564,-3.91E-05,0.001996514,0.000120935,21.9353262,10.92352
70,-0.061388889,0.2916,0.105347123,0.269659917,0.09866598,0.097965773,0.104147616,-0.083541171,0.065412841,0.001393443,-0.11603163,-0.107904704,0.136695968,0.326009855,0.375482276,0.116578918,0.234393565,0.121800423,0.113256961,0.286619991,0.233566988,-0.014316687,0.064805143,0.250644086,0.087638018,0.155920305,-0.034951899,-0.034890144,0.024274134,0.024211187,-0.072919947,0.078830786,0.012643003,-0.136155821,-0.060574401,-0.084815447,-0.014184869,-0.006511878,0.887101417,3.585684859,-21.08192277,3.638831377,0.628156708,3.59562984,0.000263697,0.001401979,-0.002220995,20.8445059,11.820168
71,0.002777778,-0.1074,0.16317547,-0.127469903,-0.133182302,0.197246874,0.091483819,0.093945372,-0.102586924,-0.053659694,0.011473625,0.00353827,0.141684703,-0.039859725,0.038104467,0.026123653,-0.015018238,0.363498778,-0.009808243,0.078328205,0.070160873,0.08305688,0.213739952,0.111241745,0.050771723,0.088316437,0.039715726,0.148214784,0.146271918,0.073436593,0.052866844,-0.066785163,-0.127014451,-0.03989314,-0.133086314,-0.122968018,-0.081330075,-0.069565035,1.063892866,3.704760155,-20.50551437,3.769948959,0.795367924,3.74937271,0.000200304,0.002531454,-0.001039774,20.4613642,11.204203
72,0.146388889,0.2202,-0.072436348,-0.249457181,0.213500244,-0.075247364,0.038990294,-0.036693213,-0.039428311,-0.030528141,-0.046985078,-0.099212938,0.171554478,0.415156066,0.278976696,0.239613984,0.130731244,0.262676899,0.24038314,0.357181104,0.17654237,0.237044922,0.175568859,0.196415271,0.171593812,0.198880665,0.010715257,0.19435343,0.120007989,0.061886191,0.09903816,-0.014569179,-0.115356329,0.02260575,-0.026789575,-0.008455886,-0.10168493,-0.004186646,1.143030587,3.90261931,-23.66809595,3.972846508,0.857258152,3.90051432,6.66E-05,0.001846847,-0.000625788,23.1997883,13.957088
73,0.143333333,-0.015,0.116190579,-0.236123616,0.019653479,-0.144930884,-0.143698038,-0.07459543,-0.018243826,-0.043414882,-0.066718507,0.018380566,0.392475742,0.22633234,0.328933649,0.090936917,0.012759307,-0.011777338,0.145593201,0.003389774,0.022494074,0.189240097,0.22040851,0.124250446,0.114052101,0.174953065,0.030502237,0.092171555,0.099577511,0.071727762,0.068029522,-0.039059752,-0.092669058,0.003584995,-0.072847903,-0.001148589,-0.000581189,-0.035889109,1.097730394,4.215418723,-24.71911667,4.281723976,0.794728421,4.22880701,5.97E-05,0.001557767,-0.000644926,24.3882813,12.242991
74,0.299166667,0.153,-0.014958677,-0.102834072,-0.079559297,0.196110541,-0.056180622,0.116884364,0.035476354,-0.084337813,-0.099922182,-0.090138351,0.118355161,0.362826204,0.410392557,-0.022448695,0.021519859,0.350638687,0.236851797,0.032917128,-0.004494334,0.007398532,0.142723955,0.148065835,0.084596544,0.037025027,-0.030640365,-0.021390675,0.014156174,0.059946985,-0.0715442,0.054162416,-0.005270573,-0.006556221,0.008034199,-0.059505043,-0.100666647,-0.061051743,0.957122345,3.731431901,-21.60752292,3.7891078,0.688044411,3.73884119,4.52E-05,0.000610263,0.000325276,21.2899499,11.721841
75,0.173888889,-0.1116,0.027257319,-0.119047037,0.006940221,-0.098998502,0.034605116,-0.058867521,0.059821363,-0.00901743,-0.05259085,0.021607085,0.376537961,0.429119486,0.039042133,-0.050117663,0.297753811,0.366670951,0.342336147,0.33403723,0.044062439,-0.003378694,0.208306785,0.193448114,0.142826434,0.120115315,0.125861923,0.054328252,-0.011658363,0.021529475,-0.012606202,-0.025822203,0.005453365,-0.187352491,0.010007758,-0.044901877,-0.015702562,-0.087381323,0.975843802,3.391620238,-19.04400744,3.451429844,0.732010561,3.4208838,4.90E-05,0.001871175,0.000245885,18.8714696,13.962018
76,0.036388889,0.2664,0.182679872,-0.133099655,-0.202018813,0.039353871,-0.119327196,-0.002732292,-0.177469268,-0.054781123,-0.135976364,-0.127899244,0.241864675,0.154249543,0.19784377,0.169021734,-0.028976676,0.351113416,0.299996608,0.251920904,0.018756711,-0.00801114,0.179573232,0.248613206,0.115171426,0.169925269,0.047401702,-0.032115985,0.008006554,0.046682986,0.071612323,-0.082995848,0.01964543,-0.046054378,-0.038002498,0.015511262,-0.082407857,0.005134286,1.130963365,4.0191027,-23.79546694,4.088204384,0.842347675,4.04371686,6.22E-05,0.002123992,-0.000334349,23.5327585,12.909671
77,0.146388889,-0.0906,-0.058090391,0.130509675,0.117416679,-0.057870574,0.125532915,-0.070066259,-0.009341008,-0.047395174,-0.111963094,0.014447081,0.287240509,0.239419826,0.085493064,0.093899188,-0.023735267,0.304539061,-0.014806066,0.367024115,0.175885358,0.188128035,0.18892575,-0.000407124,0.148178581,0.163058842,0.054123121,0.151908214,0.023280147,0.098846275,0.045814965,-0.027892801,-0.064228542,-0.168151777,-0.100896984,-0.126943561,-0.087100601,-0.031576603,0.873746241,3.23211057,-17.51601401,3.285186768,0.639778115,3.27563737,-0.000116441,0.001929481,0.000832312,17.5112602,12.544132
78,0.054722222,0.0186,-0.092913263,0.126606681,-0.017582648,-0.096631688,0.110024678,0.087327009,0.00490921,-0.195317017,0.002212218,-0.097602445,0.466668408,0.08855079,0.084110306,0.298229048,0.130287387,0.339912785,0.363414589,0.110055428,0.026400525,0.115435593,0.267562694,0.084572208,0.142741044,0.142529127,0.049176312,0.096806107,0.002847678,0.027371619,-0.025282511,-0.011425172,0.034413589,-0.036940952,-0.029365847,-0.097389048,-0.077253437,-0.069085895,0.941281743,3.341913613,-18.41670551,3.399433374,0.701786003,3.37320917,-6.19E-05,0.000721089,0.00052647,18.2740298,13.100574
79,0.213611111,0.0144,0.04791481,-0.124795318,-0.242555361,0.022140739,0.122276113,0.030735394,0.021668488,-0.170514563,0.024824554,-0.128405212,-0.003758268,0.044622085,0.428422287,0.381718053,-0.045745532,0.06674667,0.008286181,0.301020698,0.053224613,0.195497811,0.068100321,0.056941733,0.080413612,0.033741062,0.007223609,0.02506282,0.114033696,0.029986093,-0.062128629,-0.018122312,-0.189455424,-0.052913234,-0.132541855,-0.027232054,-0.019002862,-0.038751982,0.962236696,3.920233822,-22.51231517,3.977806568,0.681457459,3.93538355,0.000109826,0.002280601,-0.000512311,22.2910609,12.131144
80,0.140277778,0.0606,0.074938632,0.177554649,-0.245040878,-0.015807923,0.045157464,-0.037789237,-0.118845177,-0.131588305,-0.058738497,-0.033948143,0.24595373,0.297144375,0.156742569,0.034088274,0.303942468,-0.079442308,0.38704596,-0.065395733,-0.002314608,0.198031677,0.254283662,0.272289265,0.066595894,-0.012009844,-0.019887746,0.08356682,-0.024681217,0.000526121,0.095478583,-0.007062512,-0.132547135,-0.128079535,0.013993523,-0.004055347,-0.070167858,-0.056894656,0.912038434,3.501756136,-19.47524769,3.556846619,0.656430127,3.54471803,7.36E-05,0.001903131,-0.000135602,19.4398044,11.8866
81,0.393888889,0.2622,0.043649101,0.122717345,-0.043784964,0.198834745,0.086826789,0.026503098,-0.176155561,-0.025484614,-0.076796235,-0.044661274,0.375751411,0.156279745,0.11133998,0.180024642,0.206571378,0.383999482,0.20051155,0.396031807,0.103217271,0.060179427,-0.028471584,0.17638346,0.073650765,0.013887092,-0.045930448,-0.026335492,-0.002069575,0.011882494,0.074912076,0.089098786,-0.107511825,-0.135241848,-0.02565673,-0.138040298,-0.048791429,-0.068463733,0.769535969,3.167587729,-17.63604766,3.21355176,0.543009537,3.19102687,5.28E-05,0.001921756,-9.72E-05,17.5341533,11.898287
82,0.357222222,-0.015,-0.010993736,0.013817316,0.141951442,0.121511041,-0.14043931,0.07052971,-0.147880163,0.010166142,-0.145444544,-0.048782237,0.205170513,0.267580194,-0.004061107,0.24074352,0.046910007,0.030216297,-0.060075878,0.141766369,0.18326937,0.159681706,0.076130505,0.203366081,0.138739662,0.171114621,0.058086277,0.122853926,0.106918668,0.018210244,0.09462009,0.096272468,-0.109556989,-0.030646966,-0.104668005,-0.053626898,-0.023526424,0.003395045,0.892294941,3.691515472,-21.26267117,3.744766474,0.626667969,3.69410864,1.52E-05,0.00290695,-3.61E-05,20.9771331,10.943377
83,0.363333333,0.1992,0.125848226,-0.137244815,-0.006363928,0.076289148,0.011973361,0.116320696,-0.002848798,-0.062568225,0.007319692,-0.046319406,-0.026612341,0.494284353,-0.079436048,0.168478559,0.038658753,0.056384193,0.034899314,-0.064052797,0.205245508,0.208565246,0.066270957,0.110994859,0.147165539,0.192486193,0.064248161,0.134772924,0.140418206,0.064510308,0.028123308,-0.067757388,-0.164888758,-0.116830122,-0.066804785,-0.080979151,-0.064110794,-0.058179119,0.942781561,3.784968271,-22.05765436,3.841513395,0.667715226,3.79129323,-7.76E-05,0.002005093,0.000879073,21.7301039,10.764754
84,0.131111111,0.1194,0.143853236,0.286363074,-0.131704345,-0.043415328,-0.065684196,0.046356106,0.020604068,0.008993875,-0.015112025,-0.086015266,0.466969091,0.19764777,0.12821961,0.162425177,0.266938926,0.232494522,0.073609376,0.130732243,0.112561747,0.022709254,0.156077952,0.155413209,-0.000926362,0.094064075,-0.014301841,0.050863937,0.002095138,0.090503763,0.035031558,-0.021627149,0.045018477,0.008421256,-0.079037287,0.008306815,-0.01911567,0.009930368,0.81576137,3.278434705,-17.91002114,3.327353239,0.581881363,3.31393632,3.98E-07,0.001560592,0.000148144,17.8833279,11.525979
85,0.29,-0.0696,0.171567363,-0.02347044,0.053765571,0.175796649,-0.132675628,-0.094487742,-0.064173878,-0.144115307,0.003817489,-0.059384711,0.292845952,0.327187648,0.41355397,0.254202819,0.059602717,0.094743361,0.263904373,0.254668742,-0.005227592,-0.011799808,0.224625568,0.121836431,0.145907665,0.003735649,0.176430822,0.113382323,-0.002510173,-0.005629197,-0.011722529,0.036594438,-0.086419267,-0.031284536,-0.169592857,-0.079667069,0.00622238,-0.090829686,1.021964006,3.748326061,-21.9703036,3.810483932,0.751534224,3.76413068,4.85E-05,0.001944978,-0.000408654,21.684309,12.542041
86,0.073055556,0.069,0.173867178,0.250685176,0.032950771,-0.150725906,-0.112680818,-0.007638138,-0.028165247,-0.114018477,-0.015546182,-0.132304421,0.452578502,-0.068892488,0.394010566,0.276528357,-0.01878758,0.164873519,0.278946606,0.213700962,0.132037982,0.207737824,0.257813545,0.091196912,0.1832903,0.182228222,-0.032289225,0.022936326,0.076654319,0.044110222,0.039642081,0.068958512,-0.002668277,0.000310159,-0.075920592,-0.007801895,-0.057798444,0.007444974,0.9273246,3.519853412,-20.15980749,3.57596612,0.67438132,3.53793283,9.23E-05,0.000889434,-0.000427985,19.9576523,12.641505
87,0.161666667,0.1236,0.036092069,-0.166877546,0.036499539,0.02673475,0.124275344,-0.097061442,-0.145723412,-0.140319192,-0.106120425,0.018862116,-0.059773005,0.461077967,0.161120043,-0.065671082,0.069074577,0.009286736,0.038702936,0.064880278,0.186896273,0.012054885,-0.017244295,0.16242341,0.015514936,0.056719206,0.138454832,0.144679811,0.084820111,0.061696181,-0.079033948,0.007972033,-0.009224889,-0.013295225,-0.025312691,-0.037937965,-0.002116832,-0.085797238,0.986835754,4.109965258,-23.94762255,4.168791771,0.691902536,4.11974468,2.59E-05,0.00221558,-0.000331755,23.6638778,10.940475
88,0.335833333,0.1362,-0.012333438,0.215502837,0.117854856,0.033664523,-0.03666289,-0.02396866,0.011319446,-0.060953043,-0.098080559,-0.09203636,-0.08110169,-0.044765815,0.115818726,0.12430795,0.04193089,0.29731269,0.380687052,0.111460747,0.142604838,0.144575995,0.168697999,0.055962571,0.099097496,-0.008670963,0.049540795,-0.006317564,0.076330415,-0.016388527,0.011665623,0.06186067,-0.185515443,-0.095041577,0.022799847,-0.067159357,-0.111156261,0.008708754,0.772739281,3.406458193,-18.84830731,3.452063799,0.53039076,3.42671662,-4.28E-05,0.001588833,0.000243745,18.7076789,11.025436
89,-0.064444444,0.0018,0.193878151,0.03820533,0.152135859,0.075026209,0.00308304,-0.021173606,0.0548982,-0.027396233,-0.146546466,-0.096693394,0.431630823,0.203346738,-0.097153988,0.303565674,0.052418373,0.156531397,-0.061318609,0.354690773,0.043634738,-0.020172723,0.201249377,0.175556803,0.066103529,0.062634275,0.095653912,0.001828421,0.013082328,-0.003462359,-0.018633503,-0.043156837,-0.040401656,-0.135901943,-0.188856895,-0.043195955,7.19801E-05,-0.092117125,1.020723244,3.707003311,-21.29462219,3.769175291,0.752290899,3.73327384,-1.25E-05,0.003570745,0.000905837,21.1218898,11.510565
90,-0.128611111,-0.0066,0.101087527,0.101756827,-0.136960438,0.186980456,-0.030454699,0.01696135,0.049518913,-0.028403382,-0.036437585,-0.14579134,0.254314291,0.0714805,-0.059585965,0.347863795,-0.022151442,-0.03105532,0.194294687,0.324759435,0.10735275,0.09451123,-0.041695661,0.206577654,0.017104471,0.008490958,-0.036933424,0.182135241,0.025419685,-0.006050174,0.00920849,0.070589818,0.027411942,0.026924268,-0.04426645,-0.066085969,-0.098945989,-0.04581298,1.00336832,3.976403238,-23.15518971,4.036708355,0.717611164,4.00128927,-1.16E-05,0.001694251,0.000205667,22.9950699,11.460623
91,-0.073611111,-0.12,-0.012651406,0.204490779,0.19980242,-0.108863656,-0.087859734,0.086161469,-0.092540604,-0.109995691,-0.100679007,0.004408907,-0.02230639,0.483887307,0.084722099,0.013081266,0.24982644,0.021774432,-0.075230267,0.167664203,0.03147045,0.042027763,0.003099616,0.121192865,-0.006368592,0.109569372,0.150629649,-0.003370663,0.010276337,0.024420289,0.040790479,0.007071793,0.028905551,0.009583851,0.020040444,-0.053891591,-0.11228509,-0.091630809,0.926202937,4.000507192,-23.0195057,4.055370808,0.639344143,4.00426491,0.000153484,0.002560486,-0.001236277,22.7163248,10.616717
92,-0.128611111,0.0228,0.175335679,0.093991051,0.185556229,-0.186568162,-0.056523403,-0.044044018,-0.045261807,-0.153028454,-0.0480468,-0.062991464,-0.028243715,0.346652341,0.182168594,0.061334523,0.310061193,0.362688408,0.017397398,0.097311027,0.248786019,0.2259562,0.189909873,-0.004987098,0.028742891,0.06393014,-0.01458889,0.150130873,0.003814136,0.032204943,-0.002864758,-0.05260057,-0.006360194,-0.000532388,-0.080640032,-0.016752461,-0.064324987,-0.024091515,1.085571278,3.913439457,-22.98558595,3.979632139,0.802090675,3.93656127,-0.000133887,0.001219216,0.001060097,22.7347831,12.024482
93,-0.076666667,-0.0402,0.048910375,0.154084799,0.077908031,-0.046235619,0.085883839,0.003056946,0.012053046,-0.031280093,6.93438E-05,-0.145661205,-0.040618596,0.391231573,0.040672821,0.112825927,0.28038159,0.098652154,0.057855834,0.091993966,0.276762208,0.20374347,0.244533393,0.205961459,0.050913531,0.058423007,0.158720887,0.128235185,0.139581475,0.009173225,0.02376335,0.0679924,0.042324496,-0.146740203,-0.197987549,-0.119936899,-0.022379569,-0.037211096,0.905878994,3.585132064,-20.32179106,3.639589787,0.648228579,3.61738541,0.0001996,0.002199596,-0.00130238,20.2166937,11.890965
94,0.118888889,-0.0402,0.162213627,0.219281257,-0.124017534,0.187465802,-0.045333905,0.057264008,-0.031249422,-0.18442104,-0.09207347,-0.069046775,0.069345625,0.212038861,0.354981896,0.003662835,0.287408627,0.144992699,0.393771575,0.184258089,0.136550932,0.144121019,0.287017074,0.125179199,0.031555153,0.143834802,0.046230641,0.185412179,-0.012617014,-0.018201363,-0.029363158,0.046547242,-0.057682845,-0.18446918,-0.039035461,-0.117052375,-0.035187866,-0.077673071,0.954852061,3.619070047,-20.77973885,3.676861286,0.693529206,3.63806804,0.000149021,0.001067522,-0.000850902,20.5706389,12.608806
95,-0.052222222,0.1782,0.158502073,0.292846545,0.113236482,-0.136815505,0.074482903,0.100049419,0.054518582,-0.152223241,-0.071800238,-0.125955419,-0.055819269,0.396531768,0.412902442,0.118570635,0.25546189,-0.024146388,0.189876428,0.122156409,0.057897932,0.030507668,0.144774309,0.184524753,0.0723795,0.181398938,-0.037766167,0.013645945,0.003555691,0.066315667,-0.019419385,-0.043233335,-0.10101795,-0.160900801,-0.048508444,-0.005028135,-0.080606237,-0.080616259,0.861848721,3.704369638,-21.46053199,3.755465508,0.596040911,3.70622757,-9.09E-05,0.00202012,0.000812679,21.1456867,11.472713
96,0.137222222,-0.0444,0.077014835,-0.16325906,0.015440072,0.176845058,0.062092526,-0.06231963,-0.160754313,-0.006401498,-0.085548033,-0.014822098,0.342308863,0.247123125,0.254585642,-0.048799917,0.09869134,0.154821504,0.236003974,0.05091994,0.287968501,0.044880136,0.256426623,0.000223602,0.14506926,0.127100056,0.001587312,0.015475754,-0.020213413,0.080097006,-0.006149733,-0.085851555,0.001050971,-0.110273958,-0.174143904,-0.035301693,-0.0392046,-0.082320245,1.0075921,3.721670767,-21.36781343,3.782891035,0.738457546,3.74571066,0.000567956,0.002984478,-0.004818291,21.2004674,12.437469
97,0.121944444,0.1488,0.149528073,0.011421726,0.115732274,0.108333629,-0.033883829,0.067685747,-0.041824079,-0.070699495,-0.085745478,-0.044999323,0.447042475,-0.08707331,-0.080410047,0.108191128,0.129956984,0.0640822,0.302755578,0.338978971,0.05518087,0.016117352,0.166821328,-0.012764532,0.180678099,0.090261453,0.003930001,0.084866278,0.03248889,0.051074326,-0.015942088,0.03653345,-0.112873725,-0.131981505,0.010928027,-0.055184943,-0.024196553,-0.028201006,0.961150701,3.759305458,-21.87173932,3.817194462,0.690195607,3.76096539,5.65E-05,0.000384889,0.00027048,21.5465403,11.255184
98,0.216666667,0.2874,-0.035535877,-0.15624296,-0.192994991,0.195690244,0.083438835,0.109670638,0.034086204,-0.088539593,-0.030105668,-0.021230062,0.038959057,0.489722353,0.400205126,0.2040752,0.078500279,0.181666884,0.085098078,0.376362908,0.211597563,0.16498885,0.000417627,0.259295928,0.192759778,0.030068925,-0.041761656,-0.014203256,0.106467279,0.015736344,0.060790967,0.04743664,-0.161015035,-0.080817289,0.001714975,-0.132854912,-0.034027872,-0.070755385,0.990390576,3.817536323,-22.81197598,3.877323151,0.715109939,3.81605132,-2.25E-05,0.001699536,0.000350542,22.4307226,13.043419
99,0.027222222,-0.0696,0.11831642,-0.058483639,-0.247207312,-0.11574186,0.102124487,-0.031104768,-0.0940342,0.021783213,0.027186858,-0.014614648,0.002683359,0.442397106,0.218967266,0.211096739,0.017615416,-0.027697537,0.095543508,0.197745762,0.123037281,0.122251428,0.03549614,-0.017791531,-0.02919333,0.080250879,0.121700405,0.163106103,-0.013072088,0.087337498,0.020633833,-0.028914565,0.033371583,-0.189514512,0.004241859,-0.054456117,-0.066332893,-0.049917115,0.941214519,3.903623428,-22.01709113,3.959770203,0.663085706,3.93197947,0.000175783,0.001542687,-0.000874137,21.9306322,12.161139
100,0.296111111,0.132,0.101726674,0.169877196,-0.162768422,-0.137548747,-0.063452387,0.115707178,-0.108192901,-0.110714663,-0.087445113,-0.149952962,0.105889962,0.032552608,-0.086563075,0.132457086,-0.032867689,0.392701579,0.028407212,0.036684066,0.235688255,0.245641655,0.055511354,0.032368624,0.185665519,0.035311135,0.099592759,0.007736475,0.064103338,0.043305815,-0.066968295,0.095839688,-0.035099173,-0.192142911,-0.189933614,-0.088349798,-0.08102462,-0.072184265,0.877683828,3.359531189,-18.12790227,3.412571669,0.634847419,3.40120395,-9.75E-05,0.002406928,0.0006084,18.10544,11.181022
101,0.063888889,-0.057,-0.085537612,0.04768318,0.079732916,-0.026354404,0.119136172,0.097130158,-0.119681801,-0.094164193,-0.001361252,-0.028164551,0.362958018,0.020184564,0.415547421,0.14009795,0.182928592,0.293051341,0.297292863,0.219329712,0.07072031,0.033059783,0.246177261,0.235948439,0.062317726,0.185672091,0.198062994,-0.014965104,0.134461157,-0.01263551,0.05366346,-0.000160185,-0.186185203,-0.005412547,-0.08281343,-0.106405698,-0.090563959,-0.009478259,0.9189776,3.283311757,-18.07303835,3.339418411,0.683597196,3.30667063,8.44E-05,0.002145511,-0.000109454,17.9131519,13.414675
102,0.235,0.1068,0.038418683,0.02652084,0.079064362,0.166447144,-0.128518001,0.079487561,-0.083645533,-0.089240205,-0.007553573,-0.109859626,-0.024446903,0.339725692,-0.095866584,-0.019638072,-0.002434782,0.316693752,-0.01662129,0.037464806,0.146892749,-0.025305988,0.230116509,0.217868569,0.034034432,0.139645648,0.035366729,0.099526184,0.087026852,-0.003919168,-0.044583138,0.068386318,-0.008092411,0.007248477,-0.026538733,0.014155981,-0.032730389,-0.06170962,0.963193412,3.7606927,-21.57995492,3.818720818,0.691369257,3.77824003,4.13E-06,0.001458795,-8.61E-05,21.3271606,10.347037
103,0.155555556,0.1236,-0.06470864,-0.017320804,0.039883591,-0.104143685,0.026576635,0.095875234,-0.124795763,-0.139531077,-0.070297429,-0.132916501,0.310909502,0.31241993,0.281846272,0.084705108,0.346305944,0.210282479,-0.007785064,-0.044018878,0.068009012,0.128575515,0.058770049,0.048321801,0.015022035,-0.009890535,0.00932125,0.078283843,0.088534013,0.007336131,0.024724353,0.01252577,-0.123830811,-0.15296772,-0.104256414,-0.13224493,-0.102689476,-0.04329906,0.940744928,3.751105895,-21.16861532,3.807591438,0.670682283,3.77052032,4.04E-05,0.002128465,-9.25E-05,20.9544098,11.569369
104,0.143333333,0.0102,0.115861329,-0.095407064,-0.176694773,0.181447841,0.102282738,0.105276934,-0.17272281,-0.125528158,-0.099478041,0.023318886,0.215920206,0.046271444,0.119067831,0.185298899,0.06844375,0.083724667,0.104180908,-0.046310247,0.036266795,0.177625014,0.276230258,-0.039568527,0.134245002,0.113610372,0.182279862,-0.002005282,-0.015342073,0.081667945,-0.040463367,-0.069593659,-0.15978453,-0.038223655,-0.004016525,-0.0605326,-0.111957827,-0.012470083,1.003511883,3.688909685,-20.43161883,3.749925137,0.737761899,3.72889462,0.000128368,0.002896754,-0.000335941,20.3827668,11.090531
105,0.308333333,0.2454,0.19326609,0.243726552,-0.046085129,-0.089909187,0.084357648,0.107488338,-0.066711219,-0.154974486,-0.055852992,-0.11589326,0.390874394,0.333406218,0.237196255,0.068925891,0.335991804,0.151789767,0.30178154,0.066390283,-0.021952638,0.041467958,-0.034859483,0.11049178,0.027558639,-0.007277911,-0.01110931,0.161875431,0.129298532,0.042220209,-0.081865939,-0.072673053,-0.121658229,-0.005839351,-0.050147584,-0.094613608,-0.044720196,-0.068083871,0.785154013,3.304681076,-18.3408825,3.351400614,0.547563611,3.32591242,7.04E-05,0.001833982,-0.000334295,18.1866702,11.487618
106,0.228888889,0.132,0.10626341,0.04102781,-0.2386008,-0.091636199,-0.119852305,-0.041702709,-0.119076823,-0.112848646,-0.110386073,-0.024011002,0.239443293,0.451100194,0.234668287,0.302271561,0.216944125,0.165195902,0.096307047,0.049054772,0.111619217,0.194952533,0.298653173,0.128560063,-0.006773032,0.156457881,-0.017186241,0.03732136,0.075847349,0.041238147,-0.038259119,-0.099026095,-0.178639503,-0.020599801,-0.035429841,-0.02397806,-0.036233515,-0.095500927,0.961454671,3.689511989,-20.85494467,3.747592211,0.696347543,3.71782953,-2.76E-05,0.001633562,-2.86E-05,20.7005719,12.971246
107,0.005833333,0.0732,-0.00565385,-0.087834303,-0.180467482,-0.121681223,0.041518074,0.020347313,-0.025248009,-0.041240924,-0.048651678,-0.036274875,-0.002076653,0.341402399,-0.022846051,-0.024474759,0.008261263,0.22961362,0.194083781,0.258894616,0.164121813,0.086708778,0.181664936,0.21641993,0.156365569,-0.006802416,0.179972158,0.081348467,0.025766505,0.093104895,-0.047572438,-0.093604434,0.014846355,-0.023206347,-0.15717258,-0.115426056,0.008374645,-0.075937565,0.984636811,3.795147552,-21.44978075,3.854587555,0.713434173,3.81243675,0.00014841,0.001334469,-0.000921678,21.2331655,12.854692
108,0.225833333,0.0774,-0.048705773,-0.184354474,-0.029552416,-0.125255,0.100620884,0.064308092,0.043333577,-0.140068767,0.008180527,0.022008725,0.446294125,0.107354536,0.248612536,0.188476457,0.049593531,0.213025525,0.132159657,-0.061344778,0.113007127,0.115622773,0.250700174,0.031794693,0.126883063,0.180098047,-0.029464921,0.126924476,-0.021172545,0.077554512,-0.008681205,0.000901609,-0.099643699,-0.133515465,-0.166393503,0.002831103,0.012285196,-0.013979747,0.999255441,3.62750569,-20.35293967,3.688373804,0.736750355,3.65350037,-3.21E-06,0.001725627,0.000318753,20.1478556,12.285629
109,0.082222222,0.1236,0.010836549,0.241195674,-0.103364344,-0.18563883,-0.050120995,-0.119888226,-0.106429354,-0.123463469,-0.033548644,-0.149528194,0.17846208,0.321221712,0.280910902,0.028770835,0.232359345,0.001444594,-0.051875532,0.114455672,0.113878868,-0.02273148,-0.049690916,0.060141517,0.160350538,0.133016247,-0.020744929,0.046340488,0.032095524,0.023110516,0.070982467,0.073575582,0.04992842,-0.042387183,-0.190315739,-0.021152613,-0.005453359,0.000935351,0.876240467,3.839961054,-21.64325493,3.891730547,0.602253611,3.8582949,0.000100228,0.001094203,-0.000399518,21.493523,11.035671
110,0.228888889,-0.0948,0.01612219,-0.062466318,0.248346464,0.091880525,0.114199553,-0.070954824,-0.020974576,0.039675581,-0.073701959,-0.110306442,0.097372329,0.399992254,-0.095007669,0.059986319,0.159845766,0.369807827,0.090739944,0.072284085,0.164711308,-0.004959972,0.040862435,0.159675056,-0.00401924,0.147792617,-0.038848131,0.126640055,-0.015194644,0.055523854,0.018028008,-0.033200378,-0.017044627,-0.028209544,-0.137518954,-0.036020297,-0.115771344,-0.066822722,0.880690305,3.492718281,-19.61490126,3.545644045,0.627305361,3.50541954,6.71E-05,0.002620262,-0.000244076,19.4230145,11.268539
111,0.378611111,0.2496,-0.041164103,-0.121859044,0.043919991,-0.12018289,-0.082821273,0.035869145,0.032988549,-0.133969408,-0.055446273,-0.11255595,0.312022711,0.322309616,0.112935418,-0.043218294,0.221718706,0.294065098,0.380059997,-0.070313462,0.150386703,0.017016021,0.140373114,0.095703585,0.141045161,0.152211883,-0.016434718,0.101304108,0.080620358,0.077147343,0.02432303,-0.025621441,-0.187065826,-0.059060036,-0.024126559,-0.016313268,-0.025060823,-0.059504781,1.007075267,3.694625251,-21.36182364,3.755875349,0.739061325,3.69146209,-1.78E-05,0.000984553,0.000662782,20.9298272,12.390573
112,-0.104166667,0.0312,0.109108326,0.144816601,-0.016315915,-0.039648697,-0.083478838,-0.008294835,-0.150419182,-0.025243892,-0.066085304,-0.144425615,-0.058708689,0.006257241,0.165391862,0.175166407,-0.004957341,0.016099791,0.110463549,0.149425261,0.086331401,0.153436042,0.216925589,0.096626479,0.150052082,0.030534307,-0.027582581,0.076008669,0.04299971,0.018664844,-0.013076084,-0.04280919,0.044069324,-0.090961494,-0.023837558,-0.140607367,-0.087942002,-0.046918337,0.939764033,4.022214269,-23.05844952,4.077970982,0.652442023,4.0386821,3.54E-05,0.001377716,-0.00016744,22.8529171,11.030692
113,0.341944444,0.0438,-0.075182529,-0.153713397,-0.20174692,-0.152527932,-0.025376797,0.070168765,-0.112702125,-0.181716749,-0.040968228,-0.134591655,0.201902407,0.14497466,0.27127221,0.171234119,0.064494218,0.143739079,0.089345233,0.076798747,0.129572524,0.179404136,0.044362532,0.272013358,0.04629919,0.162203076,0.068052531,0.053938123,0.10125427,0.024593401,0.039229082,0.07383604,0.038255317,-0.159767115,-0.129823946,-0.077374259,0.007110519,-0.085078515,1.012330846,3.976874009,-22.72275074,4.037803173,0.727513106,3.9925548,-9.32E-05,0.000847627,0.000543105,22.4525272,12.437998
114,-0.0125,0.1488,-0.026296643,0.278933263,0.130271643,0.080672435,-0.017862054,0.102839275,0.007856496,-0.019009477,0.007079557,-0.012549085,0.228969875,-0.041571794,0.097055208,0.021076891,-0.003431535,0.319243558,0.075074738,0.341817626,0.237398812,0.105696155,0.192386986,0.267188639,0.139431594,0.09216787,0.199335584,0.137196854,0.062025491,0.05081236,0.034111304,0.065802632,-0.136723443,-0.012230432,-0.097461571,-0.069909397,-0.027886055,0.00770222,0.87092969,3.231693769,-17.96194552,3.284574509,0.638405041,3.26106483,-0.000125263,-0.000206393,0.001370666,17.8425737,11.753621
115,0.018055556,0.0564,0.103147044,-0.042368969,0.090452944,-0.019253342,0.005080627,-0.056735649,-0.034830453,-0.124513458,0.015335617,-0.109246353,0.389976907,0.105846392,0.106809652,0.133025201,0.141425151,0.298813277,0.13874196,0.313106722,0.241034621,0.123872782,-0.037343253,0.247301508,0.174501316,0.174311418,0.071488538,0.173642201,-0.012134136,-0.014852071,-0.005707197,0.030268658,-0.002400148,-0.016684267,-0.062651334,-0.102506914,-0.115480933,-0.041895412,1.068747239,3.766612051,-22.13879024,3.831988811,0.796597667,3.7866771,-0.000100233,0.001204296,0.000621376,21.8728437,12.933977
116,0.222777778,0.1698,0.141118546,0.162066086,0.131121141,0.061339243,0.075445148,-0.017446367,0.063379635,-0.037801,-0.000363197,-0.094479765,0.057558196,0.255484512,0.145929578,0.087956438,0.003616382,0.141821678,0.241680518,0.349906255,0.056306693,0.079217969,0.150208881,0.169516965,0.093557058,0.164904612,0.18579201,8.19707E-05,-0.014713223,0.046899895,-0.029926682,0.081531314,-0.187618131,-0.024826816,-0.08186494,-0.056879152,-0.06767779,-0.066597562,0.810075312,3.365278653,-18.93816964,3.413589001,0.569320833,3.38343302,-2.18E-05,0.001789745,1.67E-05,18.7680125,11.457375
117,0.250277778,0.2118,0.121788549,0.119469462,-0.134374198,0.030279818,0.038454794,-0.085222897,-0.040716521,0.047454267,-0.051484612,0.02123262,0.066329401,0.135984248,0.159409492,-0.071672301,-0.01802695,0.37748741,-0.041508833,0.05629561,0.135781264,0.113722747,0.136422854,0.064193845,0.10470265,0.158528917,-0.001353969,0.199164986,0.06338739,0.080268423,-0.082280277,0.021667572,-0.05929911,-0.181269672,-0.014728842,-0.134426706,-0.033359279,-0.074675092,0.832427323,3.27785725,-17.5627063,3.327939749,0.595776846,3.32341929,6.93E-05,0.001408182,-0.000179922,17.6113296,10.838058
118,0.057777778,-0.036,0.135432178,0.009329974,-0.02521895,0.154779225,-0.04378795,-0.103061342,0.007176791,-0.076242592,-0.045326107,-0.11700285,0.128387865,0.236993227,0.388055199,0.217333951,0.031142761,0.399742669,-0.028483284,0.390754662,0.163599089,-0.004343454,0.039218332,0.04404185,-0.006460363,0.06095647,0.142873285,0.151595654,0.13758841,0.094063693,0.009938884,-0.04130738,-0.049048056,-0.161573427,-0.147371674,-0.003432879,-0.101514013,-0.072353354,1.02316294,3.660192666,-21.09072688,3.722648859,0.757707166,3.69647158,8.93E-05,0.002463979,-0.000983871,20.982912,12.690042
119,0.235,-0.0612,0.19947601,0.065719661,-0.139725161,0.186163519,0.019436007,-0.119598313,-0.153186127,0.029041109,-0.027090875,-0.105786782,-0.094382646,0.342696638,0.346714813,-0.063510614,0.01609301,0.123550594,0.200204211,0.275910237,0.254627063,0.09975774,0.004351454,0.116784584,0.066370085,0.117354254,-0.000623365,0.099262563,0.036333378,0.067831666,0.09960233,0.089607343,-0.089020308,0.028420284,-0.08397504,-0.043051681,-0.099383597,-0.033806011,0.901412894,3.681653408,-21.08593194,3.73556447,0.63702532,3.70741585,7.14E-05,0.002253778,-0.000246938,20.9799095,11.873076
120,0.341944444,0.1068,-0.071532348,-0.224743332,-0.011109576,0.11755179,-0.006305796,-0.009550121,0.041104462,-0.065865104,0.029620356,-0.04716681,0.033527711,0.303287177,-0.093694911,0.262362087,0.30165717,0.203869345,0.124820056,0.14357786,-0.016662926,0.055686104,0.179316108,0.062007278,0.074284056,-0.019055202,0.112257459,0.006805817,0.078065752,-0.016890065,0.036002891,0.078429476,-0.050246004,-0.061450221,-0.049305118,-0.00364964,0.016285394,-0.076152729,0.961112106,3.856602025,-22.22864288,3.914251328,0.683565312,3.86127645,0.000156482,0.000469243,-0.000735085,21.9280433,11.115622
121,0.091388889,0.2706,-0.089146239,-0.231644963,-0.030266719,-0.024289973,-0.009093227,0.074728398,-0.0496956,0.025377282,-0.014244659,-0.04375845,-0.009686524,0.373285805,0.19507833,0.28585279,0.11210736,0.218624282,0.264888811,0.29787347,0.196603399,0.147225424,0.01562042,0.148535241,-0.029906005,0.021137641,0.095039996,0.173166886,0.024945452,0.09666091,-0.042260478,0.0129598,0.039447203,-0.190166285,-0.011654965,-0.089835254,0.00231617,-0.02777726,1.076981996,4.044562463,-24.17175259,4.109836578,0.784058615,4.04286027,-4.43E-06,0.000121454,0.000173702,23.7558525,13.065077
122,0.357222222,0.1194,0.010974368,-0.206980684,0.248721991,-0.084152166,0.088518026,-0.018481936,-0.051106207,0.016516178,-0.146269167,-0.037859599,0.076168135,0.228882601,-0.026285877,0.030149015,0.303091925,0.276336149,0.105036508,0.288985426,-0.041617086,0.187613759,0.126796237,0.133749341,0.117627765,0.11431773,0.025913964,0.168691532,0.102271425,0.078866466,-0.083742058,0.060024097,-0.043706818,-0.108844775,-0.092096732,-0.072247516,0.017913863,-0.016567716,0.938078607,3.680402562,-21.1168017,3.736874342,0.671731976,3.68858801,-3.95E-05,0.001127013,0.000292149,20.8222604,11.604289
123,0.3175,0.0816,0.177894717,-0.018798096,-0.007682604,0.036474013,-0.091188172,-0.062596604,-0.034764342,-0.098038787,-0.095690797,-0.068054303,0.289502966,0.272285074,0.364007112,0.064581448,0.169678178,0.338068449,0.305581829,0.142762139,0.029040392,0.100476053,0.214155008,0.208395206,-0.004630263,-0.010970409,0.185055992,-0.007388049,0.043376705,0.056509352,0.058841523,-0.044648111,-0.111490786,-0.176251614,-0.021802978,0.006883662,-0.113169887,-0.032420687,0.960866243,3.446603832,-19.47192345,3.505234718,0.71281663,3.48321212,7.86E-06,0.002006367,0.000270466,19.3572681,12.658176
124,0.204444444,0.2454,0.153309485,0.203345584,-0.109948173,-0.156650797,0.084869162,0.0983683,-0.156939909,-0.117056567,-0.131154509,-0.118676878,0.307867587,0.360639274,0.417910682,0.031965487,0.090086697,0.015062074,0.378657115,-0.072395637,0.282928361,0.246620666,-0.046832265,0.156438235,0.086382927,0.118645894,0.036785744,0.065493373,0.036169981,0.04201568,0.066638838,0.090607785,0.034615402,-0.07849211,-0.013721248,0.013609841,0.013214904,-0.060246911,0.839063654,3.499430886,-19.98864982,3.549436569,0.587310839,3.51460573,-5.61E-05,0.000943202,0.000344128,19.7968111,12.062538
125,0.192222222,-0.0192,-0.008693354,0.278203225,-0.025917408,-0.012802081,0.057974135,-0.057699731,-0.174933593,-0.039372903,-0.060377892,-0.032916137,0.328544398,0.47800515,0.149166524,0.06513588,-0.040376324,0.244592841,0.345693702,0.324163284,-0.014595456,0.178854773,-0.018354551,-0.015402422,0.133608314,0.140753289,-0.018517744,0.093658349,0.022195367,-0.007811787,0.017780488,0.082864081,-0.18374174,-0.160584577,-0.193929808,0.007360648,-0.016164201,-0.015324107,0.802849784,3.277688944,-17.88693688,3.325708628,0.569265785,3.31334949,-4.32E-05,0.000647174,0.000217505,17.8384155,12.973092
126,0.390833333,0.0816,0.050347307,-0.130429162,-0.168722799,-0.025944329,-0.087500996,0.005018194,0.026311493,-0.158850339,-0.142223336,-0.024788894,0.266344087,-0.018057555,0.049474921,0.137559867,0.128399991,-0.036920554,0.322641263,0.255320774,0.187415577,0.026927971,-0.021089314,0.240353524,0.000355068,0.133517262,0.043161571,0.09559897,0.023971112,0.01112145,0.02503472,-0.096681646,-0.178331463,-0.194466056,-0.000674148,-0.034536379,-0.004196555,-0.026581492,0.993828143,3.962617497,-22.91343517,4.022290707,0.70819711,3.9710472,-0.000145775,0.001024227,0.001139279,22.6026357,12.161556
127,-0.003333333,-0.0906,0.088027643,0.063680577,0.058686385,-0.009487562,-0.135720884,0.096342749,-0.072804492,0.032403626,0.016410865,-0.089370014,-0.056656032,-0.028633908,0.312239554,0.284833667,0.109109741,0.004745762,0.231132726,0.029390596,0.291838637,0.144808336,0.099806365,-0.010484793,0.070656827,0.136581791,0.039889474,0.026569712,0.088380918,0.04865192,0.049323554,-0.001037578,-0.085205878,-0.1139019,0.029412346,0.011597348,-0.116128644,-0.044033819,0.974520184,3.950915809,-23.12772676,4.009270668,0.689730238,3.95408366,0.000131981,0.000889901,-0.000785147,22.820526,11.50978
128,0.366388889,0.2874,0.189175104,-0.200125739,-0.17125844,0.159593224,-0.004033674,-0.109427728,0.031983892,-0.130175708,-0.084283646,-0.116593386,0.280174587,0.185465649,-0.097041946,0.1813177,0.326500552,0.274454016,0.085570453,0.346040999,0.031764431,0.06919426,0.162615123,0.227048939,0.020022832,0.167232909,0.081364601,0.193727814,0.089200149,0.02197662,-0.02225081,0.031423583,-0.078922226,-0.167432571,-0.016140894,-0.046928729,-0.110036042,-0.048785227,1.005924966,3.726192845,-21.56677181,3.787285805,0.736399177,3.75273823,-2.44E-05,0.001251935,0.000787387,21.3800947,12.042887
129,-0.058333333,-0.1032,-0.080910377,0.070926848,-0.009928256,-0.088665919,0.045621123,0.028629702,0.038909508,-0.00213098,-0.113051805,-0.091005712,0.050678717,0.133392301,0.12410551,-0.076618775,0.238057774,0.338809815,0.398485768,0.029114644,0.264504654,0.231792649,0.178475837,0.05185107,0.038783568,0.130915668,0.123656726,0.152767728,0.016634214,0.081143066,0.021017107,0.025915445,-0.011055567,-0.16424756,0.024422646,0.016868432,-0.044395219,-0.014423951,0.956707845,3.49962918,-19.56208702,3.557840824,0.704554352,3.53299929,9.23E-06,0.00261721,0.000273788,19.4535209,12.991077
130,0.293055556,0.1782,0.071663814,-0.060793199,-0.078618775,-0.032795323,-0.052127373,-0.108831872,0.002007198,-0.174187618,-0.081539454,0.013393588,0.24320474,0.338937756,0.420370927,0.034840818,0.105982451,0.366138711,0.028677469,0.015602469,0.064096045,0.004317101,0.141351539,0.209718101,0.182497486,0.115373951,0.069343803,0.06593541,0.05196944,0.058398524,0.060779182,-0.06039412,-0.074639268,-0.072999696,-0.122597606,-0.032958307,-0.03131244,-0.095939799,0.982401993,3.69516059,-21.09035466,3.754688263,0.716059734,3.71140044,0.000140234,0.001076371,-0.000643746,20.8521387,12.226299
131,0.393888889,0.1152,0.059265113,0.180924235,0.041216722,0.144910064,-0.131956857,-0.04871471,-0.056816923,-0.035787388,-0.140879833,-0.02551677,0.106745489,0.294474297,0.258339812,0.063337516,0.256625048,-0.021009769,0.054903427,0.052850368,0.245826956,0.166822309,0.278075425,-0.024496266,0.030709012,0.147082751,0.177477179,0.180588791,0.048870022,0.029004414,-0.044232034,0.060685973,-0.031744969,-0.105756494,-0.171659665,-0.006518882,-0.045977661,-0.076846478,0.832627233,3.427408521,-19.27303986,3.477140665,0.585308415,3.45647871,-2.80E-05,0.001183329,9.19E-05,19.1965886,10.824693
132,-0.107222222,0.1152,0.198293342,0.083827955,0.025284259,-0.062960627,0.0234773,0.074183487,0.065292441,0.044513206,-0.061239904,-0.086250092,0.20284558,0.456681008,0.262873963,0.257067244,0.24788643,0.007218657,0.162313747,0.201109336,0.287344668,-0.002039891,0.034201533,0.04274161,0.127276334,0.11633021,0.176660106,0.007246171,0.004059628,0.070261889,-0.045141985,0.032547793,-0.057016676,-0.067700045,-0.1435886,-0.009680866,-0.056802263,-0.01024706,0.980317398,3.7646651,-22.13363778,3.82387805,0.709046448,3.77253252,1.30E-05,3.40E-05,0.000104828,21.8543326,12.507715
133,-0.104166667,0.1908,-0.013778172,0.105559466,0.074503443,-0.0079596,0.053073612,0.039601246,0.015821165,-0.11757674,-0.021955919,-0.032068925,0.489119806,0.288668643,-0.048791876,-0.055929819,0.337974622,-0.030033684,0.121898685,0.239133174,0.203845803,0.119610018,-0.005238807,0.106121233,0.002626566,0.195222527,0.093706848,0.132244268,0.017126954,-0.006808373,0.044844932,-0.036728306,0.026706497,-0.014519097,-0.122243537,-0.135786399,-0.101959944,-0.00535261,0.998341416,3.880975432,-22.83419318,3.941162348,0.717961618,3.88374669,-4.28E-05,-0.000266504,0.000701701,22.478325,11.574067
134,-0.131666667,0.2664,0.170353022,0.066569747,0.192544476,0.074632597,-0.117431864,-0.045321497,-0.192876383,-0.053278052,-0.004340025,-0.049866944,0.447636971,0.050704068,-0.058631481,0.279605407,0.27202539,-0.022164818,0.321983755,0.087720603,0.206741252,0.114054841,0.186294787,-0.026575909,0.006141604,0.086620808,0.100165905,0.036301215,-0.026122428,0.057699233,-0.023975507,0.055820363,-0.06191221,-0.101561513,-0.030723664,-0.070282208,0.019146539,-0.089151414,1.143909548,4.074648919,-24.60468097,4.144518375,0.846232662,4.08119786,5.63E-05,0.002608654,-0.000213059,24.2117067,11.24906
135,0.4,0.0648,0.117311412,-0.233820265,-0.176205433,-0.040209391,-0.124450614,-0.002963368,0.02899305,0.036771206,-0.012375627,-0.07939021,0.410152476,0.254706561,0.227419794,0.014224807,0.243594677,0.291248608,0.187311623,0.338564784,0.196214244,0.157429327,0.298039661,0.143949489,0.135134634,0.189127892,0.086799066,0.073082448,-0.017649857,0.084721407,0.040769396,-0.065664207,-0.019224787,-0.124311176,-0.058066966,-0.070389485,-0.050479673,-0.063065862,1.014425749,3.496943505,-19.93357381,3.559187889,0.76222245,3.52544023,0.000109693,0.002147995,-0.000456978,19.7708582,13.793715
136,0.1525,0.1782,0.122540953,0.138816126,0.024159773,0.069304656,0.110994098,0.105082678,-0.144381288,-0.167007838,-0.052790615,-0.044446841,0.228120383,0.314859648,0.245143667,-0.058947732,0.341309727,0.228290912,0.317182673,0.226738055,0.199423305,0.120602461,0.275401242,0.071213631,0.116439306,0.151225534,0.196196132,0.129961585,0.086548289,0.035488494,0.092263484,-0.035598839,-0.075348755,-0.071379434,-0.194385716,-0.14259079,-0.047611994,-0.074509446,0.898499897,3.340709792,-19.05846221,3.395248175,0.658517317,3.36177629,-1.25E-05,0.000102246,0.000249699,18.8642746,12.657302
137,0.137222222,0.1908,-0.077806759,-0.057720469,-0.077062817,0.112192159,0.035863788,0.018555793,-0.081655117,-0.149275555,-0.043863197,-0.119190658,0.051401823,0.462070549,0.29316365,0.305120836,0.278315474,0.059705899,0.351409874,0.173425973,-0.023442682,0.100362409,0.167102862,0.106551685,0.114466013,0.199882026,0.135798818,0.124684022,0.122559089,0.073540133,-0.04620615,0.05321945,-0.003295646,-0.104149479,-0.105622149,0.013307809,-0.099756768,-0.06508008,0.990779754,3.8082452,-22.40398204,3.868081808,0.716196104,3.80947115,8.95E-05,0.002107751,-0.000150262,22.0536979,12.987967
138,-0.128611111,0.2412,0.073138257,0.121034937,0.20417587,0.056714434,-0.009974095,-0.06653318,-0.111514764,0.035530163,-0.098893884,-0.067902687,0.077141783,0.482055115,0.233983718,0.010851555,0.184494582,0.331451895,0.186713904,0.307821768,0.254997851,0.013419947,0.263629458,0.269692314,0.018117222,-0.001649489,0.123220459,-0.003955895,-0.028417718,0.045979389,0.031646412,-0.029059982,-0.126109452,-0.021210046,-0.117167737,-0.046021449,-0.061261505,-0.054700589,1.047492373,3.654465896,-21.4892246,3.718633175,0.782086757,3.67613972,-2.74E-05,0.002321902,0.000240844,21.2453135,12.7874
139,-0.125555556,-0.1116,0.089593014,-0.038859572,-0.235394972,-0.017727725,0.02454347,0.11812917,-0.149139011,-0.047920806,-0.089008447,-0.017206794,0.247955809,-0.063343181,0.26400431,0.289994164,0.135712722,0.374725553,-0.034531165,0.02662705,0.117163925,0.048674163,0.07988055,0.134968469,0.084969633,0.117013831,0.054519317,-0.037809834,0.061679,0.049360127,-0.02243166,0.099198423,-0.161194878,-0.138550786,-0.172377012,-0.091522089,-0.02074275,-0.016118642,1.069729169,3.705345806,-20.38645538,3.770940304,0.802093523,3.76461312,2.14E-06,0.002135564,6.18E-05,20.4207915,12.463802
140,0.195277778,0.1572,-0.020513037,-0.113460262,-0.177347384,-0.079718129,0.128656464,-0.089912961,-0.132218973,-0.197190501,-0.024427069,0.002534688,0.211600347,0.187331933,0.069756106,-0.025098385,-0.030523856,0.343778347,0.273335783,0.382320641,0.248331861,0.183771783,0.129998098,0.082688249,0.163508659,0.14035153,0.096001214,0.116663865,0.093199516,0.069192383,0.0675404,0.072072466,-0.035877079,-0.131261533,-0.049717161,-0.108669905,-0.084013777,-0.038270244,0.99939315,3.662621526,-20.93793715,3.723413706,0.737500091,3.68279937,-9.39E-05,0.002426601,0.000659836,20.7178271,13.51621
141,0.366388889,-0.0654,0.144143712,0.093084029,0.146188907,-0.193546693,0.015855879,0.032507356,0.023663462,-0.04191045,-0.08597492,-0.096315969,0.120168259,0.14143323,0.347587175,0.365811092,0.31341276,-0.02567306,0.172668074,0.157951316,0.210633019,0.161588616,0.009253023,0.232496794,0.001379791,0.194427586,0.002018956,0.161786875,0.00941216,0.058989886,0.045346016,0.040581696,-0.153220795,-0.195255237,-0.056080951,0.004910595,-0.073849732,-0.030428668,0.827783251,3.44278589,-19.6176262,3.492142677,0.579965832,3.45333084,0.000108484,0.001708475,-0.000268523,19.4069902,12.088921
142,0.161666667,0.153,0.115386033,-0.165332194,-0.093563119,0.063245001,-0.002775859,-0.011962947,-0.128032493,-0.060405609,-0.012622842,-0.007513499,0.180966402,0.075806444,0.26856296,0.100795502,0.157074843,-0.020213614,0.198237679,0.387039516,-0.036829573,0.042323816,0.083434277,-0.03453432,-0.008971458,0.000384227,0.161319766,0.112090602,0.003355334,0.065357301,0.091812071,0.064590154,-0.076126043,-0.099514444,-0.067966636,-0.106111129,-0.07630497,-0.058738925,1.002658113,4.022098224,-23.50277029,4.082242489,0.713840152,4.04223023,-1.36E-05,0.001920012,0.000221982,23.2754846,11.359752
143,-0.033888889,0.1656,-0.031210407,-0.147205789,-0.140808055,0.147592618,0.003504634,0.047410749,-0.112186879,0.027220655,-0.129034535,-0.080970854,0.103503519,0.252539736,0.029483685,0.106563514,0.173520624,0.169638315,0.19679374,0.047345213,0.059010953,0.163187002,0.284166919,0.154754204,0.026684924,-0.016544778,-0.002215421,0.14980802,0.14816658,0.021515838,0.038574982,0.018533626,-0.126643406,-0.143031376,-0.156469474,-0.032668138,-0.032546701,-0.056509829,1.071476837,3.987128355,-23.02192956,4.052158356,0.784123045,4.01126816,3.56E-06,0.001963343,-8.20E-05,22.7979518,12.028073
144,0.274722222,0.2748,0.060381411,0.07192727,-0.150758578,0.124335385,-0.077368963,-0.001953687,0.035930182,-0.175877303,-0.100193787,-0.114560154,0.265469211,0.333462307,0.028531662,-0.029653538,0.011774904,0.217625319,0.164117652,0.227140004,0.207231602,-0.013195347,0.253399991,0.209067607,0.003025769,0.054791697,0.08989166,0.045713818,0.113385154,0.09945797,0.086906058,-0.028265801,-0.143971381,-0.029250749,-0.135256881,-0.069529183,-0.028423373,-0.093319305,0.932748498,3.612451412,-20.69936836,3.668716908,0.673242809,3.62224152,6.56E-05,0.002105126,-0.000202547,20.4245074,11.839779
145,0.1525,-0.0864,0.147542874,-0.142220059,-0.196726839,0.170413341,0.135083028,-0.099928159,0.024196766,0.00447093,-0.016856231,0.015064437,0.272313319,0.170140734,0.384892379,0.287133008,0.332659889,0.332531583,0.238571109,0.055296686,0.136322659,-0.022062628,0.161062669,-0.03360397,0.154389011,0.097693725,0.197338175,-0.019010725,0.057690591,0.034102015,0.033141934,0.097407579,-0.179147205,-0.181027866,-0.061731349,-0.031644005,-0.060498755,-0.011931178,1.007497099,3.473408665,-19.28084029,3.53522706,0.757284656,3.52972633,-8.59E-07,0.002000534,0.000181965,19.3276661,13.092477
146,-0.101111111,0.1278,0.139462836,0.293566824,0.102512075,0.16353454,0.06568189,0.077189314,-0.15370567,-0.159511285,-0.12470229,-0.142567742,0.194674698,0.184454826,0.247890976,-0.073288886,0.101571234,0.247724373,0.100805191,0.202712044,0.195175447,0.181090476,-0.006905026,0.232200383,0.181803064,0.019195918,0.027984022,-0.03200363,-0.003428576,0.072821872,-0.020615401,-0.022112512,-0.067143141,-0.045829091,0.018378103,-0.084084888,-0.007895926,-0.070324057,0.888593722,3.657662423,-21.17566801,3.710737705,0.626130176,3.66055894,9.19E-05,0.002869466,-0.000342939,20.9012159,11.449837
147,-0.073611111,0.2328,-0.01829093,0.0006246,-0.04273104,-0.027099731,-0.055728369,0.101774446,-0.047260667,0.046365014,-0.057278553,-0.035579827,0.340355794,0.076301964,-0.005543224,0.096544667,0.181638106,0.273581423,0.062410946,0.132209401,0.149386261,0.176780747,-0.004577683,0.229310695,0.021713072,0.111293194,0.085294046,0.042760647,0.133600883,-0.013942444,0.006845817,0.009673761,0.003382092,-0.122771579,-0.103026406,-0.088028979,-0.049962287,-0.062460619,1.02643447,3.813936561,-21.93301763,3.876246452,0.75131605,3.83390617,-0.000277475,-0.000820507,0.002128372,21.6939288,11.777584
148,0.128055556,0.2076,0.075946838,0.183163158,0.21414909,0.07573157,-0.116239072,-0.005168981,-0.177105341,0.029995961,-0.130203177,-0.141950961,0.043547181,0.018435843,0.062429826,-0.056840099,0.276070527,0.061650499,0.116014251,0.223783657,0.034868405,0.152495242,0.26302528,0.246380337,0.024918908,0.034444441,0.180358175,0.183773107,0.042884409,0.050204079,-0.088635519,0.030610631,0.00898202,-0.149792536,-0.147785771,-0.078083773,0.01872625,-0.039370662,0.885162991,3.603722521,-20.42002653,3.656689882,0.624558219,3.62040982,6.44E-06,-0.000981843,-8.94E-05,20.2240613,10.445742
149,0.244166667,0.0144,0.197902796,-0.056085858,-0.028488375,0.073274523,-0.054412672,0.113121083,-0.062898341,0.031816673,-0.01309838,-0.069252058,0.169742745,0.316218962,0.146295453,0.328812223,0.158792495,0.035256897,0.241359339,0.190585744,0.159039909,-0.019446319,0.214588542,0.277534531,0.032749074,0.081517261,0.174734042,0.076231868,0.127000218,-0.01179005,0.003220523,-0.074719614,-0.031985209,-0.134512806,0.005095795,-0.145266971,-0.059446356,-0.043679477,0.926248708,3.602115993,-20.75498714,3.657953262,0.666715968,3.61574617,6.19E-05,0.002229627,-2.14E-05,20.5088224,12.320334
150,0.07,-0.0234,-0.089763316,0.023813332,-0.215740381,-0.196070826,0.042602254,-0.117892085,-0.031467972,-0.096891826,-0.0705518,-0.052611283,0.236630339,0.27797836,-0.062926702,-0.047526717,-0.000665168,0.211565188,0.176313775,0.207744708,0.175443005,0.184536917,0.22916425,0.07295839,0.141393253,0.06775955,0.133842878,0.050582071,0.078899529,0.044513456,0.031895313,0.032779487,0.027968204,-0.092104498,-0.069292297,-0.015400048,-0.019458597,-0.030253669,0.970697601,3.677713407,-20.14829545,3.736467123,0.708795156,3.72255092,-0.000106461,0.003323451,0.001077601,20.129021,12.900587
151,0.396944444,0.069,-0.072065885,0.069020577,0.129256492,-0.185965484,0.015195339,0.039826927,0.020666075,-0.029384565,-0.0753141,-0.078970178,-0.006629701,0.26014579,0.285533965,0.298647404,0.05689786,0.149960622,0.173938821,0.32355555,0.23546994,0.207396985,0.016067716,0.195458044,0.007522433,0.124096275,0.186948527,-0.007776047,-0.003964611,0.012479014,-0.007461174,-0.030020477,-0.041135372,-0.052532846,-0.011143203,-0.100161529,-0.004043344,-0.054889076,0.821685733,3.412140258,-19.29662937,3.461146355,0.577969491,3.41896891,0.000104052,0.00135686,-0.000280075,19.0675548,12.423741
152,0.125,-0.0738,-0.009696342,-0.052333434,-0.229107262,-0.028206803,-0.073930555,0.034836907,-0.048485608,0.02833951,-0.075529558,-0.045280194,0.041985052,0.15922392,0.143045381,0.211206165,-0.006801464,-0.015225804,0.080342712,0.012332143,0.202947907,0.013815811,0.091993753,-0.027783233,0.119974572,0.054576519,0.043586142,0.035709326,0.04419443,0.041740378,-0.000381993,-0.02055373,0.0103386,-0.186200042,-0.060004052,-0.148766782,-0.058022466,-0.075735179,0.946821143,3.982687659,-22.48655337,4.039032936,0.662233188,4.00772103,4.09E-05,0.002496106,-0.000178984,22.3437945,11.366664
153,-0.046111111,0.2076,0.092973979,-0.218908343,-0.066201183,0.134337218,-0.098395983,0.021330159,0.040754756,-0.100461739,-0.053900399,-0.122961516,0.263462659,0.244347157,0.083555144,0.190114645,-0.034190823,0.233380636,-0.02063453,0.084718963,0.289576105,0.070140009,0.141846332,-0.033287292,0.10191961,0.090429078,0.108324341,0.082907466,0.0200649,0.063680426,-0.062637116,-0.054414261,-0.105652506,-0.005348579,-0.17978386,-0.033248243,-0.043848001,-0.034471118,1.282101199,4.259636452,-25.58363053,4.338695049,0.970628866,4.28263032,5.33E-05,0.003124254,-0.000138619,25.2319162,11.911297
154,0.140277778,0.1992,-0.087503529,0.232729824,-0.216805989,0.13573926,0.059107095,0.095646881,-0.000223961,0.024122445,-0.064395879,-0.039760786,0.401237866,0.23436589,0.315424306,-0.052217713,0.023987868,-0.060549969,0.053333896,0.12063207,0.185188444,0.102854732,0.082612177,0.038406411,0.157730695,0.028810843,0.145661242,0.105739398,0.060438501,0.039121262,0.041255239,-0.016778355,0.04942931,-0.17152444,-0.187138245,0.006640571,-0.105768637,-0.064056892,0.782115565,3.447507457,-18.96045732,3.493667126,0.536415316,3.47286771,-3.18E-05,0.000656995,5.50E-05,18.8945277,11.137972
155,0.250277778,0.1614,-0.027589382,0.062543429,-0.208120462,-0.139059833,0.029152058,-0.049682378,-0.139517102,-0.076978303,-0.0844085,0.029187054,0.258578712,0.379432173,0.011482776,0.372327969,-0.049125893,0.113110129,0.280648419,0.137038853,-0.03736911,-0.02061497,0.236076165,0.190034113,0.169817242,0.018635464,0.024024688,0.195769324,0.036787216,0.069767141,0.034644677,-0.044394918,0.006015556,-0.18223918,-0.079869267,-0.107666344,-0.028209908,-0.064753802,0.885177062,3.448464484,-19.02143252,3.501811028,0.637235448,3.47989986,0.000118982,0.002681826,-0.000390261,18.9028038,12.585137
156,-0.082777778,0.1908,0.02395587,0.200431016,0.000567239,-0.098831731,0.068074635,-0.095611136,0.01053439,-0.186608603,-0.0423062,-0.010110464,-0.085094986,0.263988303,-0.06667113,-0.036874176,0.329567701,0.053796516,0.211940721,0.295305902,0.035446149,0.069577684,0.042445065,0.098464107,0.01422739,0.109970377,0.052887958,0.088917263,-0.020831833,0.060462916,0.020031219,-0.091935963,-0.177086347,-0.017182725,-0.086647721,-0.118295986,-0.045028701,-0.052399454,0.934060366,3.945388612,-22.69907706,4.000934601,0.651160015,3.94928264,-5.82E-05,0.000547084,0.000197055,22.3888859,11.266532
157,0.2625,-0.1158,-0.082287416,-0.155832471,0.065304936,-0.158946762,0.052314232,0.11244396,-0.028521198,-0.122670463,-0.138126339,-0.138824134,0.107162432,0.019872789,0.251570282,0.011510147,0.270312067,0.202594236,0.271232673,0.214884471,0.137642934,0.04655727,0.078482481,0.069073707,0.004055375,0.007363789,-0.010741029,0.034982326,0.044778554,0.000633089,-0.003020905,-0.063176685,-0.176940124,-0.087369601,-0.175364905,-0.035797879,-0.119750109,0.007546338,0.940111266,3.865158354,-21.81902803,3.921321869,0.663641237,3.87719616,0.000100352,0.002355518,-0.000419362,21.5643486,12.501588
158,0.192222222,0.006,0.086991738,0.299758402,-0.166742318,0.131905646,-0.142562475,0.068195354,-0.161860159,-0.146395834,-0.093456805,-0.067412514,-0.039623666,-0.069468893,0.12278172,0.074488637,0.343826547,-0.001655378,0.146532803,0.192254711,0.244392176,-0.017199948,0.023766246,-0.039217375,0.119745974,0.124659951,0.103884959,0.073950099,0.094744561,0.083571453,-0.094629779,0.062926138,-0.187423554,-0.066326271,-0.004569438,0.019488692,-0.034289896,-0.078892635,0.89576735,3.756986876,-21.35120427,3.810320616,0.625704698,3.76674286,3.83E-05,0.002683534,-2.52E-05,21.130471,10.845567
159,0.354166667,0.1068,0.076323572,0.272388186,0.039267349,0.062214497,0.070498724,0.110942181,-0.007418528,0.015898357,0.011663627,-0.127088903,0.092053354,0.135125321,0.377400755,0.127852962,0.078164311,0.054579165,0.076044866,0.343191569,0.0577244,0.063282555,-0.031969775,0.24572243,0.164257701,0.014191554,0.103095788,0.144112382,0.127124201,0.08272411,-0.078675293,0.017483233,0.000645662,-0.130153115,-0.190844415,-0.040043427,-0.119024478,-0.033591906,0.728549098,3.156268158,-17.39395855,3.199400663,0.500827277,3.17762621,-2.18E-05,0.00159771,0.000124078,17.2781566,11.087059
160,0.345,0.2202,-0.002308065,0.292756585,-0.067664755,0.035422768,0.009714172,0.068505722,-0.032013526,-0.13384217,0.023563244,0.01342544,0.212302856,0.131806069,0.41207069,0.20044499,0.182425965,0.116217506,7.98455E-05,0.008301735,0.114111998,0.103007919,0.053812864,0.119729722,0.078486612,0.059455894,0.139141172,0.163980784,-0.020374616,0.081050449,-0.011391865,-0.086691906,-0.054575307,-0.199916001,-0.054605189,-0.126068444,0.011332695,-0.009333155,0.766229818,3.330161388,-18.38570388,3.375498772,0.527735519,3.34446304,3.28E-05,0.002717803,-1.55E-05,18.2197471,10.756581
161,-0.000277778,0.2874,0.020667928,-0.04626376,-0.116477099,-0.067327269,-0.001202157,-0.027591785,-0.084861623,-0.184979582,-0.006038038,-0.054386228,0.387436509,-0.05157016,0.223389123,-0.071835445,0.288901966,0.327558219,0.02564341,0.060966613,0.197169398,0.242525245,0.048353169,0.158802898,0.022063292,0.024690779,0.074955235,0.106944928,-0.02623742,0.057231807,0.050503209,0.089364081,-0.1455683,-0.068691674,-0.029036907,-0.044660487,-0.01382207,0.001977687,1.124598473,3.857715095,-22.20848223,3.926765919,0.844165073,3.89461469,-7.70E-05,0.000500911,0.000615198,22.0376204,11.809439
162,-0.110277778,0.1026,0.040702894,0.297498592,-0.165931333,0.191524836,-0.011078386,-0.093191084,0.069285758,-0.17359526,0.020068834,-0.011813605,-0.054468426,-0.083994155,0.199870448,0.172781871,0.020669556,-0.001759773,0.079728534,0.252646865,0.084847942,0.081305104,-0.04467368,0.147502302,0.198045494,0.10675152,0.008241926,0.192706478,-0.008611793,0.049075306,0.043327964,0.067212164,-0.053065239,0.021230954,-0.02214712,-0.071554709,-0.045789734,-0.036978966,0.948549152,3.972365316,-23.06652823,4.028856277,0.662644147,3.97989463,5.22E-06,-0.000435418,-3.24E-05,22.7996446,10.554772
163,0.378611111,0.258,-0.084445515,-0.191668289,0.14737443,0.011023937,-0.095690784,-0.047729696,-0.120224649,-0.008609188,-0.023736724,-0.14096166,0.200590482,0.286999622,-0.02921415,0.344959723,0.100333368,0.240162783,0.093472114,0.199613027,-0.047610696,0.078853298,0.026473116,-0.030172566,0.10859591,0.19020891,0.144015618,0.12449646,0.008723269,0.087438113,0.085244353,0.099844502,-0.193289158,-0.193815191,-0.125815323,-0.137224733,-0.107972275,-0.049524883,0.980519531,3.821729847,-22.04032977,3.88081789,0.704012381,3.82819107,0.000155119,0.001847427,-0.000696279,21.7338723,11.495187
164,0.375555556,-0.0528,-0.09408818,-0.050993453,-0.186082758,-0.081096481,0.119566548,-0.066957375,-0.082934915,0.003968032,-0.068088731,-0.131052883,0.051989958,0.073781912,0.242065447,-0.050466712,0.116156263,0.029200865,0.163476964,0.186307745,0.00701048,0.097827387,0.1746582,0.294214835,-0.019335988,0.088920907,0.134313753,0.097812893,0.090395521,-0.011534655,0.081420515,0.000225388,0.026066822,-0.100521989,-0.115074521,-0.116245189,-0.039562761,-0.034704858,0.871584029,3.556986381,-19.26878064,3.609120369,0.616388671,3.59645287,0.000143488,0.003256509,-0.000801372,19.268307,11.620988
165,0.066944444,-0.1074,0.003087444,0.146579445,-0.038468182,-0.142026946,-0.067250989,0.074279964,0.022069515,0.027349252,0.023856564,0.007973603,0.295816669,0.437375861,0.065192175,-0.078439641,0.091850633,0.12665278,0.331891071,0.093861564,0.044651347,0.215106114,0.112094115,0.279197149,0.165456229,0.027160236,-0.029862736,-0.002967351,-0.023667096,0.097710145,-0.055161527,-0.014943837,-0.160425992,-0.165606032,-0.177471145,-0.122580461,0.012153202,-0.044749243,0.889282398,3.455901198,-19.09402204,3.509516001,0.639820716,3.47379554,0.000177851,0.00387736,-0.001109315,18.8749821,12.949732
166,0.390833333,0.1362,-0.090189185,0.081235714,-0.17329072,-0.006095035,-0.074636925,-0.049558228,0.045147512,-0.149591381,-0.113699628,-0.102898163,-0.044471474,0.099449196,0.425776221,-0.052011104,0.307859324,0.166719129,0.29038114,0.345070898,0.141069938,0.037726131,0.240597273,0.247863424,0.035494859,0.097828142,0.081726713,0.086933952,0.028291393,0.030345758,-0.041632753,-0.083256072,-0.173330909,-0.078704509,-0.092459236,-0.09163555,-0.103678722,-0.029318283,0.902599154,3.510247772,-19.78748193,3.564659119,0.65026382,3.52907355,9.87E-05,0.001324501,-0.00021714,19.6007264,12.943872
167,0.332777778,0.237,0.091526553,0.187402984,0.225850756,0.021155218,-0.125000432,-0.1106542,0.022929944,-0.056514327,-0.05455213,-0.131985771,0.079212243,0.296015002,-0.01452991,0.215100408,-0.025970996,0.393663346,0.28347702,0.279935313,0.147878542,0.185074718,0.173108732,0.028987883,0.116903667,-0.003185721,0.075592899,0.060307202,0.035345573,0.072635044,0.063373305,-0.014329992,-0.122657467,-0.185142563,-0.124656211,-0.115210759,-0.109668962,-0.058855843,0.832693076,3.364770896,-19.09335175,3.414660215,0.5909188,3.37906934,-5.80E-05,0.001780947,0.000351267,18.8672484,11.801716
168,0.063888889,0.2496,-0.019856388,-0.142150432,-0.07101232,-0.101001795,0.054010872,0.066838748,0.009696398,-0.065669553,-0.01329838,0.00929096,0.275641121,0.283569765,0.449308563,0.280531295,0.309063786,0.140715561,0.365723937,-0.010828921,0.059148104,0.129074127,0.091579805,0.064789605,0.022533327,0.138653581,0.113304546,0.123785792,0.061632103,0.033559146,0.090045132,-0.016931475,0.047274717,0.024577182,-0.147995902,-0.114597186,-0.097185998,-0.071632832,1.039164762,3.928673274,-23.18643666,3.991591692,0.754962171,3.93055872,2.32E-05,0.001946934,-9.86E-06,22.8108218,12.79343
169,0.082222222,0.2664,0.013603042,0.067280824,-0.161268864,0.126122925,-0.112106975,-0.066315412,-0.102010695,-0.053553307,-0.020357789,-0.05509001,0.407597318,0.44203152,0.143234091,-0.008538765,0.336962696,0.092524683,0.013028011,0.29315027,0.128748264,0.036997559,0.247448991,0.220782426,-0.013966611,0.098661845,0.195158615,0.063433525,0.06990844,-0.007089647,-0.079556338,0.052029398,-0.175221,-0.043450788,0.016458955,-0.126453198,-0.104873708,-0.017191277,0.962648412,3.645544388,-20.71097382,3.703814983,0.700396979,3.67105916,6.16E-05,0.002387401,-0.000147802,20.5481252,12.509765
170,-0.079722222,0.1908,0.174855631,-0.022391926,0.04075097,0.1302405,0.103018977,0.11026703,-0.186512854,-0.02408442,-0.087856846,-0.120511884,0.480063456,0.274606793,0.231973176,0.225663511,0.223611454,0.341308797,0.157698252,0.372354978,0.170332519,0.0909073,0.130432112,-0.03892707,0.002260294,0.070128083,0.170254944,0.163379032,0.113211668,0.083004906,-0.096370235,-0.098185226,-0.026279936,-0.094579342,0.020447677,-0.038950546,-0.012200932,-0.03491597,1.077442226,3.572729371,-20.82664641,3.639184952,0.81836608,3.59915808,3.47E-05,0.001748901,3.21E-05,20.6164568,13.207672
171,0.073055556,0.111,0.002161255,0.176403925,-0.21398285,0.009068335,-0.042244489,-0.048560542,-0.187449675,0.012275314,-0.121114404,-0.052099279,0.11931767,0.220052436,0.436743154,0.258017046,0.32937324,0.305418625,0.372231449,0.194047088,0.000837152,0.044424534,0.177244769,0.042109785,0.018705691,0.056671728,0.004016751,0.116315765,-0.009414402,0.022063599,-0.002484892,0.07679903,-0.026553081,-0.056324005,-0.138118906,-0.058346635,-0.004556727,-0.022783528,0.887790724,3.499411393,-19.53457356,3.552816153,0.638025525,3.53339315,0.00014261,0.001222361,-0.000605855,19.4832982,13.148443
172,0.024166667,0.2664,0.132414324,-0.220848455,-0.090185959,0.162333926,0.121730659,0.110744106,-0.086559632,0.002730189,-0.059241452,-0.018865407,0.208494389,-0.007579044,0.274149294,0.071386414,0.005866085,0.057039564,0.02401338,0.282026857,0.21265699,-0.024009932,0.1900082,0.102623349,-0.009280587,0.184530446,-0.033222431,0.040845588,0.147608789,0.025659876,-0.03240586,-0.012399384,-0.042076128,-0.112837749,-0.11841969,-0.01571455,-0.012051121,-0.06334241,1.102641072,4.042515343,-24.04529129,4.109584332,0.809682174,4.06131041,2.76E-05,0.001870753,-3.73E-05,23.7685263,11.299163
173,0.204444444,-0.1158,-0.086704504,-0.1197922,-0.190743331,-0.191492758,-0.012136179,-0.02490025,0.048437062,-0.087769131,-0.11871288,-0.130958256,0.339295218,-0.02279336,0.02129429,-0.045906387,0.156278868,0.198631795,0.019047517,0.195921354,0.153926038,0.099644465,0.176121429,0.223025741,0.169014633,0.159354036,0.18614287,0.106805117,0.006003006,0.02977308,-0.086932925,-0.049742962,-0.072950429,-0.019857677,-0.101991167,-0.078751231,-0.047017393,-0.019905046,1.007332401,3.625203597,-19.65692721,3.686640739,0.747662938,3.67465069,-1.50E-05,0.002448578,0.000368237,19.6555957,12.796199
174,0.244166667,-0.0654,0.056888997,-0.029043944,-0.147064716,-0.070304227,-0.115278595,0.06917515,-0.197127126,-0.180328333,-0.004020336,-0.009183562,0.143226682,-0.008144752,0.216416198,-0.051040165,0.062208671,0.184702158,0.336908959,0.18397181,0.040718275,0.153700191,0.180926233,0.234253875,0.184331268,0.04264358,0.192871301,0.011581599,0.114463522,0.030578898,-0.04526631,-0.07135904,-0.101522764,0.001125795,-0.134033943,-0.018109296,-0.033902304,-0.012073455,1.043079842,3.856358936,-21.96893878,3.91972661,0.765228404,3.87025559,7.08E-05,0.00246032,-0.000668131,21.6558678,12.703725
175,-0.140833333,0.2454,0.005598236,0.02518561,0.22898094,-0.18029238,0.118571081,-0.012760379,0.02103123,-0.111726999,-0.0901816,-0.100713911,0.342057614,-0.084307475,-0.090855305,0.046793086,0.102906535,0.09879381,0.247564567,0.074245747,0.178680813,0.148716258,0.117110648,0.17931698,0.026392403,0.140019234,0.141873973,0.022463034,0.094485258,0.004869781,0.070224081,0.032126312,-0.035462011,-0.091598616,-0.010741661,-0.133873286,-0.026348664,-0.086607548,1.081419525,3.938571755,-23.04401491,4.004413605,0.795170581,3.94880182,0.000150677,0.002133941,-0.000802476,22.7030439,11.106914
176,0.271666667,0.1866,-0.011705127,-0.228189458,0.247435265,0.065787835,-0.080410562,0.023753804,-0.118183988,-0.136656553,0.02577689,-0.097967445,0.426868959,0.129795323,0.04602035,0.018371589,0.268870386,0.395913743,0.352287,0.314100513,0.087575836,0.12214809,0.273171176,-0.013216995,0.082612354,0.124837436,0.108028537,0.013355609,0.070329916,0.063228298,-0.037039563,0.087355311,-0.000457701,-0.073618195,-0.014285512,-0.064246756,-0.01498254,0.008288364,1.195874061,3.787834185,-22.59955226,3.862027168,0.916858964,3.7971537,2.81E-05,0.002048225,-6.53E-05,22.1722392,12.684614
177,-0.036944444,0.1152,0.079679497,-0.024993235,-0.086020698,-0.073682678,-0.045801038,0.027315765,-0.175242741,0.049042148,-0.107693822,-0.044339588,0.327596839,-0.05779744,0.100232432,0.134977886,0.154165933,0.157572318,-0.021712357,0.030306535,0.288387719,-0.029778321,0.226949301,0.091057391,-0.020808985,-0.014551559,0.017636008,0.145232243,-0.014595782,-0.017243718,0.013443504,-0.045675952,-0.014654434,-0.001926662,-0.033636235,-0.141224641,-0.076829075,-0.056171502,1.016177893,3.706461945,-20.7739433,3.768318176,0.747104407,3.75276149,-0.000106077,0.002101783,0.00152765,20.7556067,11.175567
178,-0.009444444,0.174,0.053137466,0.008973976,-0.125381306,0.140307429,-0.046200535,0.004594246,-0.156585395,-0.093414797,-0.071456973,-0.050502484,0.368100184,0.422817764,0.261313778,0.265336809,-0.026403656,0.285160087,0.150011826,-0.063503885,0.19407381,0.05305981,-0.009693106,0.066002943,0.006478491,0.031476719,0.071355666,0.041551311,0.026772157,0.05790469,-0.092662927,0.057024112,-0.134028935,-0.083637163,-0.080793291,-0.099003598,-0.050279354,0.001672077,1.015566383,3.861783269,-22.24503361,3.923218489,0.737934245,3.8880469,-8.84E-06,0.000900003,-5.33E-05,22.0406446,12.39169
179,-0.1225,0.1698,0.186927079,0.143679047,-0.234263686,0.076818035,0.001007717,-0.116611117,-0.121249512,-0.114394581,-0.126317905,-0.04892622,-0.053462484,0.371495805,0.238729739,0.264458075,0.109687611,0.390634323,0.04478599,0.236971858,-0.041831755,0.240669549,-0.042550593,-0.006487011,0.167901711,0.092502391,0.107554428,0.007378595,0.088733818,-0.00863333,-0.001602336,-0.031673763,-0.150563328,0.021546396,-0.164903483,-0.134600055,-0.089821162,-0.020845204,1.008264197,3.927041587,-22.55237889,3.987808466,0.726248043,3.96313911,-0.000172057,0.000992382,0.001360013,22.4609013,12.365702
180,0.323611111,0.048,0.136506588,0.005068303,-0.029993568,0.099696438,-0.035612153,-0.07642731,-0.131517254,0.023494899,-0.095397311,-0.100189564,0.03190063,0.024525553,0.369802484,0.149808488,0.219565761,0.239112784,0.184924914,0.236064057,0.192097032,0.134008088,0.133242622,0.221754934,0.008172576,0.046028927,0.175717143,0.006691117,0.138084774,-0.010802036,-0.001208681,-0.013415794,-0.145773618,-0.11674272,-0.173358143,-0.069165967,-0.013395732,-0.096240459,0.870460269,3.512527885,-19.77091631,3.564691782,0.619575702,3.54417159,-2.11E-05,0.00352272,0.000613895,19.6853879,12.246387
181,0.060833333,0.0312,-0.006420208,0.249516662,0.226488497,-0.021365304,0.028503657,-0.070689777,-0.030169762,-0.016869798,-0.079355335,-0.083688062,0.061495433,0.081181552,0.063997259,0.03114475,-0.036349423,0.05820969,0.159192476,-0.028142885,0.125237801,0.112381408,0.125046611,-0.007071295,0.010886939,0.105832911,-0.02011562,-0.034234866,0.086271169,0.049638748,-0.076581323,0.031688156,-0.030155662,-0.02004012,-0.112363961,-0.138639571,-0.017344346,0.002534108,0.794546401,3.649428213,-20.25920864,3.695963144,0.533829241,3.67017675,-1.39E-05,0.001791173,3.29E-05,20.1404136,9.893635
182,0.039444444,0.0648,-0.005772185,0.240243665,0.167266098,-0.053714836,-0.033304815,0.059990626,-0.033415332,-0.075114761,-0.052985361,0.010941147,0.020679614,0.028211924,0.244142897,0.041017831,-0.044558511,0.26881537,0.314008673,0.130981651,0.010072863,0.096972348,0.206668564,0.1644466,0.023965399,0.10717698,0.020961459,0.059982667,0.019751797,-0.001376016,-0.018184409,-0.003009484,-0.058757125,-0.167146122,-0.051412099,-0.121760171,-0.012974586,-0.036552545,0.84534376,3.533225969,-19.79836219,3.583587408,0.592243299,3.53570979,0.000170392,0.001518209,-0.00086571,19.5186204,11.38467
183,0.329722222,-0.0192,0.131471237,-0.010921294,-0.24787735,0.032080304,-0.108826401,-0.103282191,0.058421005,-0.163331884,-0.073309273,-0.016902876,0.395976059,-0.082064658,0.386149432,0.117475612,0.127422413,-0.065570212,-0.00877919,0.317875406,0.004230982,-0.014996996,0.245238156,-0.012172695,0.145447658,0.043691511,0.12551158,-0.011387162,0.08357379,0.020438479,-0.021565322,-0.097221868,-0.00016533,-0.008854036,0.014815516,-0.048550794,-0.088955351,-0.065725781,1.025555835,3.782034038,-21.46704781,3.844360352,0.751201308,3.82186788,8.80E-05,0.001653584,-0.000367354,21.3775908,11.373089
184,0.039444444,-0.1074,-0.05167565,0.107432382,0.006453727,0.090659918,0.049484674,-0.115389682,-0.081726066,-0.110253869,0.01751698,-0.023971044,0.130688536,0.416934356,0.117549613,0.394754823,0.203124173,0.252159094,-0.053696529,0.318480603,-0.010959784,0.072044984,0.067325949,0.050422538,0.076000798,0.121649643,0.152384517,0.049153616,0.112834146,0.017327312,0.011290847,-0.029443736,-0.159211199,0.002109505,-0.139646662,-0.009260216,-0.095562671,-0.049423472,0.909282843,3.622077545,-20.28231436,3.676682711,0.650158863,3.6541697,7.96E-05,0.001609908,-0.000528863,20.1872913,12.480556
185,-0.04,0.195,0.067083565,0.168548891,-0.151776921,0.197551486,0.087806805,-0.040939084,-0.061310185,-0.103045879,-0.028353678,-0.124050192,0.393111347,-0.0224047,0.004619461,0.221413103,0.029109775,-0.015902289,0.311415263,0.383936344,-0.033684271,0.208192418,-0.015097917,0.049410617,0.043652649,0.019892227,0.118678044,0.101623789,-0.004979798,0.087102906,0.094271135,0.065133825,-0.057504643,-0.130810422,-0.155264756,-0.05108187,-0.103872548,-0.094828634,0.910253731,3.750214449,-21.45633925,3.804575205,0.641366728,3.77287843,-2.39E-05,0.0019436,0.000103464,21.3026578,11.416625
186,0.256388889,-0.0822,-0.066700638,-0.021906442,-0.11784525,-0.041675424,-0.147828633,-0.034900297,0.057116759,-0.021423016,-0.064634608,-0.01140532,0.315385703,0.058616008,0.183056774,0.233644564,0.316981874,0.189533484,0.368242851,0.056866237,0.265268654,0.198309836,0.20426699,0.167092459,0.097430816,0.025364775,0.00347021,0.103613962,0.068757948,0.084607863,-0.000879304,0.017986549,-0.138697028,-0.05495517,-0.194700604,0.000160087,-0.00994366,-0.02008347,0.975633689,3.640728706,-20.65020365,3.69991684,0.713802967,3.66837942,-8.59E-05,0.000642979,0.000525143,20.4687764,13.516716
187,-0.113333333,0.1992,-0.097980628,0.049491222,0.072209886,-0.075321412,-0.06651806,-0.052685453,-0.107866414,-0.068078482,-0.136086782,-0.074737902,-0.087769943,0.063634869,0.007087389,-0.007716282,0.010131249,0.187541719,0.277071773,0.275170857,0.091611088,0.071157591,-0.017583453,0.215414517,0.040074779,0.153808422,-0.009940143,0.115532753,0.131401848,0.076507879,-0.036786194,-0.077160601,-0.170999576,-0.029469261,-0.161338174,0.012579955,-0.108181252,-0.048494375,1.052412015,4.120336865,-23.98321523,4.183712482,0.75481093,4.12308,2.94E-05,0.002213349,-0.000122378,23.5972926,11.994629
188,0.186111111,-0.0444,0.073534447,-0.160248461,-0.248370349,0.070212714,0.124806975,0.047296851,-0.161110711,0.006040076,-0.130749333,0.009930407,0.144507247,0.444695403,0.404196284,0.141565358,0.076883255,0.19929235,0.155712118,0.332126643,0.252605226,0.189856615,0.110740729,0.177881752,0.128814987,0.009466277,0.142499233,0.168374129,0.006566302,0.096686173,-0.076186868,0.073344268,-0.140550723,-0.018681623,0.017975468,-0.101589019,0.008452499,-0.052197167,0.974668516,3.65104001,-20.7815643,3.710135698,0.713211846,3.68033228,4.18E-05,0.000593448,-0.000254491,20.6684895,14.078698
189,0.021111111,0.0522,0.118887593,0.010638553,-0.04167408,0.077945116,-0.040951734,-0.078389235,-0.043925913,-0.118187015,-0.129558313,-0.045740582,0.361949175,0.230739694,-0.089050562,0.160564077,0.305524899,0.245263337,0.11941908,0.188407948,0.078305793,0.090450495,0.118514432,0.1027947,0.062000882,-0.01947719,0.067444082,-0.038608772,0.047172362,-0.006475498,-0.018747292,0.085531684,-0.177331834,-0.164520346,-0.034620629,-0.140601758,-0.007735115,0.002397743,1.012023983,3.843179075,-21.94842348,3.904412508,0.736215512,3.87611086,-1.17E-05,9.21E-05,-0.001114549,21.8121081,12.028745
190,0.085277778,0.0942,0.084027635,0.283195845,0.018211347,0.015603406,-0.00319261,0.012474487,-0.19607831,-0.187451507,0.017992685,-0.101522547,0.070822166,0.092636919,0.089345401,0.02390134,0.339963739,0.060507109,0.062863921,0.018297989,0.032278981,0.070778621,0.033752709,0.278511457,0.195827247,0.071517719,-0.00511162,-0.014048598,-0.021324626,0.055009711,-0.028452184,-0.06104458,-0.131298947,-0.093314504,-0.098946621,-0.03561223,-0.111725215,-0.091937149,0.856485348,3.764398319,-21.2503857,3.814973831,0.586661567,3.77306595,-3.89E-05,0.000611472,0.000979146,20.9977454,10.479737
191,-0.006388889,0.2874,0.145501875,0.095870072,0.122858552,0.185000632,-0.06310452,-0.063929083,-0.087295021,-0.076358688,-0.14943924,-0.022459905,0.191978585,-0.053647019,0.390344512,-0.008781809,0.051969128,0.31987726,0.115293209,0.025925712,0.097387635,0.003640354,0.093544489,-0.03500406,0.084227929,0.065066962,0.102767619,0.17099157,0.117497597,0.094332007,0.031482504,-0.051205552,-0.175943559,-0.061736786,-0.182417045,-0.0464686,-0.10342403,-0.00877833,1.039645764,3.824006295,-22.16669826,3.88721323,0.761676633,3.85062254,7.54E-05,0.001955704,-0.000419062,21.9556501,10.683683
192,0.390833333,0.2538,-0.069596661,0.001677254,0.10928576,0.101266392,-0.099244586,-0.093074387,0.057360293,-0.165490661,-0.072530561,0.000733273,0.008654318,0.154075835,0.052626155,-0.015081084,0.140275,-0.052641443,0.014657905,0.0802959,0.29852021,0.116235421,0.206208126,0.023071964,0.034855468,-0.017078116,-0.04120223,0.094137323,0.071418636,0.000747305,0.033187312,0.029767808,0.018978724,-0.099968938,0.004332735,-0.00037904,-0.053399197,0.004509018,0.917786611,3.996982037,-23.53172155,4.051267147,0.629921261,3.9844463,-1.52E-05,0.002309067,0.000207368,23.1237636,9.640536
193,-0.015555556,0.1068,0.18093695,0.204287698,-0.105396099,-0.14435083,-0.127370725,0.022464916,0.045705451,-0.146752837,-0.023215666,0.004427039,0.224179512,0.279715605,0.175666003,0.00719991,0.073755835,-0.046878144,0.282277008,0.028276293,-0.016061342,0.210247532,0.192153362,0.258090704,0.026984195,0.050936233,0.163017389,0.16973227,0.070728507,0.062470805,0.071249838,0.030952981,-0.043052647,-0.025325289,-0.057412368,-0.132012433,-0.050061131,-0.095025943,1.005520402,3.845611581,-22.13792579,3.906385422,0.726061762,3.86230816,-5.76E-05,0.000954434,0.0005405,21.8665316,11.539723
194,-0.055277778,0.2454,0.154445155,-0.071573391,-0.182476302,-0.128576531,0.075254892,-0.03157334,-0.006197548,0.015782533,-0.032206695,-0.077557159,0.336100713,0.487820353,0.132550869,0.025441074,0.197593253,0.037026299,0.004534582,0.366119908,0.190404372,0.205958629,0.041261426,-0.004589264,0.19718583,0.091441933,0.088143874,0.131409509,0.070597341,0.052973453,0.010582553,0.071404034,-0.129750317,-0.034979006,-0.186370312,-0.00721094,-0.069744719,-0.073816037,1.029717256,3.91184646,-22.78989088,3.974146843,0.748682991,3.93162104,-8.75E-05,0.002233347,0.000553768,22.564161,12.852426
195,0.054722222,0.2496,0.116565609,-0.14128777,0.070126469,-0.072746736,0.093813179,0.009087488,-0.021510209,-0.148646031,0.001968726,-0.077488605,0.497658158,0.155488909,-0.01902489,0.377106911,0.080759134,0.306111956,-0.035710242,0.176411009,0.121072456,0.196262393,-0.040788965,-0.036187461,0.103058814,0.11467286,0.141570359,0.114808515,0.144778919,0.045454303,-0.035708698,0.002592292,-0.149020746,-0.134096805,0.02147644,-0.059075123,-0.002422419,-0.087813656,1.135897757,3.781613439,-22.02707505,3.85163784,0.858779334,3.8142037,-1.74E-05,0.0011368,-0.00023413,21.8079623,11.975063
196,0.167777778,-0.0402,0.074855202,0.222071406,0.227494267,-0.125479819,-0.045648641,-0.051190526,-0.168726652,-0.126101644,-0.0297426,0.001083588,0.429348573,0.462711141,0.245387065,0.378224637,0.285763167,0.020471839,0.307762393,0.000930559,0.083836287,0.050179808,0.195559379,0.188120177,0.15582103,0.172573442,0.077235443,0.046534562,0.138483107,0.096403612,-0.052979133,-0.027975932,0.018032201,-0.119304121,-0.033357427,-0.142854259,-0.005170562,-0.032608212,0.873609038,3.434320076,-19.66752278,3.486894131,0.626033441,3.44461048,-1.64E-05,0.001381266,0.000513808,19.3965062,12.840157
197,0.170833333,0.0522,0.083327832,-0.019604425,-0.226172183,-0.044748562,0.125237698,0.0315122,-0.142851425,-0.074941608,-0.108673479,-0.024269577,-0.060742985,-0.074875083,0.306592727,-0.016068171,0.021905539,0.196496744,0.149873952,0.046420734,0.053923376,-0.003913043,0.20232833,0.298554843,0.188229765,0.15282725,0.02312563,0.120049562,0.055960497,0.061524194,-0.023073552,-0.002507547,-0.011435283,-0.124584586,-0.19623817,-0.027954569,-0.042961057,-0.025067086,0.894384524,3.672141264,-20.27350987,3.725585222,0.632333069,3.70267136,4.48E-05,0.00215655,-5.50E-05,20.1741655,11.570304
198,0.341944444,-0.057,0.125415767,-0.080506683,-0.135691998,0.194248288,-0.141179106,0.005978913,-0.105453818,-0.026133405,0.026507853,-0.136409828,0.365778113,0.048667573,0.37663565,0.311846753,0.260865797,-0.019914817,0.184333097,0.151363691,0.090820982,0.22049231,-0.008236784,0.057677385,-0.002096218,0.103485274,0.012705174,0.170646882,-0.013331006,0.04282884,0.049100463,0.01907451,-0.08429715,-0.00271038,-0.071933026,0.01842333,-0.037715553,-0.004461712,0.972041598,3.913406833,-22.80756802,3.971680164,0.691254653,3.92942647,-3.80E-06,0.001932706,-1.53E-05,22.581084,11.85668
199,0.268611111,-0.0402,-0.070139277,-0.027310502,0.120785519,0.116382149,-0.062706543,-0.035908423,-0.123423185,-0.121600839,-0.080903003,-0.014438934,0.087692478,0.258662716,-0.012800324,0.210102919,0.277161207,0.015712731,0.067493321,0.14060625,0.111019672,0.005600908,0.110144451,0.081899969,0.128118606,0.162934327,0.158285933,0.074419065,0.038365563,0.014926365,0.074546331,0.005611039,0.023739385,-0.080286751,-0.04878472,-0.044279665,-0.031069047,-0.010004246,0.924303568,3.871830781,-22.44885381,3.926875353,0.646428837,3.87111196,0.000138681,0.002314952,-0.00074556,22.1361147,10.985663
200,-0.128611111,-0.0024,-0.070632243,-0.218615768,-0.16800741,-0.120653037,-0.100327978,-0.00229792,0.042774001,-0.056673198,0.01572294,-0.00517535,-0.06881525,0.463400257,0.062987426,-0.070299129,-0.009736758,0.110550729,0.375480629,0.141121638,0.036012705,0.20080823,-0.048688496,0.03893616,0.03621009,0.06749083,0.077428322,0.138965134,0.126061821,-0.019048329,-0.062612592,0.035358404,-0.02034692,0.027408279,-0.044647692,-0.036586304,-0.102633776,-0.046566353,1.209264544,4.425132665,-26.15918647,4.498707294,0.88885827,4.43318076,-4.73E-05,0.000465332,0.000353132,25.7527276,12.799715
201,0.238055556,0.2958,-0.050005948,-0.224193584,0.135929759,0.071815046,-0.1012735,0.075857264,-0.189891217,-0.162179244,0.004798707,0.007730316,0.291852837,-0.018808435,0.287733183,0.088087384,0.194824861,0.327183841,-0.02962304,0.021323457,0.166503687,0.077873347,0.075063619,0.093262514,0.175258932,0.02750324,0.059311132,0.066866975,0.140680444,0.036098985,-0.032939463,-0.092597472,-0.034698851,-0.141765765,-0.19876218,-0.12418904,0.014444528,0.001513068,1.217406814,4.06582123,-24.21896823,4.1408391,0.915705939,4.06348284,6.03E-05,0.002345082,0.000101646,23.7173097,11.308262
202,0.128055556,-0.0066,0.111041208,0.226443942,0.246946916,-0.042565935,-0.048164693,-0.092795271,0.067782488,-0.0964302,-0.094340098,0.002310341,0.115761805,0.160944503,0.389699449,0.130561796,0.104994029,0.225659008,0.143122081,0.138829127,0.290897543,0.098512855,0.191202074,-0.005773879,0.161726416,0.14399922,-0.04777536,0.090291735,0.148555923,0.072517196,-0.032237391,0.056799459,-0.069868315,-0.126884575,-0.110042432,-0.113296464,-0.002927004,-0.068594119,0.881344502,3.462952789,-19.91757715,3.515996695,0.630100521,3.47315567,0.000148692,0.002158901,-0.000836475,19.6808574,11.983363
203,0.021111111,0.006,-0.086038425,0.052243883,-0.050792994,0.03376101,-0.026484684,-0.044860967,0.019348559,0.005539482,-0.072659813,-0.040826792,0.483401817,-0.027909972,0.357920607,-0.068284293,0.107600105,0.334377597,0.289434347,-0.057604506,-0.033973081,0.125473804,-0.005697311,0.082485812,-0.01540472,0.151078036,0.1282885,0.152409803,0.122295607,0.021031659,-0.056205612,-0.070688787,-0.180480728,-0.047599877,-0.095206599,-0.039081934,-0.094837457,-0.089803898,0.951798948,3.440486346,-18.68742532,3.498499632,0.703092559,3.47502903,6.75E-05,0.002154295,-0.000217026,18.5860645,12.320292
204,0.384722222,0.1572,0.097082619,0.081640844,0.06221761,-0.183054707,-0.14700515,-0.01566126,-0.163996526,0.037900381,-0.130960166,-0.012095114,-0.038909263,0.404780237,0.02802099,0.273069965,0.120558207,-0.06317729,0.212640131,0.212170104,0.22412554,0.149121154,0.241562839,0.009639963,0.165138634,0.166210216,0.168295515,0.02196138,0.104029156,0.010093414,0.018686594,0.000643031,-0.151649799,-0.196211672,-0.001321377,-0.091997897,0.004818184,-0.055123741,0.871760282,3.50116642,-19.81883297,3.553448677,0.620629104,3.52698275,-8.31E-05,-0.000317239,0.000865593,19.6567721,11.940272
205,0.387777778,-0.0024,-0.034811298,0.0795311,-0.152288933,0.168406448,-0.074532904,-0.118247545,-0.159110519,-0.085381164,-0.032986941,-0.009404483,0.343740947,0.367773863,0.148398459,0.334627879,-0.012321799,0.192025944,0.379406845,0.047927181,-0.012004993,0.024678766,0.004854974,0.150642162,0.007993159,0.077475598,0.14917026,0.189191126,0.085390599,0.038274718,0.019557632,-0.008926104,-0.120916335,-0.186538697,-0.099751879,-0.081876715,-0.07027697,-0.000748098,0.888339384,3.417285582,-18.91565501,3.470928669,0.642019864,3.45525069,9.06E-05,0.002074518,-8.60E-05,18.8336977,12.591949
206,0.015,0.2034,0.134204898,0.006846357,-0.239541878,0.122680105,0.079442644,-0.036012669,-0.089384179,-0.141318801,-0.147228461,0.00714455,0.132123419,0.223930085,0.23257343,0.103875749,0.306930222,0.324296335,-0.052231779,0.065636545,0.053093667,0.2180849,0.016574311,0.212811811,0.106649697,0.007079213,0.016914968,0.014512462,0.091110686,0.099799044,0.073895534,-0.087719546,-0.108786275,-0.063869079,-0.119012277,-0.136124876,-0.096424556,-0.02884505,1.001142804,3.854510009,-22.13886429,3.914956808,0.723052754,3.88073002,0.000128607,0.002806014,-0.000351399,21.9871913,11.70329
207,0.183055556,0.2076,-0.058352952,-0.016399097,-0.081095367,0.128399224,-0.088561622,0.07638556,0.068500728,-0.059110529,-0.040360424,-0.096837753,-0.069475754,0.43565995,0.256164811,0.222029994,0.231853339,0.208459493,-0.067717675,0.282915934,0.281314396,0.213866518,-0.035641084,-0.025417574,0.113068196,0.045956658,0.05090093,-0.026438387,-0.024254343,0.051664874,-0.088157968,-0.094869641,-0.054935654,0.000804492,-0.021581938,-0.004597548,-0.071763638,-0.048362051,0.960461341,3.896978673,-23.04960356,3.954484224,0.679798496,3.8992596,-0.000143499,0.001617246,0.000989116,22.7198477,11.949874
208,-0.043055556,0.0816,0.041419939,0.276320421,0.242933592,0.113064359,0.04296457,-0.098983065,0.000677985,-0.12899228,-0.115663693,-0.001161467,0.367314104,0.110461789,0.442513712,0.292363406,0.132285723,0.071073548,0.036362185,0.020635751,0.083347399,0.115112269,-0.009012967,0.168245356,0.155659635,0.154509639,0.093888704,0.125378544,0.135125698,0.084888955,-0.042827329,0.005470648,0.004386169,-0.154323626,-0.035875413,-0.108458213,-0.114789817,-0.013681256,0.885574648,3.613024803,-20.85147738,3.66599822,0.624143961,3.62456654,0.000151529,0.001542633,-0.000769927,20.6253255,11.274303
209,-0.009444444,0.2202,-0.021632871,-0.147377082,0.041935979,-0.036048696,0.070924131,0.048019292,-0.130205598,-0.159809669,-0.149740001,-0.001590844,0.190302791,0.215032385,0.25798163,0.320420684,0.03525284,0.03904972,0.260863907,0.233686922,0.074591905,0.051087049,0.143614805,0.120671393,0.114154769,0.161799585,0.172406961,0.035434101,0.016065973,0.005802357,0.081603994,-0.003987873,0.046933416,-0.180867428,-0.093063421,-0.041294222,-0.027695236,-0.097962287,1.118585945,4.154647061,-24.90771571,4.222555161,0.818460029,4.15591741,5.29E-05,0.000387907,-0.001496883,24.4983351,12.501002
210,0.351111111,0.1656,0.177441012,-0.15061069,0.106565897,0.047292166,0.035039489,0.085467275,-0.129706885,0.007776927,-0.083549566,-0.082061092,0.094087586,0.282088665,-0.030429126,0.13352729,0.246591761,0.265383647,-0.047966445,0.093010005,0.249963124,0.214188612,0.170172055,0.221607165,0.112272044,-0.018685253,0.142233085,0.131099905,0.093450557,0.028394174,0.057576011,0.024727241,-0.045484327,0.022108699,-0.040255161,-0.016609677,-0.015924497,-0.063832044,0.925024477,3.559603535,-20.55249186,3.615458965,0.667482929,3.57495997,0.000211484,0.003084185,-0.00151964,20.3441555,11.007586
211,-0.131666667,0.1194,0.155079344,-0.034247682,0.166063693,-0.020934633,-0.106701361,0.017415717,-0.184506718,-0.148944751,-0.132441531,-0.125299789,0.36469152,0.419361099,0.372079591,0.246348152,0.064815735,0.170793813,0.31766937,0.327030336,0.143550795,0.150068031,-0.031035032,0.145769305,0.173936814,0.104715945,0.026859897,0.042437893,0.03818676,0.091694248,-0.058941042,-0.072250338,-0.141971601,0.014348778,-0.065664847,-0.044047443,-0.057125124,-0.040719475,1.218583466,4.247268164,-26.10229497,4.321926117,0.910532246,4.23994425,3.15E-05,0.000830931,-0.000271558,25.5673272,13.986122
212,0.241111111,0.069,0.100166289,0.033616007,0.076076325,0.08546398,0.031584709,0.115994175,-0.112343397,-0.133116197,-0.029197664,-0.075729416,0.254684827,0.362489671,-0.016737879,0.023310602,0.008578846,0.236580971,0.230709213,0.0339376,0.255969725,0.1095447,0.08206337,0.043031902,0.148830116,0.099772531,0.184292936,0.175058523,0.138667448,0.049187021,0.016947414,0.090382863,-0.0200317,-0.129927957,-0.053636106,-0.139026123,-0.078902899,-0.024495618,0.910428616,3.536435148,-20.23481592,3.591328859,0.655940734,3.54049259,-1.81E-05,0.001632949,-4.46E-05,19.9176925,11.643856
213,-0.033888889,0.1908,0.13764334,-0.179892959,0.105049233,0.02046794,-0.037084439,-0.083315018,0.01622275,-0.173292154,-0.061806771,-0.073924672,0.031282089,0.266758055,0.095518519,0.005577232,0.079506319,0.358282775,0.266729135,0.063867072,0.200245323,0.10340312,0.008855035,0.11964438,0.095362492,0.137959659,0.189429776,0.136526631,-0.025898464,0.003087956,0.055348033,0.091941497,-0.046374974,-0.158313384,-0.191067721,-0.055610215,-0.032101032,-0.001699576,1.23812027,4.316177327,-26.21745828,4.392030239,0.923923642,4.30645162,6.06E-05,0.002823733,-0.000229266,25.6856813,12.081815
214,-0.018611111,-0.1116,-0.068564355,0.274012427,0.064113417,-0.199399552,0.02213885,-0.055363402,-0.182272285,-0.041659161,-0.134850951,-0.149416563,0.010483777,-0.089608027,0.180964552,0.249126564,0.305140345,0.340684829,0.113875259,0.09682056,0.14735246,0.154504445,-0.048479929,0.136797122,-0.020969227,0.08876573,0.014568831,0.112469082,0.009276406,-0.004457619,0.000373612,0.048531245,0.022747398,-0.012782466,-0.12951841,-0.14382565,0.003158627,-0.051062435,0.879126512,3.57597146,-19.57224969,3.628585339,0.622843304,3.61350121,1.11E-05,0.000929161,2.44E-05,19.5437001,11.77154
215,0.305277778,0.258,0.007218622,-0.122308974,-0.060171614,-0.114893348,0.041157811,0.032560305,0.037720835,-0.075447526,-0.109141022,-0.141853427,-0.01068134,0.48824783,0.446688894,0.221167038,0.272201407,0.286523751,0.337614309,0.316937668,0.180450272,0.066019557,0.128502652,-0.023536578,0.060814266,0.111950931,0.112756827,-0.025002995,0.045800732,-0.006993197,-0.042037079,0.012876871,-0.01056775,-0.008389923,-0.024957632,-0.095327696,-0.049302916,-0.081750776,0.948751107,3.612260201,-21.06754071,3.669642448,0.68937283,3.6202296,0.000116939,0.001493462,-0.001007594,20.7959858,13.526962
216,-0.061388889,0.006,-0.095746138,0.261074596,0.241025586,-0.175165893,0.000288441,-0.107394739,-0.012932079,-0.084618254,-0.120983479,-0.142834345,0.414471723,-0.025848645,0.44081362,0.125085756,0.227182419,0.18057871,0.269821582,-0.072629272,0.100212439,0.034727975,0.029205483,0.231056496,0.069972572,-0.000842328,0.073828435,0.017122008,0.075195976,0.079417574,0.069471426,-0.043437826,-0.04414845,-0.097785605,-0.157642877,-0.064575691,-0.11916458,-0.096029535,0.887569968,3.540503892,-19.68048935,3.593793154,0.631931506,3.56180455,0.000119761,0.002236262,-0.000389507,19.5131992,12.023817
217,-0.018611111,-0.0906,0.194792198,-0.160958717,-0.189437702,0.139358745,-0.006526568,-0.071285856,-0.172055693,-0.04574694,-0.137086926,-0.03772164,0.426120846,-0.07397841,0.427556882,0.189666367,0.082654556,0.346257123,0.3615375,-0.057081856,0.11992858,0.038876954,-0.000691068,0.28770894,0.045532664,0.107437613,-0.04389001,0.14587409,0.104744505,0.000910693,-0.08315671,-0.010589899,0.045541287,-0.04504243,-0.167174576,-0.096257909,-0.090461113,0.004416476,1.148686595,3.89094464,-22.28275058,3.96159482,0.86634703,3.93684744,7.05E-05,0.000363051,-0.000289269,22.2150981,13.241014
218,0.094444444,0.1404,0.114142373,0.182277621,-0.160602416,0.099250486,0.07476932,-0.05021823,-0.040867385,-0.069861299,-0.128711245,-0.016883518,-0.097759275,0.173686337,0.066064183,0.380455952,0.347219646,-0.053779583,0.362392751,0.102854935,-0.031455463,0.228793128,0.209178576,0.019546347,0.181269356,0.056334792,0.090385107,0.191311396,0.061144907,-0.008029767,-0.040920112,-0.032631962,0.030870478,-0.182593199,0.005206967,0.018434525,-0.118358841,-0.078351121,0.878428892,3.627855925,-20.68363831,3.680294752,0.616883243,3.66039271,-7.31E-05,0.001195595,0.000422823,20.6044606,11.455277
219,0.326666667,-0.0066,0.190882905,-0.237204224,0.206492604,-0.013297903,0.110552832,0.112289184,0.037565875,0.039053954,-0.05335164,-0.066827006,0.012240686,0.406391452,-0.040918545,0.290712636,-0.010288886,0.23817237,-0.027625286,0.042196363,0.282283884,0.0644763,0.153534714,0.244269899,0.18033864,0.033948479,0.039424522,0.100390827,0.000265003,0.063376427,0.051507898,-0.09885096,-0.107843454,0.002615704,-0.127228486,-0.147460717,0.009153099,-0.023566099,0.935284027,3.645195033,-21.127141,3.701557636,0.671037132,3.65791242,8.07E-05,0.001829748,-6.17E-06,20.8569777,11.303985
220,-0.095,0.2538,0.189610141,-0.011839326,0.220004713,0.004536362,-0.106265004,-0.079871446,-0.161396747,-0.054084807,0.001035218,0.008992704,0.219097294,0.485930206,0.246928143,0.269705625,0.34436714,0.167062592,0.271838674,0.3772912,0.160835344,0.164751828,0.157231684,0.149203526,-0.001177221,0.024306821,0.053577537,0.00940795,0.034100409,0.095227921,-0.089135198,0.053878661,-0.060752474,0.027126525,-0.018849353,-0.121133251,-0.077791994,-0.065543794,1.183747713,4.144001245,-25.57138378,4.216480732,0.881197948,4.13473669,-7.28E-05,0.00040985,0.000860672,25.0387974,13.224211
221,-0.076666667,-0.0318,-0.088511306,-0.185593383,-0.125913216,0.053172489,-0.04014583,0.024005498,-0.042350555,-0.035160247,-0.025181771,-0.03147399,0.451691464,0.427825444,-0.050160386,0.191718196,0.19085575,0.246915998,0.358285941,-0.06786385,0.067141183,0.198436202,-0.011225662,0.207979283,0.091437414,0.087902444,0.107086524,0.015649901,0.073077421,0.042520386,0.049698079,0.080038001,-0.184881795,-0.159403732,-0.120544342,-0.077073375,-0.074833575,-0.035481717,1.141178758,3.939226534,-22.81082712,4.009235382,0.855423385,3.96840323,-7.29E-06,0.001007969,-0.000130695,22.5511588,13.566553
222,0.311388889,0.0858,0.076805724,-0.149465205,-0.220737462,0.156168972,0.1060321,0.03751483,-0.027127289,-0.179481214,-0.133690105,-0.097108457,0.338645097,0.123784354,-0.065601832,0.288308924,-0.044840353,0.005599376,0.03380091,-0.024466571,0.183703615,0.234171453,0.283847939,0.175744451,0.053578017,0.083547341,0.117763303,0.19795496,0.112501518,0.078011225,-0.027859742,0.098014067,-0.105365721,-0.048479502,0.017784818,-0.01190806,-0.074068569,0.001765052,0.973994937,3.704393605,-20.93847104,3.76331234,0.707694678,3.73495129,-9.19E-05,0.001335024,0.000915033,20.8175937,11.272511
223,-0.119444444,0.279,0.090919153,-0.055514476,0.068095707,-0.013810653,0.037894616,0.009926194,-0.1293032,-0.177967355,-0.075968902,-0.049448455,0.436694216,0.257272169,-0.074489112,0.163048927,0.164483124,0.105292789,0.279755214,0.22812233,0.24352457,0.205266716,0.290593896,0.070683257,0.1810191,-0.015923368,0.011099955,0.184349897,0.118398622,-0.012092532,-0.063022234,-0.005546974,-0.028146187,-0.017453429,-0.091676707,-0.050156305,0.005295318,-0.081270564,1.192077845,4.064215323,-24.56273835,4.137470245,0.895809021,4.06299879,-1.81E-05,0.002715196,7.97E-07,24.1042361,12.853448
224,-0.137777778,0.0228,0.099214533,-0.217230646,0.15158474,-0.138914034,-0.032297705,0.005140671,-0.040460335,-0.044273569,-0.010577366,-0.146065141,0.145641642,0.091522658,0.087068113,-0.074419993,0.081275772,0.349933136,0.181700244,0.316061399,0.242013372,0.109853557,0.02025037,0.241630077,0.02726986,0.001552009,0.139411675,-0.024421462,0.052473516,0.031699837,-0.087345379,0.058335484,-0.014259209,-0.179766066,-0.007257957,-0.145464229,-0.026561957,-0.010667711,1.20559121,4.232080925,-25.22135686,4.305869579,0.899398165,4.23484979,0.000183191,0.002514659,-0.001114233,24.7972749,12.81747
225,0.158611111,0.0144,-0.052097528,-0.241568316,0.142554927,0.013137759,-0.134595644,0.081142435,-0.17107542,-0.143843433,0.015296926,-0.02941984,0.319508187,0.2315071,0.150062954,0.020098282,0.137399438,0.258989866,0.291242786,0.256919657,0.074829301,0.074984657,0.285762477,0.199429951,0.01130981,-0.005512955,-0.008533579,0.057319053,0.087766623,0.001004711,-0.025202559,0.094579259,0.0018949,-0.19481517,-0.103684401,-0.01972521,-0.004885422,-0.085216604,1.203914931,4.126005796,-24.69915452,4.199935913,0.901547959,4.11846288,0.000134662,0.000867393,-0.000288629,24.1628444,12.944846
226,-0.134722222,0.0018,0.197027665,0.193050338,-0.130284054,0.047481782,0.116274,-0.105880186,-0.179941152,-0.090670879,-0.027420386,-0.048630668,-0.004500434,0.419936206,0.184343901,0.355554791,0.237071944,-0.023292489,0.390796924,0.096197409,0.292849204,0.146690775,0.025080175,0.054503943,0.15141112,0.197298067,0.017191159,0.123925783,0.09608995,-0.014978111,-0.058543879,-0.054961335,-0.192242549,0.019325353,-0.133378206,-0.111276406,-0.094206184,-0.004089867,0.981056938,3.707138242,-21.48198784,3.766542912,0.712205814,3.73328301,1.27E-05,0.00140674,-0.000310142,21.3232376,13.222327
227,0.125,0.0648,0.199834344,-0.212538763,0.239342636,0.146214316,-0.024253251,0.11780635,-0.021887513,-0.047062603,-0.023406791,-0.081284336,0.09973777,0.361205077,-0.018656844,0.06926115,0.248564249,0.067853701,0.144634177,0.070533911,0.039421432,0.098915499,0.171944614,0.04486619,0.052413374,0.124292642,-0.038638515,-0.02170251,0.046937201,0.063012971,0.067314135,-0.092213916,-0.102300559,-0.127297616,-0.022655344,-0.128117514,-0.080837776,-0.034152557,1.130462544,4.277622793,-25.8160644,4.346059799,0.81958517,4.27330318,1.56E-05,0.001884337,-0.000100801,25.354345,10.613934
228,0.002777778,-0.1116,0.127509906,-0.020217454,0.208025352,-0.057286639,0.099398693,-0.011398416,-0.006649,0.042947714,0.024131114,-0.088331266,0.184029812,0.206470277,0.037110701,-0.055172786,0.261881844,-0.044867852,0.10620553,0.073195341,-0.032462808,0.19370612,0.040539663,0.180665826,0.009124201,0.068348845,0.102437555,0.105989408,0.124526937,0.03127464,0.072708929,-0.037194089,-0.036646434,-0.191713682,-0.087257624,0.019189913,-0.024453148,-0.050851521,0.919777657,3.829627592,-21.81418312,3.884459257,0.644972186,3.85107936,-8.49E-05,0.00063383,0.000490241,21.6291628,10.615496
229,-0.15,-0.078,-0.002520229,-0.240064218,0.050013745,-0.194085156,-0.03396255,0.092050982,-0.097206125,-0.177408327,-0.12074048,-0.145403225,0.040817165,0.19128424,0.119642428,0.104713772,0.274792736,0.100368212,0.052099264,-0.029362902,0.080360186,-0.02468379,0.235519716,0.254810074,0.083288427,0.006499003,0.003007255,0.122449013,0.128553947,0.060786806,-0.080617955,0.051575194,-0.071739184,-0.040074576,-0.001661049,-0.127447719,-0.002728642,-0.042158633,1.240038282,4.53440196,-26.78703518,4.609857082,0.912742988,4.540709,1.30E-05,0.00188864,8.51E-05,26.3541704,12.098996
230,-0.009444444,-0.12,0.163910581,0.124697084,-0.159776948,-0.140261334,-0.04122107,0.009722151,-0.068163677,-0.050964725,-0.072221724,-0.124270666,0.271631906,0.330056894,0.154521446,0.354941388,0.106962452,0.002243974,0.030051953,0.301647849,-0.008740493,-0.013562925,-0.047439087,0.035531138,0.158452385,0.013190061,0.091229324,-0.033306359,-0.006282809,0.001264814,-0.014575508,0.03739336,-0.001769321,-0.149056981,-0.135033723,0.005511677,-0.039980689,-0.030948929,0.927432617,3.860150933,-21.85203723,3.915442228,0.651768413,3.88022052,0.000226218,0.002913419,-0.001336021,21.6965312,12.089952
231,-0.018611111,-0.1074,-0.064028876,-0.247065496,0.116299867,0.06513775,-0.114866537,0.005582709,-0.146694523,-0.113661464,-0.078200113,-0.086297278,-0.067277843,0.117815694,0.243125792,-0.053927638,0.02036865,0.309665698,-0.06202567,0.276780011,0.247076863,0.052702231,0.09253054,0.289547247,0.193864678,0.061074848,0.042484801,0.003001191,0.011133538,0.078213208,0.097973787,-0.019424706,-0.15208592,-0.045167583,-0.039931347,-8.55713E-05,-0.069038035,0.007179537,1.22414172,4.39515844,-26.31685457,4.469843864,0.906648047,4.40005004,-8.20E-06,0.00106027,-1.43E-05,25.8911827,12.412555
232,0.393888889,0.0648,0.019661432,-0.129205234,0.244705349,0.147104589,0.025407262,0.04131271,-0.18332461,0.005908044,-0.091218238,-0.024606457,0.353163495,0.089307776,0.072194585,0.208767993,-0.025321365,0.241416195,0.256416682,0.000523658,0.052664984,0.034888107,0.080368328,0.216202686,0.079689115,0.175591941,0.186645455,0.047535917,-0.023399417,0.032667427,-0.068230489,-0.06813265,-0.084027341,-0.193482928,-0.087621961,0.019006012,-0.056915582,-0.090451913,0.899188809,3.438219822,-19.26930358,3.492568731,0.650998972,3.44718174,3.81E-05,0.002207912,0.000203378,19.0089866,11.358727
233,0.296111111,0.0438,0.138640608,-0.131078444,-0.033041103,0.126472979,0.137966029,-0.089324011,-0.178028191,0.048938074,-0.082229683,-0.118939085,-0.071566588,0.421021753,0.220889269,0.042980399,0.131720354,0.22672415,0.103357887,0.101873735,0.046919809,0.073168264,0.203404132,0.012695214,0.144326006,0.192230063,-0.023646747,0.108322676,0.096610217,0.012230756,0.061106989,0.047191486,-0.140457715,-0.023868213,-0.099879477,-0.063917074,-0.060203579,-0.062586017,0.895203555,3.632625203,-20.46300057,3.686222553,0.633211613,3.65474901,5.58E-05,0.001836981,6.52E-06,20.3437992,11.530141
234,0.283888889,0.2832,-0.06083993,0.174233318,-0.249996812,-0.000363871,0.134039429,0.045361987,0.011635709,-0.024923319,-0.127317951,0.01273434,0.163531404,0.025762318,0.16777402,0.155715368,0.327686906,0.365717636,0.369560663,0.135131351,0.122432002,0.081994221,0.266611127,0.045762951,0.144770553,0.048601788,0.158104997,0.117291307,0.050218993,-0.002803517,0.091846393,-0.094496495,0.022350691,-0.009992963,-0.02886653,0.011237638,-0.04052938,-0.006761397,0.803115426,3.062462122,-16.4239607,3.111024618,0.583536024,3.10361022,0.000117418,0.001316134,-0.000414522,16.4574419,12.273242
235,0.204444444,0.0648,0.117085353,0.005720705,-0.218376937,-0.01197501,0.127239753,0.050217742,0.032016949,0.030495287,-0.09473039,-0.126706811,0.444487543,0.386971366,0.343275911,0.079591245,0.245846029,0.206413941,0.325461406,0.352168752,-0.015500064,0.077383778,0.24683805,0.24272464,0.010380712,0.003049242,0.195604503,0.140897961,0.102147595,-0.017039551,0.048071057,-0.02096226,-0.048453291,-0.001707332,-0.034899792,0.00039894,-0.020249828,-0.05782132,0.910577202,3.17427573,-17.49894106,3.230062008,0.682159317,3.22350654,2.64E-05,0.00172392,-6.70E-05,17.5021995,13.659951
236,0.100555556,0.2622,0.108174839,-0.035931561,0.082181366,0.164149654,0.047594403,0.057110256,-0.004658383,-0.073205359,-0.123000561,-0.010742245,0.471027645,0.476565386,0.180534306,0.205871746,0.199387159,0.079770271,-0.047054421,-0.015310063,0.165880392,0.110476212,0.163790481,0.188935794,0.06319203,0.018063554,0.188065579,0.067063903,-0.022604731,0.084181243,0.012785169,-0.06711675,-0.190520976,0.006395294,-0.166557406,-0.034322216,-0.059166843,-0.023651123,1.00301637,3.738930152,-21.78893279,3.79978919,0.732240371,3.75060997,0.00012807,0.002856983,-0.000536843,21.5126342,11.415867
237,0.036388889,-0.0234,-0.02914565,0.019277689,-0.115776704,0.183035116,0.147852333,-0.10075297,-0.042208761,-0.143605572,-0.13161968,-0.134992706,-0.015395592,0.21403761,0.399833861,0.016005791,0.349857372,0.088754377,-0.001528864,0.039117336,0.116300374,0.163473819,0.150431368,0.001885247,0.033422445,0.021465302,0.171630297,0.118144377,0.005413543,-0.013193799,-0.051380869,-0.034144009,-0.012684617,0.027858538,-0.015347988,-0.118554525,-0.052857302,-0.077158097,0.945057196,3.827941852,-21.66708185,3.884541035,0.669955646,3.86773028,2.48E-05,0.002489043,8.12E-05,21.6441241,11.27828
238,0.3725,0.279,-0.039694125,-0.015505446,0.061417672,-0.130499341,-0.055272271,-0.070213149,0.035867476,-0.116564935,-0.060494207,-0.113345383,0.216748115,0.182057258,0.008697809,0.151871888,0.286243815,0.380062944,0.294379557,0.371912754,0.208337348,0.234650978,0.14771753,0.237983693,0.159720636,0.190146774,0.132437844,0.071203994,0.108075831,0.035392672,0.047452779,0.027509123,-0.148104549,0.004734143,-0.137090964,-0.129339263,-0.063423693,0.003053309,0.948433095,3.410550013,-19.67721966,3.468401432,0.702594899,3.41691103,-2.84E-05,0.002729748,0.000373128,19.3668406,13.468454
239,0.048611111,0.2748,0.022834717,-0.176550345,0.135333041,0.198960396,-0.146461896,0.057945796,-0.029664267,-0.099552083,-0.042865724,-0.094084033,0.343576725,-0.041644425,0.217016576,0.300234702,0.227410528,0.372024094,0.363168371,0.200891164,0.076368341,0.092683322,-0.03440311,0.129630128,0.167265119,-0.005925573,0.1668812,0.165111979,-0.00052137,0.065894157,0.004613494,-0.050885612,-0.07053634,-0.131321708,-0.104892675,-0.065631126,-0.088599966,-0.0386041,1.27797054,4.203555051,-25.80968297,4.28246212,0.969332485,4.19700981,0.000185638,0.001787892,-0.000786555,25.2609933,12.651955
240,0.228888889,0.0312,0.009870434,-0.158374969,0.045570525,-0.128981879,0.106450166,-0.054068352,0.013245457,0.00221291,-0.143661142,0.014261372,0.186132977,0.46533064,0.043922141,0.324190618,0.23011322,-0.006273343,-0.026404133,0.058841299,-0.041081135,0.187743919,0.023670575,0.166521482,0.037258312,0.05534263,-0.003158483,0.198524706,0.05898309,0.085305282,-0.013793933,0.013893178,-0.07572816,-0.144801715,0.003447841,-0.100096492,-0.070792723,-0.018276569,0.916564251,3.844786975,-21.89711554,3.899357557,0.639299411,3.85635775,-2.58E-05,0.002045721,0.00054962,21.6572686,11.46417
241,-0.101111111,0.2622,0.121894982,0.08649751,0.024375147,-0.030093525,-0.129023298,0.089406235,-0.130644828,-0.199520221,-0.066305634,-0.007122028,0.476902345,-0.023661069,0.086104211,0.351161853,0.033249669,-0.00012255,0.060763806,0.379448407,0.0642706,0.117520092,0.292463051,0.142950316,0.121115503,0.123164601,-0.045155814,0.100778146,0.075500572,0.065725522,-0.046368099,0.071284049,-0.087306711,-0.067855306,0.027518425,-0.067707683,-0.070874192,-0.080304994,1.171104773,4.131443444,-24.85926109,4.203071594,0.869589385,4.1311589,-4.53E-05,0.001692556,0.000286434,24.395048,11.98828
242,-0.137777778,-0.0948,-0.065126874,-0.047054395,0.173344262,-0.08274347,-0.079267986,-0.118904172,-0.199346044,-0.185299649,0.025640537,-0.094750114,0.221294756,0.492421954,0.320689854,0.14758416,-0.037618629,0.128326254,0.078300093,0.016996306,-0.033069695,0.219082072,0.047521162,0.236426809,0.041522917,0.164162119,0.056217999,0.105426784,0.09831594,0.061009112,0.082952144,-0.046565756,-0.053368158,-0.117467053,-0.03100942,-0.01326343,-0.072086734,-0.089634302,1.154085971,4.284592596,-25.33871961,4.354660511,0.844640305,4.27972978,4.28E-05,-0.000137023,0.000503072,24.8706222,12.65017
243,0.311388889,-0.0108,-0.0425183,0.068418582,0.054215977,-0.028423361,0.144821722,-0.104830718,-0.024346592,-0.119001744,0.021121345,-0.133491617,0.11696737,0.290147941,0.015102053,0.309378848,0.084534288,0.371151173,0.242113426,0.05930769,0.056914749,0.222137283,0.290000363,0.099847174,0.074075751,0.001937029,0.106336195,0.13962382,0.104977334,0.026249091,0.088085228,-0.064882113,-0.021682105,-0.10891386,-0.067602548,0.009741179,-0.042584983,-0.059650731,0.844750794,3.153197171,-17.00946229,3.204442978,0.617797725,3.19227112,3.19E-05,0.0023973,-2.23E-05,16.9900054,12.226009
244,0.082222222,0.2034,-0.044025978,0.125151241,-0.103282606,0.08828901,0.06027004,0.018671813,-0.155086332,0.036124482,-0.08400002,-0.022342049,0.459915048,0.340896792,0.277647898,-0.02086204,0.073284828,0.213859134,0.000350371,-6.61421E-05,0.151815164,0.032567083,0.274189325,0.101641459,0.172598757,0.064374422,0.042194778,0.045280508,0.025906919,-0.012122759,0.044527929,0.043555571,-0.110505075,-0.123344161,0.012459677,-0.110501727,-0.086415802,0.002259676,0.857966057,3.277237014,-17.74506589,3.329102516,0.622431203,3.32056206,0.000109284,0.001697007,-0.000527002,17.7658493,11.76577
245,0.283888889,0.2202,0.169623498,0.06422891,0.037094551,0.051558124,0.0188789,-0.041273024,-0.133784477,-0.086557394,0.011199636,-0.072997942,-0.055030306,0.175512046,0.348855375,0.216784964,0.308393728,0.197246737,0.365119956,0.137524719,0.29345806,0.181904814,0.218929987,0.284296707,0.019415462,-0.017983398,0.076400584,-0.002443822,0.117554043,0.025944105,0.01202049,-0.0189747,-0.006067598,-0.177015261,-0.187472525,-0.052181978,-0.003300357,-0.098061214,0.876801408,3.451829506,-20.08092612,3.504583597,0.627893159,3.46344098,4.18E-05,0.002149599,-8.04E-05,19.8379816,12.388705
246,-0.082777778,-0.0024,0.141750878,0.06051837,0.081123553,0.182087477,-0.023599772,-0.054786296,-0.000547315,-0.06970828,-0.084891867,-0.081604034,0.382429874,0.030218987,0.342750905,0.292740218,-0.037895121,0.337013625,-0.005133796,0.069460569,0.122135596,0.174341603,0.005880481,0.246021548,0.192598697,0.086906377,0.115157339,0.166776234,0.067662578,0.046289054,-0.078408081,-0.061607963,0.024136332,-0.175071093,-0.116620562,-0.007373669,-0.078039413,-0.043718467,1.055756749,3.650292228,-20.95644856,3.715046167,0.78994877,3.68308915,0.000759937,0.000983196,-0.006055404,20.8137041,12.195506
247,0.176944444,0.2958,0.135892715,-0.113166294,-0.138481608,0.121676645,-0.008498639,0.004272767,-0.079877281,-0.013239896,-0.092373092,-0.034865884,0.087008005,-0.098430169,0.061627577,0.037703406,0.265285399,0.158229159,-0.04010079,-0.000544409,-0.026867103,0.019730022,0.006826121,0.087170293,0.04756856,0.074909379,-0.021109515,0.066676274,0.114493553,0.02368245,-0.004844169,-0.053817785,-0.023459467,-0.093619283,-0.147071609,-0.052734969,-0.056490428,-0.005650091,0.960447123,4.015196858,-22.96066231,4.072413445,0.672461461,4.03977035,-4.84E-05,0.00166924,0.00037858,22.8010098,9.471532
248,0.238055556,0.1488,0.102262537,0.142585589,-0.128943043,-0.076496636,-0.007136638,0.062107145,-0.113178957,-0.128248994,0.000681672,-0.017552633,0.472899583,0.332302946,0.292083004,0.38524255,0.143414961,-0.026212944,0.25548203,0.320111747,0.079030212,0.217538701,-0.024417616,0.107789801,0.124588228,0.085623329,0.030938905,0.103090327,0.049321294,0.03182972,-0.079748522,0.071714886,-0.072056994,-0.023922146,-0.187746193,-0.084447031,-0.110499645,-0.000926892,0.884586086,3.606510415,-20.73642939,3.659430742,0.625919032,3.61669312,-3.66E-05,0.000941526,0.000101282,20.4786282,13.046875
249,0.015,-0.0192,0.05171494,0.090415437,0.202850288,0.103941163,-0.12637766,0.072596499,0.01763758,-0.049742827,0.021358745,-0.128754286,0.016707777,0.002054768,0.287934478,0.114367941,0.027297944,0.089270126,0.347369547,-0.065909133,0.17669593,0.050478032,0.292661693,0.059644067,-0.016513298,0.083175368,-0.026905124,0.121008058,-0.029638386,-0.008936139,0.005739451,-0.019683115,-0.061546651,-0.005016563,-0.105101101,-0.029456265,-0.062325828,-0.07610206,0.986317046,3.917041626,-22.86855747,3.976301908,0.702543795,3.92168657,0.000220648,0.002197417,-0.001738405,22.5289982,10.868581
250,0.118888889,-0.1032,0.008818594,-0.024665297,-0.044841924,0.063878122,0.030309263,-0.019029488,0.02550516,-0.142286361,-0.079611351,-0.016623817,0.424453241,0.313051712,0.406718115,0.350476579,0.013725451,0.106363934,0.109542479,0.326255641,0.137991796,0.131662799,0.101759812,-0.021746534,0.125242713,0.167607083,0.017847042,-0.019897494,0.021653149,0.036560764,0.022351514,0.018877943,0.038745639,-0.071629212,-0.024299772,-0.01866437,-0.081937653,-0.047491658,0.987239923,3.748879484,-21.94444536,3.808613777,0.717222631,3.7615377,1.95E-05,0.002478494,9.29E-05,21.6999888,13.154267
251,-0.000277778,0.0144,0.082467542,-0.073484617,-0.049183545,0.133915479,-0.086089296,0.034337545,-0.071525504,-0.187084942,0.001282608,-0.055542758,0.075919587,0.142110839,0.445134295,0.122244065,0.250357095,0.081489856,0.250630755,0.272684899,0.126623914,0.001724698,0.295225401,0.206369278,0.154096136,0.198337633,0.192287076,0.003684755,0.074307803,0.029186734,0.064735285,-0.009636006,-0.093370601,-0.018245174,-0.181388302,0.011815837,0.005117425,-0.012944519,1.176818332,4.090706797,-24.55179656,4.162832737,0.880148679,4.09363901,-7.60E-05,-4.56E-05,0.000592447,24.1304536,13.026565
252,0.387777778,0.0144,0.039922563,0.023179073,-0.003750338,-0.039196163,0.097871475,0.034476827,-0.058841172,-0.169977751,-0.010016263,-0.01265663,0.356035705,0.313988554,-0.025514085,0.114712456,-0.019844375,0.031094709,0.232624329,0.117505109,0.049712091,0.01808653,0.120345362,0.113172646,0.177029963,0.011329871,0.144519074,0.021697698,0.068178252,0.06141356,-0.024847294,-0.07333844,-0.104308862,-0.145233987,-0.11928716,-0.086062336,-0.038847127,-0.077989526,0.841743335,3.508305457,-19.43714582,3.558476448,0.591251867,3.52234239,2.01E-05,0.002251729,0.000110094,19.2158143,11.565331
253,-0.116388889,0.258,0.105867736,0.098596768,0.137441466,-0.1459708,0.032550096,-0.029459029,-0.001722062,-0.061978791,-0.012123046,0.019374247,0.243995045,0.326814323,-0.007020909,0.272555321,-0.01551903,0.018591937,0.299217962,0.041296422,-0.038574931,0.215920107,0.291109675,0.24406433,0.168083475,0.097008696,0.056948004,0.120282484,0.019024762,0.013318455,-0.061357742,-0.047480788,-0.052508696,-0.072208392,-0.178761968,-0.029329895,-0.003569923,-0.072518529,1.024334105,3.826100392,-22.27624932,3.888234138,0.746331879,3.83213386,9.14E-06,0.000885103,-0.000247018,21.9192638,11.893472
254,0.155555556,-0.0066,0.038577383,-0.040005541,-0.074954715,0.103157397,0.070135922,0.08146748,-0.110292339,-0.038451212,0.021506177,-0.04812765,0.100615468,0.374265385,0.098986572,0.380409589,0.315062671,-0.060193501,0.135242391,0.296490765,0.19585191,0.025708829,0.159776426,0.01438609,-0.023288231,0.075504791,0.148368779,0.076822286,-0.008743023,0.067785209,0.049995844,-0.06997224,-0.00214868,-0.034520695,-0.106194784,-0.014042452,-0.020397948,-0.022022242,0.913968136,3.720740931,-21.47277863,3.775432587,0.647966687,3.74272321,1.70E-05,0.001836626,-0.000442953,21.3132219,12.021815
255,0.143333333,0.1614,0.091854154,-0.174659065,0.183367644,-0.19261478,-0.005630926,-0.026285246,-0.008670953,-0.017613842,-0.051092818,0.014013997,0.413133457,0.363643949,0.225466136,0.166170838,0.263977899,0.063126101,0.024747421,0.199860367,0.043098118,0.106901109,0.007194232,0.020272248,0.17399215,0.013661442,0.076682994,0.089395714,0.069241125,0.082538755,-0.050410563,-0.03465238,-0.050674392,-0.056940713,-0.051843912,-0.037411004,-0.016577129,-0.017332315,1.025791115,4.031060693,-23.72910711,4.092796803,0.734764636,4.02747224,-2.56E-05,0.000675141,5.55E-05,23.3258181,11.971206
256,0.345,0.0816,0.187885894,0.100559845,-0.196194908,0.014907787,0.140351862,0.017099872,0.067080065,-0.09217661,-0.147945288,-0.078828199,0.080488324,0.012342351,0.366309862,-0.044253749,0.056237343,-0.057351092,0.206280438,0.27089628,0.218320655,0.102331542,0.207219739,0.065245391,0.065798779,0.135656366,0.186450611,0.048861459,0.12184434,0.022376159,-0.092025009,-0.042391288,-0.046666194,0.005799652,-0.005585067,-0.14962042,-0.091870999,0.001132936,0.823954147,3.427354882,-19.07046028,3.476482153,0.579018855,3.45565396,9.88E-05,0.002664107,-0.000333116,19.0125139,11.449031
257,0.173888889,-0.099,0.163308677,0.164253758,0.12373403,-0.168710174,0.125933808,0.013048467,-0.167797945,-0.164396262,-0.033057916,-0.081987295,0.43814534,0.106064763,0.09228689,0.308681295,0.10469066,-0.0594218,0.396686804,0.36516567,0.120364906,0.129235539,0.098504358,0.23494145,0.197460138,0.051798687,0.086895312,0.061299743,0.031728377,-0.005765196,0.06282136,-0.078626169,-0.168188547,-0.007364504,0.017334559,-0.002489535,-0.054887169,-0.040280915,0.865405187,3.417581485,-19.31060304,3.469624043,0.621304933,3.43583042,3.92E-05,0.002076438,-8.86E-05,19.1131568,12.962822
258,-0.15,0.0396,-0.074961059,-0.07721975,-0.111347769,-0.190284839,0.104705564,0.040266528,0.053798729,0.033075009,-0.049087617,-0.079871732,-0.086750539,0.29913967,0.204740453,-0.035864523,-0.038959561,0.314127343,0.323204157,0.208900143,0.185715814,0.031933656,-0.024677784,0.238565424,0.083004933,0.121041359,0.089623858,0.0300753,0.110688677,0.086175209,-0.076948811,-0.091209218,-0.199606193,-0.074891207,0.028662071,-0.017818818,-0.061922152,-0.051911627,1.011718356,3.83595705,-21.8112747,3.897186756,0.737097693,3.8553238,1.24E-05,0.00202038,4.33E-05,21.5573156,13.62135
259,0.011944444,-0.0822,0.015351423,0.146005824,-0.146256977,0.045239314,-0.023945705,0.001683237,-0.02236378,-0.032881975,0.027432881,-0.031805276,0.095666864,0.095630014,0.148083434,-0.077626827,0.314247741,0.037916108,-0.032256939,0.393261166,-0.018017259,0.242143134,0.176607955,-0.023994699,0.02447151,-0.015605169,0.053203989,-0.02240588,0.056474861,0.070639074,-0.095619662,0.001201781,0.036024163,-0.181833395,-0.032778484,-0.030886124,-0.082457551,-0.065965813,0.904252918,3.723376745,-20.80190875,3.777384281,0.636971519,3.76026675,-8.58E-05,0.002045517,0.000320482,20.7556874,11.223997
260,0.1525,-0.0948,-0.077944103,-0.214387045,0.206580104,-0.018629241,0.101032746,-0.000485858,0.022745583,-0.177052354,-0.118935307,-0.134178236,0.433052532,0.316886191,0.266128493,0.237534439,0.151407841,0.069566068,0.083110731,0.050340106,0.159947925,0.22191725,0.223848946,0.052687799,0.115855195,0.04064523,-0.04454504,-0.004615897,0.048064923,0.069607024,0.043933606,-0.000360279,0.036472663,-0.17089311,0.023358671,0.00628306,-0.086921089,-0.003405028,1.038709661,3.984689833,-23.37677647,4.047440052,0.751842818,3.99652805,3.14E-05,0.001186559,-0.000385284,23.0703179,12.41215
261,0.051666667,0.1488,0.031022073,-0.230091134,0.107393803,-0.083251318,0.050393668,0.052846873,0.064976892,0.041635136,-0.147681947,-0.074107505,0.388803531,-0.054324372,0.38312755,0.217603058,0.061636112,0.004175655,-0.002202262,0.135522645,0.131523119,0.159026816,0.265643065,0.028869649,0.159000289,0.147934519,0.184069663,0.009864103,0.064796225,0.09823326,0.086045705,0.011863611,-0.046013001,-0.17808938,-0.047465861,-0.128592274,-0.113331756,0.005435276,1.126530289,3.866756683,-22.53960394,3.935920238,0.844040908,3.90260844,-0.000110745,0.006657147,0.001264318,22.3762379,11.738035
262,-0.009444444,0.1068,0.077951082,0.258932406,0.096976685,0.106535112,-0.131649409,0.063905215,-0.050611558,0.030652139,-0.036136724,-0.079484785,0.113455675,-0.086470837,-0.000180036,0.340762807,0.055406912,0.37492935,0.285091792,0.137998975,0.040038773,0.218747513,0.124917043,-0.031242922,0.182081511,0.041993192,-0.005862262,-0.010043842,0.093681331,0.095712015,0.097057102,-0.062236715,-0.14899183,-0.079269496,-0.028625634,-0.039641287,-0.115693201,-0.046302255,0.880467843,3.505993122,-19.80874561,3.558871031,0.628557424,3.52879941,-0.000114141,0.001170039,0.000843949,19.6481748,11.310312
263,0.396944444,0.027,-0.006566002,0.24717657,-0.190120241,-0.102480027,0.072868911,0.008610952,-0.024063759,-0.165196148,-0.090854934,-0.00202684,0.350162634,0.214784354,0.441854106,0.270001862,0.01733394,0.159405527,-0.077537295,0.243958292,-0.027343396,0.121505695,0.089150878,0.145323853,0.064155541,0.106306207,0.091818688,-0.009804292,-0.029886779,-0.003090477,-0.059803091,0.018207658,0.032142477,-0.036087204,-0.18526746,-0.113788323,-0.020940011,-0.081345623,0.81158973,3.315761257,-17.89484927,3.364297867,0.573908474,3.36438082,4.11E-05,0.002214168,-3.44E-05,17.9533395,11.773981
264,0.201388889,0.1068,0.14905793,-0.013950993,0.007524796,-0.113379811,0.131092442,-0.064107436,-0.195591985,-0.199726607,-0.025388487,-0.139419637,0.281522106,-0.077276139,-0.02060194,0.127010915,0.11186846,0.047486442,0.142310554,0.349046589,0.247894569,0.062684915,0.013036138,0.123428338,0.025202943,0.144534377,0.164807464,0.072355948,0.082369004,0.049509123,-0.044075212,-0.007666891,-0.034101881,-0.016375741,-0.175047074,-0.054862647,-0.096713938,-0.017572209,0.933846256,3.710908693,-21.14750317,3.767010927,0.667858787,3.7293392,0.000107656,0.002195427,-0.000453658,20.9569871,11.649496
265,0.201388889,-0.015,0.196770785,-0.118907173,-0.014798847,0.10547985,0.098916012,0.113524674,-0.05286614,-0.156603644,-0.124498865,-0.055855234,0.463668606,0.385157844,0.282404216,-0.0456083,0.178688867,-0.007202132,0.131474756,0.240431969,-0.013427027,0.059215764,0.10209527,0.017800491,0.032197398,0.089987498,-0.006347777,0.146975255,0.006365244,0.009453588,0.035776838,-0.076321366,-0.005071909,-0.139140503,-0.081222401,-0.131594823,-0.027271764,-0.021828869,0.964937333,3.866488487,-22.48868107,3.924380541,0.687022653,3.87584227,8.39E-05,0.00176432,-5.00E-05,22.218964,11.682295
266,0.210555556,0.0438,0.088663631,0.206566627,0.219670985,-0.020396867,0.059850252,0.054259727,-0.067563741,0.046014892,-0.119856791,-0.039485947,0.318063599,0.390819397,0.124414795,0.234703373,0.326034663,0.394091786,0.020621837,-0.016622155,0.201971778,-0.00639299,0.183929149,0.001547734,0.092469494,0.00262895,0.072190435,0.082267613,0.118185059,0.056586458,-0.077116891,-0.01173936,-0.013542544,-0.097519872,-0.190505689,-0.142025115,-0.047884605,0.006713893,0.820853751,2.990998531,-15.93831828,3.040972471,0.603360957,3.03328084,-3.29E-06,-6.18E-05,2.87E-05,15.9525266,11.56232
267,0.134166667,0.1026,0.033902422,-0.067159529,0.241938636,0.084639045,0.147466332,-0.069423404,-0.023446435,-0.191746687,-0.050682841,-0.111643458,0.001613741,0.180245446,0.360134895,0.386930492,0.156636018,0.13126703,0.183647786,0.247893943,0.030446453,-0.008623752,0.06283491,0.032978423,0.099847301,0.050797188,-0.042490102,0.029545025,0.022676621,0.062744629,-0.019869802,0.069587041,0.00696104,0.025179866,-0.126615281,-0.120491736,0.005526629,-0.089922196,0.978026061,4.005233097,-23.94415913,4.063700199,0.69022671,4.00280178,6.80E-05,0.001878075,-0.000223685,23.5686808,11.369135
268,0.311388889,0.0732,0.107462781,0.14066945,-0.192039261,-0.165741208,-0.022557358,-0.02023588,0.008655661,-0.132306083,-0.117786723,-0.013831258,-0.050715179,0.29370391,-0.053393149,0.326327342,0.093746192,-0.023142163,0.001105806,0.346326022,0.065534695,0.132551831,0.037558151,0.036491151,-0.013367659,0.089444168,0.088378342,0.068026722,0.058147854,0.008865784,0.057739343,-0.020449348,-0.086703539,-0.15772816,-0.184923288,-0.107998362,-0.09349028,-0.034802009,0.849530464,3.791136019,-21.28135697,3.841161251,0.57846312,3.80790432,-9.96E-05,1.54E-05,0.001057309,21.1161157,11.123858
269,0.091388889,-0.0066,-0.020939196,0.296354978,-0.082767338,-0.01958215,0.006740876,-0.01102519,-0.05776099,-0.011636046,-0.103067326,0.020325752,0.481122063,-0.003876962,0.040290613,0.055785096,0.208748513,-0.054581548,0.227522032,0.062610936,0.034043743,0.11153353,0.169105196,0.288860028,0.089266273,0.192159461,0.156126013,0.162564886,0.059786417,0.097370251,0.036357712,0.046039115,0.020920646,0.011712357,-0.011426149,-0.074309071,-0.097519897,-0.069956017,0.833225443,3.340621837,-18.08613248,3.390607119,0.593275126,3.3799849,4.97E-05,0.002562343,-3.89E-05,18.0758552,11.402836
270,0.0975,0.0606,-0.04391157,0.149553634,-0.000295317,0.133510291,-0.117791226,-0.108013398,-0.087485713,-0.057657126,-0.116243488,-0.064925765,0.155253757,0.261974366,0.132219838,0.027784971,0.309689647,-0.068675293,0.005761527,0.197105102,-0.01137226,0.226386162,-0.033328506,0.067551993,0.166896094,0.091902208,0.198487369,0.07771264,-0.003629099,0.0037419,0.061634849,0.016708767,-0.114398218,-0.191889409,-0.109219754,-0.08556218,-0.08809236,0.002039545,0.902627114,3.87588808,-22.18140657,3.929410696,0.625109637,3.89610113,4.61E-05,0.001454268,-0.000631529,22.0111173,10.969316
271,0.173888889,-0.0402,-0.037969444,0.085561981,-0.155499745,-0.081648298,0.057097376,-0.026708499,-0.16256582,-0.197414798,-0.089200212,0.011251726,0.490261738,0.261079538,0.067827846,0.176655287,0.18843692,0.10709231,0.348813345,0.388443244,0.07526864,0.17476008,0.147193158,-0.036892721,0.055357885,0.174637234,0.157833029,0.087755162,0.131075256,0.029382057,-0.028723181,-0.008682501,-0.165149394,-0.066548264,-0.170066486,-0.047957509,-0.003878764,-0.016299723,0.942578488,3.554533146,-19.80242663,3.611625433,0.690010044,3.58329917,-1.14E-05,0.000726631,-1.30E-05,19.6548813,13.886233
272,0.283888889,0.0186,-0.045445447,-0.059024507,-0.228647425,0.095495526,0.11674226,-0.086078311,-0.164640866,-0.078280289,-0.104004662,-0.071568477,0.309287234,-0.005506289,0.378423757,-0.077004457,0.310727976,0.096350736,0.332747717,-0.019788853,0.17271698,0.089900783,0.161467402,0.184952313,0.165735779,0.19300673,0.189553355,0.023439119,-0.028071968,0.03161726,-0.039262989,0.068586817,-0.12746923,-0.059797331,-0.076146471,-0.043716327,-0.038423707,-0.087035278,0.918404297,3.509297919,-19.30697506,3.564814091,0.667116292,3.54581328,0.000103336,0.002294802,-0.000341342,19.2722897,12.645107
273,0.011944444,0.0438,0.120677347,0.242240953,0.043338794,0.044076432,-0.12826998,-0.093657426,-0.017000464,0.006799352,0.023766154,0.006319042,0.253522245,0.338122015,0.240920874,0.329287743,0.322282823,0.064952829,0.15294924,0.230775072,0.203367521,0.19518321,0.222541753,0.187607423,0.189122716,0.026578938,0.009837428,-0.035783204,0.117827941,0.074130588,0.070395513,0.023846594,-0.095115885,0.009340991,-0.046686788,-0.105518802,-0.008508302,0.008677368,0.893429582,3.596634322,-20.9726129,3.650195599,0.636055532,3.61348722,-7.91E-05,0.000185375,0.000699344,20.7609038,12.661388
274,0.244166667,-0.0654,0.178387642,0.125965113,0.033810134,0.144415993,0.131807941,-0.097909334,-0.191099727,-0.138910039,-0.03768202,-0.149136719,0.273631437,0.085526309,0.354040492,0.074856601,0.334034118,-0.066584405,0.22634861,-0.00463331,0.236000984,0.003484385,0.127243595,0.045344627,0.05180233,0.021693657,0.008878099,0.070759467,0.034263077,0.021111176,0.06239553,0.016396926,0.045850582,-0.008472034,-0.057654094,-0.141619462,-0.039426571,-0.024990646,0.827083871,3.642309143,-20.68872199,3.691131115,0.566676034,3.66104998,9.91E-05,0.002001134,-0.000133225,20.5774145,10.796309
275,0.235,0.0438,0.197567236,-0.023842857,0.023160006,-0.117710045,-0.07684713,-0.039556846,-0.077031756,-0.126419217,-0.091851873,-0.090366201,0.458647545,0.430138646,-0.044435897,0.198083368,0.063384587,-0.049065895,0.269011232,-0.066777532,0.215920966,0.085536031,0.142143337,0.120476731,0.004678169,0.197079704,0.116792134,0.052864361,0.092864541,-0.013216594,-0.083486613,-0.011920995,0.021112773,-0.062459111,-0.16786344,-0.02896017,-0.117284921,-0.021139233,0.970528128,3.745383508,-21.58275047,3.803960562,0.698509784,3.75948934,2.99E-05,0.002053489,3.36E-05,21.3173774,11.951304
276,0.106666667,0.0354,-0.007040607,0.221570125,-0.069155189,0.178627735,0.051922712,0.068730357,0.034518704,-0.150460024,-0.133349559,-0.068586777,0.487731805,0.394439447,0.324458477,0.260990276,0.218542946,0.376742398,-0.00077772,0.26508651,0.142462413,0.10189265,-0.030557469,0.204893232,0.185159645,0.163677503,0.18197967,0.080474633,0.028109679,0.099107087,0.063921251,0.041759113,-0.12567238,0.005601276,-0.017949389,-0.09109522,-0.107177878,-0.069295687,0.895472051,3.244080557,-18.25911563,3.298643112,0.661013007,3.27774545,9.80E-05,0.003150806,-0.001911276,18.1723604,13.191507
277,0.302222222,0.174,0.01442057,0.031942624,0.049012302,0.1916564,0.044766813,0.027073052,-0.113840188,0.029676879,-0.094510733,-0.039324078,0.217971613,0.207410634,0.348655687,0.184000008,0.21941676,0.072286559,0.09928478,0.318550656,0.17727594,0.006907111,-0.039397708,0.127938096,-0.026025151,0.06286425,0.052418014,0.193001442,0.024207161,0.011644952,0.00073269,-0.014015501,0.001623652,-0.196607626,-0.090115011,-0.061069308,-0.052612865,-0.053019535,0.819993965,3.500870723,-20.10649862,3.549542665,0.568942019,3.51260777,0.000107544,0.003245128,-0.000762774,19.9161851,11.48716
278,-0.030833333,0.1572,0.026235426,0.020118783,0.089144058,-0.17360441,-0.109614947,0.015749762,-0.074810025,-0.138102042,0.027013168,-0.0260502,0.272695321,0.122757146,0.361816897,0.169591378,0.259843975,0.139221386,0.22126781,0.306165478,0.093622371,0.039722345,0.264191698,0.00488149,0.040990589,0.127405308,-0.001884666,0.091312615,0.081531399,0.060661553,-0.017455634,-0.02136702,-0.033747674,-0.185831451,-0.000268799,-0.062082321,-0.042218225,-0.06049773,1.087246617,3.989047072,-23.70869452,4.055172443,0.797686689,3.98080358,0.000103121,0.003008372,0.000220216,23.2446721,12.865497
279,0.076111111,0.2538,-0.009344723,-0.057412053,0.108827839,-0.043757843,-0.093206674,0.094524284,-0.091510984,-0.160756826,-0.092844378,-0.00851446,0.203461962,0.137915498,-0.011995607,0.250123423,0.276813033,0.181300896,0.096036826,0.144214017,0.171746388,0.113433639,0.194481161,0.15007602,0.033746594,0.028964995,0.074335378,0.070185065,0.029200456,0.027041889,0.077105534,0.034942573,-0.157640489,0.00743112,-0.094088456,-0.097686421,-0.030191759,-0.065327611,1.114468606,4.107225639,-24.48924048,4.174962044,0.815981561,4.10360572,8.64E-05,0.002157798,-0.000272872,24.030437,11.569689
280,0.033333333,0.0564,0.183029547,-0.083073681,0.210385687,-0.071044794,0.049313755,0.088647791,-0.122940195,0.011934747,-0.014315538,-0.057437033,0.12586085,0.08300928,-0.032300693,-0.044962479,0.053034207,0.265671904,0.207204165,0.25364062,0.116198667,0.072423608,0.031674047,0.299954615,0.131658811,-0.007249478,-0.045420548,-0.013782202,0.099812113,0.047216581,-0.052624499,0.062306734,-0.063289946,-0.188411899,-0.145412672,-0.049556972,-0.077886169,0.002739128,1.00135725,3.880429466,-22.49811903,3.940828085,0.721292659,3.88795512,-4.06E-05,0.002004427,0.000229972,22.168222,11.558961
281,0.302222222,-0.0906,0.074377178,-0.202832324,0.192772249,0.135181728,-0.048664253,0.09001888,-0.068537943,-0.015285083,0.026829133,-0.123882952,0.176142114,0.241716234,0.126153488,0.236726637,0.20754242,-0.073303433,0.130945257,0.310370792,0.234198308,0.097105798,0.228382951,0.280373766,0.177455432,0.116015587,0.173408464,0.075894732,0.008174359,0.00601548,0.010982169,-0.012931003,-0.087083416,-0.017587783,-0.006634273,-0.092996311,0.002167667,-0.065119074,1.025988142,3.854868213,-22.9246611,3.917047262,0.748011745,3.85711313,-4.16E-06,0.001050147,-0.000148864,22.5577472,12.252155
282,0.335833333,0.2328,0.124634031,0.055866897,0.230744814,0.167625866,0.077285067,-0.0299656,0.047399254,-0.18216431,-0.042542663,-0.054610215,0.071857053,-0.098008919,-0.094785494,0.092839037,0.253922581,0.333974038,0.381557601,-0.008661777,0.240487693,-0.017886212,0.204026915,0.134674643,0.081921453,0.052201787,0.070231446,0.168751588,0.138976376,-0.002746351,0.034243149,-0.058462887,-0.170567054,-0.141393199,0.00866359,-0.077747542,-0.071230134,-0.036444446,0.893435055,3.438928323,-19.70585659,3.492874146,0.644676683,3.45000747,-6.53E-05,0.001919241,0.000553218,19.4147366,10.598502
283,0.039444444,0.279,-0.005210178,0.108605213,0.027451815,-0.091045802,0.020003786,0.007078291,-0.153031363,-0.106362282,-0.098478662,0.00394865,0.360112412,0.193160111,0.292506067,0.213673944,0.098310817,0.119330185,0.059067928,0.247538499,0.03445304,0.066737564,-0.023159271,0.262564983,0.042061307,0.190707731,0.032213401,0.109430022,0.050025191,-0.000805492,-0.02951318,0.049212817,-0.050400204,-0.118173319,-0.148429385,0.003261358,-0.078243381,-0.015725071,0.932943925,3.76437723,-21.65401628,3.820286274,0.662636653,3.77575107,-5.49E-06,0.001043735,4.49E-05,21.3871151,12.044553
284,0.073055556,0.0858,0.193393539,-0.110513325,0.243601961,-0.005749834,0.006468846,-0.09184105,-0.172423931,-0.077530698,-0.120064239,0.025805749,0.073418533,0.477626642,-0.056715236,0.050042225,0.302535229,0.378633718,0.26115848,0.112027411,0.001139466,0.126858164,-0.000138349,0.054161088,0.034613883,0.101019655,-0.024596397,0.111856785,0.074908202,0.031007724,-0.020997864,0.061264172,-0.161893889,-0.034373525,-0.081375856,-0.122399713,0.015635469,-0.096513155,1.081609865,3.977201046,-23.54177011,4.042962074,0.79225749,3.98245602,3.03E-06,0.002092958,6.81E-05,23.1510942,11.865813
285,-0.0675,0.0984,0.174033081,0.086614151,0.245661828,-0.172595775,-0.007555745,0.081490231,-0.039859856,-0.140955099,-0.134731411,-0.072304923,0.011569777,0.056018826,0.213018168,0.154756617,0.21656912,0.185438166,0.252848131,0.391877086,-0.006611348,0.014132044,0.28029226,-0.000792187,0.059076805,0.136302399,-0.033403936,0.195566749,-0.016370209,-0.014195317,-0.005396107,-0.00804449,-0.128230411,-0.173715996,-0.140788942,-0.06817719,0.006692264,-0.061974304,1.024266755,3.891309771,-22.85818328,3.953279972,0.742830775,3.89756257,1.44E-05,0.00276703,-4.10E-05,22.5010931,12.008619
286,0.345,0.0564,-0.062541823,0.15271171,0.037553703,0.05978778,0.065937692,-0.111012994,-0.135584214,-0.042581768,-0.128678732,-0.104753347,0.49465199,0.403543519,0.277973732,0.27795412,-0.034913925,-0.042957975,0.137013595,-0.069040647,0.173528976,-0.029024048,0.109055557,0.139522279,0.047994775,0.041575404,0.154531313,-0.023564054,0.124216316,0.013898007,0.078306218,0.01767949,-0.135077967,-0.00426993,-0.077522172,-0.025838509,-0.001473586,-0.068933154,0.792377165,3.371619373,-18.53885338,3.418679714,0.551506581,3.4066132,0.000103355,0.00152078,-0.000317352,18.4960242,11.433132
287,-0.085833333,0.0942,0.011560322,-0.044668404,-0.080141057,-0.005133049,-0.053577667,0.012293568,-0.152560882,0.010530382,-0.143135312,-0.002930265,0.241528804,0.413638911,0.00320848,-0.00028707,0.165761309,0.020369758,0.218320064,0.043260385,0.130822987,0.054909124,0.195352637,0.00660584,0.064055785,0.040962435,0.044666551,0.014649097,0.057095375,0.05474484,0.082155066,0.096399183,-0.0276171,-0.155118088,-0.055035948,-0.018864675,-0.108901864,-0.001483128,1.036746223,4.058553611,-23.50457451,4.120986938,0.74554881,4.07232675,9.54E-05,0.003038515,-0.000251627,23.249737,11.770041
288,0.134166667,0.0144,-0.061856716,0.295088763,0.242117109,0.054568366,0.128000235,0.097563596,-0.049913309,-0.176727061,0.026426368,0.017310128,0.167758552,0.446113296,0.139703048,0.265555401,0.245473147,0.048654909,0.166452857,0.272279998,0.23233211,0.058863595,0.053576165,0.23026231,0.001981242,-0.000149222,0.134792316,0.166074399,-0.024031756,0.058935169,0.059970773,0.057260954,-0.125466248,-0.098365381,-0.095619828,-0.063705613,0.014487065,-0.034015289,0.811774542,3.366849089,-19.27297674,3.415274143,0.568801395,3.36543895,5.28E-05,0.002590383,-5.15E-05,18.9650143,11.893161
289,0.158611111,0.0186,-0.05321184,-0.179783912,0.099427443,-0.139527293,-0.130622223,-0.007446602,-0.096285949,-0.190468226,-0.105273953,0.005166492,0.062229546,-0.038492107,-0.006456514,0.146397524,0.348050304,-0.051485636,0.254053384,0.221882085,0.141529835,0.007682828,0.098777266,0.126834413,0.191164254,0.019562252,0.162796626,0.07277688,-0.008398352,0.068863864,-0.035869034,0.082572251,-0.183098826,0.013185599,-0.070914516,-0.095666057,0.010766974,-0.091828435,1.152754083,4.381433722,-25.97906115,4.451172829,0.83628697,4.3709605,0.000103625,0.002361335,-0.000423231,25.4665186,11.87689
290,0.103611111,0.2034,0.132677385,0.123479941,-0.10523767,0.164856782,-0.0011679,-0.077697285,-0.054880569,-0.186470289,-0.019287096,-0.071256037,0.043747513,0.211610622,0.092623864,0.23150149,0.060826995,-0.003076435,0.246001451,-0.020613183,0.18643343,-0.018710438,0.164890876,0.072072317,0.137151733,0.161708589,0.085748167,0.077842219,0.066117741,0.008467182,-0.097984753,0.048774722,-0.037758446,-0.115344305,-0.008259139,-0.145984247,-0.000723445,-0.083993389,0.945119151,3.887562237,-22.60396894,3.94402051,0.665219456,3.89406769,-6.22E-06,0.000963117,3.30E-05,22.3061984,10.984499
291,-0.0675,0.09,-0.034972983,0.271772931,0.100811537,-0.109633539,0.037259236,0.080700089,-0.072292147,-0.182580651,0.010178413,-0.095353739,0.329043296,0.130528575,-0.002712659,0.174150405,-0.031844477,0.2825485,0.213325689,0.152255343,0.048980683,-0.019256027,0.079391127,0.21729085,0.085527284,0.175897203,0.179502362,0.062278724,0.132227183,-0.015354137,0.030533652,-0.04217448,-0.154018858,0.001563415,-0.134423401,-0.128977549,-0.081227319,-0.049038543,0.91931478,3.497771297,-19.47772856,3.553379059,0.668045481,3.51936986,2.54E-05,0.000679033,0.00047935,19.2558602,12.030217
292,-0.033888889,-0.057,-0.050530712,0.151836956,0.073878673,0.172449421,0.053488862,-0.059547684,-0.095955234,-0.019582064,-0.055679412,-0.076847481,0.102555201,0.175935316,-0.003385611,-0.066445984,0.183193468,0.014395741,0.138413256,0.340235367,-0.040313496,0.186176571,0.255501285,-0.034052492,-0.021341435,0.121944325,0.189086215,-0.005745478,0.065120548,0.06099854,0.009706863,0.017231492,-0.031408933,-0.164762707,-0.061187974,-0.139993745,-0.030455216,-0.00471458,0.909407792,3.587676836,-19.91105442,3.642374516,0.651975184,3.62547508,-2.13E-05,0.00050201,-5.69E-05,19.8739221,11.024629
293,0.094444444,0.2958,0.033134961,0.279536888,-0.100272606,-0.046437664,-0.092316249,-0.031977418,-0.115229598,-0.157868973,-0.121946522,-0.020532026,0.333438485,0.292754182,0.443239614,0.293676618,0.213064486,0.195631029,0.185930758,0.027066263,0.092369986,0.030020762,0.119479118,0.060399839,0.022003728,0.079275285,0.137148131,0.002197426,0.09926797,0.055701274,0.013151552,0.074705975,-0.016095639,-0.01417813,-0.094522814,-0.133985679,-0.115084991,-0.026246022,0.886886822,3.578593177,-20.34605952,3.631742001,0.630548761,3.59423459,9.40E-05,0.002174136,-0.00040129,20.132139,12.075238
294,0.293055556,0.1236,0.130512185,0.195014472,0.055862654,0.164423029,-0.123227888,-0.039155309,-0.053967969,-0.000397707,-0.067809838,0.00378908,0.08317173,0.059131189,0.403432977,0.3877229,0.245044205,0.123203189,0.12392431,0.187187376,0.118373911,0.104689279,0.086378226,0.132314812,0.023135053,0.023240527,0.165135819,0.03372601,0.01520269,0.088765401,0.081034821,0.096691168,-0.068498362,-0.198358591,-0.199227793,-0.099638717,0.007537113,-0.086800972,0.809917036,3.474518093,-19.93492006,3.522551298,0.561032779,3.48648698,0.000164142,0.002958912,-0.000640967,19.7528848,11.129538
295,0.253333333,0.111,0.195936984,0.003834314,-0.026919484,-0.151507516,-0.093081343,-0.107954256,0.036814,0.045440329,-0.127605753,-0.141467418,0.274827887,0.474595753,0.019724134,0.330437526,0.082182981,0.258013935,0.123000883,0.286078786,0.228136993,0.107411702,0.144992207,-0.001558004,0.036292928,0.115509239,0.187448324,-0.034359504,0.074548383,0.019002977,0.052254255,0.000420905,-0.120240997,-0.109370532,-0.028246316,-0.149828811,-0.09825593,-0.039725323,0.937220199,3.407321033,-19.20768154,3.464398146,0.69086859,3.44129018,5.28E-05,0.003236769,-2.71E-05,19.1297528,12.871407
296,-0.018611111,-0.0192,0.092465398,-0.098747658,0.077409857,-0.033264585,0.041911528,0.078054764,-0.199249807,-0.120883655,0.00339439,-0.130193614,0.450731528,0.09676902,0.391716074,0.375134618,0.051201271,0.330451394,0.242755432,-0.031812283,0.008740995,0.140738239,0.092931696,0.171278916,-0.018549364,0.162378915,0.165541693,0.089519118,0.089427485,0.059544689,0.013739943,0.004905535,-0.152650566,0.001329258,-0.129394405,-0.066220847,0.006778051,-0.057611928,1.086230203,3.742699746,-21.45350732,3.809354305,0.81586846,3.77118894,-6.96E-06,0.001508049,0.0001139,21.2318956,12.991558
297,0.198333333,0.2118,-0.077170102,0.11290614,0.197732183,-0.069459558,0.046919294,-0.068505769,-0.136311968,-0.084015667,0.028381315,-0.037135392,0.166736076,0.078062142,0.074238026,0.251009332,-0.046266933,0.269598222,-0.059301981,0.105287485,0.070606105,-0.010637752,0.032092899,0.267779303,0.190502306,-0.008733244,-0.042801001,0.142155665,-0.005351125,0.012197281,0.00612263,-0.046793242,0.009613832,-0.032572281,-0.136417978,-0.043864798,0.018105448,-0.059156286,0.851665214,3.483751488,-19.42172158,3.534674406,0.599926814,3.50502105,0.000139774,0.002155296,-0.000475559,19.2661057,10.513338
298,0.063888889,-0.0738,0.141485239,-0.032565067,-0.202698709,0.182573473,-0.006738333,0.01111605,-0.035847144,-0.081911702,-0.067883502,-0.075878462,-0.036042548,0.069039746,0.129638711,0.39008443,0.042294416,0.231691944,0.073107403,0.154062101,0.137026992,0.211588241,-0.036997469,0.279542072,0.194901708,0.149146012,0.164255153,0.197091723,0.097513927,0.032914238,0.074006565,0.037747673,0.021625564,-0.152646489,0.006589885,-0.011356059,0.004488538,-0.076690464,1.043056565,3.911154597,-22.74363428,3.974387169,0.761959364,3.93529488,0.000143422,0.001600999,-0.000701188,22.5632589,12.137467
299,0.082222222,-0.078,-0.034124036,0.117968036,-0.229977021,0.080258956,0.017529933,-0.060374263,0.024871767,-0.14998408,-0.135526982,0.002011763,0.382096846,0.356257347,0.007929158,0.158370368,0.048360031,0.279615857,0.399331132,-0.010096381,-0.030987338,0.235326673,0.231297866,-0.009518984,0.119096251,0.09928971,0.09054576,-0.017973467,0.037669609,-0.016138118,0.056319486,-0.06007585,0.015609929,-0.084030219,0.019081123,-0.139057117,-0.043105101,-0.091059418,1.012184638,3.484600717,-19.25178801,3.546718836,0.760091889,3.53588628,-4.51E-05,0.001670162,0.000162138,19.2261934,12.784621
300,0.048611111,0.2832,0.06206788,-0.177527903,0.207752324,-0.023348858,-0.133051223,-0.025162816,0.047234813,-0.147186753,-0.114964032,-0.108608544,0.344645856,0.19447278,0.369023764,0.261055748,0.319869137,0.143150891,0.283908115,-0.076282981,0.101106082,0.232918849,0.049456635,0.112845139,0.007738314,0.199503354,0.114120477,-0.028379939,0.027246125,0.003374934,0.022809811,-0.006152374,-0.053645864,-0.08830549,-0.117059119,0.017894287,-0.014038247,-0.082535462,1.28686876,4.395964669,-27.27868551,4.475023746,0.963447263,4.38401253,0.000124048,0.002478519,-0.000385899,26.68142,12.140251
301,0.048611111,0.1278,0.027055065,0.115504991,-0.01885413,-0.038272207,-0.017113357,-0.032502964,0.037002057,-0.033255741,0.018985542,-0.070244909,0.126722814,-0.012952176,0.056300779,0.372030713,0.097260286,0.235859324,0.390425908,0.059617942,-0.021534718,0.049173307,0.253729991,0.176750199,0.111204577,0.153497667,0.078116514,0.046955455,0.119600469,-0.018289279,-0.034176855,0.043234404,-0.112809918,-0.063390518,-0.058450128,-0.120084222,-0.097045231,-0.02738656,0.890233869,3.531912196,-19.76671527,3.585408211,0.636583782,3.55109164,7.27E-05,0.002060776,4.63E-05,19.5792726,12.073336
302,-0.076666667,0.0858,0.160116559,-0.108665328,-0.142135562,0.029438432,0.145994062,0.112860734,-0.187696504,0.038757207,-0.002458946,-0.029878978,-0.051086545,0.351935654,0.075532025,0.358061975,0.091374127,0.255151014,0.151555131,0.169835544,0.145422604,0.117821354,0.223460526,0.25622869,0.060285716,0.065529955,0.174362999,0.137934201,0.071195215,-0.016613423,-0.037298631,0.090864896,0.016185217,-0.069846202,0.026163547,-0.030199876,-0.100996681,-0.057324339,1.02848295,3.765662625,-21.69097948,3.828233004,0.757893044,3.79832127,-4.28E-05,0.002019978,0.000369431,21.5542426,12.656869
303,0.051666667,0.0438,0.109538241,0.156475413,0.216451676,-0.11263432,-0.039693462,-0.094120426,-0.094688687,-0.05161784,-0.134441085,-0.055288138,-0.002342907,0.010896689,0.366893164,0.213977314,-0.014109966,-0.040812696,0.252603362,0.114677648,0.266384236,0.191858397,0.252461153,-0.001152004,0.056873966,0.069025038,-0.021803496,0.172550465,0.008594685,0.030144224,0.044262157,-0.007393538,-0.048168922,-0.001204024,-0.089064917,-0.148197104,-0.092844482,-0.083902376,0.900428529,3.771848716,-21.88557726,3.825471401,0.629312217,3.78213001,0.000107129,0.003049964,-0.000472589,21.6529402,11.364856
304,0.277777778,0.2244,0.051196367,-0.242771908,0.204616202,-0.149141682,0.096738324,-0.080392876,-0.124598721,-0.144553819,-0.017148361,0.000614268,0.485934614,0.102838361,0.444665023,0.242825895,0.312908665,0.356042561,0.148308303,0.259637894,0.157838218,0.008253936,0.230659616,0.257510492,0.106969,0.160386205,0.078301596,0.069248806,0.140981162,0.0561014,0.0790351,0.021407735,0.016597648,-0.170050198,-0.082167206,-0.072713478,-0.08759077,-0.019534225,1.086062045,3.55088088,-20.94836974,3.617990971,0.826223737,3.56725091,0.000152525,0.002373016,-0.00084027,20.6434742,13.474905
305,0.332777778,0.0018,0.040367424,-0.063224257,0.15781491,0.041319907,0.01713564,0.027584093,0.051400585,-0.027266097,-0.088571201,-0.132954058,0.428586917,0.242456112,-0.072451193,0.362186922,-0.021146746,0.308467892,0.005020114,0.322256631,-0.021227992,0.220736396,0.282864957,0.251760414,0.158179959,0.023735553,0.140460415,0.034271853,0.045492695,0.044056496,-0.039752965,0.08448114,-0.156620069,-0.011022516,0.008830302,-0.06866334,-0.088265147,-0.014473558,0.920043854,3.266673727,-17.95930486,3.322895288,0.683821088,3.31055182,-7.77E-05,0.001176305,0.000512034,17.9159423,12.246932
306,-0.137777778,0.0606,-0.068827271,0.188583078,-0.215102953,-0.105453712,0.025256799,0.006335,0.061621985,-0.037319138,-0.117820996,0.006067089,0.30623403,0.434965081,0.373347241,0.399639601,0.321733145,0.013026707,0.010419331,0.019679092,0.050324345,0.012568069,0.107786388,0.08353501,0.029360647,0.064046435,0.018272179,0.15732274,0.145927784,0.066186054,-0.062103818,0.091454915,-0.126686405,-0.081270017,-0.19510889,-0.06811338,-0.011435704,-0.064847304,0.910833617,3.752598562,-21.00552506,3.806993961,0.641894877,3.77019064,0.000134532,0.001869501,-0.001025553,20.8335143,12.676715
307,-0.131666667,0.0858,-0.096211644,0.139749922,-0.227501508,-0.132244405,0.094346264,0.084956797,-0.134297806,-0.111146767,0.02238777,-0.143375156,0.046944992,0.24411305,0.186328583,0.281362739,0.054197217,0.367952666,0.209845151,0.284161163,-0.031903832,0.094772865,0.113069584,0.016400141,-0.017957793,0.095396987,0.071758604,0.114592647,0.017382761,0.043559559,0.07789029,0.005829304,-0.143634489,-0.133116955,-0.163509362,-0.120904875,-0.103221841,-0.071466663,0.937183084,3.645387518,-20.11146262,3.701882124,0.676426656,3.67871722,0.000112063,0.002288685,-0.00042888,20.0136793,13.111845
308,0.326666667,0.069,0.142284157,-0.027978215,0.13829427,-0.146869755,-0.002247704,-0.004311526,-0.104894518,0.019832896,-0.046453116,-0.065025251,0.453221831,0.158712328,0.237587592,0.109012573,0.095382557,0.304786881,-0.026311604,-0.005217769,0.148537812,-0.024926823,0.032494724,-0.003716305,0.040673562,-0.01618703,0.023424838,0.133763697,-0.018723701,0.02285578,0.045208529,0.086603017,0.044098028,-0.080665491,-0.019458921,-0.032481464,-0.018410391,-0.030663646,0.876291757,3.34548614,-18.28140481,3.398463726,0.634559818,3.38476738,0.000137902,0.002552193,-0.000609545,18.2615543,10.689073
309,0.3175,0.1656,-0.038787493,0.172105341,-0.188170931,0.18406169,-0.07293472,-0.072023253,-0.154811216,-0.022944611,-0.083292356,-0.133952039,0.293687402,0.111932035,0.095197312,0.219934101,0.292928496,0.125845576,0.259322388,0.115610412,0.09969094,0.031140014,0.218177162,0.299273346,0.077884314,0.038875118,-0.034586974,0.194658333,0.026239677,0.073206257,-0.008956235,0.054247211,-0.035721467,-0.179294498,-0.069242932,0.010090449,-0.00981326,-0.067837474,0.841839574,3.358962202,-18.53211992,3.409503698,0.600225938,3.40233966,-4.32E-05,0.001694051,0.000367754,18.5362882,12.005681
310,0.176944444,0.195,-0.014639392,-0.096376507,0.016636945,-0.140753398,-0.114014765,-0.051836114,-0.007689581,-0.182469406,0.022490299,-0.094281634,0.416454576,0.280177188,0.330791698,0.201793494,-0.039748019,0.209185811,0.233144294,-0.070936697,0.246902993,0.017607592,0.015139039,0.257305799,0.010052301,-0.002238601,0.110888392,0.086428485,0.092645196,0.066519978,-0.094901746,-0.092765423,-0.102898509,-0.169601116,-0.197712005,-0.087325286,-0.073315714,-0.078493178,1.100313012,3.943724169,-23.04576722,4.01087141,0.812495793,3.95042686,6.64E-05,0.003169381,-0.000679461,22.6192889,12.924621
311,-0.015555556,0.111,-0.084125178,0.232305961,0.090939816,-0.123066778,-0.078781408,-0.046341689,-0.106606033,0.031496598,-0.078398908,-0.021533173,0.297580546,0.416273769,0.176720323,0.065527928,0.311556988,0.386346166,0.388767137,0.154390301,0.094997769,0.139319122,0.172718186,0.170928215,0.130368353,0.122446264,0.028402743,0.094873915,0.132869076,0.083786936,-0.049295919,0.009833759,0.014299849,-0.010804974,-0.003380741,-0.028648886,-0.054760499,0.003250155,0.906961291,3.337855732,-18.76724535,3.392991304,0.666878218,3.36053824,3.26E-05,0.000819077,-0.000137114,18.5723819,13.6759
312,0.189166667,0.2286,0.172575267,-0.054552664,-0.059322362,-0.04527583,-0.080550684,-0.052277362,0.002540931,-0.154762151,-0.069241608,-0.114159093,0.006068288,0.104382235,0.23542317,0.06617034,0.27959012,0.312189197,0.195636643,-0.023580383,0.090211705,0.19235728,0.211086551,-0.029409154,0.164701382,0.017609196,0.193173885,0.1691432,0.042475895,0.038483071,-0.004656078,0.043935846,-0.118003585,-0.024661674,-0.109788238,-0.026977603,0.011623032,-0.004563415,1.029297644,3.841855507,-22.13549229,3.904297113,0.752174819,3.86588688,-8.42E-05,0.000942658,0.000659764,21.9300245,11.526819
313,0.149444444,0.0606,0.023862983,0.131196582,0.047174096,-0.08762697,-0.031782787,-0.008765151,-0.134906593,0.048398695,0.019627546,0.008214173,0.067511009,0.418051636,0.047136882,0.383648686,-0.048311902,0.158937524,-0.072730817,0.089514504,0.095377292,-0.027360358,0.269283221,0.089177673,0.095156784,0.131985783,0.155354289,-0.03495486,0.035383207,-0.009549431,0.068708863,-0.016182109,-0.063823518,0.017541783,-0.088262098,-0.07308993,0.019967045,-0.059470677,0.862410161,3.372867377,-18.43701192,3.424809933,0.620189181,3.41544158,3.47E-05,0.001776439,-0.000222095,18.4187285,11.083414
314,0.271666667,0.1152,0.0126565,-0.026570351,0.092611028,-0.024872035,-0.116560457,-0.115137672,-0.17650208,-0.168605983,-0.117272599,0.012156865,-0.005302489,0.343825424,0.340650789,-0.060750758,0.108022224,0.307050075,0.255334915,-0.073366829,0.204582233,0.194483542,-0.020486277,0.197994775,0.004269969,0.074619441,-0.007499333,0.026761594,0.102574543,-0.012570691,-0.007766157,0.078119196,-0.154679376,-0.071834958,-0.09486608,-0.03365602,-0.03504126,-0.046095671,0.995038126,3.952546479,-22.99900335,4.012328625,0.709474108,3.9552071,-3.89E-05,0.000817073,0.000197605,22.6460124,11.971542
315,0.216666667,0.0312,-0.092199536,-0.221766624,-0.241378896,-0.179476895,0.009217858,-0.065157201,0.066054686,-0.183359145,-0.111556317,-0.000599851,0.282120732,-0.055548469,0.219956746,0.391818627,-0.042013627,0.050705108,0.191672602,0.328319216,0.206158598,0.024301168,0.168243649,0.17457069,0.080706037,0.002525451,-0.049686399,0.043953819,0.015620117,0.075646192,0.007276939,-0.026580379,0.012994757,-0.136794741,-0.069697696,-0.1054023,-0.085681778,-0.026858881,1.086285973,4.03094703,-23.44608881,4.096903324,0.796022178,4.05439999,-1.86E-05,0.001007782,0.000231011,23.1946871,13.238216
316,0.314444444,0.0732,0.066562272,0.217207613,-0.138033365,0.138193011,0.036684616,0.06185818,-0.124274443,-0.048387232,0.020534652,-0.057910566,0.247256858,0.331145158,0.423670072,0.010303902,-0.024788468,0.086281075,0.356770136,0.128743216,0.157496274,0.046002243,0.121202391,0.282481956,-0.00709014,0.144416123,-0.018276709,0.088574612,0.142279409,0.023094266,-0.061011813,0.027781466,-0.062708453,-0.158827451,-0.117820727,-0.11015571,-0.0155408,-0.012156215,0.794895099,3.237426964,-17.94003935,3.284989834,0.562300456,3.2636592,4.97E-05,0.003957903,-0.001282396,17.8177444,12.391216
317,0.198333333,0.237,-0.033540033,0.083342681,-0.12177424,0.176724007,0.090559754,-0.08546646,0.041727497,0.00188522,0.013257139,-0.083086394,0.175159579,0.092187886,0.4085476,0.266932402,0.103295668,0.104987158,0.140375354,-0.073752293,0.148451632,0.199775071,0.031026181,0.050943078,-0.02252637,0.146774073,0.010335972,0.145660033,0.109234439,-0.011100829,0.003767684,-0.061312973,-0.040483758,-0.002095589,-0.179032616,-0.055470194,0.016359361,-0.079247165,0.821540428,3.555873772,-20.0870824,3.604519606,0.566823867,3.5815015,2.64E-05,0.002718346,-0.000118741,19.9985578,11.028506
318,-0.046111111,0.1698,0.10000323,0.084686568,0.184433195,-0.1983751,0.135461714,-0.042941145,0.06418425,-0.079799422,-0.107328844,-0.057207971,0.115492232,-0.075539524,0.270229058,0.038874387,0.090635673,0.283734363,0.172376437,0.150958763,0.131315673,0.224963776,0.172058332,0.025895131,0.013041484,0.050379047,-0.012653283,0.092763804,0.067964255,0.044851265,-0.03128637,0.045520121,0.035666396,0.000606387,-0.149910056,-0.041183103,0.017045678,-0.020612279,0.949581425,3.728686098,-21.35125576,3.785842657,0.680891495,3.75114799,-1.77E-05,0.00277106,0.000179537,21.1798907,11.263666
319,0.375555556,0.2328,-0.00764875,-0.060339525,-0.066492958,-0.12699826,-0.103532731,-0.014847328,-0.129169389,-0.094725201,-0.045697354,-0.054110983,0.21515531,0.158090302,0.228832447,-0.063874154,0.058453669,0.130858418,0.245183268,0.368187078,0.109443548,-0.007380095,0.155449092,0.166090158,0.082045045,0.149481614,-0.039934083,-0.018259535,0.141584723,0.051947087,0.054965486,0.003564203,0.048127377,-0.162772868,-0.179679435,-0.093928668,-0.042788554,-0.073980483,0.934269653,3.708489795,-21.41018102,3.764627457,0.666164303,3.71379101,5.85E-05,0.002313249,9.60E-05,21.1007852,12.25154
320,0.286944444,0.1278,0.052531797,0.090097504,-0.011991469,0.074065473,0.040947671,-0.038225217,-0.012024725,-0.02253422,-0.084721174,-0.120010277,0.461216016,0.39208617,0.32666756,0.381623078,0.203855982,0.282331233,0.081397611,0.095478877,0.219439557,0.044140986,0.007956504,0.298079997,0.145621067,6.45027E-06,-0.015180229,0.147850217,0.149985985,0.072095018,-0.044894184,-0.038065822,-0.055492003,-0.195929202,-0.04475114,0.010672624,-0.047461847,-0.051233041,0.847855695,3.202454411,-17.97206589,3.253796816,0.616753153,3.2322534,9.50E-05,0.00245785,-5.37E-05,17.881975,13.017978
321,-0.082777778,0.2916,-0.081270965,0.281275938,-0.213215104,0.096603529,0.080343208,-0.021633105,-0.078175805,-0.181322913,-0.121758151,-0.133364869,0.286621744,0.086315318,0.301117008,-0.000840123,0.146394559,-0.077077837,0.210461963,0.269846502,0.161910789,0.143758129,0.189378,0.220267136,0.041418846,0.161326183,0.181107467,0.074174496,-0.022370964,0.095796307,-0.03366017,-0.071627611,-0.020631938,-0.142676313,-0.058806674,-0.101292524,-0.020149555,-0.009840657,0.907989314,3.600010953,-20.44325137,3.654579639,0.649459315,3.62403216,4.93E-05,0.004297605,0.000100478,20.3076583,12.237561
322,0.100555556,-0.078,0.035100505,0.150768931,0.067593958,0.101930702,-0.125770604,0.05584222,0.023283841,0.031247167,-0.069638178,-0.013813809,0.453590071,0.472466392,0.204356414,0.336043745,0.289535612,0.045847513,0.012770355,0.278457571,0.03832941,0.082537383,0.297093254,0.171975285,0.123760653,0.016394704,-0.002849332,0.131837128,0.074121017,-0.015606797,0.078725326,-0.029846645,-0.066006817,-0.148603703,-0.088882426,-0.044518359,0.018987759,-0.037404999,0.887825138,3.515230121,-20.0553688,3.568598747,0.636104426,3.53592337,2.22E-05,0.001490342,9.02E-05,19.8705443,12.567426
323,0.305277778,0.09,0.175872396,-0.162615483,-0.076086627,-0.056643717,-0.050887183,-0.006028387,-0.098210482,-0.080752701,-0.020031266,0.028128766,0.283634615,-0.058237435,0.163863905,0.105239742,0.255095428,0.329562096,0.094548336,0.273271234,0.174154848,0.110843659,0.089654957,0.225808216,0.168793441,0.171371673,0.000412948,0.198314699,-0.013815505,0.097266105,0.043989745,0.001447367,-0.180879396,-0.031460725,-0.174792967,-0.071379673,-0.035585083,-0.093547789,1.01006209,3.634875325,-20.75569324,3.696479321,0.745283323,3.66152125,2.63E-06,0.004673764,-0.001296158,20.559693,12.645085
324,0.158611111,-0.0906,0.097531512,0.175845552,-0.172308089,-0.129992288,0.149337183,0.006937276,-0.193604548,-0.133331166,-0.066584663,-0.066943223,-0.029350232,0.299502127,0.057649519,0.040193665,0.241836342,0.171961642,0.084409739,0.014311971,0.255452765,-0.015572447,0.009992834,0.165133279,0.158581996,0.017722475,0.12731569,-0.008017711,0.042216928,0.084446785,0.095122996,-0.096974084,-0.168711976,-0.101741072,0.005937876,0.012057591,-0.050934573,-0.047769153,0.839906085,3.57552312,-19.5292994,3.625402212,0.584592577,3.60354818,0.000110301,0.00250314,-0.000413326,19.4649292,11.66659
325,0.384722222,0.0102,0.183650243,0.08234347,0.128785323,0.056914388,-0.108507731,0.091873886,-0.174598672,-0.162548538,-0.148621242,-0.00188068,-0.076245882,0.315590891,0.195390831,-0.054606702,-0.007990799,0.006541091,0.319994835,0.245025058,0.12709441,0.063676736,-0.013363528,0.003709266,0.042493678,0.131292815,0.194902147,0.125858838,0.07825246,0.047085422,0.076088027,-0.089917519,-0.064899005,-0.033893586,-0.057022158,0.013042438,-0.104436431,-0.037100684,0.909237179,3.807782188,-22.30034833,3.861931801,0.635496918,3.80389868,-4.71E-06,0.002225956,0.000149934,21.9304168,10.909807
326,0.103611111,0.1908,0.113274127,-0.054983196,-0.062086609,0.119278754,0.096176942,0.053984532,-0.048757023,0.038225249,-0.077698448,-0.006419844,0.17665637,0.470872958,-0.033160068,0.100191828,0.177791043,-0.034376634,0.203777844,0.363240766,-0.043228417,0.11012124,-0.045779375,0.182139308,0.006804201,0.12529043,0.182804063,0.05630156,0.090827184,0.031322228,-0.072498875,0.092656301,-0.040986837,-0.038465808,-0.016795044,-0.02282431,-0.025708943,0.007880643,0.924669332,3.777911599,-21.95939677,3.833210468,0.652527781,3.7825914,0.000165968,0.001126439,-0.001313112,21.6787154,11.539743
327,-0.064444444,0.0522,0.123820162,0.118801651,-0.095274294,0.060608241,-0.110483915,-0.015229015,-0.159862402,-0.021282439,-0.038185161,-0.022978677,0.037349492,0.366263173,0.402050052,0.295983576,0.340859874,0.351513057,0.161754646,0.12196769,0.101025382,-0.026631029,0.073736974,0.20428977,0.126597998,-0.013107044,0.129295349,0.061958602,0.066417076,0.089372023,0.001520473,0.064790394,-0.111944562,0.029230406,-0.012386501,-0.14017441,-0.059345823,-0.086105377,0.970213535,3.758109832,-21.6898541,3.81663394,0.701355807,3.7787193,9.06E-05,0.002132816,-0.000426659,21.4847712,12.951114
328,0.164722222,0.0354,0.042226173,0.216655897,0.059486124,-0.031397379,0.066646198,0.056428738,-0.182026731,-0.153367271,-0.067258301,-0.000390518,-0.057941098,0.366795742,0.216037901,0.018942066,0.283851465,0.172319253,0.223212072,-0.047530259,0.030907776,0.003123535,0.226204571,0.244803481,-0.024379654,0.177726208,0.140974001,-0.019308975,0.129457216,0.090794823,-0.055753645,0.058772773,0.046301885,-0.015825285,-0.016325823,-0.072058293,-0.007425044,-0.02127091,0.841358565,3.429508474,-19.08682502,3.47984457,0.595075659,3.45076397,0.000114306,0.001713396,-0.00057512,18.942927,11.153622
329,0.302222222,0.258,0.156724246,0.192090646,0.052760951,-0.11388634,0.088383818,-0.06487636,0.028071587,0.043823766,-0.039461944,-0.107339428,0.255510925,0.172435351,-0.048576963,0.139124295,0.342165535,0.322999407,0.039644099,0.373659656,0.056502682,-0.012109158,0.102772118,0.249508178,0.018150304,0.198120561,0.03818199,0.125697508,0.009718288,0.077813781,0.03774884,0.004428193,-0.095456698,-0.051308508,-0.131278484,-0.012223658,-0.03735135,-0.055774811,0.757070138,3.07452041,-16.70131073,3.119841576,0.535357515,3.10109833,7.83E-05,0.002168576,-0.000283008,16.6389696,11.436033
330,0.345,-0.0738,-0.074405008,0.16058948,0.021479001,0.180886639,-0.012725008,0.104551935,0.014225262,-0.159878529,-0.117381527,-0.06607244,0.181349113,0.126309353,0.158483936,0.245123814,0.167537857,0.136064424,0.154490295,0.208466296,0.267604839,0.206758156,0.261393792,0.144747569,0.020580487,0.19404542,0.177000125,0.155716345,0.139319315,0.040502418,0.089505777,-0.081041464,-0.150103893,-0.003763161,-0.159186071,-0.011310819,-0.006393409,-0.053432969,0.891501015,3.357434524,-19.00818647,3.411443949,0.64992315,3.37917293,1.26E-05,0.001061444,-3.02E-05,18.8411427,12.286222
331,0.063888889,0.2748,0.055041872,0.298388154,-0.054041571,-0.168256937,-0.042069671,0.054592927,-0.046807522,-0.19908441,-0.015814435,-0.082591563,0.05406193,0.02908393,-0.010676192,0.275883279,0.318670907,-0.064646086,-0.069570923,0.119847521,0.14656006,0.104981542,0.122404513,0.280914836,0.028044513,0.027802057,0.16749287,0.059263587,0.043661524,0.09003374,-0.077600532,-0.021117838,-0.058316772,-0.143351944,-0.150250873,-0.036833019,-0.031897871,-0.098694422,0.89495546,3.796197472,-21.61034846,3.849379063,0.622731335,3.80576422,-3.61E-05,0.001687286,-3.43E-05,21.3460192,10.437858
332,0.396944444,0.0144,-0.046587193,0.246577688,0.089980553,0.199481387,-0.013984435,0.073457655,-0.166847125,0.011623555,0.009221798,-0.072571133,0.323805391,0.407878617,0.437146148,0.005226683,0.328507106,0.336245796,0.384442025,0.179288951,0.23012524,0.145650646,0.164486356,0.170233681,0.149043283,0.014576333,0.055442754,-0.032808168,0.139936778,0.078108629,0.059658153,-0.087373261,0.045093431,-0.053157039,-0.05344632,-0.017505384,-0.106902848,-0.061906223,0.762910332,2.992320223,-16.68009247,3.038249016,0.547999172,3.00875011,0.000141812,0.000925826,-0.000571182,16.5303577,13.126418
333,0.393888889,0.1236,0.16015274,0.155774415,-0.120601831,0.174742112,0.054580577,0.029552366,-0.140430672,-0.174529562,-0.138659497,-0.093030132,-0.049851262,0.113826454,0.169867129,0.037435,0.320016275,0.293883483,0.382346243,0.335191015,0.280539148,0.142675741,0.227912543,0.077745417,0.179443533,0.172443045,0.019182745,0.083350225,0.039212464,0.085901868,0.017371437,-0.064537342,-0.183930546,-0.154085824,-0.017734458,-0.146335577,-0.105923003,-0.094194212,0.867807374,3.330303462,-18.93025114,3.382726192,0.628177185,3.35140624,-7.97E-05,0.001025636,0.000536488,18.7746642,12.787227
334,0.238055556,0.048,0.148660949,0.03272106,0.236082033,-0.051414113,0.048332236,0.052648369,-0.167350209,-0.105828984,-0.08169591,-0.009952481,0.007560673,0.081688426,-0.089471063,0.075914944,0.035658085,0.058539049,0.287349668,0.160566552,0.161525048,0.057719613,0.078763599,0.127060982,0.169257771,0.080746136,0.027817721,0.187418086,0.083330691,0.045030088,-0.095378205,-0.035434555,-0.003923475,-0.073928736,-0.055341256,-0.039384509,-0.110144599,-0.022916847,0.871778627,3.743155092,-21.44807513,3.794849157,0.602749016,3.74145217,-0.00012564,-0.000234643,0.00111744,21.1133786,10.824188
335,0.351111111,0.153,0.187539813,-0.001788106,-0.05354164,-0.123656164,-0.017480266,-0.118698737,-0.105800386,-0.064678398,0.014413216,-0.066517222,0.230911036,0.198869985,0.228451578,-0.066947344,0.085615461,0.125926905,-0.024590636,0.055157071,0.140609165,0.168015233,-0.026155083,0.041065014,-0.015619624,0.041870839,0.1926575,0.140576714,-0.019381956,-0.017660528,-0.014920434,0.008788163,-0.144543924,-0.036492963,-0.119822774,-0.056198886,-0.046205729,-0.092530767,0.849621918,3.657209843,-20.17777851,3.707567692,0.589345193,3.69440768,-5.64E-05,0.000648266,0.000359993,20.1430151,10.662629
336,0.005833333,-0.0612,-0.000741345,0.08018552,-0.028136995,0.141584636,-0.086625426,0.104488661,-0.068626042,-0.025883563,-0.076423344,-0.130573097,0.187689062,0.078633258,0.054714656,0.159371833,0.155300431,0.188702436,0.319617724,0.224728749,0.001693944,0.123092724,-0.010580144,0.218230342,-0.016746701,0.005032207,0.121758992,0.023641834,0.105146383,0.09751948,-0.034259361,0.040148303,-0.160812138,-0.000647319,-0.079697358,-0.145915665,0.010496395,-0.035356999,0.941917887,3.783386013,-21.53266608,3.839874744,0.669501561,3.79473621,0.000123003,0.003236843,-0.000568179,21.28377,12.109326
337,0.204444444,0.2076,-0.030785442,-0.007905252,0.002814257,-0.038587032,-0.02100496,0.092366119,0.014079536,-0.020133355,-0.096377043,-0.06374905,-0.084736779,0.190497599,0.392200268,0.324466505,0.076755765,0.287167822,0.011722768,-0.032563662,0.177804338,0.121382726,0.088041442,0.161038817,0.094198433,0.044504669,0.18148128,0.179913727,0.04062914,0.001461984,-0.061840126,0.016052656,-0.189084505,-0.184728744,-0.089795115,-0.127158639,0.016561851,-0.002735673,0.902948464,3.617258886,-20.42224424,3.671433926,0.642864765,3.63766831,-4.55E-07,0.001843087,0.000495075,20.2355317,11.754408
338,0.008888889,0.174,-0.010772917,-0.100993867,-0.075126792,-0.041351404,0.062591101,0.11001256,0.04415943,-0.100812978,0.004365057,-0.093217896,0.173348246,0.433627772,0.005968186,0.395019556,0.315355462,-0.06411979,0.032945873,-0.027332483,0.262216521,0.063973285,0.059998608,0.04080638,0.135972532,0.055750102,0.07101143,0.110340404,-0.00734302,0.070074593,-0.069896893,-0.084204109,-0.179956535,-0.186791213,-0.169008532,-0.006096519,-0.112172296,-0.03920127,1.037078218,4.019539809,-23.6271387,4.082091331,0.745919483,4.02014516,4.52E-05,0.003148135,-6.53E-05,23.2531672,11.981155
339,-0.0125,-0.0108,0.108604365,-0.218067788,0.095571045,0.158244472,0.013731154,0.006144324,-0.125769414,-0.090389127,-0.086559827,-0.144577485,0.411971711,0.470248033,0.33270316,0.009431732,0.099220223,-0.028902174,0.12706698,0.050055714,0.189237875,0.10215058,0.15832761,0.00841444,0.198270302,0.178968126,0.030208485,0.012246239,0.128316536,-0.011722663,0.0265671,0.03117408,-0.124937219,0.022163522,-0.046521388,-0.015092444,-0.116838133,-0.011475517,1.157344434,4.228896487,-25.40388272,4.299327374,0.851280773,4.23872376,0.000119733,0.003378634,-0.00182755,25.0465436,12.390964
340,0.088333333,0.0606,0.056267835,-0.151162822,-0.020162721,-0.052919618,-0.035466097,0.036383186,-0.015034045,-0.064044268,-0.005855916,-0.04286366,-0.091747788,0.17716155,-0.033818671,0.041538804,0.176567992,0.103553321,0.288069044,0.228978003,-0.001090112,0.037102706,0.068600079,0.290112813,0.06357941,0.074246187,0.109283736,0.086963341,0.045625361,0.067317352,0.042202685,0.060849754,-0.117013365,0.016863554,-0.09718998,-0.021742179,-0.114371299,-0.063184955,1.039750261,4.081634173,-23.7727771,4.144220829,0.744860895,4.08937789,8.22E-05,0.000542665,4.05E-05,23.4302206,11.674066
341,0.320555556,0.1404,-0.029578472,0.289864916,-0.187118499,0.13154328,0.130991055,-0.008046055,-0.060846401,0.027953787,-0.044170661,0.022440448,0.422534732,0.073396835,0.323514395,0.191227872,0.02984189,0.117206275,0.052920252,-0.062867916,0.07965438,0.183293993,0.116115646,0.241920823,-0.021816504,0.122368776,0.154828768,0.016116671,0.017692907,0.006972245,-0.084681134,0.003197876,-0.152586671,-0.198665888,-0.16289075,-0.080806697,-0.036528215,-0.008390823,0.733718828,2.994598103,-15.40119712,3.03848505,0.518407547,3.0461934,2.71E-05,0.002752818,0.000203745,15.5247954,11.126118
342,-0.146944444,-0.057,0.07004141,-0.171076271,0.154445216,0.032780921,0.095896006,-0.091307424,-0.057238289,-0.163877174,-0.046616803,-0.107412195,-0.063111561,0.499038739,0.404860233,0.163745693,0.208342985,0.257752735,0.228834708,0.399103713,0.218794343,-0.002824416,0.194025626,0.103932793,0.00359343,0.169228745,0.020716194,0.155131438,0.136320849,0.092875029,-0.011093533,-0.056064728,0.030009683,-0.185470331,-0.011986354,-0.114114534,-0.043381439,-0.099115815,1.213272432,4.070939106,-24.84600287,4.145656109,0.917684487,4.07741411,0.000125641,0.002665586,-0.000605501,24.4266671,14.065277
343,0.305277778,0.0522,0.143289373,-0.090838182,0.246583551,-0.09415259,-0.107417548,0.063116283,-0.109729497,-0.170942026,-0.12375398,-0.069741553,-0.037461467,0.485174004,0.351024289,-0.003651815,0.173127825,0.297750686,0.079048144,-0.007966863,0.261534948,0.249140903,0.038057283,-0.02493306,0.102585229,0.156080377,0.096697599,0.175675207,0.005679006,0.007489452,0.069580905,0.031978686,-0.130731817,-0.199408382,-0.0622489,-0.074948513,0.007103234,-0.017655819,1.050730708,3.944413156,-23.49623598,4.008100033,0.7646026,3.94438347,-0.000112454,0.001761114,0.000596635,23.0756411,11.860956
344,0.387777778,-0.099,0.195600214,-0.001042183,-0.157377922,0.077291544,-0.04959304,-0.039255201,0.029185692,-0.083705667,0.00279391,-0.088989191,0.368466834,0.46370659,0.165944979,-0.076074393,0.028531794,0.375560628,0.383920791,0.158923362,0.114649299,0.229848035,0.182807677,0.151223161,0.074825077,0.176800446,0.070039181,0.029281018,0.035937474,-0.000993359,0.08008203,0.014757327,-0.11840505,0.011923111,-0.034153204,-0.131114103,-0.041235189,-0.018785649,0.952191718,3.357373608,-18.8745018,3.415616751,0.710064398,3.38637357,0.000132836,0.00230048,-0.00067815,18.7348919,13.32891
345,-0.079722222,0.0312,0.091338471,-0.09295435,-0.088803215,-0.135258176,-0.096038947,0.091194852,-0.080474947,-0.069050832,-0.073921189,-0.08815696,0.418443145,0.484891406,-0.087598204,0.20693038,0.102377024,0.059559526,0.296522385,-0.064635831,0.180047965,0.107632239,-0.002744044,-0.038101431,0.17227392,0.084554933,-0.025026091,0.189392827,0.021535153,0.042564516,0.046542656,-0.099368961,-0.17362082,0.015585648,-0.055473796,-0.129716278,-0.041877513,-0.047389476,1.104473298,4.105483425,-24.07592561,4.172526836,0.806761972,4.1114359,0.000305779,0.002348648,-0.002087604,23.7046437,12.747342
346,-0.027777778,0.069,0.078655309,0.129899525,0.073498584,-0.098106856,0.0643028,0.117687726,0.00609313,-0.092550706,-0.059051285,-0.008333174,0.220346406,0.00332673,0.030703692,-0.06910217,-0.041456076,0.14130791,0.226305945,0.283158774,0.2889437,0.245360421,0.242399791,-0.002135109,0.039548375,0.172983482,0.000800631,0.000277199,0.030819898,0.094287765,0.062148817,0.006275995,0.03888091,-0.130593422,-0.18104921,-0.009790541,-0.073026413,-0.09300644,0.931627569,3.62509048,-20.69053955,3.681246996,0.669683309,3.64693605,-8.65E-05,5.93E-05,0.000569896,20.505123,11.679663
347,0.112777778,-0.0444,0.17080123,-0.168860257,-0.071605787,-0.064291159,-0.089634523,0.062786286,-0.135035635,-0.197027306,-0.11113945,-0.058742072,-0.034049766,-0.0353257,0.099474199,0.195210819,-0.028118594,0.039682261,-0.071154056,0.189313465,0.216414935,0.057350898,0.061580469,0.268153938,0.14758392,0.178836486,0.16068807,0.06408512,0.10037801,0.024709531,-0.063560005,0.019261587,-0.112357537,-0.091867646,-0.175898537,-0.067424413,-0.037206328,-0.043030017,1.141765287,4.292006587,-25.29874422,4.361196995,0.831730747,4.29949187,8.39E-05,0.002161077,-0.000443302,24.9271281,11.544936
348,-0.04,0.09,0.129527083,0.111922102,-0.15483982,0.000781742,0.064358638,-0.067471539,-0.175723696,-0.175444798,-0.099720517,-0.036412785,0.330564225,0.263328679,-0.064458011,0.190384259,0.042972723,0.323935672,0.315482072,0.331657337,-0.019345767,0.222590381,0.045658351,0.273668965,0.147726945,0.046320361,0.062174083,-0.030531356,0.051835398,-0.004241126,-0.016923264,-0.086865654,-0.088703781,-0.137593166,-0.043311906,-0.035138465,-0.001299729,-0.098232772,0.986823225,3.663399404,-20.80235349,3.723312855,0.723986028,3.69443938,5.76E-06,0.000722322,-9.66E-05,20.647735,13.332088
349,0.115833333,0.195,0.04524956,-0.136995109,0.120256611,-0.128078899,0.005576546,-0.074010439,0.028088395,-0.147739223,-0.01971363,-0.14684409,0.462853951,0.108223006,0.438130317,-0.001336537,-0.007168621,-0.004617619,0.315250516,0.29377937,0.253932434,0.010214051,0.050761646,0.014089694,0.068343292,0.006762207,0.051849838,0.075172528,0.120569034,0.022257258,0.042971997,0.011799472,-0.137473866,-0.131878861,-0.173857163,-0.146884459,0.000144415,-0.05990668,1.076030096,4.036976222,-24.10793755,4.102202415,0.784319724,4.03410836,-1.53E-05,0.000560435,0.000427342,23.6636433,12.695494
350,0.29,-0.0738,-0.010184504,0.091704647,0.193607169,0.146708231,-0.073381602,-0.112515348,-0.052293566,-0.165008328,-0.108489598,-0.026603121,0.305692053,0.454613904,0.29817653,-0.064588164,0.17720595,0.22219212,0.324223805,0.001867282,-0.024192682,0.168369844,0.122039904,0.286976443,0.080981634,0.045087119,-0.024968707,-0.020524099,-0.010936087,0.091094322,-0.084068635,0.081644738,0.044661958,-0.132236286,-0.185876382,0.011493418,-0.053107374,-0.092902884,0.936991682,3.564992916,-20.49564463,3.621670008,0.678158385,3.57550228,0.000127415,0.000965489,-0.000544526,20.2103996,12.106541
351,0.011944444,0.0858,0.001376916,-0.237718672,0.196794877,0.152791233,0.033916876,0.058582208,-0.107440885,-0.055245647,-0.108914505,-0.085434914,0.331718587,0.413970851,0.236143855,0.129831744,0.133290291,0.100945023,0.168791128,0.008846511,0.011409732,-0.026007478,0.232410676,0.016290823,0.124063672,0.059670378,0.123946006,0.184919733,0.024591479,0.034164617,0.008146348,-0.062385741,-0.010124055,-0.037774594,-0.025709075,-0.090077796,-0.034767786,0.0061356,1.157918982,4.126894279,-24.64090918,4.197613716,0.858779919,4.1359048,0.000117343,0.00243756,-0.000783213,24.258672,11.75512
352,0.381666667,-0.1074,0.107039246,-0.0727796,-0.245923026,-0.161275023,-0.12138453,-0.104948858,-0.191250665,0.009324733,-0.016194701,-0.004438107,0.065748504,0.353065788,0.394522086,0.021911396,0.114688795,0.021605022,0.328249704,0.261941058,0.012196545,0.057084614,-0.020825037,0.017407993,0.111716526,-0.012609583,0.063105242,0.062932213,0.010056163,0.030856848,-0.045901509,-0.031513246,0.037116122,-0.043952171,-0.040581249,-0.020731479,-0.10302583,-0.02726187,0.952451714,3.807232318,-21.52730928,3.864397764,0.679850288,3.83992136,8.58E-05,0.002133557,-0.000334706,21.4151973,12.680624
353,-0.021666667,0.111,0.002911782,0.015415335,-0.081988486,0.071298774,-0.129512208,-0.034490776,-0.121706102,-0.026873306,-0.000103841,-0.028508805,0.256382876,0.013102382,0.256861336,-0.03439598,-0.037116752,0.074285396,0.36766289,-0.077416252,0.188341663,0.080167754,0.117645111,0.153990586,0.085607932,0.015019332,0.167948519,-0.036606351,0.092182738,0.016525158,0.014575382,-0.088536836,-0.021807177,-0.012490108,-0.134928068,-0.031370535,-0.085507384,-0.09464304,1.008361622,3.958042974,-22.70720643,4.018741131,0.724665492,3.9711545,-3.11E-05,0.000795878,-7.61E-05,22.439969,11.67236
354,-0.070555556,0.09,0.194175459,-0.061237039,0.200106431,0.035061789,0.067510474,0.090349617,0.019062003,-0.055625286,-0.018495275,0.005447152,-0.013406467,0.195897705,0.202145449,0.083992363,0.110612542,0.215662331,0.30047177,0.177004833,0.192976909,0.21712588,-0.042053219,0.15220867,0.045792547,-0.017681979,0.194593512,0.003469845,0.116336707,-0.014378308,-0.070435327,-0.025371429,-0.058076639,-0.18196115,-0.149735478,-0.049777794,-0.060586175,-0.081485561,1.073300922,4.052845037,-24.22543577,4.117842197,0.779831598,4.04774498,-0.000105518,0.00214659,0.000574882,23.7816975,11.932799
355,0.161666667,0.0648,-0.092048662,0.275921804,-0.032462518,-0.119844653,-0.118355809,0.056073512,-0.171703206,0.018814937,-0.031561819,-0.137896238,0.493590084,0.254223157,0.111002229,-0.079168633,0.230925915,0.373275943,-0.023559277,0.365496515,0.248995631,0.205503614,0.137875429,0.228456731,0.086814915,0.05590329,0.153003007,0.062350429,0.042292609,0.060059615,-0.034944429,0.024978704,0.015264808,-0.147668412,-0.028074329,-0.012553861,-0.084898639,-0.065563945,0.875197707,3.057645582,-16.23649461,3.111248016,0.654947474,3.10884229,-2.30E-05,0.001384156,-5.81E-05,16.2759563,13.105288
356,0.195277778,0.1992,-0.073023347,-0.193719159,-0.236501895,0.02757939,-0.121902914,-0.000271993,-0.185981711,-0.075863175,-0.055994662,-0.13610028,-0.053342876,0.196729727,0.136416646,0.313894218,0.290810044,0.113855679,0.325699183,0.157067887,0.202501243,0.206355607,0.035694138,0.157223708,0.105646176,0.144868227,0.135403442,-0.000662353,0.070963239,0.036482457,-0.05381946,-0.059336844,-0.043101838,-0.035870142,-0.171345253,-0.013477321,0.019721154,-0.032178243,1.062680815,4.073142233,-24.0711588,4.137349129,0.769118623,4.08258241,-0.000102686,0.001189778,0.001355499,23.7396631,13.160956
357,0.170833333,-0.036,0.133981742,0.054511182,-0.04096899,-0.137030575,-0.022386237,0.021896875,0.018372671,-0.184589098,-0.039991706,0.023654849,0.402446528,-0.024289533,0.339993364,0.019279918,0.162685932,0.132835572,0.375194519,0.230505157,0.257889506,0.138076205,0.082879416,0.270388374,0.075774319,-0.01122564,0.156812261,0.141608482,0.045165587,0.06372575,-0.029170414,-0.041617664,0.048942463,-0.166559336,-0.142383667,0.008838806,-0.064909545,-0.057162951,0.988254971,3.642260048,-20.92352492,3.702324867,0.725052562,3.66044086,-6.84E-05,0.00176659,0.000698559,20.6649181,13.203722
358,0.137222222,0.2748,-0.054168939,-0.052565334,-0.233060438,0.189613031,0.05945566,-0.069664692,-0.012205211,-0.139197369,-0.004474732,-0.102242556,0.454361038,0.296937605,0.335268758,0.099797571,0.196199034,0.194148567,0.214107967,-0.038993026,0.227683985,0.072339077,0.197207561,0.204245617,0.196285505,0.039737687,0.044971446,0.12297984,0.085139081,0.002360887,-0.031939581,0.074415008,0.029276024,-0.111518825,-0.031745835,0.002016772,-0.055887832,-0.013014074,0.980837571,3.672689192,-21.18783666,3.732162476,0.717351461,3.69276905,-1.13E-06,0.002033706,2.25E-05,20.9663306,12.786288
359,-0.030833333,0.279,0.168807881,0.057112129,-0.020663709,-0.08076692,-0.084486705,0.06554287,0.013687232,-0.152526135,-0.070967789,-0.026750715,0.270054759,0.052595173,-0.034635204,0.21596539,0.171843916,0.331923216,0.08921563,-0.025628834,-0.02237807,0.019899471,0.002675243,0.046519218,0.037080195,0.03930831,0.126663147,0.060484492,0.141089811,0.064116138,0.072163479,-0.024117045,0.027018515,-0.110430356,-0.159986305,-0.036646652,0.011821888,-0.015103229,1.079103477,3.94812883,-22.96089161,4.013785839,0.793054977,3.96574557,3.63E-05,0.001379376,0.00014544,22.6579661,10.480934
360,0.375555556,0.027,0.085156385,0.264299592,0.231251112,-0.127681196,-0.137422713,-0.090162048,-0.180235576,-0.125079792,0.01222025,-0.000163378,0.435903346,0.44126047,0.081266422,0.028426522,0.198874018,0.163640384,-0.015517315,0.262901499,0.174916619,0.004780097,0.282387073,0.114668598,0.020888876,0.176122033,0.037342913,-0.026002759,0.047487222,0.091512651,0.026861389,0.083563757,-0.013298812,-0.175193578,-0.045077366,-0.088659364,-0.105586659,-0.002439814,0.848873203,3.245072144,-18.0171739,3.296381712,0.614102472,3.26669681,8.45E-05,0.002278192,-0.000189952,17.8531407,11.629
361,-0.134722222,0.0186,0.180097771,-0.19096722,0.219010765,0.185713413,-0.075815728,0.04079889,-0.098795255,-0.03987343,-0.110906298,0.019178079,0.038270319,0.449325793,0.094144584,0.033638965,0.14735044,0.326065026,0.002123294,0.162653702,-0.028767597,0.231010964,0.130676551,0.276490353,-0.027104038,-0.004246365,-0.010258272,0.167151774,0.144343238,0.027335866,0.047281393,0.024382896,-0.056416586,-0.134812641,-0.137896358,-0.143470983,-0.107023977,-0.056634517,1.308437903,4.353528959,-26.54168187,4.434195995,0.988220669,4.36121862,6.29E-05,0.002743434,-0.000557065,26.0971815,11.641953
362,0.3725,0.174,0.062929556,0.096904522,0.16993994,-0.06258186,0.092059053,0.000533767,-0.063790667,-0.073592813,0.027853866,-0.135466506,0.296870133,0.10307595,0.317669581,-0.056216214,0.221369076,0.28409223,-0.006924025,0.045967416,0.133446239,0.087135199,0.045195527,0.089720916,-0.003083308,0.072350449,0.19762839,-0.02032901,-0.024812079,-0.009647816,-0.000217437,-0.05167694,-0.19978815,-0.147530493,-0.010397925,-0.126001371,-0.088741816,-0.099463797,0.803736761,3.194538779,-17.05175007,3.242822886,0.573650483,3.23861535,-5.66E-05,0.000970412,0.000469364,17.0800314,10.687678
363,-0.116388889,-0.0528,0.063678902,0.157238316,0.205472015,0.072872562,-0.070214765,0.115279408,-0.083941818,-0.198465815,-0.073218119,-0.146413495,0.149302742,0.090640595,0.161756383,0.337657263,0.070908601,0.146021963,0.392700961,0.102046408,0.106007052,0.244399418,0.048661195,0.16308692,0.189625299,0.005869637,-0.047453595,0.127731338,0.09155654,0.075162723,-0.035514063,0.072502645,-0.029377138,-0.136578313,0.01637809,-0.099726862,-0.059781628,-0.045462266,1.056177417,4.025809746,-24.06558518,4.089678288,0.763858635,4.02096107,0.000571593,0.000703904,-0.005164619,23.6087147,12.323853
364,0.121944444,0.0354,0.159627031,-0.20901665,0.052235684,0.097679538,-0.095219611,-0.096921245,-0.06557169,0.022512254,0.01740753,0.003419077,0.258384176,0.43289315,0.293925426,0.325080535,0.163420988,0.302763428,0.360474473,-0.045224857,0.055800397,0.075185658,0.085536002,0.233799925,0.182882828,0.110969897,0.191266862,0.172480233,0.14383219,0.054328044,-0.030676654,0.084896854,-0.07910986,-0.191347284,-0.159572152,-0.14896201,-0.072258481,-0.090207073,1.109037405,3.822996852,-22.52061092,3.891046762,0.831470306,3.83646184,-1.15E-07,0.00111618,0.000114099,22.1767641,13.5021
365,-0.015555556,0.0606,0.152413542,-0.126156796,0.034455273,0.081376439,-0.028943595,-0.050593523,-0.190563321,-0.142039223,0.017203751,-0.020971474,0.233483719,0.411271876,0.358292562,0.131806453,0.031645992,0.294567233,0.035877054,0.024556307,0.03313273,0.154617345,0.270249446,0.019014649,0.0367,0.094830139,-0.049131084,0.107164288,0.051653276,0.064792896,-0.01577518,-0.038519226,-0.104066342,-0.028054062,0.024867306,-0.036218137,0.009095776,-0.067090748,1.1502405,4.037899131,-23.6978974,4.108299732,0.858679145,4.0641763,-4.43E-06,0.002310506,-6.08E-05,23.4482799,12.162571
366,-0.143888889,0.1446,0.1536658,-0.099308714,0.18889791,0.003888049,0.072414644,0.027841541,-0.07456791,-0.078469829,-0.102736515,0.025021611,0.021674183,0.156778399,0.295532117,0.192317904,0.179029212,0.003910705,-0.008570346,0.098861192,0.245534408,0.05235725,0.21496884,-0.003248536,0.17940396,0.104129382,0.01949313,0.158681557,0.135793648,0.044295165,0.006689269,-0.05459261,-0.177742352,-0.129240382,-0.192462539,-0.021883129,-0.05512657,-0.013361975,1.171447375,4.232173131,-25.50938179,4.303579807,0.862489871,4.2306374,7.32E-05,0.003054504,-0.000232556,25.0600145,11.437877
367,0.0975,0.1698,-0.09700637,0.007873857,-0.045443631,-0.166606346,0.030935758,0.011041313,-0.154466402,0.010203538,-0.081910328,-0.043568595,0.082821046,-0.001429791,0.432665118,0.267470433,0.009952022,-0.041063361,0.006329097,0.380103944,0.045908525,0.207189545,0.276897629,0.152403213,0.020426375,0.016968185,0.023902549,0.094454567,0.086832597,0.015655937,-0.003990252,-0.045512159,-0.003972441,-0.060358223,-0.037188647,-0.113503769,-0.010132681,0.008435552,0.913339517,3.736481264,-21.19070904,3.791090727,0.64565855,3.76369115,-7.99E-05,0.001394335,0.000530806,21.0557218,11.975895
368,0.265555556,0.0774,-0.088575064,-0.128611221,0.129904131,0.186370053,-0.090556472,-0.072499622,-0.059414171,-0.15837028,-0.077282704,-0.060529606,5.19126E-05,0.100074688,0.345060297,0.336650374,0.011009352,-0.056307714,0.00666844,-0.013352163,0.252119388,0.160984979,0.187300215,-0.019447691,-0.01023345,0.052885459,0.156932645,0.157604258,0.108419166,0.090638333,-0.049949966,0.032988937,0.010576935,-0.053437901,0.019384268,-0.07863732,-0.110651068,-0.066216148,1.038109792,4.104410461,-24.44568407,4.166827202,0.741431166,4.10763356,6.22E-05,0.002014646,-0.000207983,24.0939317,10.657825
369,0.024166667,-0.0864,0.12650701,0.239628053,0.031703703,-0.196919833,-0.077262081,-0.087506735,-0.158592808,-0.131461256,-0.143460463,0.006105244,-0.046292172,0.250768321,0.042721309,0.259500056,0.238708842,0.243767272,0.395826824,-0.022220064,0.250480639,0.051637526,0.013590626,0.158447967,0.118493357,0.138196961,0.096146011,0.177888009,0.010814434,0.061987558,0.068221183,-0.035231306,0.02482862,-0.111159922,-0.05946519,-0.001595968,0.017301508,-0.042695229,0.9449571,3.643832932,-20.83340061,3.700873613,0.680949601,3.66019866,0.000173207,0.001874695,-0.000940012,20.6125462,12.546091
370,0.225833333,-0.078,0.111337442,0.245352921,-0.086197084,-0.154043153,-0.059024832,0.011504072,-0.116698129,-0.089000094,-0.035879643,-0.070482835,0.007067034,0.072583085,-0.092085873,0.398351452,0.08849898,0.261861589,-0.074428101,0.211245534,0.194562538,-0.028560739,0.245005349,0.056226467,0.118680119,-0.002388837,0.058370097,-0.039357716,0.13941954,0.02263814,0.030436511,-0.037507873,-0.160078917,-0.019470835,-0.148816496,-0.127973959,-0.066147562,-0.07415488,0.877978711,3.323829188,-17.8691575,3.376977205,0.63751715,3.37484068,4.01E-05,0.003961026,0.001697681,17.9125594,11.307442
371,0.235,-0.0402,0.104212481,0.234902002,-0.096109279,0.16851447,-0.020495286,0.097706402,0.027192639,-0.198834438,-0.056581533,0.002228297,0.285667887,-0.003075074,-0.035457436,0.089343742,0.153220978,0.230997924,-0.05841665,0.198855757,-0.001453704,0.243039453,-0.032188905,0.035092,6.71849E-06,-0.014202274,0.140641701,-0.024575703,0.10577405,0.063856492,-0.072861627,-0.027214196,-0.034493775,-0.089873514,-0.17705079,-0.056529976,-0.112521543,-0.001950462,0.912006658,3.569491655,-19.73434608,3.624414921,0.653461165,3.60459095,-3.84E-06,0.000996744,-6.50E-05,19.6444856,10.217093
372,0.024166667,0.3,0.028893606,0.10669805,-0.037704869,0.166177706,0.095081166,-0.115658316,-0.169130955,-0.13569318,-0.087651195,0.019635348,0.06705453,0.127836559,0.120867119,0.013730221,0.12466343,0.191219125,0.268608731,0.27131316,0.025953352,0.216454402,0.278686502,0.005673059,-0.008551394,0.128039661,0.112999281,0.1383486,0.105689751,0.068251037,0.088947949,-0.078029809,-0.032736684,-0.077825362,-0.158581054,-0.033801045,-0.091249662,-0.003588616,0.952042012,3.705254242,-21.29406021,3.762639523,0.684937508,3.73141204,0.000158238,0.00048637,-0.001546632,21.1387894,11.539623
373,0.259444444,-0.0822,0.174660997,-0.135369226,0.028638966,0.102131838,-0.02714698,0.037875909,0.041352246,-0.046148675,0.010897159,-0.060876758,0.435257618,-0.019687589,0.052869069,0.116005323,0.240282629,0.242755301,0.393395853,0.108808186,0.028513312,0.131073693,-0.022464846,0.018167062,0.11024788,0.078685073,0.054767107,0.142616369,0.016778953,-0.000726034,-0.028161508,-0.088736445,-0.042216375,-0.183140991,-0.132201937,-0.094246845,-0.058188141,-0.014220438,0.979884072,3.720993871,-21.22643471,3.780282974,0.711851772,3.73964604,-3.12E-05,0.000817049,0.000275008,20.9826014,12.026877
374,0.131111111,-0.0276,0.155861528,-0.209533616,0.032763337,-0.061912129,0.130176494,-0.119342086,-0.069278722,-0.04085051,-0.116646126,-0.07724451,0.496627569,0.31974369,0.279350118,0.328616538,-0.017883337,0.067404105,-0.063234361,0.007541792,0.013824569,0.021750996,0.134965863,0.062514321,0.048593077,0.087491237,0.132024015,0.038249335,0.073626007,0.074883943,0.001702241,0.042055828,-0.045277125,-0.055321149,-0.115803298,0.007993157,-0.083261723,-0.008306748,1.003440329,3.839950032,-21.76076353,3.900592566,0.728144246,3.88689247,7.33E-05,0.00173329,-0.000165764,21.7320683,11.678102
375,0.186111111,0.006,0.075307366,-0.016241789,-0.226368669,-0.007108179,-0.121000328,0.013413876,-0.026939667,-0.132035242,-0.090559087,-0.122529557,0.156696487,0.289370045,0.059423381,0.12061418,0.159098882,0.083183829,-0.038346891,0.312383489,-0.025059131,0.023329587,0.077043874,0.27525949,0.18534394,0.129968178,0.161073444,0.024000475,0.123525625,0.066612376,0.042816574,0.02621704,0.013514921,-0.042038346,-0.013311581,-0.025593513,-0.004754809,-0.066342632,1.016610124,3.984504818,-22.95853547,4.045713902,0.73197068,4.01169269,7.29E-06,0.002024953,-0.000127563,22.7715185,11.893577
376,0.103611111,0.1194,-0.024827324,-0.176096834,-0.169747932,-0.050767533,0.01091082,0.08439384,-0.110627217,-0.020843993,-0.134309542,-0.087488891,0.46786544,0.473871206,0.166780392,0.015449374,0.180847977,0.183050159,0.297927652,0.1816522,0.065754392,-0.023227518,0.094071644,0.029420889,0.043159939,0.145444004,0.06135983,-0.028171869,0.046060188,0.05039719,-0.060456856,-0.034226092,-0.14127965,-0.082932902,-0.16460035,-0.086546491,-0.014324599,-0.040077175,1.007855603,3.775821866,-21.52008988,3.836928606,0.736633843,3.78979195,7.90E-05,0.001852005,-6.09E-05,21.2551762,13.48217
377,0.235,0.0312,0.103608056,-0.189087598,0.126061959,0.197947291,0.148717806,0.093747796,-0.010199286,-0.108204793,-0.102150123,-0.049601128,0.025740982,0.208834982,0.396029987,0.274292817,0.217532223,0.162934563,0.008952427,0.381040167,0.280112016,0.198910958,0.103054806,0.262350764,0.117804396,-0.005535912,0.147661773,0.071732281,0.069229181,0.057038869,0.098897419,0.086510797,-0.017236379,-0.050587241,-0.042609646,0.005894916,-0.098601765,-0.031480713,1.003618186,3.797106745,-22.87271471,3.857866049,0.730534858,3.79856499,0.000179672,0.000698064,-0.001093516,22.5365865,12.26884
378,0.036388889,0.2412,-0.098294578,0.205661052,0.087496452,0.079515854,-0.124157535,-0.07316627,-0.165017497,-0.055400715,-0.04598854,0.022845925,-0.024127871,0.128876969,0.212507693,0.187950486,0.186020249,0.040065007,0.183256229,0.088069352,0.074307476,0.226442092,0.04606283,0.035795523,-0.02561126,-0.014994886,0.104488431,0.112540492,0.07608382,0.014806751,0.072426279,-0.040666116,-0.063567157,-0.142339006,0.026594222,-0.029997102,-0.008675011,-0.017361262,0.888466461,3.871645129,-22.46971036,3.924190283,0.610357277,3.87335682,0.000134153,0.001782403,-0.000245021,22.179553,10.648147
379,-0.137777778,0.2118,0.107921001,0.128761218,0.202314202,-0.152049875,0.078892316,0.083446301,-0.055382259,-0.087928194,-0.025518161,-0.123544703,-0.096901598,0.320486836,0.411571318,0.311111292,0.282988191,0.263738987,0.224481425,0.367754274,0.132724028,0.119339939,0.158859299,0.048874687,0.18867058,0.022195258,-0.003616566,0.146423695,-0.006044298,0.004154134,-0.045776045,0.095218587,-0.068773452,-0.099117284,0.000281596,-0.075396234,-0.005981238,-0.024713656,1.014448571,3.770403009,-22.52772923,3.831982851,0.741435884,3.77443212,6.42E-05,0.002763947,-0.000326135,22.1636249,12.937029
380,0.381666667,-0.1158,-0.057422062,0.199168454,-0.021220531,-0.179437695,-0.134124098,0.114614916,0.048094299,-0.032123376,-0.138587551,-0.124913489,0.155930905,0.183292976,0.314062224,0.236204652,0.250905779,0.104261145,0.328833403,0.023387913,0.087986207,0.141778334,0.139119511,0.053617754,-0.005135675,0.187006584,-0.04317465,0.098383859,0.107446356,0.035258534,0.05559438,-0.017167654,-0.133295007,0.016520345,-0.143035931,-0.148228663,-0.067231122,-0.000417511,0.850722162,3.539251511,-19.59042416,3.58997345,0.596710108,3.55749272,-3.23E-05,0.000476134,-0.000248113,19.4096507,12.296076
381,-0.085833333,-0.078,0.12521564,0.107893493,-0.073412384,-0.095465597,-0.070641097,-0.079927136,-0.100027666,-0.161793082,-0.130433969,-0.144038099,0.332360024,-0.065881927,-0.021768818,0.036595016,0.27277806,0.205551201,0.165967807,0.298675472,0.127972258,0.021993175,0.126077911,0.158131405,-0.022291713,0.060225492,0.117306137,-0.027075217,0.128091813,0.064352228,0.022472792,-0.076187596,-0.105224196,-0.075682117,-0.158526764,-0.124875197,-0.013231653,-0.029725516,1.01748153,3.853441585,-21.66766859,3.915030718,0.741461279,3.88682272,4.62E-05,0.001210571,-0.000100794,21.5554941,12.396755
382,0.253333333,-0.0444,-0.053023601,0.282105011,-0.061076501,0.026075684,0.097207267,-0.04155355,-0.178967003,0.049793006,-0.005022628,-0.100470336,0.33011188,0.17411669,0.387096257,0.001982829,0.343502486,0.190443124,0.240168573,0.260129354,0.01550041,0.015385958,0.113930555,0.226350383,0.103551703,0.071309304,-0.035940787,0.02485081,0.054586909,0.052628701,-0.074017409,0.028250564,-0.172199387,-0.000910925,-0.101141369,-0.100673664,-0.046432601,-0.028360776,0.764510957,3.120240533,-16.58763374,3.165969372,0.54053338,3.15350954,0.000149643,0.00205765,-0.000590598,16.5756462,12.663107
383,0.351111111,0.2244,0.082880187,0.051029314,-0.12909465,0.013443791,-0.138250026,0.05470789,0.033550227,0.046704871,0.01375225,-0.113786859,0.279282283,0.423988006,0.343699152,0.052663643,0.342766111,0.264282256,0.045478434,-0.066511369,0.275700956,0.126032347,0.115586467,-0.013793131,0.031092942,0.076445579,0.167286419,0.134591775,0.081982523,-0.000277171,-0.013394569,0.044165575,-0.085660058,-0.121154537,-0.106052573,-0.024453501,-0.113535187,-0.088998747,0.871147743,3.336944021,-18.60449558,3.389583588,0.629791002,3.36846448,8.35E-05,0.002715266,-0.000636737,18.5173021,11.858352
384,0.338888889,0.1908,-0.016115883,-0.122767791,0.217289463,-0.187869158,0.142958933,0.099351043,-0.138745598,-0.020005458,-0.021820974,-0.03440068,-0.047483812,-0.026957068,0.018962687,0.345808119,0.136075467,-0.035259856,0.291612395,0.32869144,0.047850026,0.124117056,0.219963649,0.001041592,0.044485388,0.076838878,0.120183142,0.000503174,-0.005442401,0.074610104,-0.013478439,-0.022877083,0.034878499,-0.026096301,-0.171086557,-0.139772763,0.011481466,-0.04050584,0.876351341,3.676265257,-21.0035997,3.728441238,0.611971586,3.68321571,1.08E-05,0.002003352,0.000302757,20.7383567,10.934427
385,0.299166667,0.1698,-0.096610484,-0.189418076,-0.058499502,-0.110739311,0.107867346,-0.018901642,-0.045701386,-0.019298825,0.021997974,-0.115393179,0.013001529,0.010358454,0.262089007,0.326031021,0.161483872,-0.042583192,0.075572168,0.246940093,0.256828006,0.246168468,0.105158027,0.000538027,0.086086395,0.150427954,0.155596638,0.15062585,-0.014919797,0.06426903,0.087754349,0.014698014,-0.127883023,-0.119968335,-0.041533534,-0.070642444,-0.021846171,-0.010900059,0.932659955,3.703278853,-21.31215494,3.759316921,0.667209826,3.71655032,-2.69E-05,0.002908079,0.00047646,21.098151,11.957314
386,-0.003333333,0.1446,0.053604591,-0.187024519,-0.205094885,-0.145424876,0.004312968,0.09620775,-0.046200305,-0.038867027,-0.059648845,0.027111867,0.409933586,0.061949372,0.207162787,0.16660438,0.007860169,0.204514879,0.06901523,0.23746419,0.16532216,0.083785368,0.221528526,0.058720376,0.061590343,0.11020779,0.079380005,0.072095902,0.094928582,0.018034447,0.083870477,-0.015028757,-0.069536611,-0.124768616,-0.007093852,-0.049100085,-0.048061102,-0.053212146,1.082768023,3.859113906,-22.08216045,3.925243378,0.804781895,3.89271328,-0.000162038,0.002210488,0.001225454,21.9246978,12.802513
387,0.360277778,0.006,0.086574948,0.161074406,-0.113809641,0.154491546,-0.025703961,0.100765449,0.062490163,-0.009462468,-0.006479761,-0.118396975,-0.065755202,0.0255133,0.310374056,0.076736265,0.189013211,0.200568103,0.16698669,-0.053054949,0.224759354,0.046711426,-0.016527039,0.202153707,0.163898789,0.039929482,0.13657754,0.188573831,0.04666775,-0.018508155,-0.02449075,-0.070348814,-0.042666771,-0.044594934,0.025634143,-0.109770454,-0.084238481,-0.075417312,0.793580436,3.434405102,-19.03763618,3.481396437,0.54722341,3.45725676,-1.26E-05,0.001810046,0.000305621,18.9253212,10.803576
388,-0.036944444,-0.0318,-0.089696746,-0.003444695,0.083396302,-0.193004953,0.122516092,-0.01221477,-0.013682432,-0.146177626,-0.052365545,-0.091438761,0.170408341,0.365225694,0.255292648,0.326894306,-0.00032628,0.050085875,0.205281849,0.180890779,0.283275223,0.025563099,0.013272008,0.117739178,0.042786365,0.051448594,0.188577076,-0.005109256,0.079739819,0.06478947,0.088748913,0.088106678,-0.028364089,-0.193265887,0.00789102,-0.0756871,-0.118536845,0.000596134,0.984472723,3.807649924,-22.09805062,3.867048025,0.710249835,3.81480137,0.000293346,0.002446002,-0.002040587,21.7997721,12.953919
389,-0.055277778,0.0942,-0.059542955,-0.238652523,-0.107994369,0.085802214,-0.127516824,-0.042158491,-0.18405601,-0.029619397,-0.008793024,-0.053123964,0.074216945,0.191942342,0.202860295,0.257512071,0.019971225,0.268121653,0.12882582,0.263489873,0.123662232,0.084195289,0.275116938,0.174968636,0.068828227,0.148204681,0.021726277,0.063794563,-0.028126022,-0.011400969,-0.072065819,0.085799265,0.046603191,-0.121757397,-0.180794398,-0.014549797,-0.084459558,-0.043916868,1.191440808,4.228395562,-25.06132051,4.301206112,0.887158476,4.24791551,2.22E-05,0.002458795,-0.000179182,24.754703,13.161923
390,0.219722222,-0.078,0.015853608,0.199891234,-0.200621177,0.012456608,0.008280362,-0.079165495,-0.196600045,-0.166233731,-0.054651822,-0.131456644,0.130157144,0.494693996,0.429567332,0.032988636,0.285096858,-0.016220062,0.344225986,0.0931377,0.22508719,0.151774136,0.271047789,0.086537546,0.096692223,-0.00472442,0.190506589,0.111443163,0.087388132,0.059311841,0.016171489,-0.088128918,-0.028926842,-0.150659742,0.010223806,-0.135033161,-0.102346158,-0.025666156,0.922082963,3.493788848,-19.48219638,3.549599409,0.671526347,3.53567079,-1.86E-05,0.000359474,-0.000108382,19.4381542,13.374274
391,-0.027777778,-0.0738,0.087589273,-0.006630297,-0.093420485,-0.085520183,-0.092492319,-0.07575754,-0.163392237,0.043536277,-0.086124635,-0.101279113,0.348436974,0.147965176,0.440206931,-0.012539045,0.229366605,0.190162801,0.318351194,-0.033802686,0.237133832,0.181294399,0.239146219,0.237522566,0.180030448,0.049726417,0.105551743,0.104490306,-0.019018846,0.046109735,0.002377965,-0.061374734,-0.137935769,-0.040843119,-0.076742691,-0.14172588,-0.058473392,-0.074670805,1.014467287,3.698328866,-20.81383468,3.760085583,0.74907931,3.74007584,-9.16E-06,0.001071545,9.14E-05,20.7344118,13.793369
392,-0.095,0.0396,0.034355296,-0.20527573,-0.019569172,-0.198677295,-0.109844029,0.033819746,-0.012755117,-0.182993925,-0.124259408,-0.019749137,0.048408051,-0.021549172,0.034590296,0.167548063,0.271252896,-0.038742474,0.152132201,-0.024350766,0.006093861,0.188799562,0.071444835,0.211096533,0.100924509,0.173574383,0.027044676,0.080095779,0.091351681,0.016213383,0.037090235,0.010263869,-0.123058872,-0.040652959,0.000765637,-0.018295195,-0.010543136,0.002943296,1.251604632,4.679042341,-28.14089512,4.754951954,0.912640721,4.67045258,0.000140446,0.00245562,-0.000877984,27.6034296,11.440468
393,0.363333333,0.2832,-0.047963666,-0.199798512,-0.142958892,0.025446343,-0.144140206,-0.009137535,-0.085248822,0.034777612,-0.002240637,0.012461792,0.422832312,0.268830735,0.275824942,0.045970268,0.218155737,0.008398614,0.340898207,0.285111222,0.144597524,-0.001560003,0.131836721,0.248458238,-0.024237987,-0.008248655,0.073380129,0.189870003,0.100047711,0.094933198,-0.023281236,0.035563364,-0.098068165,-0.007197565,-0.113617415,-0.12384554,-0.09424233,-0.092732449,0.987603853,3.730134061,-21.63013025,3.789939404,0.716696705,3.73250841,0.000136903,0.002600217,-0.000559785,21.2840921,12.973071
394,-0.146944444,-0.12,-0.080145126,-0.097190761,0.224349719,-0.077432926,-0.139225264,0.025289567,-0.180785154,-0.046409908,-0.126941004,-0.088666509,0.465987362,-0.020827538,0.049969218,0.159187623,0.096247652,-0.001040923,0.201690137,0.242343385,0.108186824,0.04724836,0.051308178,0.08845082,0.080066378,0.009157044,0.088877566,0.184530828,0.050697188,0.059213266,-0.026388228,-0.063029498,-0.142499258,-0.046266106,-0.182801131,-0.031081919,-0.116568414,-0.061408484,1.157611703,4.247828169,-24.81607525,4.318231583,0.850305072,4.25456798,0.000106223,0.00024341,-0.000545634,24.4462993,12.506852
395,0.033333333,0.0228,-0.055067225,-0.0433446,-0.057297394,0.040940217,0.133316251,0.103263132,0.01520547,-0.023686342,-0.093828836,-0.019062108,0.089365441,-0.044304073,-0.025218308,0.143344543,0.233024425,-0.067759195,0.350641129,-0.012364651,0.08916069,0.000510407,0.101075198,0.258940517,0.199044523,-0.010463198,0.163842598,-0.027048308,0.052847896,0.013124744,-0.08928399,0.076310257,-0.052733731,-0.039252341,-0.074423978,-0.038738849,0.017174548,-0.09010973,0.917681104,3.815220723,-21.49961639,3.869941235,0.643980054,3.83590239,-4.58E-05,0.001919877,0.000284167,21.3208324,11.135236
396,0.189166667,0.1782,-0.061619996,0.18619754,0.212284158,0.150818428,0.134836609,-0.094971837,0.016556016,-0.036164701,-0.038753471,0.004751346,0.33779939,0.005122879,0.207736766,-0.069604332,0.291321314,0.252474383,0.195298708,0.083209849,0.284645622,0.213308309,0.110311814,0.041745424,0.054287827,-0.009032835,0.035999472,0.00608425,0.109903094,0.00175268,0.006500904,-0.082631283,-0.023206801,-0.14103931,-0.185511995,-0.041874066,-0.082626305,0.009010517,0.802296533,3.258463929,-18.14102683,3.306491852,0.567543421,3.28578993,-5.33E-05,0.000545287,0.000328166,18.0475206,11.122313
397,0.323611111,-0.099,-0.091071369,0.273882776,-0.143928127,-0.016491224,-0.004860178,-0.022719371,-0.066247348,-0.085082123,-0.022480976,0.023490859,0.133405756,7.34728E-05,0.136920718,0.34176892,0.117575901,0.28845591,-0.07992894,0.12623374,0.279116554,0.104103188,0.173514302,0.140041369,0.017583991,0.178272015,0.040481162,-0.006193549,-0.027575367,0.036728816,-0.038086693,-0.093378671,-0.065721531,-0.079668461,-0.064564491,-0.109724625,-0.053862522,-0.039258921,0.868043196,3.155926109,-16.81740394,3.208790064,0.638532782,3.22442719,-2.59E-05,-0.000527173,0.000645178,16.9800632,11.763808
398,-0.104166667,0.1572,-0.082014621,-0.076562887,0.222285238,0.120109705,0.07915796,0.014341541,0.050754143,-0.1574573,-0.139566183,-0.068868051,0.149791978,0.421078743,-0.031781701,0.330845885,0.277632376,-0.055232608,-0.070425629,-0.076041012,0.133813568,0.040818081,0.188231308,0.109129635,0.050362772,0.118695072,0.161943312,-0.022186546,0.014769511,0.070913901,-0.010773435,0.012284926,0.036691832,0.013840976,-0.009737776,-0.022246802,-0.019407588,-0.060041431,1.153041973,4.252990349,-25.58889945,4.32306242,0.843035787,4.26027038,-3.60E-05,-0.000451632,0.000613944,25.2086046,10.39386
399,-0.049166667,-0.0024,-0.045619005,0.039033061,0.237553213,-0.084894405,-0.081109259,0.045000272,0.042477378,-0.027692875,0.012996557,-0.003364903,0.484531046,0.38175673,0.420284774,0.383233194,0.113942192,0.012131184,0.25706068,0.319708202,0.146091407,0.178395768,-0.012828678,0.183749727,0.195594725,0.173922104,0.092725689,0.081684612,0.022398806,0.039026174,-0.007218371,-0.077775303,0.01449312,-0.069145494,-0.077006873,-0.106179681,0.004331046,-0.085499266,1.043652696,3.823622138,-23.03955146,3.887109518,0.766501318,3.81015769,8.22E-05,0.001337666,-0.000476358,22.5393024,13.87012
400,0.170833333,0.1362,-0.01793823,-0.155153419,-0.108659802,0.154202316,-0.090213428,-0.097779642,-0.071868297,-0.086323811,-0.11844782,-0.028492917,0.015224642,0.145846023,0.013345319,0.119426656,0.330486389,0.335599029,0.372908113,0.344063774,0.099551704,0.092766167,0.052303386,-0.014786535,0.120984025,0.171794988,0.0059418,0.050078124,0.032867213,0.054973319,0.013309078,-0.093957962,0.029876673,0.023370802,-0.125525842,0.015078163,-0.118772052,-0.01263789,1.051481569,4.024503824,-23.87196086,4.088047981,0.760979544,4.02817922,-1.74E-06,0.001715205,0.00068937,23.5283258,12.76002
401,0.369444444,-0.0066,0.038152883,0.088902557,-0.204124903,0.071051999,-0.075713985,-0.010386621,-0.146957116,-0.160946995,-0.080465957,-0.005042209,-0.092409084,-0.034074007,-0.011445175,0.3696597,-0.008989198,0.054208794,0.344423091,-0.039986961,0.000149526,0.2092686,0.083643344,0.027094823,0.132494143,0.170385949,-0.04093613,-0.025405309,0.095104643,0.051520101,0.09658494,-0.000732665,-0.09983237,-0.111999425,-0.136726679,-0.089662491,-0.069393107,-0.027079709,0.913180234,3.904221949,-22.1461711,3.958411694,0.633127885,3.92823892,-2.84E-05,0.001110064,4.89E-05,21.9832147,10.774706
402,0.164722222,0.2832,0.043825837,0.268563809,-0.149051218,-0.00423919,-0.093771034,-0.006689936,0.058778778,-0.03182669,0.006127086,0.008475738,0.290081654,-0.057107496,-0.046971158,-0.018053434,0.162377971,0.333524691,0.125799348,-0.054227065,0.051050497,0.155080453,-0.032836059,0.137477863,0.056657907,0.152682784,-0.004462434,0.091718609,-0.010736807,0.010647579,-0.067655263,0.02565546,-0.139984964,0.003973517,-0.077790712,-0.063516887,-0.052389998,-0.012756565,0.84709697,3.369138566,-18.21874656,3.420022011,0.604464013,3.40266834,-2.45E-05,0.000829803,0.000287456,18.1478302,10.345066
403,-0.021666667,0.1152,0.166732787,0.121727313,0.164573993,0.023182054,0.121357783,0.008504274,0.005476681,0.001298406,-0.039184744,-0.020134531,0.063428375,-0.000660444,-0.024395874,0.384568297,0.126982789,0.280622494,0.308925342,0.116895603,-0.025569422,0.106637372,0.167510854,0.187099693,0.093152039,0.12352671,0.190022244,0.119386865,-0.024324927,-0.013767572,-0.054763578,-0.085761391,-0.146344272,-0.006014469,-0.0703904,-0.104812719,0.015322582,-0.00186483,0.90021612,3.474146282,-19.57047409,3.528479338,0.65041655,3.49671188,0.000150506,0.001828567,-0.000653468,19.4149868,11.440504
404,-0.107222222,0.2202,-0.082731868,-0.086138183,-0.056643167,0.151872101,0.034278447,-0.068610014,0.060198503,-0.187655925,0.022777274,-0.110502692,0.094769528,0.113102557,0.197433384,0.051213737,0.263650384,0.267769362,0.24581188,-0.050778557,0.169974273,0.239341087,0.036305483,0.08564238,0.05404015,0.045201546,0.005216433,-0.013026918,0.029380056,0.097871116,-0.036477967,0.022738531,-0.115609631,-0.008091861,-0.093242533,-0.135309454,-0.057685043,-0.093419599,1.153486371,4.238131666,-25.33751904,4.308270931,0.845605204,4.240782,6.78E-05,0.002484944,-4.85E-06,24.9244696,11.883203
405,0.146388889,0.2538,0.020109938,0.132929648,0.10328278,0.110568324,0.055999067,0.060246523,-0.085488334,-0.014141867,-0.042139988,-0.114826971,0.070510974,0.257677868,0.068081691,0.307796731,-0.019468535,0.085985308,0.211159063,0.309676449,0.069358083,0.014633225,0.157726433,0.271556891,-0.010660157,0.07000077,-0.049657617,-0.025596376,-0.027159722,0.087574489,-0.076368506,-0.048697144,-0.09800042,0.020026119,-0.142708519,-0.077201167,-0.055919735,-0.054660107,0.839219257,3.592613337,-20.61503006,3.642402887,0.581329091,3.60326681,-7.42E-06,0.001527942,0.000191027,20.3696583,11.319902
406,0.201388889,-0.1158,-0.071879212,-0.133821059,0.086101125,-0.074500825,0.091658979,-0.092316874,-0.019892301,0.01839272,-0.079996761,0.016700907,0.091103889,0.245265902,0.023321867,0.048985682,0.239134656,0.219399629,0.293632341,0.15947443,0.168523603,0.022641959,-0.001970431,0.17428693,0.055816792,0.159554235,0.045179339,0.111093228,0.11580556,0.060228013,-0.054419227,0.057889486,-0.164403663,0.024949874,-0.078710589,-0.08365835,-0.096883446,-0.078259112,0.929718573,3.700733397,-20.77843375,3.756572485,0.662841999,3.71207646,8.06E-05,0.002314727,-0.000477257,20.5368218,12.687266
407,-0.119444444,-0.0738,-0.032579595,-0.116684541,0.149320403,0.13265141,0.036011189,0.071301469,-0.136830032,-0.151397123,-0.088856167,-0.081428007,0.324577579,0.136063739,0.43847794,0.121854502,0.054420645,-0.072422556,0.063557277,0.216984989,0.218020431,0.232062934,0.017599782,0.222212803,0.058369532,0.03322358,0.114702101,0.053400869,0.135049995,-0.004614003,-0.009567119,-0.093059235,0.022597165,-0.015058917,-0.033011142,-0.14225808,-0.03754403,-0.094316142,1.1330548,4.258040876,-25.64980465,4.326706409,0.825844788,4.25915162,-6.72E-05,0.001985358,0.000427749,25.2317198,12.338051
408,0.247222222,0.1656,0.004817657,0.037637995,0.239705643,0.001178822,-0.1429875,0.073675102,0.027668704,-0.126727436,-0.148271738,-0.006078306,0.264529434,-0.042502432,0.283090194,0.334288824,0.286576012,0.013582646,0.170442405,0.144882398,0.110157833,0.183644275,0.104095552,0.161956609,0.037683766,0.096645988,0.097106254,0.136165226,0.129781474,-0.014571954,-0.094175081,-0.027097075,-0.079810927,-0.089506221,-0.189249196,-0.143098365,-0.095466981,-0.030706793,1.002269928,3.916559683,-23.19692592,3.976933956,0.717551724,3.90588929,2.66E-05,0.000795825,-0.000353361,22.7314465,11.510545
409,-0.095,0.2958,0.00791413,0.035989736,0.021035225,-0.002710193,0.120492595,-0.033394206,-0.197670827,-0.080192586,-0.058315121,-0.034456334,0.123763005,0.417879765,-0.022305783,0.088890329,0.034323051,0.070037985,0.235500238,0.007133739,0.085839936,0.16935032,-0.014702153,0.081274532,0.035925771,0.00453726,0.036211001,0.159131043,-0.00644801,0.07739871,0.083532823,-0.078968311,-0.120412724,-0.1523147,-0.020260189,-0.059762727,-0.022004002,-0.016695114,1.008500896,3.994850826,-23.21735505,4.055469036,0.719765961,4.00653402,0.000136299,0.000595644,-0.000730648,22.9360586,11.196101
410,0.027222222,-0.12,0.064666611,0.059888963,0.018750482,0.094966465,-0.013116374,0.106800459,-0.125196488,-0.191422015,-0.142911115,-0.071844371,0.160149303,-0.011359777,0.080326241,0.346669869,0.19035935,0.027336022,0.218776175,-0.014275456,0.277875516,0.042722876,0.184673908,0.240701403,-0.005270121,0.139007391,0.048143469,0.010478253,-0.009314498,0.073870875,0.050950013,0.050971799,0.004125444,-0.177441614,-0.131355845,-0.028403171,-0.053971772,-0.08295272,1.023211059,3.908760143,-22.82204023,3.970614195,0.74096027,3.92774987,-2.66E-05,0.001249183,0.000160275,22.5730486,11.624368
411,0.314444444,-0.0486,0.052177378,0.035399769,0.228437465,-0.092491951,0.139458503,-0.095725102,0.069326361,-0.195685673,-0.125633435,-0.062615809,-0.076855185,0.235774843,0.345402256,0.342257443,0.264441557,0.285747737,0.097094959,0.05409616,0.274367287,0.161515845,0.021452843,0.153290991,0.002838865,0.026022263,0.161516247,-0.014627714,0.123269053,0.094782029,-0.093550112,0.055399117,0.025631844,-0.002528029,-0.197075124,-0.095954084,0.013122777,-0.088257281,0.874139812,3.582422571,-20.56034369,3.63467288,0.616654377,3.5958182,-8.16E-07,0.000779929,0.000100511,20.3417835,11.877666
412,-0.030833333,0.2496,-0.026874966,-0.034591083,0.09645882,-0.101773706,0.011509589,-0.060173018,-0.078539855,-0.121190068,0.02332602,-0.063420527,0.31842712,0.443240195,0.362679903,0.004162018,0.294533701,0.275574239,0.037702154,0.134660038,0.29766721,0.196661926,0.28726915,0.273273258,0.096025762,0.034361753,-0.001108482,0.071139557,0.11049588,0.007204141,0.093974681,0.07556527,-0.109499082,-0.018953747,-0.1125919,-0.123723346,-0.075838809,-0.019067369,1.101911586,3.849170752,-22.7532685,3.916659832,0.822833485,3.85966952,-2.85E-05,0.000412843,0.000210379,22.410395,13.259988
413,-0.143888889,0.111,0.161188385,-0.066038511,-0.225522361,-0.192059052,-0.116036853,-0.034032779,-0.020733198,0.0467502,-0.010269558,-0.064482075,-0.017185913,0.450596537,-0.04153418,0.070267504,0.065893793,0.389219889,0.145013939,-0.042250107,-0.007774432,0.018945599,0.280924758,0.223508565,0.09405337,0.181653206,0.083189613,0.058468372,0.018506064,0.043729058,0.007852289,0.049775396,-0.171235116,-0.160161808,-0.01551394,-0.046284361,-0.088384909,-0.077839375,1.101574728,3.846144419,-21.62597522,3.913617373,0.824761706,3.88382385,0.00038859,0.001631929,-0.003517085,21.469614,12.587137
414,0.170833333,-0.1074,0.157114628,-0.08984343,0.16182072,-0.052160014,-0.133810299,0.067360448,-0.177705351,-0.002779363,-0.086888175,-0.126798434,0.309942459,0.210000995,0.151679336,0.072359769,0.231274916,0.146757653,0.169790524,0.342384074,-0.017396289,0.124656906,0.081303023,0.093958008,0.142281747,0.048118466,-0.045045505,-0.028765382,0.149426343,0.0993626,0.088320783,0.097655424,-0.119263169,-0.179004364,-0.169889679,-0.095153942,0.00943035,-0.04590961,1.014380099,3.925922971,-22.86682693,3.987119198,0.730965601,3.93777259,-7.44E-06,0.00045963,-0.000182726,22.5730696,12.290805
415,-0.101111111,0.111,-0.035829576,-0.198284569,-0.101893922,-0.049869038,-0.089521762,-0.058289322,-0.188647552,-0.072330576,0.008955929,-0.117226749,0.43962977,0.053876542,0.317374345,0.389778462,0.235990855,0.198340841,0.082228967,0.113109776,-0.023162456,0.193325853,0.161862593,0.074774942,0.056156398,0.084422692,0.104040593,0.014141363,0.115433598,0.040869816,-0.097191088,-0.053462481,-0.190225254,-0.011774016,-0.048151755,-0.111891366,0.014232101,-0.015859261,1.189563712,4.103433339,-23.80272941,4.176417351,0.89325807,4.13590502,7.32E-05,0.003234726,-0.000532323,23.5844292,13.274562
416,0.109722222,-0.036,0.081704842,-0.206319516,0.115103809,-0.122339613,-0.091902581,-0.049923749,-0.194393407,-0.13828741,-0.018609479,0.02666258,0.480481486,0.14778672,0.303636777,0.024468966,0.226107391,0.313074247,0.116491615,0.212937146,0.016283215,-0.018446963,0.193032212,0.099025357,-0.010488329,0.011700278,0.069030123,0.192330216,0.136100927,0.004777322,-0.035190064,-0.003333015,0.028599479,-0.075054988,-0.023183041,-0.027731405,-0.087476753,-0.084188284,1.158225895,3.906049965,-22.63962761,3.977328777,0.874445953,3.93492551,0.00010823,0.002002169,-0.000720013,22.37792,12.739538
417,-0.082777778,0.174,-0.055572534,-0.222695836,-0.07390919,-0.131309983,-0.061841817,-0.083836597,-0.08006578,-0.11487619,0.012340721,-0.085005961,0.317529472,0.306618644,0.023924073,0.202771039,0.115509337,0.122111261,0.1799641,0.359394312,0.256382658,0.036172194,0.029886844,0.230171237,0.05113523,0.143179289,0.178322577,-0.031122992,0.028787956,-0.019456694,-0.065733906,0.069755201,-0.038836856,-0.048887196,-0.10021142,-0.050674167,-0.093892968,-0.046856971,1.228974881,4.288334156,-25.7070373,4.363616943,0.919677667,4.2948789,1.43E-05,0.001440129,-7.55E-05,25.277799,13.671727
418,0.027222222,0.2706,0.006715444,0.043235572,-0.17521491,0.162700672,0.038240458,-0.101451576,-0.02639128,-0.178575968,0.012835454,-0.013288544,0.304034443,0.380208868,-0.075279946,0.347509348,0.280582461,-0.017271294,0.397722928,0.10005472,0.152907132,0.146415724,0.154880437,0.008205708,0.01527847,0.170750976,0.034309001,0.154715661,0.111000123,0.000359091,0.087131601,0.041064356,-0.090174987,-0.146575878,-0.118885821,-0.121387401,-0.04168204,-0.060920491,1.018029395,3.856827199,-22.84953439,3.918446302,0.737482739,3.86202165,3.53E-05,0.002240676,-6.13E-05,22.5072501,12.410198
419,0.268611111,-0.0654,0.098871488,0.18677957,-0.123190435,-0.037083233,-0.063591137,-0.098628091,0.040211866,-0.130457217,-0.044492141,-0.116137088,0.304831705,0.036538027,-0.057449837,0.081095305,0.100767386,0.281821589,0.13374117,0.274744926,0.262723528,0.191121234,0.27259232,0.272979243,-0.028728774,0.022954313,0.004502832,0.139803738,-0.020616161,0.038841418,0.002124688,-0.072955347,-0.067993447,-0.120513872,0.022596562,-0.099237014,-0.011065168,-0.031824525,0.916497375,3.327445082,-18.16135199,3.383271217,0.677408931,3.37256794,0.000126649,0.005757585,-0.002701102,18.1548396,12.399302
420,-0.107222222,-0.099,0.055750597,0.213124388,-0.00211854,0.0144404,-0.127092009,0.099577423,-0.073781896,-0.050578255,-0.09136705,-0.109472702,0.387927498,0.318965304,0.304220597,-0.028368129,0.071676419,0.2905042,0.049026568,0.353564788,0.222004622,0.210862781,0.236891025,0.270749953,0.078823572,-0.01991283,0.146562417,0.03123871,0.022981974,-0.004161772,-0.091741259,-0.051399979,-0.167743885,-0.192763084,-0.008892899,-0.008057514,-0.000836828,-0.06219979,0.970747549,3.474727753,-19.39637279,3.533979416,0.722023937,3.51555128,-6.97E-05,0.000919715,0.000248858,19.3081733,13.734423
421,0.085277778,0.2706,-0.083238905,0.294490757,0.172127751,0.036938714,-0.019150289,0.007844116,-0.028950617,-0.062376537,-0.11644103,-0.051184947,0.483652337,0.384074296,0.399044091,0.0831265,0.124963252,0.29223845,-0.017919304,0.267578395,0.102251013,0.010530832,0.040158188,0.104996226,0.109059853,0.143401764,0.075257424,0.097512161,0.029717076,0.058260013,0.064369685,-0.039812456,-0.017458065,0.004161159,-0.115414225,-0.006198266,-0.009560082,-0.096633028,0.844129541,3.286727803,-18.61679882,3.337605,0.606657778,3.30900729,-2.03E-05,0.00184026,0.000179157,18.4547634,11.939198
422,-0.082777778,0.0186,0.111915873,-0.216100311,-0.153914623,0.107008976,0.071161946,0.024627875,0.054223008,0.048126696,-0.028532326,-0.083637104,0.492088794,0.093669853,0.334736134,-0.033771662,0.266258741,0.325413268,0.329927434,0.164809119,0.214141725,0.145231768,0.294133388,0.039793955,0.049995279,0.032327693,0.082539831,0.040119427,0.047425921,0.01596804,-0.018051157,-0.089172219,-0.155450305,-0.1622885,-0.054038841,-0.012889729,-0.062851172,-0.003098657,1.13658479,3.647736675,-20.78592989,3.718135118,0.872904727,3.69047893,-2.91E-05,0.002185178,0.00024533,20.6897478,13.901724
423,-0.110277778,0.0774,0.186221142,-0.163922449,-0.002867746,-0.13172606,-0.065051244,0.113786146,-0.155673089,0.037284636,-0.142757648,-0.14010972,-0.0665191,0.220620523,0.266423963,0.375648113,0.346497062,0.382474459,0.220912201,0.278916058,0.154753349,0.118612794,0.09653569,0.037849238,0.188880809,0.195381274,0.183653629,0.083806849,0.021142116,0.065253452,0.050763633,-0.045235675,0.002347813,-0.040250136,-0.049248559,-0.065109182,-0.117183747,-0.081980401,1.192551103,4.05073748,-24.38193425,4.124058247,0.898888937,4.07129352,-5.15E-06,0.002084719,0.000531998,24.0841647,13.682874
424,0.0975,-0.0276,0.061837008,0.25100291,-0.238907068,-0.087023875,0.092576261,0.109382022,0.046294046,-0.107509823,-0.049192911,0.020210706,0.189453966,0.350647065,-0.077556378,0.263220631,0.122975792,0.316213893,0.359646361,0.18318153,0.205757572,0.074253872,-0.028103512,0.007402127,0.120419463,0.020682398,0.084017138,0.15690746,0.090272234,0.050611863,0.076635643,0.07417006,0.03290368,-0.086792664,-0.100542739,-0.04749801,0.01508691,-0.03581561,0.858668006,3.422100073,-19.00310348,3.473661661,0.613860106,3.45120976,-5.61E-05,0.000181112,0.000948135,18.9005116,12.730824
425,0.195277778,0.0942,0.066646999,0.225932014,0.149615516,-0.196792558,0.090791935,-0.00940876,-0.077683989,0.000229991,-0.038262258,-0.118014911,0.366023619,-0.094136496,0.000828987,0.177058102,0.327326421,0.250388919,0.263389538,-0.075118216,0.238056164,0.224892848,0.219433815,0.127416671,0.102071087,0.015867555,0.057655955,0.065219028,0.141976566,-0.001776354,-0.037545867,-0.047875716,-0.025031319,-0.022408513,-0.019208133,-0.019178001,-0.104281386,-0.015610138,0.81527513,3.030600766,-16.25984821,3.080089092,0.596228778,3.0746305,-3.35E-05,0.001574346,0.000483004,16.2581003,11.494531
426,0.100555556,0.0774,-0.067601386,-0.221921807,0.168470755,0.067427895,-0.044699143,0.010356788,-0.00198234,0.049573406,-0.113898228,-0.111508885,-0.038012422,0.453706244,0.182482432,-0.018916369,0.157995951,0.062218677,0.099734833,0.048552876,0.213600173,0.105462682,0.271510564,0.021202035,0.094623798,0.017187505,0.041680669,-0.029272355,0.119689633,0.00014073,-0.073611649,-0.027388524,-0.162993864,-0.125078105,0.025888615,0.003998778,-0.054198524,-0.014090426,1.080299693,4.096090387,-24.04044258,4.161470413,0.783480314,4.10400652,0.00011971,0.00380476,-0.001193806,23.699613,11.689519
427,0.283888889,-0.0864,0.154788964,0.241530873,-0.099038533,0.015839072,-0.072316514,0.044601984,-0.179256495,-0.059365477,-0.145695291,0.020029981,0.360908635,-0.061995234,-0.013751106,-0.041058327,0.075321077,0.002038788,0.001477494,0.373285972,0.296630644,0.093899311,0.184882869,0.075533784,0.134922108,0.147322751,0.024718957,0.067538642,0.147883805,0.048100984,0.031006292,0.020416316,-0.092013452,-0.17879301,0.008498727,-0.016975907,-0.09914039,-0.021430134,0.871892819,3.395777409,-18.68649022,3.448325634,0.626759463,3.4363781,-6.61E-05,0.00077658,0.00032509,18.6687103,11.338601
428,0.094444444,0.1698,0.155405141,-0.195430638,-0.053190784,-0.101255636,-0.137933256,0.007346934,-0.109062866,-0.190047208,-0.103568963,-0.013061293,0.121148125,-0.049613364,-0.005113139,-0.035096897,0.106413388,0.340055752,0.017056862,0.076342934,0.115243996,0.005143099,0.137296483,0.027448431,-0.01698762,0.131417863,0.171361426,0.173013096,0.132490996,-0.019724123,-0.020191134,0.040461075,-0.089634611,-0.176648638,-0.120139907,-0.013612754,-0.116974239,-0.08277834,1.217201712,4.189072497,-24.28809465,4.263775826,0.911554551,4.21556434,3.54E-05,0.001199448,-0.000593774,24.0148645,11.077895
429,-0.088888889,0.0396,0.044456638,0.077956993,0.005438297,0.193934991,0.079877936,-0.003351362,0.049796491,-0.196307711,-0.06089025,-0.080786886,0.19961033,0.139151347,-0.019817501,0.054618716,0.160478324,0.284657842,0.370257322,0.356894115,0.182319578,0.120067314,0.240440322,0.015504798,0.014129158,0.043994983,0.094303968,0.167949901,0.021341917,-0.004873437,0.025545202,0.015145328,-0.187919935,0.020518246,-0.149381492,-0.092682365,-0.028675175,-0.01465549,1.017572572,3.742611755,-21.66826316,3.804477215,0.748254871,3.76303248,6.09E-05,0.002246657,-0.000195796,21.4363838,12.710938
430,0.048611111,-0.099,0.033811375,0.029932414,-0.061410864,-0.036618066,0.090335471,0.045904748,-0.029265261,-0.185554717,-0.133514586,0.017071003,0.085990968,0.432016489,0.11843248,0.252461312,0.025721008,-0.06512883,0.22285741,0.044878098,0.106551677,0.134511368,0.152652493,0.231511548,0.075304027,0.166555112,-0.030305085,-0.001001036,0.103304083,0.039404617,-0.091036903,-0.018230229,-0.156223203,-0.042021108,-0.035228008,-0.066581434,-0.02561262,-0.046432512,0.95601369,3.91487512,-22.41579039,3.972026825,0.675072601,3.92750062,-8.29E-05,0.000997911,0.000749879,22.147236,12.413143
431,-0.146944444,-0.0192,0.160722532,-0.088443067,0.055080363,0.142401676,0.082473198,0.082885223,-0.017123429,-0.056095418,-0.074932525,-0.130095067,0.47892599,0.491229331,0.419503971,-0.009514252,0.151937261,0.137416882,0.178223525,0.35096137,0.048152912,0.023745191,-0.02708749,0.085932217,0.008714131,0.06825398,0.198842537,0.122117037,0.126600287,0.045776471,0.066131518,0.066684868,-0.165925789,-0.028736793,-0.153762009,-0.087423088,-0.060768484,-0.007023219,1.115895732,3.950265814,-23.52184118,4.018484116,0.83095351,3.96067474,8.05E-05,0.001263444,-0.000293789,23.1902726,13.132277
432,0.253333333,-0.1158,0.0347929,0.290675939,-0.178412722,-0.059695501,-0.100901639,0.080107627,-0.016295668,-0.129847952,-0.043113879,-0.062262917,-0.036065215,0.114953503,-0.036588453,0.266319402,0.330595536,0.233103199,0.135674022,0.121465664,0.105408679,0.015752231,0.245667625,0.045999839,0.150320211,-0.009482879,0.149818668,0.058014197,0.147046659,0.074071271,-0.009249023,0.080830151,-0.103507761,-0.183852749,-0.115944684,-0.00539238,-0.004398746,-0.088683008,0.88826293,3.467961004,-18.9073363,3.521475315,0.639673351,3.50218836,0.000106848,0.00190229,-0.000484577,18.8313139,11.66869
433,0.268611111,0.0186,0.165451836,-0.044242495,-0.134960866,-0.003851314,-0.002523863,-0.004745345,-0.010320647,-0.134704697,-0.005413028,-0.124656564,0.025159335,0.343547766,-0.061122042,-0.04266229,0.20174857,0.357500217,0.180431997,0.179616402,0.285263589,0.04030224,0.258988008,-0.014277005,0.091049973,0.066184342,0.008089525,-0.012637881,0.025590532,0.079296952,0.033832913,0.034376183,-0.089914992,-0.031930307,-0.11382227,-0.08454809,-0.063230804,-0.037997944,0.973199607,3.598355103,-20.27709727,3.657476664,0.713684752,3.62954312,4.49E-05,0.002414856,-7.51E-05,20.1450981,12.100045
434,-0.024722222,0.2622,-0.009012367,-0.143751913,-0.034832635,0.026992336,0.015470086,-0.102315813,-0.169969295,-0.081726687,0.009491893,-0.08684409,0.112445921,0.168015979,0.025080537,-0.023766141,0.341692202,-0.004141622,0.381899828,0.068638172,0.072672205,0.036623237,0.042957683,0.03775961,0.165909878,0.054372751,0.018748753,0.088379654,0.06739643,0.006317097,0.058021732,0.038947512,-0.019039645,-0.050390128,-0.00866966,-0.146546659,-0.038266175,-0.001009372,1.099478601,4.276598263,-25.47044348,4.342876434,0.790186814,4.27897017,2.50E-05,0.002029841,-0.000257352,25.0749628,11.416728
435,0.341944444,0.0816,-0.086284444,0.088033149,0.143527297,-0.084353489,-0.120471754,0.107795879,-0.176686095,-0.045132995,-0.134032466,-0.105497752,0.25684761,0.033546501,0.327656594,0.043884355,0.252248878,0.18225451,0.387891779,0.370366485,0.221515701,0.147743119,0.226546416,0.004195673,0.171409901,0.17833407,0.07039612,0.190159415,0.084206014,0.012901898,-0.069108543,-0.040180901,-0.176017438,-0.03741528,-0.161916358,-0.010497382,-0.072899623,-0.02992645,0.90999415,3.400005409,-19.29867477,3.455201149,0.665257516,3.41181065,-4.14E-05,0.002492164,-5.32E-06,19.0412689,13.473017
436,0.271666667,0.2916,-0.022148866,-0.14442606,-0.163767449,-0.069749,0.014488035,-0.104291041,-0.106024361,-0.010844041,0.014927132,0.025637174,-0.09499507,-0.030054963,0.131446689,0.263983446,0.201466258,0.215398286,0.346515402,0.389043038,0.278585915,0.234988934,-0.029085823,-0.032082051,-0.028009449,0.01522494,0.083370436,0.005119733,-0.005748085,0.09290783,0.097825139,-0.041922763,-0.133154045,-0.133146381,-0.072426325,0.015793393,-0.003675069,-0.007726432,0.932841957,3.814142648,-22.19176773,3.869923353,0.660668783,3.82807009,-0.000100781,0.002282378,0.000851714,21.9738268,12.491752
437,0.259444444,0.3,0.059630965,0.234698819,-0.083405354,0.052252901,0.076401131,0.003769006,0.008510011,-0.102142367,-0.079885283,-0.090726635,0.194353052,0.200407411,0.308706491,0.256145765,-0.028586086,0.310286285,-0.064667586,0.086147984,0.012110034,0.048129876,-0.037707747,0.269266451,0.089176159,0.048810653,0.111584511,0.085692371,0.103065862,0.085627266,-0.068810335,-0.04396566,-0.047704197,-0.037913808,0.023892672,-0.070126897,-0.010879326,-0.057579545,0.773243132,3.312457894,-18.18858418,3.358327627,0.536298097,3.34435292,-4.79E-07,0.001802118,-0.000130932,18.1370356,10.847414
438,-0.076666667,0.0228,-0.050847708,-0.215523376,0.000977907,-0.031038614,0.096391047,-0.072749748,-0.043575634,-0.12407199,0.029511391,-0.073560568,0.122230946,0.31205195,0.352846615,0.397748674,0.224018003,0.168128957,-0.062841194,0.240166182,0.242506433,0.048042862,0.100613083,0.251336463,-0.002313195,0.091458621,0.032271504,0.180357145,0.055727854,0.025608529,0.00426767,0.008447393,-0.103785255,-0.166221935,0.011671052,-0.115829752,-0.015004945,-0.03324197,1.139099091,4.091070529,-24.33550992,4.160564423,0.844229404,4.10979337,4.18E-05,0.00112375,-0.000250692,24.041312,13.340892
439,-0.024722222,-0.0276,0.065648908,-0.185373041,-0.221400108,-0.015190064,-0.05047682,-0.061154339,-0.009806821,-0.180066353,-0.071283262,-0.051606667,0.398962831,0.166983736,0.152652573,0.067154108,0.108914068,0.114946787,0.072693017,0.314425924,0.023617008,0.02892894,0.166114417,-0.023315444,-0.01147991,0.065145877,0.099692891,0.09356973,0.057214792,0.040697409,-0.073814448,-0.002715204,-0.182227428,0.022930072,-0.080392153,0.004138286,-0.036912903,-0.025504154,1.150638267,4.203173811,-24.23607859,4.273199558,0.848838506,4.23074438,0.0001119,0.002780739,-0.000752284,24.0136824,12.715648
440,0.045555556,-0.0276,0.054059772,-0.037666013,0.223743569,-0.035296821,0.143522134,-0.099310467,-0.088109627,-0.100281611,-0.128250669,0.022311026,0.151154459,-0.078865873,-0.099180752,0.056774052,0.152389731,0.024625628,0.278032989,0.175732145,0.295777646,0.116422349,0.265398061,0.207142372,0.058025939,0.053867963,0.069436774,0.077337165,0.130573481,-0.019546225,-0.081464337,0.082924865,-0.172390858,-0.082110315,-0.036272758,-0.019856291,-0.019661374,-0.052637845,0.973788009,3.81278178,-21.81037622,3.871422052,0.699532136,3.83103805,-2.15E-05,0.000651613,0.00029653,21.5883322,11.710861
441,0.189166667,0.048,0.170716999,0.280455295,-0.183590834,0.066051307,-0.053213097,0.067177324,0.010794453,-0.123249031,0.01400205,-0.004754459,-0.083970344,0.248800078,-0.088048923,0.206345227,0.209841087,-0.07138517,0.339532218,0.191320677,0.260985438,0.2392892,0.051330354,0.13594186,-0.013188135,0.083867303,0.11640851,-0.03000029,0.10153346,0.038225284,-0.063798513,0.062754004,-0.122267224,-0.183473889,-0.114570024,-0.017277912,-0.068451908,-0.000653708,0.880869978,3.658103095,-20.95425485,3.710638523,0.616614082,3.66454008,0.000141028,0.001591516,-0.000988976,20.6918035,11.482085
442,0.045555556,0.1404,0.187195512,-0.148034698,-0.17288602,0.017644615,-0.014754115,0.052378597,0.053568346,-0.189240649,-0.125042303,-0.118210357,0.403139469,0.250221665,0.349489423,0.319537521,0.070496998,0.074875779,0.306501405,0.12681122,0.257534911,-0.011516271,0.202638048,0.070465883,0.009689641,0.012429558,-0.030056273,0.193210276,0.041360361,0.081413941,-0.048973283,-0.002271823,-0.094056081,-0.006885359,-0.111533127,-0.023717703,0.015790712,-0.074254956,1.127192808,4.106001753,-24.57182068,4.174628735,0.830757953,4.11736181,0.000738482,0.001331604,-0.006270178,24.2112723,13.210361
443,0.030277778,-0.0612,0.094044859,-0.109790458,-0.092053731,-0.027668897,-0.123157672,0.075618182,-0.07006611,-0.152771054,0.018734815,-0.030060965,-0.065066432,0.324396222,0.436197721,0.230927649,-0.023070027,0.266224635,0.201218201,0.234132107,0.210913272,0.158947109,0.001657103,0.271052825,0.038258366,-0.001216217,0.061603936,-0.023647005,0.126242407,0.080187178,0.036789875,-0.088415346,-0.087831591,0.007802041,-0.152180502,-0.125222568,-0.062015779,-0.099366481,1.150496533,4.225668437,-25.35046469,4.295629501,0.84333162,4.22031289,4.38E-05,0.002236468,-0.000351578,24.8589679,13.45741
444,-0.058333333,0.1236,-0.075760779,-0.091580158,-0.209432142,-0.07598208,0.105639132,0.031779957,-0.153907393,0.043110382,-0.020799651,-0.089222952,0.498572044,-0.077930681,0.150647577,0.205464606,0.202452742,-0.018266826,-0.07213532,0.203746754,0.115570798,0.170777721,0.057636495,0.009678925,0.110658364,0.009637047,0.013789874,-0.011118561,0.068929577,0.00838786,0.084649151,0.093518522,-0.073615453,-0.049706758,-0.177838547,-0.012130388,-0.079650518,-0.019776726,1.007088254,3.867879111,-21.64129526,3.928708076,0.72772439,3.90607153,0.000806937,0.002874967,-0.006293064,21.5890386,11.600168
445,0.109722222,0.2076,-0.032412103,0.058073476,0.03129402,-0.163070168,0.010388809,0.042188369,-0.023062535,-0.012788828,-0.027930553,-0.030775105,0.01718521,-0.060080355,0.226997474,0.318210551,0.027791841,0.203402315,0.327764731,0.003099895,0.005290724,0.031579386,-0.039659045,-0.018359176,-0.017451518,0.042508496,0.056812116,0.032422341,0.111375948,0.053534487,-0.02629605,0.067877359,-0.128290506,-0.009243084,0.001234894,0.019720047,-0.008975095,-0.06232469,0.868521331,3.809875987,-21.46534877,3.861180305,0.596224685,3.81945836,-7.58E-05,0.000942013,0.000624847,21.225787,10.889484
446,-0.033888889,0.2622,0.098402565,-0.193180652,-0.217696568,0.123765058,-0.136189635,0.038493872,-0.033913896,-0.003604968,-0.074802488,-0.038656378,0.438901658,-0.06115402,-0.093256108,0.305536435,0.304491991,0.361592723,0.350778002,0.002435787,0.209076288,0.082094457,0.133487849,0.287151008,0.151619753,0.082345293,0.01530338,0.099684121,0.036919,0.026425911,0.008410676,-0.091486446,-0.15347003,-0.099805743,-0.005187189,-0.132537773,-0.084435365,-0.096677129,1.239729264,3.907866313,-23.12132377,3.984826088,0.95438801,3.93473192,0.000156933,0.001713023,-0.000638739,22.827428,13.149785
447,-0.000277778,0.195,0.133077354,-0.159144191,0.049890704,0.078980801,0.145304014,0.095020139,-0.101869798,-0.145114413,-0.132814125,0.009622479,-0.008308377,0.472125383,0.018279337,0.165096369,0.150754723,-0.007861637,0.023128007,0.304523604,0.263711227,0.216483302,0.286622662,0.293366902,0.105145787,0.134313455,0.093323238,0.079100208,0.145062821,0.027669098,0.063965524,0.089861107,-0.109110751,-0.102410471,-0.165361963,-0.037530865,-0.068960806,-0.080910391,1.126124335,4.068997888,-24.6464005,4.137640476,0.831032483,4.06641651,4.57E-05,0.001693349,0.000235665,24.2141668,12.259377
448,-0.15,0.2118,0.157887232,0.226929114,0.232872882,-0.071690983,0.120108889,0.063322029,-0.131086063,-0.052349982,0.006525612,0.010691672,0.196688923,0.221555383,0.016970385,-0.011734809,0.337392148,0.033597906,-0.079138038,0.209778258,0.026922264,0.127318848,0.123262341,0.296204803,0.012408845,0.103732329,-0.004826535,0.043462256,0.080559922,0.028682607,-0.031534192,0.099508611,-0.189999549,-0.102768917,-0.181591011,0.015578055,-0.118029342,-0.004018417,0.93064526,3.804646361,-21.838243,3.860296965,0.655439116,3.80570629,-0.000313882,0.000987452,0.002470408,21.5064835,10.447122
449,-0.064444444,0.1404,-0.004524652,-0.242492818,0.02173933,-0.114222334,0.032886065,0.101379079,-0.157575931,-0.066945153,-0.088248525,-0.028756215,0.252730352,0.398911849,-0.036157534,0.153862805,0.094445152,0.010167316,0.357584976,0.108947695,0.012943632,0.192890178,0.175858553,0.002899083,0.01176218,-0.005163021,0.098409629,0.000833495,0.000329361,0.088218171,0.051800689,-0.028478189,0.024454678,-0.151053174,0.009415419,-0.112875501,-0.106442446,-0.079828285,1.172605704,4.225430703,-25.08246722,4.296934605,0.865093883,4.24056224,-4.71E-05,0.002390843,0.000339686,24.7265255,12.236261
450,0.381666667,0.1824,-0.014268961,0.00418812,-0.098337028,-0.1729589,-0.041479098,-0.104153741,-0.19808426,-0.030853137,-0.050939489,-0.105166991,0.180155444,0.26803438,0.035842041,0.332844406,0.318072536,0.090491755,0.117425312,-0.058296456,0.179648132,0.247934913,0.249115229,0.284834626,0.162481359,0.191519295,-0.017887145,0.134226064,0.14326524,0.039235738,0.048857361,-0.067540719,-0.09645801,-0.128962174,-0.172567621,-0.064469893,-0.099995934,-0.00760134,0.909274553,3.458531808,-19.35247344,3.513534784,0.659186798,3.4948904,-2.42E-05,0.000829681,0.000164101,19.2495708,12.482293
451,0.128055556,0.027,0.048283825,0.167338403,0.030749619,0.060244282,-0.021735502,0.042978843,-0.128663422,-0.169519629,-0.072840177,-0.027074203,0.391259406,0.3105816,0.379472669,-0.024280091,0.044467911,0.176238712,0.216289283,0.237794899,0.076103285,0.202491494,0.291951638,0.130998679,0.067895583,0.198716683,0.063513539,0.036607604,0.051042679,0.084226085,-0.059606432,0.014207145,-0.161665243,-0.059307305,-0.160480846,-0.11440092,0.008800408,-0.034366954,0.926766503,3.474849874,-19.68382383,3.531033278,0.677149468,3.49063535,-1.65E-05,0.004711155,-0.000405973,19.4450163,12.976557
452,0.378611111,0.1614,0.167755245,0.195946567,0.191928826,0.066909308,0.003629122,0.086623689,-0.018797237,-0.001189197,-0.046227019,-0.145156868,0.276653973,0.21757632,0.208295658,0.016777276,0.264914059,0.363129149,0.04703279,-0.002591103,0.073596622,0.08616333,0.196286737,0.055377696,0.193241661,-0.002045923,0.1957951,0.10810115,0.106167707,0.028795219,0.032221133,0.038926202,-0.025525503,-0.054583121,-0.140113335,-0.056302963,-0.109356563,-0.025942221,0.776511582,2.981011555,-15.99596518,3.02791667,0.560234019,3.01794523,0.000116266,0.001196999,-0.000695052,15.9964115,10.503494
453,0.204444444,0.1866,0.140096884,-0.084485533,0.087723206,0.155291831,0.14664147,0.049323061,0.049139814,0.040704524,-0.038927971,-0.030560589,-0.062354515,-0.043428121,0.055112579,0.278759788,0.077779403,0.276074653,0.258956794,-0.061012358,0.020291405,0.014213334,0.113023862,0.249388602,0.06925283,0.189764381,0.005718707,0.001577846,0.013522634,-0.006151536,0.066327164,0.061325935,-0.018552352,-0.151286399,-0.106801756,-0.053062375,-0.033651588,-0.018846774,0.884400165,3.674552834,-21.12679986,3.727294445,0.619975323,3.68041526,3.05E-05,0.001586525,0.000169235,20.8635352,10.157608
454,0.076111111,0.2202,0.094644837,0.272733859,-0.02183443,-0.047633935,0.030750815,-0.010622892,-0.014589957,-0.061799022,-0.017531855,-0.071787437,0.457138668,0.349906453,0.02551681,0.207768035,-0.032321794,0.385059587,0.007541623,0.396284582,0.296856448,0.011511237,0.208688821,0.078411645,-0.014808804,0.179317887,0.055089913,0.110042413,0.141714568,0.082461123,0.029793013,-0.031010162,-0.183254103,-0.084260906,0.012338889,-0.10521675,-0.10064101,-0.050104169,0.899650686,2.965006385,-16.2046206,3.020540237,0.682861919,3.01869204,-6.08E-05,0.001297287,0.00047514,16.2180336,12.840544
455,0.1525,-0.078,0.001011102,-0.174924578,-0.007146405,-0.037659654,0.136962087,0.085641378,-0.110075904,-0.010366573,-0.069093524,0.017936308,-0.077524875,-0.009942681,0.398557883,0.195888646,0.10388535,0.370798657,-0.059153955,0.281327438,-0.02051087,0.248377515,0.216013602,0.214563664,0.098501603,0.1895243,-0.000127388,0.149576161,-0.002969828,0.043843854,-0.0789413,0.002156872,0.02070198,-0.113128901,-0.164565671,-0.104837409,-0.067123375,-0.067623066,0.957444038,3.60057871,-20.16941215,3.6585958,0.697517516,3.63086798,-8.53E-05,0.002524198,0.00066473,20.0607102,12.412675
456,0.354166667,0.216,0.07816875,0.224169866,-0.035930906,-0.165196876,-0.136724866,0.077049397,0.004113748,-0.164723341,-0.080264898,-0.121051873,0.152824521,0.139665073,0.053521528,0.152878029,0.193450963,0.295187582,-0.057831227,0.10451952,0.050776372,0.025194303,0.145462928,0.116128365,0.116112457,0.023587662,0.131409819,0.193425227,-0.013539959,0.035678543,-0.043663391,0.011464413,-0.071122565,-0.102954576,-0.195611764,-0.060957147,-0.066800202,-0.045674433,0.876569559,3.42409749,-18.75980382,3.476902962,0.629231127,3.4458051,0.000123328,0.002599901,-0.000738357,18.6090908,10.762447
457,0.106666667,0.069,-0.090645582,0.210923489,0.104273411,-0.177519059,-0.064031849,0.003305957,-0.189089735,-0.004589796,-0.062564816,-0.148142822,-0.079418399,0.424407446,0.100936293,0.214636933,0.178147252,-0.021650098,0.2240661,0.189831353,0.086983112,0.08784784,0.211677271,0.0342059,0.041901773,0.004792745,-0.038465131,-0.020756921,0.072281924,0.025966177,0.012389638,0.079973767,-0.003105589,-0.092915841,-0.162559125,-0.124665371,0.005832598,-0.020110998,0.840793888,3.695692529,-20.75577011,3.745340824,0.576102269,3.70759506,0.00011808,0.002248347,-0.000282892,20.5531437,11.558578
458,-0.119444444,0.111,-0.066116066,-0.20090123,-0.22304571,0.093672711,0.026335027,-0.110133043,-0.051377462,-0.06831451,-0.026398584,-0.003774802,0.010554227,-0.053143791,0.144857025,0.251782857,0.325648525,0.394337704,0.050244603,0.306830909,0.125568006,-0.02762945,0.237336331,0.286247553,0.183396659,0.025613911,0.133007842,0.187755538,0.080198509,0.062275462,-0.005112419,0.029248841,-0.074031019,-0.05578473,-0.105415228,-0.024573999,-0.108988246,-0.040563247,1.176022072,3.935352224,-22.833809,4.007801056,0.890784365,3.96600602,0.000146249,0.004004993,-0.001301355,22.6398644,13.278068
459,-0.116388889,0.216,0.185262578,-0.183625446,-0.150487438,-0.185190942,0.076774135,0.002458069,-0.054690537,-0.002385277,-0.011212785,-0.103551175,0.457708163,0.179401804,0.20060029,0.340038099,0.137008458,0.045653005,0.366170094,0.05829713,0.25170699,0.109128249,0.034899446,0.072617166,-0.029037108,0.130246634,0.118181715,0.171901493,0.148705728,0.086922928,0.007534736,0.050082891,-0.133631202,-0.065802162,-0.172086201,-0.058142602,-0.018617814,0.005318297,1.142081,4.046277854,-23.90892592,4.116088867,0.848580074,4.0668766,4.59E-05,0.000636106,-0.000394614,23.6247554,13.393836
460,0.329722222,0.2328,0.082004059,0.2304896,-0.062776109,-0.002397479,-0.059570389,-0.095082108,-0.098635231,-0.128409749,-0.076213171,-0.05143706,0.281261918,0.172306299,-0.051348693,0.378859093,-0.013083908,-0.018783661,0.273694105,0.022422971,-0.025933293,0.229056586,-0.025578142,0.172444036,0.059788704,0.066756237,-0.027128466,0.127104084,0.132287689,0.033167172,0.056987991,-0.066022152,-0.038163456,-0.10780954,0.027677255,-0.050245745,-0.092126165,-0.095362332,0.815998407,3.536902724,-19.94318697,3.585208178,0.561416268,3.55631972,0.000101341,0.002796742,-0.000453334,19.7924041,10.675449
461,0.259444444,0.2412,0.013803111,0.212097461,-0.19412677,-0.034386226,0.014148978,-0.001387197,-0.007935292,-0.18842294,-0.034422236,-0.121495061,0.058299562,0.10149745,0.215356419,0.127181736,0.00922035,0.227043562,0.323806253,0.011532013,0.039027251,0.078586322,0.256229895,0.25247036,-0.007462899,0.036732546,0.158958038,-0.006539237,0.107686172,0.0372748,-0.046672394,0.087002841,-0.110940859,-0.07349914,-0.111190453,-0.062279766,-0.032992318,-0.086100433,0.863135915,3.388833503,-18.52628646,3.440787792,0.619772118,3.41371442,9.87E-05,0.002315679,-0.000421602,18.3966004,11.577086
462,-0.095,0.1488,-0.06991949,0.229057928,0.066827738,0.083239013,0.067399168,0.09429898,-0.132935642,-0.196601978,0.018386294,-0.122135828,0.407958784,0.49191736,0.102662188,0.16182671,0.095029523,0.154110082,-0.003659037,-0.074798294,0.153317004,0.173545014,0.097502571,0.012816055,0.033048284,0.102900065,0.128632884,0.129702291,0.130672457,0.086393454,-0.099074922,-0.093732229,0.012255134,-0.083197132,-0.041057977,-0.117532421,-0.032200205,-0.068811112,0.955889986,3.633559307,-20.69782859,3.691387653,0.693068854,3.64792747,5.57E-05,0.001538159,-0.000698414,20.4333779,11.523952
463,0.348055556,0.2832,0.093127447,-0.020851281,0.064823376,-0.063221205,0.018224618,0.089311031,0.056739805,-0.071478186,-0.138216977,0.025486661,0.12435539,0.469798441,0.096775865,-0.030598119,0.196702496,0.248025822,0.257416116,0.364332758,0.033514195,0.101026801,0.065603222,0.261568449,0.097930236,-0.008039618,-0.025351545,0.090710787,0.013671389,0.011052474,-0.00196668,0.079718085,-0.192595765,0.018503264,-0.135693687,-0.057190121,-0.075325829,-0.050352169,0.903572518,3.533713636,-20.41327285,3.588135719,0.646369189,3.53295263,8.39E-05,0.002383877,-0.000300524,20.0601337,12.143643
464,0.015,0.2874,-0.004367398,-0.24531975,-0.013603698,-0.067527111,-0.051946404,0.036818051,0.009527919,-0.101849669,-0.14258302,-1.08526E-05,-0.011882887,0.016627811,0.378253167,0.082537971,0.279339869,0.032742305,0.219416951,0.164163303,0.029431266,-0.009087044,0.088970793,0.030044811,0.125379185,0.140642121,0.016700687,-0.031443721,0.10812221,0.047543442,0.075273849,-0.083827984,-0.085937232,-0.179464173,-0.071554011,-0.082579658,-0.10328804,-0.077124984,1.196114031,4.505798193,-27.30053342,4.578258991,0.868375615,4.49649088,5.10E-05,0.002778609,-0.00014673,26.7757638,11.651162
465,0.091388889,0.0984,0.130741801,0.174852769,0.080907379,-0.154767627,0.075989778,-0.062163571,-0.126616989,-0.063765681,-0.041189732,-0.039015577,0.114576094,-0.036441475,0.272861207,0.153389148,0.092559091,0.392341497,-0.027519566,0.148163297,0.061693662,0.221095031,0.129080599,0.114978031,0.15369919,0.002211164,0.083622943,-0.010358008,-0.022079533,0.07139157,0.039111941,0.098226619,-0.107140674,-0.17689634,0.011853476,-0.095539694,-0.093777628,-0.094676946,0.861666293,3.352540753,-18.17829054,3.404480934,0.620097279,3.39183799,0.000116502,0.001510817,-0.000662238,18.1773446,11.279874
466,-0.110277778,0.1488,0.065825616,0.290034467,0.16435086,0.177680025,0.132683368,-0.067917662,-0.196161278,0.039409151,-0.026958381,-0.102029883,0.193406225,0.049704453,0.431185537,0.245395048,0.08720661,0.272526862,0.312826,0.330682905,0.150029722,0.080076801,0.004116531,0.073840125,0.092746232,0.121479063,0.168845405,0.1274417,0.041579614,-0.015148889,0.084269243,-0.032291657,-0.089192355,-0.091071024,-0.065381505,-0.020635324,0.017731349,-0.051205141,0.865815921,3.35824998,-19.35353101,3.410465717,0.624426608,3.38039361,0.000210668,0.002240236,-0.001447893,19.2209423,12.377095
467,-0.058333333,-0.0234,-0.03173958,0.109954889,0.141232271,0.081619449,0.09415046,0.058919343,0.005072794,-2.47846E-05,-0.104906024,-0.029500069,0.117582947,-0.017325607,0.076908041,0.2972736,0.132850565,0.256409995,0.026297795,0.266209856,0.088521095,0.058595442,0.165727191,0.006272219,0.089784391,0.057213624,0.047071795,0.037453175,0.128873655,-0.017360254,-0.097384584,-0.068676011,-0.119628131,-0.166976555,-0.123921316,-0.122176114,-0.107292786,-0.091238616,0.909030126,3.539780722,-19.6855027,3.594568729,0.653208162,3.57072514,-1.32E-05,0.000551319,7.94E-05,19.5770653,11.574208
468,0.005833333,-0.057,0.045875745,0.028615178,-0.193752154,0.190795046,0.054411292,-0.033030711,-0.011364654,-0.15543137,-0.120367713,-0.070151301,0.192459056,0.148761156,0.139003756,-0.029118908,0.113463943,0.119595066,-0.019459785,0.389505054,0.051824703,0.052082214,0.263213412,0.063259128,0.161007042,0.165923229,-0.022820345,0.100988434,0.134687833,0.01062881,-0.067170506,-0.068953293,0.03112845,-0.125841335,-0.12618954,-0.02016448,-0.074897464,-0.038482345,1.011520912,3.818968103,-21.72419666,3.88022542,0.735755696,3.85778852,-6.39E-05,0.001150004,0.000429065,21.6403699,12.091085
469,0.198333333,0.0564,0.00842111,-0.03698315,0.116812204,0.117062261,0.149194184,-0.101850533,-0.047647805,-0.004183288,-0.105748238,-0.108860295,0.184277364,0.376293183,-0.054934241,0.145163964,0.313926797,0.318947403,0.101318737,-0.01833297,-0.003611196,0.132238345,0.107999904,0.250285434,0.091261941,0.168836274,-0.028661202,0.011020465,-0.000299223,0.093437116,0.051169165,-0.053179815,-0.154557318,-0.171559573,-0.083019803,-0.125616346,-0.065079633,-0.050466206,0.894444313,3.468441026,-19.4163689,3.522385359,0.643136517,3.49952418,-1.91E-05,0.001713042,0.000330487,19.3025142,11.578068
470,0.100555556,0.2496,0.012119835,0.075233374,0.208846939,0.114487263,-0.104968314,0.05196834,-0.157025143,-0.052090391,-0.062807621,-0.099730466,0.206623734,0.056513984,-0.073857616,0.094548093,0.191602464,0.068779649,0.016594682,0.081638293,-0.007532429,0.169108216,0.200339975,0.087613964,0.138129233,0.163501421,0.015111741,0.114096803,0.040876952,0.089519029,-0.043888909,0.048348763,-0.022385749,0.026017143,-0.083677561,0.00649994,-0.029302441,-0.097197235,0.967514021,3.892479131,-22.70708363,3.950487614,0.685623225,3.89006259,0.000136267,0.003073857,-0.000801306,22.3476998,9.897466
471,0.332777778,0.0312,0.154020647,0.044662662,-0.091239395,0.013913013,0.123910604,0.111694998,0.017386753,-0.154453665,-0.089547921,-0.061352576,0.10199951,0.377372176,0.120236239,0.11515947,0.30621126,0.023106189,-0.014295043,0.213554898,0.058537524,0.026707348,0.069552425,0.275614002,0.104223683,0.120767054,0.029826947,0.119003044,0.077715781,0.091940472,0.078449061,0.063252009,-0.04453115,0.029815312,-0.043087153,-0.141309722,-0.104036838,-0.087189995,0.83999345,3.648041079,-20.72051011,3.697749615,0.578468728,3.65594608,0.000107402,0.005342079,-0.002282425,20.4914918,11.082633
472,0.384722222,0.258,0.063999026,0.245877876,-0.240739476,-0.155455158,0.132577587,0.119956165,-0.170802652,-0.023386556,-0.093089181,-0.043002272,0.049643049,-0.090483579,0.206167666,0.291505118,0.334318921,0.173860582,0.220287152,0.360332808,0.063392647,0.162069156,0.217568735,0.291922496,0.065156119,0.053460478,-0.047140546,0.016612301,0.004318141,0.090262207,-0.092431457,0.077524024,-0.021314926,0.02666134,-0.139368403,-0.129481951,-0.040717785,-0.057047625,0.75215419,3.16123092,-17.08331875,3.205997944,0.526091787,3.20045637,0.000142102,0.001835166,-0.000652364,17.1059934,12.006805
473,-0.0675,0.2076,-0.095202807,0.198306239,-0.048678118,-0.13471699,0.129036415,-0.0292575,-0.147325464,0.014011517,-0.040647525,-0.083977973,0.20742137,0.425118224,0.413997632,0.396677287,0.227960218,-0.033338065,0.108624987,-0.05481446,0.209824226,0.076803284,-0.016238069,0.138387205,0.15989969,0.128508366,0.144192636,0.00266194,0.14288501,0.098644952,0.098388239,0.074940034,-0.191728209,-0.115021129,-0.146433058,-0.06334116,-0.045461798,-0.088771997,0.883485762,3.58526801,-20.27155618,3.638163328,0.624539204,3.61139917,-2.27E-06,0.002275522,0.000613495,20.1443686,12.498512
474,0.259444444,0.3,0.164711626,0.030281398,-0.21018199,-0.118962173,0.087334358,-0.026158063,-0.185429526,-0.046973824,-0.07005655,-0.148082996,0.056553345,0.286708105,0.246203341,0.160902101,0.18654862,0.160222233,-0.033173223,0.22614961,-0.048249219,0.249611159,0.084709168,0.021709314,0.106295752,0.067127448,0.102065067,0.148899805,0.069669249,0.092469167,-0.070070878,0.056442101,-0.13573479,-0.104916832,-0.12741106,-0.090481826,-0.082188762,-0.054243872,0.85362211,3.607578613,-20.01061898,3.658336401,0.595118548,3.63806499,-2.96E-05,0.002483457,0.000156604,19.9315795,11.560391
475,0.115833333,0.0816,0.190976969,-0.131325898,-0.207429504,0.0445781,0.039508415,-0.021909412,-0.150158381,-0.081330879,0.016536292,-0.05360386,0.421242519,0.074833881,0.30896673,0.318637193,0.006501359,0.253525407,0.204739213,0.133057921,0.233176081,0.223405004,0.260253381,0.232910382,0.012798246,0.158678182,0.037102977,0.051892088,0.004419898,0.06758077,-0.07054719,-0.010054934,-0.139076152,-0.054111205,-0.156349669,-0.064945292,-0.073596362,-0.095679573,1.043037508,3.5915966,-20.48133515,3.65560627,0.78317012,3.6229219,7.18E-06,0.002635674,3.10E-05,20.336599,13.581785
476,0.079166667,0.0018,0.149146375,0.184869365,0.186560679,0.193430457,0.061211687,0.063715498,-0.075666644,-0.180709784,-0.034971153,-0.087883548,0.45589492,0.166420831,-0.078196341,0.246730867,0.199890696,0.367341794,0.272976136,0.071120572,0.118695067,0.05630106,0.225613176,0.123229874,0.003531501,0.08815327,0.127655614,-0.027382106,0.078481293,0.094623632,-0.080864394,-0.02316683,-0.051949501,-0.121362596,-0.18325119,-0.026729413,0.010915691,-0.054324039,0.951880004,3.216841919,-17.95440103,3.275405645,0.717595604,3.24538049,8.61E-05,0.002585021,-0.000370427,17.7965551,11.843341
477,-0.024722222,0.1866,0.19618852,0.284878646,-0.186521678,0.13714453,0.104467945,0.046552044,-0.199857304,-0.00511457,-0.036615621,-0.124740165,0.174481508,0.284392047,-0.016878638,0.196615866,0.338718508,0.207572851,0.343013282,0.350726397,0.028130734,0.238687144,0.096031257,0.294995878,0.135432864,0.149046664,0.151806985,0.061046503,0.031077858,-0.01599239,0.028830616,-0.071062555,0.014021825,-0.044358217,-0.133581265,0.002227688,-0.100458386,-0.032404625,0.878792654,3.346556693,-18.94430747,3.399706125,0.637979741,3.38538081,-4.25E-06,0.000571682,1.27E-05,18.8917788,12.745122
478,0.363333333,0.153,0.142532973,-0.005793586,-0.156036237,0.050973971,0.060435742,0.08334501,-0.059146671,-0.070909224,-0.095954446,-0.001480619,0.427391794,0.493418688,0.368757031,0.139435432,0.089437692,0.065378474,0.267332721,0.22848785,0.259524119,0.000757137,0.077573601,0.015238861,-0.001493362,0.001221617,0.056500253,0.176531075,0.066276758,0.020077346,0.002085529,0.070386691,-0.175414079,-0.077281677,-0.143315527,-0.052292308,-0.058565155,0.003750848,0.846061888,3.459892858,-19.69780819,3.510483027,0.598060057,3.4738524,0.000115539,0.002681244,-0.000486403,19.495643,12.819419
479,0.210555556,0.2286,-0.079562165,0.055127988,0.126929432,-0.068586705,-0.126031069,-0.017044825,-0.103576691,0.026708905,-0.119411239,-0.099793256,-0.081013746,0.034243897,-0.037074449,0.237950657,0.195462494,0.057389146,0.040709578,0.257274124,-0.009923166,0.090489333,-0.01020956,0.281438752,0.152387114,0.078909037,0.153818162,0.191708744,-0.016547653,0.029537088,0.016776501,0.001700662,-0.13481375,-0.123800783,-0.096229751,-0.144441552,-0.06583512,-0.082386732,0.900632483,3.787266256,-21.54297027,3.840865612,0.626712312,3.79355694,0.000137553,0.001828253,-0.000568211,21.2700167,10.738042
480,-0.110277778,-0.0528,-0.018943617,-0.029281682,0.009505459,0.008488638,-0.020642668,-0.004004339,-0.082367417,-0.022210976,-0.12675258,-0.092898511,0.034768679,0.458872841,0.155525026,0.247757466,0.188292718,0.19253378,0.098180067,0.361129074,0.198225171,-0.009578234,0.139392402,0.274271498,0.176381062,0.109268775,0.178230381,0.082006426,0.149096245,0.014275361,0.076355883,-0.048254579,-0.029808287,-0.199204476,-0.144314999,-0.10172666,-0.02344375,-0.037709936,1.068089915,3.822461589,-22.37760682,3.88765645,0.793138375,3.84262096,0.000387264,0.001284948,-0.003390496,22.1211223,13.723443
481,-0.101111111,0.2454,0.140777898,-0.207510192,0.132528542,0.161170068,0.024267,0.016089664,0.043921419,0.005188274,0.028107277,-0.119410078,-0.014179509,-0.07346227,-0.047258043,0.338575214,0.040118735,0.035829878,0.326477293,0.075645629,0.005018968,0.162911375,0.064616045,0.021752688,0.040229354,0.008871492,0.112024245,-0.022666541,-0.019787875,0.018379272,-0.036309855,-0.057851202,0.008282007,-0.02859532,-0.160771263,0.008555218,-0.040809476,-0.008630319,1.238040666,4.507861513,-27.50374463,4.58324194,0.908693662,4.50476764,0.000193998,0.002651872,-0.001071973,27.0294467,10.205092
482,-0.046111111,0.2832,0.129230942,0.189823587,0.180870576,-0.048197233,-0.137170457,-0.040303242,-0.062669796,-0.024582659,-0.016107178,-0.087040297,-0.018272331,0.19253287,0.059974926,0.106284092,-0.04339978,0.388017751,0.009135633,0.261128263,0.229170305,0.039614363,-0.002421798,0.263419794,0.126176821,0.191113362,0.175063133,0.084225009,0.116975567,0.033507337,-0.038830011,-0.056502148,-0.025781108,-0.168482992,-0.114705932,-0.128853903,-0.076517862,-0.067904034,1.002310349,3.706342293,-21.68969306,3.767231464,0.733026949,3.71501015,-0.000217417,0.001884988,0.001781019,21.3524541,11.607578
483,0.033333333,-0.0654,0.192126105,0.01327223,0.017182359,-0.015671745,-0.129416436,-0.043132837,-0.139116746,0.028091389,-0.006725784,-0.027501918,0.481850495,0.295345192,0.01727274,0.382327455,0.299747107,0.19783964,-0.073241949,0.045473492,0.084023745,0.018556938,0.026194699,0.028210037,-0.01504829,0.113338791,-0.029036145,0.09718236,-0.015741386,-0.01362132,-0.00892372,-0.04813298,-0.159131787,-0.144240622,-0.168458933,-0.135584195,-0.068234034,-0.018005289,0.994163126,3.723977852,-20.90733358,3.784255743,0.725361145,3.7611675,-1.02E-05,0.000416845,0.000277045,20.8114169,11.74819
484,0.192222222,-0.0066,0.162572059,0.122315146,0.035650669,-0.174106365,0.025903332,-0.109779169,0.019945394,-0.087250795,-0.060187733,-0.007940128,0.128098957,0.153058006,0.267406912,0.141845345,0.179670615,0.348520948,0.031045259,0.116257402,0.273924335,0.23615751,-0.025618371,0.116421986,0.182151942,0.095551972,-0.023910601,0.030494598,0.033298893,0.079077339,-0.026003048,-0.057924979,0.030384854,-0.175893246,0.024754871,-0.007701249,0.007871089,-0.058325614,0.883481339,3.511758134,-19.86150006,3.564832211,0.631566753,3.53322378,6.01E-05,0.001507002,-0.000482569,19.7201477,12.164534
485,0.286944444,0.0102,0.089879047,0.116784483,-0.03929369,-0.097771249,0.07846826,-0.110520331,-0.182892331,-0.072036026,-0.061040561,0.000271075,0.361828216,0.043416246,-0.090269168,0.228387051,0.193906514,0.116754589,0.042061935,0.210554108,0.096979776,0.133711966,-0.027554916,0.104205547,0.02839898,0.007815698,-0.031998664,0.103951651,0.10419458,0.083951476,-0.075663216,-0.097831551,-0.015686365,0.024189391,-0.003705391,-0.046688652,-0.011635933,-0.042385727,0.82383292,3.497370031,-19.11155721,3.546318293,0.574670624,3.53709715,-5.69E-05,0.001158247,0.000409185,19.1115713,11.12965
486,0.021111111,-0.0948,0.117771057,-0.235487321,0.198438502,-0.107515218,0.073933633,-0.036616709,-0.191536371,-0.106978527,-0.005693335,-0.097793104,0.375007062,0.162221215,0.031997199,0.078315096,0.057973398,0.20522366,0.06677066,-0.02268057,0.018163592,0.119144053,0.072857504,0.29243113,0.043499626,0.18076263,0.182963689,0.069580508,-0.006802709,0.029671832,-0.051676525,-0.045995064,-0.049465307,-0.033688629,-0.142141169,-0.009337693,-0.08596836,-0.013840096,1.112759544,3.955497442,-22.62958491,4.02348423,0.826857034,3.98218009,0.000162801,0.00220613,-0.000758414,22.4099324,11.809395
487,0.241111111,0.0648,0.063380996,0.165572397,0.04745082,-0.138152025,0.142574554,0.073052915,-0.194063216,-0.114687036,-0.000947241,-0.057153336,0.298574409,0.022092648,0.239997172,0.377338681,0.037321581,0.278568294,-0.043395573,-0.048564827,0.213263989,-8.4038E-05,0.210130187,0.074991246,0.005607126,0.161185467,0.0289578,0.173872507,-0.009806245,0.063166824,0.073386552,0.03451934,-0.078151772,-0.033264244,0.029929411,-0.005109695,-0.106145271,-0.010461589,0.856631477,3.077165995,-16.44274859,3.129425764,0.632433492,3.1383765,2.64E-05,0.001947327,-9.14E-05,16.5496622,11.040264
488,0.256388889,0.2202,0.134773634,0.215048128,-0.181866063,-0.166244448,0.050570815,-0.00706433,-0.094467352,-0.042987064,0.024572121,0.016234777,0.320120362,0.336412568,0.396877991,0.232513599,0.2734767,0.271873368,-0.068235729,0.353013407,0.269197315,0.026242593,0.028377774,0.239754301,0.131209325,0.184353141,0.164500673,0.019023457,0.031527037,0.032445454,-0.082537685,0.057563996,-0.097329908,-0.137941733,-0.007955627,-0.052655233,-0.024884164,-0.030109554,0.826552263,3.07120593,-16.95719964,3.121381998,0.606245954,3.10479235,0.000144858,0.001792597,-0.000487831,16.9136739,13.17208
489,0.335833333,0.279,0.027703799,-0.106628594,0.228105875,0.034430663,-0.068748122,-0.117756136,-0.005976143,0.003620009,-0.083753916,-0.110765854,0.4042273,0.499467249,0.289132321,0.020665266,0.11518443,-0.075865565,0.105519032,0.304903348,-0.035145025,0.160483639,0.133909329,0.253689579,0.173495346,0.096876078,0.03581515,0.065036426,0.023581918,0.018293229,0.037458532,-0.009780162,-0.181504,-0.077470314,-0.178503739,-0.025990806,-0.015819645,-0.000450208,0.970792591,3.7933731,-22.41311983,3.851851702,0.695868337,3.79314841,-1.98E-05,0.001868583,0.000217288,22.0372456,11.905908
490,0.045555556,-0.0444,0.139832979,0.217681377,-0.184847855,0.104880954,-0.026077841,-0.086880208,-0.024604956,0.007922071,-0.008063644,-0.127647735,0.152041527,0.003841021,0.395685566,0.047412581,0.023275209,0.200133506,0.289626808,0.01357393,0.054474736,0.06303825,0.111216855,0.288278429,0.058079395,0.101440752,0.067178483,0.028297663,-0.019106814,0.033848328,-0.069356283,0.05313859,-0.168851171,-0.049975458,-0.139998422,-0.021424042,-0.041508741,-0.058929351,0.873085979,3.526879348,-19.30377403,3.579191446,0.620721855,3.56380297,3.91E-05,0.002650501,-1.44E-05,19.2620385,11.964654
491,0.231944444,0.195,0.057226416,0.022392177,0.181898906,-0.055579555,-0.02300237,0.032064091,-0.08974642,-0.170107953,-0.030202704,0.012609462,0.26930661,0.334224126,0.366002347,0.097433134,0.200522649,0.344488373,0.019620184,-0.037630227,0.167412339,0.056019816,0.088253748,0.030362092,0.120301887,0.197596085,0.06694894,0.162763884,-0.003040981,-0.003832598,-0.033264342,0.098589527,-0.040011583,-0.129499666,-0.152363661,-0.005798504,-0.021582253,-0.011581594,0.977759437,3.624036904,-20.95525719,3.683413982,0.713103941,3.63052313,0.000203215,0.002501454,-0.001455636,20.6329791,11.602725
492,0.18,0.1026,0.02863634,0.249160824,-0.076785741,-0.03163767,0.004464565,-0.046590192,-0.05840805,-0.129342897,-0.034007143,-0.10381334,0.135142863,0.357858041,0.252012636,-0.030961254,-0.01170877,0.102979752,0.080597007,0.177927713,0.174598058,0.241677796,0.027560737,0.141897719,0.162085315,0.128867648,0.044142872,0.190940488,0.028018719,0.092603593,0.053720373,-0.096491024,-0.13058864,-0.057759128,-0.0367031,-0.137014221,-0.118190867,-0.051646838,0.835490797,3.547326723,-19.8667348,3.596966505,0.582284696,3.56876523,-9.14E-05,0.000580598,0.000466455,19.714704,11.951409
493,0.057777778,0.0984,0.151574962,0.263645298,0.233615112,-0.1334305,0.105015433,0.032937725,-0.017810116,-0.015716797,-0.047304552,-0.067246572,0.359421365,0.449556185,0.074634866,-0.060224166,0.204523278,-0.04423918,0.368999885,0.00516502,0.013377599,0.146048207,0.196672719,0.152863036,0.005359181,0.179599596,0.086491725,0.010195071,0.135612696,0.075041624,0.041336927,-0.055472146,-0.197387199,-0.090619012,0.027997971,0.018127591,0.005763607,-0.032862874,0.816418975,3.286021449,-18.31778294,3.334967375,0.57873571,3.3098829,-0.000103792,0.001582236,0.000698269,18.1596244,11.397184
494,-0.143888889,0.3,0.046362409,-0.230599645,-0.224276485,-0.012318363,-0.029533696,0.108854586,-0.034132253,-0.076742491,-0.100830906,-0.14867085,-0.064342315,-0.059530983,0.164317662,-0.059593118,-0.004406872,0.108521385,-0.049019373,0.145811781,0.190336756,0.204059298,0.146301216,0.280148141,-0.009639401,0.024961561,0.026159209,0.158612485,0.011346607,0.048791236,-0.000529577,0.021057088,-0.048944372,-0.098150687,-0.140400329,-0.097548895,0.009949476,0.000219609,1.232306126,4.54620723,-27.0544004,4.621094227,0.902906426,4.55695776,8.35E-05,0.001703093,-0.000801346,26.6913607,11.143996
495,0.265555556,0.1236,0.127033584,-0.213095911,0.160877035,0.109052041,0.142320301,-0.027808924,-0.115487009,-0.195027931,-0.034840441,-0.075481781,0.046054215,0.351163277,0.010278659,0.391281598,0.290495983,0.107797297,0.091431671,0.103971969,0.254081582,0.141301296,0.012294791,0.122409304,0.016529903,0.157736356,0.177710258,0.088108493,0.062486628,-0.019899924,-0.097663359,0.059742227,-0.094639279,-0.140583949,0.000460231,-0.125712579,-0.076094621,-0.041325432,1.037600924,3.938544136,-23.57244638,4.001329422,0.752449723,3.94266031,-3.23E-05,0.002155331,0.000230558,23.2000968,11.653619
496,0.018055556,-0.0024,-0.078453327,0.069522775,0.028155357,0.045704356,0.040256164,0.074862333,-0.001034042,0.034079982,-0.053798795,-0.056884522,0.300239547,0.347133539,0.044171297,0.050356246,0.193087596,0.291884731,-0.036706494,0.068076858,0.260529401,0.112795334,0.067829794,0.052173559,0.096866169,0.104369492,0.06862477,0.059672888,0.067322815,0.025058978,0.059047165,0.013423878,-0.184627607,-0.172010722,-0.187948316,-0.047226677,-0.001662145,-0.097453791,0.906470649,3.461718015,-19.11291092,3.516517639,0.656798633,3.48788779,7.25E-05,0.000497617,-0.000252829,18.9966806,12.033271
497,0.323611111,0.1572,0.122947015,0.213772537,0.13768351,-0.170551196,0.016499828,-0.06366214,-0.160509867,-0.118450439,-0.071894919,-0.039977826,0.417746687,0.124935505,0.107772934,0.306890295,-0.005530311,0.133383146,0.173883876,-0.025711532,0.110388471,0.190524076,0.143939514,0.079271401,0.153126182,0.13706547,0.19019547,0.04970437,0.016343044,0.016896558,0.082100174,0.040881222,-0.024388735,-0.114649237,0.004683053,-0.051447846,-0.073550884,-0.005011233,0.799917312,3.255601922,-17.88958144,3.30347085,0.566864201,3.28651958,-4.53E-06,0.00251113,0.000242664,17.8126018,11.111525
498,-0.091944444,-0.0234,0.185553829,0.143793293,-0.119243057,0.028482843,-0.141729221,-0.031782968,-0.050121805,0.003050286,-0.077334938,-0.036562754,0.09724472,0.054484492,0.416103677,0.187473366,0.161883593,0.193110047,0.141649292,0.171784448,0.169605732,0.073680366,0.018254244,0.266814054,0.119210768,0.182732105,0.041860436,0.058649829,0.127641094,0.07700435,0.065924816,-0.049507002,-0.131802122,-0.113594272,-0.068605186,-0.109362055,-0.079034135,0.006665661,0.992565414,3.82745741,-22.17237975,3.887371778,0.717040777,3.84220228,5.61E-05,0.002985459,-7.48E-05,21.9412894,12.687604
499,0.060833333,0.1866,0.030142112,-0.19262871,0.144155984,0.050417461,0.027269161,-0.111734053,-0.099614224,-0.167649865,-0.064174355,-0.073113958,0.165757458,0.229785964,-0.084220843,0.331445321,0.024651246,0.111862904,0.306986547,0.204642264,0.216747795,-0.021801028,0.174748524,0.05154989,-0.019998228,0.179809974,0.057310507,0.048664415,0.014604947,-0.010139609,-0.04857999,0.014265651,-0.125293929,-0.135833849,-0.068720665,-0.093830084,-0.07847217,-0.035247234,1.156001259,4.171296102,-25.07369051,4.241773605,0.852134368,4.17558418,-7.81E-06,0.00092645,0.00065046,24.6506594,12.212245
500,-0.061388889,0.2664,-6.66524E-05,0.154746858,-0.21233182,0.036054797,-0.122148875,-0.117349335,0.018752776,-0.021763351,-0.123988825,-0.130581177,0.420610222,0.306427429,-0.06723691,0.295708118,0.002581944,0.224387416,0.193290139,0.343044089,0.016427373,-0.02119985,0.1432653,0.142976484,0.053116722,0.003193065,0.137279872,0.174778344,0.012572431,0.002978932,-0.034657948,0.051137572,-0.145163538,-0.115972137,-0.009949635,-0.06147029,-0.091814981,-0.040121542,0.98422401,3.618119148,-20.40429496,3.677961588,0.723767046,3.654926,0.000160045,0.002046337,-0.000790269,20.3016773,12.800788
501,0.213611111,-0.057,0.129958705,0.127666567,-0.008522005,0.068824859,-0.077778211,-0.112967955,-0.085903906,-0.063381079,-0.013916036,-0.061798975,0.430415651,0.059823366,0.337261013,0.025611539,0.002101626,0.084685181,0.238000381,0.399475961,0.071830287,0.031362354,0.23562383,0.037066411,0.058780505,0.032467593,-0.01665333,0.14026377,0.082643917,0.015444901,0.046605112,0.093173534,-0.153621899,-0.096789561,-0.002024824,-0.087088681,0.012947941,-0.022635389,0.892575998,3.505531946,-19.78068332,3.5592556,0.641423541,3.54257022,7.98E-06,0.001811789,1.67E-05,19.7051486,12.25982
502,0.088333333,0.1362,0.195111375,0.115242953,-0.235618332,-0.126787588,0.017832914,0.103289009,-0.094918404,-0.111199993,-0.115589188,-0.11498661,0.098358005,0.301851525,0.230700485,0.135836248,0.235225423,0.176426196,0.074422712,-0.077637017,0.154152484,0.197302824,0.237715053,0.231734479,0.173174577,0.038199855,0.180650974,0.054787278,0.044127797,0.01871493,0.06306072,-0.082038961,-0.012130299,-0.085786758,0.020885302,-0.119694179,0.015523798,-0.046609618,0.917737592,3.59787186,-20.13833508,3.653125763,0.660084812,3.6351129,-7.07E-05,0.000887398,0.000450885,20.0689955,11.948822
503,0.274722222,-0.1032,0.058792714,-0.146113634,0.134031942,-0.056263566,0.095416794,-0.112312191,-0.042718887,-0.130700458,-0.07467034,0.005708195,0.499270058,0.37582664,0.356712997,0.286452129,0.046248797,0.034858401,-0.011821188,0.224117555,0.194270289,0.20300642,0.293827767,0.24714096,0.031787024,0.063405681,-0.025935451,-0.03610324,0.141334067,0.068299994,0.032614611,0.037246062,-0.197144751,0.019669303,-0.067075425,-0.130579121,-0.061620519,-0.047929656,0.953699712,3.671157434,-21.07671159,3.728741407,0.690469126,3.68878385,0.000102385,0.002663995,-0.000468867,20.8682079,13.081312
504,0.088333333,-0.0486,0.056340555,0.113575364,0.111210749,-0.170348313,-0.057227125,-0.094028577,0.005897864,0.042488231,-0.01664713,-0.060010196,-0.08231617,0.083840358,0.416854752,-0.07258196,0.166653006,0.082591022,0.098049496,-0.079526127,-0.008346443,0.080753634,0.215527502,0.27890716,0.107707808,0.061361081,0.136482751,0.056699679,-0.017824333,0.082834358,0.011336322,-0.070105048,-0.030638367,-0.004712396,-0.06818592,-0.000935488,-0.031542216,-0.098396143,0.860735363,3.675491592,-20.33866867,3.726580143,0.598041109,3.6966033,0.000140562,-0.000129485,-0.000939127,20.2114827,10.776381
505,0.302222222,0.1866,0.084548562,-0.14347375,-0.114904738,0.13661946,-0.065286679,-0.084187454,-0.133960314,-0.069313819,0.029793317,-0.147033744,-0.046978655,-0.025648127,0.210378725,0.242706909,0.289223057,0.390173208,-0.040544609,-0.028690965,0.265590786,0.135569636,0.097941128,0.091868502,0.095607025,0.084095993,0.025360106,-0.035522914,0.124862952,0.01925235,0.055246743,0.075151876,-0.064777016,-0.082423177,0.013341851,-0.014346542,0.007465584,-0.0110782,1.003344967,3.761364642,-21.6946402,3.822191954,0.730653606,3.79490715,1.77E-05,0.000459258,-0.000326476,21.5779031,11.019124
506,0.363333333,0.2118,0.112922527,-0.101904234,0.177845652,-0.035225142,-0.01697327,-0.050886401,-0.090481803,-0.185995907,0.022990933,-0.122502469,0.237473622,0.188563812,0.088362781,-0.014477642,0.166040278,0.267107862,0.38804145,0.150236272,0.251251945,0.156034578,0.059213568,0.258840316,0.199443626,0.053812036,0.041393027,0.091525015,0.063164235,-0.005820078,0.099741752,0.092154982,-0.008945009,-0.030374294,-0.181951893,-0.008941231,0.003348995,-0.089121927,1.001629905,3.759811327,-22.40379253,3.820522785,0.728284055,3.74655924,7.50E-05,0.001699358,0.000139005,21.9308501,12.193521
507,-0.027777778,0.0858,0.009592856,0.096600124,0.060134392,-0.110358896,0.073208807,0.023554425,-0.179502215,-0.030228506,-0.008356153,-0.048318743,0.369834122,-0.029559359,0.058530593,0.294728932,0.331711015,0.310725516,-0.057072656,0.357904998,-0.029362461,0.040469099,-0.007426434,0.094715802,0.123367554,0.080644559,0.072522722,0.106362696,0.136543853,0.047840207,-0.096090317,-0.087311768,0.019309717,0.013487731,-0.066070302,-0.062592557,-0.037848559,-0.048075764,0.943312879,3.426141723,-18.93421733,3.483597994,0.693950301,3.46963491,0.000106198,0.001908254,-0.000630591,18.8895006,11.920207
508,0.146388889,0.0144,-0.031482179,-0.177812157,-0.130207864,0.139613211,0.084499669,-0.114067354,0.066795516,0.021455249,-0.04496809,0.018446283,-0.034806462,0.009681904,0.123437107,0.243904133,0.28792308,0.101953719,0.0938141,0.2059471,0.130447208,0.015204621,0.127986139,0.066682637,0.030516368,0.075697055,0.046827288,0.165887864,0.11857697,0.038706111,0.057165992,-0.018841889,-0.079460324,-0.014287827,-0.145999075,-0.055951796,-0.007597917,-0.055917823,0.96078626,3.932668882,-22.55998863,3.990110159,0.679088335,3.95422441,-6.73E-06,0.001900223,0.000311567,22.3893991,11.497437
509,0.112777778,0.09,-0.094768168,-0.162418173,0.234821281,-0.121395812,0.0830505,0.093115694,-0.023359136,-0.067660182,-0.076899411,0.024104541,0.019653771,0.219670023,0.414733903,0.061746985,0.142567837,-0.056687043,-0.063817659,0.238891086,-0.027594803,0.061284601,0.284723025,0.025020052,0.130994556,0.047561073,-0.040735121,0.153998941,0.043508339,0.086825735,-0.067570507,-0.033117208,-0.181174094,-0.162115945,-0.192179625,-0.068952105,-0.091044086,-0.055533346,1.020051015,4.065629631,-23.58106841,4.126881123,0.724751386,4.06704226,7.58E-06,0.000876645,-0.000641509,23.2018946,11.331147
510,-0.076666667,0.3,0.135070694,0.046970147,0.084496244,0.07878848,-0.105627071,-0.108950431,-0.095518552,-0.198011746,-0.028886646,-0.023263751,-0.016171982,0.023854398,0.147044308,0.281089307,-0.008482129,0.003094037,0.093048259,0.08042902,0.124507869,0.188901065,0.114173531,0.295345201,0.016020327,0.000582951,0.016003446,0.179656965,-0.010278055,-0.007427917,-0.074898233,0.010880946,-0.167851894,-0.151916541,-0.129155956,-0.096968177,-0.093368819,-0.020696604,1.176778274,4.363436248,-26.21631385,4.434895039,0.857464353,4.3668808,-7.23E-05,0.001612919,0.001101662,25.7742972,10.796206
511,-0.073611111,0.1446,-0.001200276,0.044396266,-0.023381762,0.1115021,0.089635398,0.075233169,0.014896586,-0.014809055,-0.111243295,-0.112333895,0.198442124,0.440251866,0.064594203,0.179369199,0.242515008,0.21318045,0.280619482,0.287969791,0.199928845,0.158224598,0.254717914,0.061067723,0.164354728,0.125464518,0.040274925,0.072556853,-0.00073129,0.004425306,-0.098406573,-0.033706108,0.047904832,-0.072589195,-0.195977807,-0.102173604,-0.039082496,-0.007347502,0.977461497,3.650037122,-21.26297852,3.709330082,0.715216188,3.66675274,-2.99E-05,0.000296324,-6.97E-05,21.0404428,13.304884
512,0.158611111,0.0186,0.120443577,-0.070074695,0.171252076,-0.106410761,-0.051620589,-0.091933443,0.047873656,-0.112255757,-0.019096646,-0.129629292,0.419821713,-0.012313143,-0.06341846,0.230511884,0.274035102,0.071705234,0.033213743,-0.011308002,0.091858194,0.167327368,0.050192204,0.242880534,0.098748197,0.182576936,0.042970352,0.052404499,0.020335511,0.097972444,0.085784931,-0.013845415,-0.114766838,-0.105497294,0.012800687,-0.07938222,0.013570855,-0.025417371,1.019213176,3.839662797,-22.27759995,3.901406288,0.741293172,3.84942746,-1.38E-05,0.002745244,0.000245645,21.9714994,10.990666
513,0.329722222,0.2412,0.172965663,0.253483854,-0.224963942,-0.023697041,0.019159872,0.086306637,-0.167145359,-0.09878628,-0.082839338,-0.104980691,0.209696528,0.368856853,0.203857523,0.097507855,0.072737139,-0.062135591,-0.045327603,0.022204454,-0.002823023,0.023925563,0.12294355,0.084185582,0.019136758,0.137400276,0.001714943,0.190811832,0.055007118,0.032306795,0.065183857,0.027145507,-0.032294838,-0.14614899,-0.145632152,-0.065711565,-0.072748823,-0.083431514,0.759321489,3.539768946,-19.40466883,3.584113836,0.507548398,3.56169611,-1.57E-05,0.000286754,-2.54E-05,19.3183889,10.029679
514,0.112777778,-0.0906,-0.033117938,-0.194607351,0.187652521,0.192579332,-0.075250023,0.017989097,-0.168313394,-0.082701862,-0.086449029,-0.119511432,0.459440538,0.232603905,-0.001236414,0.138228049,0.105741719,-0.070239775,-0.055328135,0.355761511,0.233882287,0.186953808,0.00132813,0.263183308,0.122513237,0.112102889,0.080546723,0.081105202,0.125078026,0.078681079,-0.068458161,-0.069262939,-0.170210219,-0.190863575,0.001442933,-0.096486634,-0.018311697,-0.083557856,1.120883313,4.094272559,-24.30808088,4.162487984,0.824345202,4.09509531,-3.36E-05,0.001604032,0.000306845,23.8812136,12.45336
515,0.387777778,0.2622,0.152068046,-0.212080926,0.061069681,-0.178235708,-0.123838917,-0.02355377,-0.137290772,-0.093554474,-0.004770989,-0.041935208,0.137093046,-0.093107553,0.44614421,0.098724048,0.267731489,0.093934647,0.061749172,0.395348078,0.049061449,0.062229493,0.264799161,0.22445857,0.138397488,0.126033807,0.160285925,-0.017369988,0.076373446,0.07990992,-0.055418188,0.08073718,0.000667077,-0.159536681,0.013583744,-0.149424263,-0.089410322,0.000553907,1.06073737,3.863184024,-22.86146035,3.9277668,0.780568153,3.86963228,6.04E-05,0.003006567,-0.000449577,22.4950467,11.983294
516,0.060833333,0.0102,-0.001861364,-0.048701409,0.155972755,-0.160637405,0.09962721,-0.086540098,0.044854942,-0.165905545,-0.00631093,-0.120220148,-0.023379627,0.094723814,0.315369305,-0.032771532,0.328259289,0.026209388,0.100552907,0.004598272,-0.034670713,0.0171814,0.061035955,0.179085516,0.160721594,0.077587576,0.192093247,0.01935432,0.149533746,0.071445696,0.055973992,-0.080155433,-0.139403371,-0.137980945,-0.027315917,-0.042628994,-0.10534084,-0.071949931,0.959456409,3.974854929,-22.78513213,4.032100677,0.674135104,3.97888371,0.000254022,0.002971608,-0.001467546,22.4713473,11.026808
517,0.011944444,-0.0402,0.123039293,0.23055662,-0.056008677,-0.184545945,-0.052869032,0.042772831,-0.078048548,-0.134513135,-0.10508462,-0.025211528,0.052859903,0.412481473,0.194127925,0.301850108,0.122524777,0.315192698,0.129313328,0.360209404,0.226142914,0.218552766,0.270918205,0.283150483,0.163149039,-0.00627285,0.170397238,0.128974842,0.065241671,-0.010678968,0.054370549,0.077134595,-0.083202112,-0.050968998,-0.021430031,0.000888249,-0.034416939,-0.002894037,0.951861928,3.455353287,-19.5987131,3.513334751,0.704921317,3.48512497,-1.19E-05,0.000225744,-7.38E-05,19.4490146,13.8666
518,0.3725,0.2538,0.109738583,-0.026014691,0.05154794,-0.156878775,0.06196298,-0.080789638,-0.060221102,-0.072798179,-0.096760536,-0.085328938,0.251693557,0.20169398,0.291482796,-0.035509659,0.281187141,-0.030296461,0.086949523,0.383302646,0.201286592,0.020355988,0.021094298,0.069924255,0.044103653,0.005712021,-0.034281666,0.026981212,-0.019942887,-0.012346419,-0.057122633,-0.036981653,-0.146983545,-0.105104327,0.015482749,0.016507469,-0.035742805,-0.03278907,0.840911526,3.678660278,-21.07456427,3.728358269,0.577787844,3.6852133,9.24E-05,0.002114032,-0.000258025,20.8345759,11.491899
519,0.186111111,0.1782,0.146342141,0.049761876,0.147112501,-0.17160345,-0.021395933,-0.028336177,-0.151698299,-0.101365865,-0.0562448,-0.033372941,0.035954131,0.422423628,0.242803134,0.120927514,0.297268711,0.129924366,-0.03439098,-0.059732412,0.142002808,0.171661316,0.277415379,0.011931428,0.140361996,0.112967324,0.022371132,0.167665474,0.068476483,0.017262011,-0.08614233,-0.029677464,-0.00559255,-0.024238193,-0.046915766,0.017240843,-0.117521856,-0.099795988,0.920808375,3.706377865,-21.18695754,3.761581659,0.652836512,3.72176698,1.41E-05,-0.00024095,-0.000167519,20.9579962,11.151522
520,0.158611111,0.0396,0.039424211,0.127935144,-0.222138386,-0.188337227,-0.016218667,0.026526826,-0.077186085,-0.09481672,0.000222838,0.029515284,0.135792504,0.063405789,0.088132216,0.229193583,0.298552902,0.229364481,0.175471752,0.091540039,0.06135076,0.012826807,0.011924802,0.143712199,0.104556899,-0.007572363,0.148201688,-0.002364303,0.130206407,0.04850955,-0.084428132,0.007510214,-0.194953383,-0.168605127,-0.039860657,-0.004244476,-0.00011032,-0.094393473,0.873269338,3.61379302,-19.77327077,3.665906191,0.616493501,3.63461234,0.000169257,0.001854306,-0.000828086,19.6159055,12.168744
521,0.2075,0.0102,0.032065184,-0.13798874,-0.148290943,-0.135404355,0.112553912,0.093194504,-0.061771799,-0.10602552,0.024462298,-0.143013403,0.240646374,0.407243957,0.141310781,0.274597242,0.054895689,0.095958518,0.197272864,0.110706028,0.003635983,0.223892508,0.198357616,0.200146694,0.046665781,0.102090881,-0.035791981,-0.019594517,0.12641287,0.037640452,0.073607861,0.058077465,-0.146419115,0.009013326,-0.101409694,-0.118117782,0.001551299,-0.056399733,0.943433051,3.803081754,-21.48681016,3.859628201,0.671899354,3.82063285,-9.25E-05,0.000261569,0.000704947,21.2678612,12.719859
522,0.030277778,0.0522,-0.044991459,0.173372933,0.088764,0.104579572,0.051700065,-0.100711102,-0.107066418,-0.057420082,-0.101570251,-0.058151299,0.020919627,-0.006573255,0.380694703,-0.074251242,-0.022011589,0.210896015,0.304191443,0.156593299,0.09838161,0.128055158,-0.0268331,0.111964914,0.054442889,0.107788873,0.185512186,0.1432214,0.007570599,0.006829072,0.004841803,0.094737575,-0.043803178,-0.06368723,-0.1518026,-0.030733256,-0.019829206,-0.071536763,0.867084979,3.646463091,-20.56608758,3.698065281,0.606639084,3.66924634,-4.10E-05,0.00078424,0.000236235,20.4252046,11.438955
523,0.054722222,0.0018,-0.022780727,0.065303106,0.136472863,-0.047047972,0.00787685,-0.003652362,-0.141475146,0.019284843,-0.145893321,0.028822809,0.188939142,0.40932586,0.020177383,0.232910845,0.187292255,0.307918834,0.30093195,0.184908146,0.280675684,0.150637596,0.151086696,0.194688351,0.019931765,0.10904443,-0.011917537,0.121393327,0.146060149,0.016317394,-0.08877104,-0.096281606,-0.082498083,-0.088878992,-0.167005725,0.018736428,-0.005806069,-0.031388736,0.93221542,3.495685187,-19.91443995,3.552197933,0.679855411,3.51634687,-1.91E-05,0.000895313,5.71E-06,19.689301,13.6018
524,0.338888889,0.1026,0.048805357,0.291699739,-0.191250209,-0.001104498,0.123539158,-0.019488936,-0.156228695,-0.162977571,-0.009784624,-0.018320128,0.249728672,0.017989361,0.078309544,0.353940182,0.266341282,0.30202014,0.015021375,0.171347189,0.181016404,0.204615991,0.027061418,-0.002480305,0.161526405,0.139303853,0.006688947,0.06463783,0.099436063,0.076214125,-0.049722998,0.044660225,-0.16991293,-0.178349724,-0.18357104,0.012621007,-0.028063348,-0.005542995,0.829908424,3.131767066,-16.81948873,3.182029724,0.603279395,3.18417013,-7.45E-05,0.000300463,0.000622378,16.8893723,11.859132
525,0.121944444,0.2412,0.104730965,-0.0124433,-0.222471983,-0.029547022,0.006294271,-0.030468504,0.012204874,-0.10685128,-0.095287652,-0.036801512,0.02634281,0.240144483,0.25036471,0.360331088,0.03027994,-0.009724093,0.270586357,0.382164518,0.017971128,0.037913312,0.086938264,0.210539394,-0.024884181,0.160288989,0.02208758,0.153874702,0.085684626,0.020805941,0.061907807,0.065383119,0.003835251,-0.032123018,-0.00949469,-0.083384531,-0.059700302,-0.014954245,0.978421314,3.897871884,-22.9273804,3.956628084,0.697987389,3.91232075,-2.77E-05,0.002375184,0.000251791,22.6695541,12.27905
526,-0.049166667,0.1362,0.045464589,-0.197050514,-0.156850918,0.127582242,0.107733585,-0.047642363,0.032451359,-0.191850769,-0.063282252,-0.006681806,0.432685836,0.305408,-0.031234674,0.039834247,0.228541296,0.096893734,-0.061048728,0.232096517,0.234832828,0.233363227,0.258480648,0.069165168,0.132115982,0.038586538,0.03357208,0.079405057,0.020509039,-0.01027967,-0.041531618,0.052839549,-0.147513451,-0.109744212,-0.131693376,-0.058717052,-0.096204785,-0.098427734,1.169586936,4.073766843,-23.90587262,4.145429611,0.875063497,4.09575137,-9.41E-05,0.003640725,0.001023845,23.6472467,12.488048
527,0.323611111,0.2496,-0.083677521,0.002634185,0.175093905,-0.061507243,-0.140611636,-0.037056229,-0.174011533,-0.140534755,-0.034294922,-0.074414065,-0.045265157,0.111118924,0.240831584,0.0988589,0.076015894,0.219248735,0.124000126,0.3940693,0.167203718,0.112981932,0.259734411,0.133359409,0.143847733,0.009915835,-0.026363783,0.080711417,0.120927743,0.004612101,0.071918053,-0.047338963,-0.100434744,-0.048298658,-0.021065682,-0.061714579,-0.008046816,-0.003866501,0.983497818,3.826406044,-22.52620507,3.885690451,0.706971279,3.82546565,4.78E-05,0.001751705,-0.000220856,22.1270212,11.905361
528,0.305277778,-0.036,0.018256833,-0.104215007,0.107159086,0.174060555,0.01474749,0.090921903,-0.108433417,-0.109757834,0.004481211,-0.143751614,0.44848434,0.447697076,-0.075778688,-0.039308213,0.301034947,-0.053401647,0.048600522,0.031473916,0.010473219,0.238565352,-0.014186171,0.241004075,-0.012458147,0.022500404,0.033305094,0.16049947,0.073390755,0.058088388,-0.074684433,0.049023437,0.042771123,-0.094221862,-0.095932149,-0.072833627,-0.06391632,0.00962361,0.957776343,3.78835272,-21.9440766,3.845935583,0.682966194,3.80576883,-4.15E-05,0.002062038,-0.000122878,21.6873632,10.739655
529,0.345,0.1152,-0.027893688,-0.172130878,-0.005373084,-0.167662586,-0.039070868,-0.022217582,-0.044862085,-0.000849174,-0.003608088,-0.120652251,0.035000679,0.498005011,0.070126628,0.071581288,0.169396315,-0.069304815,0.129891646,0.258078142,0.258603376,0.138874587,0.017833184,0.074322094,0.199924199,0.149806629,0.090868412,0.095885308,0.101901044,-0.008248568,-0.090355651,0.033684865,-0.182325777,-0.075582057,-0.114228612,-0.075773397,0.014814455,-0.089477294,0.954764917,3.833602517,-22.02847372,3.890865088,0.679113472,3.84007669,0.000461556,0.001913509,-0.004346561,21.7225063,12.561179
530,-0.1225,-0.0108,0.054634289,-0.22963797,0.16222678,-0.126013109,-5.00191E-05,-0.0268619,-0.103026789,-0.119159828,0.004042911,-0.113184473,0.369714613,-0.099264974,-0.00193669,0.16779811,0.323725841,0.326291227,0.225681808,0.122859259,-0.037975959,0.01649513,0.002482499,0.274589399,0.154985253,0.165369716,0.162217384,0.100153364,0.048355161,0.057497206,-0.022881271,0.015542253,-0.072439792,-0.15655452,0.011198082,-0.038480779,-0.074144554,-0.023137344,1.247336926,4.120436026,-24.24216737,4.197408676,0.94826245,4.14028121,-4.43E-05,0.002233294,0.000139243,23.8819132,12.630345
531,0.274722222,0.237,0.14302174,0.153667091,0.112838801,-0.169666271,-0.111429531,0.043963613,0.055937068,0.044307917,-0.001533028,0.003136687,-0.088939884,0.216856509,-0.008267533,0.017834974,0.172200893,0.168354207,0.009893569,0.233206546,0.042134693,0.165610662,0.260588392,0.034396681,0.066856565,0.043629474,0.007289608,0.096373724,0.10347179,0.087887203,0.096347918,0.007696073,0.002142349,-0.039555167,-0.161808103,-0.03309424,-0.107714857,-0.068368898,0.808108968,3.567068515,-20.0597634,3.614750147,0.551316639,3.57662145,6.68E-05,0.00124722,-0.000597434,19.8470475,10.05913
532,0.002777778,0.216,0.182249192,0.016014705,0.108253681,0.119616902,0.065138913,-0.057086408,0.030089093,-0.05266434,-0.057038915,-0.011027675,0.059471932,0.042591102,0.286874626,0.36654824,0.215698723,-0.01067794,0.386403415,0.152549863,0.066571943,0.021130085,0.169614139,0.263982648,0.186208458,0.077047081,0.16950002,-0.001308706,0.114803207,0.012785959,0.092859287,-0.081450161,-0.000938656,-0.155259144,-0.191759937,-0.137688565,-0.065405327,0.008901497,1.020214316,3.840800461,-22.96373981,3.902611017,0.742189543,3.8398921,0.000129149,0.002157101,-0.000457308,22.5972569,11.744909
533,-0.0125,0.1362,-0.046964213,0.012201319,0.0947029,0.116243504,0.001456673,-0.033671225,0.026992572,-0.195947715,-0.019857777,0.013669589,0.110754013,0.467645018,0.033476926,0.063662377,0.212052198,0.128487448,-0.01258788,0.061643452,-0.014013165,0.226806774,0.187015237,-0.008727139,0.137499692,0.173158557,0.145046805,-0.017691866,0.121776002,0.092041144,0.003639321,0.058515849,-0.100085179,-0.076425333,-0.150990881,-0.045524468,0.014944972,-0.099673889,1.090691092,3.999862865,-23.48304789,4.066202164,0.79912121,4.01126854,-0.000132879,0.00344995,0.001363138,23.1421135,11.133162
534,0.314444444,-0.0654,-0.043550402,0.074880705,0.111097519,0.188004559,-0.054819388,-0.075804302,-0.005521148,-0.098495985,-0.065218641,-0.076459598,0.002584827,-0.090587249,0.06871784,0.374674728,0.259091742,0.055487464,0.147066181,0.241115622,-0.012825573,0.130028275,0.209650067,0.284374546,-0.023359546,-0.003422252,0.050591701,-0.036224587,0.065593736,0.053854196,-0.012787464,0.0875269,-0.075045134,0.023816423,-0.075169785,-0.104392709,-0.069639596,0.004666182,0.865203371,3.706869466,-21.09424651,3.758193254,0.59956879,3.72632871,-3.12E-06,0.001372043,5.64E-05,20.9320723,10.750237
535,0.354166667,0.1824,0.083890584,0.225049985,0.056593277,0.132575536,0.101243841,0.059170562,-0.123903141,-0.034251227,-0.094048867,-0.059775688,0.267347854,0.249207891,0.210583408,0.26850121,0.154997893,0.21218395,0.069449154,0.106498557,0.273179816,0.076018122,0.105220578,0.093328752,0.175825839,0.01885896,0.045891278,0.061386195,-0.026560331,0.093943807,0.023159152,-0.039251022,-0.150812934,-0.009941815,-0.057912166,-0.068570979,-0.079893665,-0.022426156,0.731651491,3.143966144,-17.39469634,3.187345028,0.506949768,3.16739193,0.000160542,0.001773901,-0.000770029,17.3171676,11.330551
536,0.354166667,-0.036,0.184430933,0.024871472,0.071369226,0.032511476,0.021608949,0.0615316,-0.147426049,-0.005894002,-0.129824331,-0.084714291,0.123291253,0.205890766,0.289715186,0.178534996,0.324397358,0.385729552,0.372132212,-0.051594216,0.191189516,-0.019774771,0.104642689,0.18303099,0.054805204,0.046614692,0.194341835,0.177203097,0.113814899,0.041591189,-0.048743907,-0.024506365,-0.10990414,-0.108285218,-0.180607583,-0.015912653,0.013874363,-0.009096849,0.859054816,3.240474262,-17.89399803,3.292505264,0.625562029,3.26714362,0.000102539,0.002326781,-0.000338112,17.7677639,12.538612
537,0.054722222,0.1446,0.013014793,0.265163718,-0.070012262,0.169171515,-0.057249009,0.111831381,-0.198316979,0.040144965,0.008254463,-0.038154484,0.461497797,0.070064064,0.25576335,-0.049489079,-0.016246334,0.017569111,0.19895367,0.300197496,0.276102683,-0.01772926,0.125893882,0.297453184,0.141908553,0.150605367,0.04670392,0.101936521,0.10936212,-0.010900661,0.074259805,-0.073637592,0.006385621,-0.17113783,-0.018644617,-0.1090888,-0.029405228,-0.026949252,0.856276737,3.30049472,-18.63433978,3.352185726,0.618919813,3.32586377,-1.59E-05,0.001408905,0.000232788,18.4804343,12.075767
538,0.326666667,0.1488,0.131066179,0.25572424,-0.004042427,0.056021158,0.134540569,0.019853306,-0.100354835,0.036858075,-0.146061491,0.027906492,-0.011377512,0.070592117,-0.052567045,0.156636408,0.026323869,0.14823948,0.222042918,0.037892324,0.239022497,0.164071543,0.056684611,0.073310992,0.088818,0.142705094,0.190876068,-0.009060029,0.089863597,0.016771001,-0.01396438,0.0862096,-0.149767575,-0.172750419,0.022036984,-0.103185011,-0.044121909,-0.093789653,0.729704008,3.199814361,-17.30898285,3.242921352,0.500176459,3.23059388,-8.79E-05,0.002111816,0.000499196,17.2826073,10.4012
539,-0.021666667,-0.1158,0.05815995,0.181364378,-0.011376949,0.149773608,0.048564293,0.066230996,-0.144820341,0.02072679,-0.114775342,-0.143290505,0.314572053,0.015802572,0.158125985,0.355963962,-0.00620414,0.174973992,0.191458101,0.08402573,0.045464793,0.14164594,0.019516083,0.168523569,0.073206202,-0.003569373,-0.031714047,0.197701205,-0.004873372,0.021255455,0.075079378,0.051749134,-0.140790112,-0.198053368,-0.153410663,-0.005551283,-0.092425055,0.006006804,0.884215115,3.519559194,-19.44746739,3.572665453,0.631135638,3.56167586,8.44E-05,0.001854196,-0.000372411,19.4445933,11.746931
540,0.296111111,-0.0864,0.13358313,0.079138947,-0.144409312,0.016699539,-0.055108829,-0.023281153,-0.125668701,-0.19333551,-0.054988567,-0.073294949,-0.079773072,0.238425802,0.170694874,0.34421993,-0.029547536,0.311487032,0.102627462,0.215999725,0.232194508,-0.008938279,0.029644889,0.112132002,0.121447787,0.15231838,0.120473684,0.125033973,0.066784565,0.004277489,0.068432633,0.097241718,0.020061874,-0.068240566,-0.189703633,-0.081737633,-0.029778872,-0.07941302,0.982007062,3.7129517,-21.43085894,3.772408485,0.714198015,3.7412667,4.13E-05,0.000691987,0.000316156,21.2574099,12.191375
541,-0.098055556,-0.0234,0.093704123,0.16498096,-0.03950566,-0.16195932,0.033248887,-0.085590331,-0.058154346,-0.062992044,-0.103179226,-0.09006393,0.478038561,0.100767093,0.036542075,0.327980601,0.306817365,0.300957767,0.383115632,0.242105109,0.098950272,-0.025700815,0.243776121,-0.031885057,0.076934777,0.100504071,0.139840007,0.16948825,0.034969662,0.001831819,0.046263971,-0.034786891,-0.163937811,0.010032473,-0.096949286,-0.037160566,0.003749996,-0.09763491,0.961815867,3.38613763,-18.54314822,3.444982052,0.718901871,3.43607805,4.47E-05,0.000635662,-0.000695861,18.558496,13.640943
542,0.216666667,0.2916,0.07925828,0.134494429,-0.167635991,-0.058773545,-0.027383935,0.114287023,-0.127758807,-0.072406904,-0.024593599,-0.017644482,-0.018967513,0.274165932,-0.080510686,-0.011125683,-0.047538372,-0.03805134,0.31089382,0.397277738,0.037682918,0.08441236,0.266169226,0.06717866,0.071325761,0.03176181,0.032600894,0.128794096,0.089721376,0.068516261,0.080785719,-0.083597906,-0.06817535,-0.163194217,0.00675899,-0.111606828,-0.05116928,-0.006493981,0.848321291,3.609245384,-20.41267735,3.659629345,0.590033985,3.62355298,-3.48E-05,0.001297207,0.000255684,20.1851688,11.27099
543,0.134166667,-0.0276,-0.063051882,-0.178404391,-0.2007206,0.128994178,0.141695739,-0.055126127,-0.197223054,0.004890915,-0.085280676,-0.112678117,0.373496277,-0.040396317,0.128734193,0.044829589,0.312611691,0.012806548,0.341699387,0.009617583,0.026710181,0.238105827,-0.046660189,0.295693302,-0.017848142,0.145879428,0.084725872,0.046040385,0.145481868,0.073752576,-0.014279189,-0.043905397,0.018656804,-0.163969309,-0.020683967,0.016004144,-0.097760463,-0.061530349,1.000158687,3.796043473,-21.40617486,3.856564045,0.725564539,3.83958433,-5.23E-05,0.001610018,0.000260667,21.3528458,12.256946
544,0.247222222,0.0522,-0.073398126,0.169591366,0.133089558,0.183619406,-0.083748639,0.118737405,-0.136720804,-0.033616532,-0.125558703,-0.065875893,0.491265416,0.285224551,0.367516704,0.012073841,0.002947532,0.397589182,0.247818507,0.391615642,0.197480809,0.182297364,0.140127896,0.108235104,-0.012433715,0.08535342,0.011611008,-0.036843331,0.123142034,0.067039806,-0.095864871,0.052467028,-0.027663575,-0.011487234,0.007243397,-0.116519636,0.005067048,-0.031248102,0.860689474,3.207553515,-18.15135167,3.259778738,0.630025651,3.22293666,4.55E-05,0.003005615,-0.000179773,17.9429649,13.188041
545,-0.000277778,0.237,0.198915536,0.041966676,0.003644933,-0.003554318,0.11318356,0.037048416,-0.163513763,-0.031224937,-0.05350981,-0.008677344,0.107649906,0.199725574,0.259311571,-0.04157161,0.263108989,0.077157468,0.150619962,0.222322521,0.278158199,0.056906996,0.07106906,0.225283079,0.157627542,0.151697657,0.109552664,-0.03954414,0.029578506,0.048257183,0.084131937,-0.057012647,0.034060905,-0.059996819,-0.152908881,-0.066982601,-0.079236674,-0.079046829,0.960128845,3.780119312,-22.2325594,3.837886333,0.688493285,3.79813932,-4.91E-05,0.001930922,0.000458168,21.9985711,11.723811
546,-0.098055556,-0.0864,-0.048429226,0.046574127,-0.159132206,-0.0221541,0.099952323,-0.054526326,-0.03618628,-0.127764151,-0.113365096,-0.099389917,-0.033605791,0.480259828,-0.007588868,0.351883468,0.316156647,0.320994955,0.22901546,0.281043923,0.022948866,0.230569297,0.204700393,0.157543161,0.13380109,0.053210305,0.124783386,0.075437489,0.019076332,0.095297684,0.034940482,0.003729031,-0.148594831,-0.051899657,-0.17430077,-0.049958302,-0.017695777,-0.011211143,1.002395443,3.686455541,-20.86083475,3.747399092,0.738577648,3.72775981,-1.45E-05,0.002428243,0.000164111,20.7844749,13.999931
547,0.29,0.3,0.124257397,-0.181874452,-0.00073873,0.156616318,0.129692881,-0.087207389,-0.183147669,-0.116246081,0.00777922,-0.026265574,0.089721049,0.015239796,0.410036291,0.151460972,0.004735746,-0.079298381,0.227587577,-0.041168666,-0.012631956,0.156812353,0.222948581,0.147371054,0.197638919,0.026820125,0.060116006,0.186575342,0.014006889,0.014110675,-0.094455009,-0.023562286,-0.19870576,-0.056065089,0.026953567,-0.006844298,-0.044517734,-0.044347183,0.960556046,3.920773898,-22.70539326,3.978228092,0.677950694,3.9215968,5.24E-05,0.002472547,-0.000255949,22.3757018,10.738876
548,0.008888889,0.216,0.161998957,0.056157847,0.048277931,-0.162178967,0.144155574,-0.042625662,-0.10139031,-0.097145216,-0.131789413,-0.053804661,0.340895181,0.317894075,0.091045733,0.113756012,0.071574226,0.321174296,-0.066217521,0.147711514,0.025364022,0.201928871,0.106551867,0.197429556,0.067447471,0.005218206,0.0440689,0.047235082,0.022075884,-0.003624275,0.058204664,-0.041465159,0.021816572,0.00310128,-0.126818175,-0.031995104,-0.016967952,-0.067562515,0.957177834,3.612382931,-20.34356885,3.670352697,0.697031322,3.65271892,-3.45E-05,0.001642729,0.000186481,20.289874,11.436907
549,0.183055556,0.0858,-0.097345793,0.119998493,-0.177971088,0.031182319,0.081058574,0.07926204,-0.146279919,-0.120667311,-0.063011022,-0.068388604,-0.059218254,0.433925024,0.312909093,0.199648799,0.06838428,0.135595391,-0.033521098,0.39866631,0.251087238,0.227786816,0.291420795,0.16161783,0.136819297,0.112769949,0.016273538,0.136212949,0.010694309,0.062657365,0.019931894,0.085070677,-0.176380385,-0.194176706,-0.074779453,-0.010084056,-0.114118602,-0.023840184,0.882432252,3.442194316,-19.35446101,3.495364666,0.636569179,3.4663065,-7.86E-05,0.002342532,0.00060151,19.2177698,13.181149
550,0.176944444,0.1446,0.036400399,0.23703007,-0.169379706,-0.176099514,-0.073722212,0.065334887,-0.103738118,-0.029200349,-0.099231857,-0.095194173,0.469197116,0.38095592,0.051700457,0.38602233,0.348823847,0.220021686,0.377148242,0.256503773,0.220558553,0.124779095,0.056350753,0.163638396,0.067432854,0.117592127,0.014172898,0.079889338,0.01825847,0.05980603,-0.030215483,-0.017838225,-0.169260568,-0.109991914,-0.091257299,-0.082229454,-0.10982449,-0.013545016,0.867700446,3.285381901,-18.35858718,3.337906599,0.632340612,3.31111344,-1.52E-05,0.001669582,3.22E-06,18.2130593,14.20876
551,0.277777778,0.0186,0.120082426,0.258321435,-0.192707087,-0.108180897,0.114950612,-0.077205646,-0.194871718,-0.167144894,-0.144131496,-0.137969878,0.371872637,0.356568047,0.009657948,0.000757486,0.033000589,0.15172111,0.1906645,0.206909072,0.062328989,0.225624838,0.005349939,0.050179975,0.07087238,0.015319276,0.152691099,0.143862015,0.102846394,0.043016212,0.060158395,-0.074958405,-0.113816404,-0.180442865,-0.184711009,-0.040810831,-0.05731902,-0.071828343,0.836917713,3.385073045,-18.17978142,3.435207605,0.595460336,3.42972453,7.75E-05,0.000912933,-0.000404544,18.1986972,12.188757
552,0.18,0.09,0.067426805,-0.223918608,-0.131445254,-0.189450176,-0.113387198,-0.01372018,-0.173139067,-0.049603519,-0.145116561,-0.126360766,0.139083372,0.475246734,0.014770405,0.28814944,0.174166335,-0.055518239,0.12014649,0.315753113,0.214984837,0.001640885,0.269899713,0.17834547,0.136214933,0.010485245,0.011850654,0.03585345,0.083777002,0.033707096,0.03825561,-0.058707649,0.041519369,-0.144374578,-0.192788736,-0.048676254,-0.06463587,-0.080842848,1.075091693,4.092326544,-24.03310937,4.157352448,0.780630025,4.10431357,0.000120495,0.003313043,-0.00086186,23.7244175,13.141089
553,-0.088888889,0.2706,0.184660102,0.208704969,-0.047684786,0.018401552,-0.088121197,0.008003937,-0.117204738,0.024599926,-0.041587183,-0.02721824,0.235272655,0.064849451,-0.027139128,0.358601589,0.040845651,0.11201497,0.34349131,0.394363015,0.156088139,0.212990926,0.15745681,-0.032553597,0.133042007,0.135901453,0.16992783,0.141451973,0.146780148,0.086426443,0.014767981,0.054867675,0.009539189,0.01882608,0.013877322,-0.113574385,-0.026606101,-0.038167426,0.958107217,3.640937089,-21.41553143,3.69890213,0.696127929,3.65317867,0.000136268,0.004290652,-0.000757839,21.1658386,12.283007
554,0.390833333,-0.12,0.112330719,-0.040397406,0.211741255,0.043625326,-0.143295721,0.087732721,0.040155236,-0.192994355,-0.03784,-0.010383136,0.383706607,0.140710826,0.381279868,0.143995831,0.026239889,-0.037227177,0.339365158,0.231579318,0.107730474,0.201122398,0.01044726,0.214458387,-0.011169881,0.174080747,-0.007984127,0.038810371,-0.010017786,0.005483117,-0.055803685,0.081111762,0.007564856,-0.11493266,-0.047654959,-0.053178192,-0.110319582,-0.08537005,1.046751305,4.018736731,-24.14823215,4.08196497,0.752468321,4.00562633,-7.96E-05,-0.000151864,0.001146009,23.6258642,12.054721
555,0.103611111,0.1656,-0.042160218,-0.239259735,-0.022711716,-0.009467531,0.008988005,0.080318617,-0.1660847,0.026238908,-0.074301914,0.011540187,0.24468302,0.142579668,0.03842275,0.051488603,0.185478435,0.395193801,-0.003009981,0.268163086,-0.049398374,0.15222721,0.031121526,-0.029994049,0.136607325,0.08498501,0.181748088,0.176067595,-0.00137949,0.026725511,0.08484146,0.085489428,-0.158226088,-0.122372645,0.002744338,-0.102974207,0.018692977,-0.05278601,1.074689141,3.778763213,-21.45724731,3.84452486,0.800505848,3.80738938,9.67E-05,0.002569945,-0.00044382,21.2733797,11.861451
556,0.277777778,0.2874,0.042582247,0.261966506,-0.12154444,-0.090393321,-0.035975565,0.086873824,-0.039220401,-0.102686278,0.001656542,-0.022012684,0.48667089,0.354091377,0.432428869,-0.061695526,0.086491378,0.061366341,0.118572726,-0.068348982,0.128338901,0.20971792,0.023180277,0.170420049,0.166643439,-0.011784609,0.021555519,0.027919645,0.118909486,0.037900481,0.028362703,0.075375091,-0.163295321,-0.01317637,-0.072140472,-0.038175165,-0.009287979,-0.022327164,0.804926515,3.427728225,-19.09241692,3.475527287,0.559273454,3.43587424,6.70E-06,0.002288678,0.000167955,18.8623604,11.412698
557,0.231944444,-0.0276,0.098059883,0.259632864,-0.233593794,-0.136187266,-0.019813601,-0.078888902,-0.138492342,0.022331179,0.001471,-0.031035218,0.205589281,0.05154293,0.105699091,0.134246923,0.057372039,0.25015182,0.196229129,0.153428594,0.162655068,0.178067376,0.260911004,0.198537258,0.11730068,0.180406276,0.121291939,0.164305398,0.110321002,0.059717803,-0.072254264,-0.018508155,-0.01410952,-0.062254954,-0.124551663,-0.090634848,-0.056165282,-0.091326051,0.835672491,3.169348635,-16.73474395,3.219921827,0.608618618,3.21310418,3.68E-05,0.002688875,-7.02E-05,16.7781983,12.706783
558,0.274722222,-0.015,-0.025771778,-0.085332969,0.163566415,0.017274544,0.056634781,0.050864177,-0.148538014,-0.184121207,-0.043294524,-0.032414614,0.284020161,0.084588237,0.422259288,0.150695232,0.198233361,0.134474617,0.140709742,-0.009315906,0.045031886,0.070452479,0.155209862,-0.006010843,0.038481312,0.194949643,0.078823326,0.128319381,0.030428273,0.002507297,0.066939704,0.021910414,0.01001777,-0.141988829,-0.178145043,-0.107938883,-0.022887504,-0.031886306,0.94585418,3.773748622,-21.67096684,3.830535412,0.674169253,3.78125188,5.00E-05,0.002097359,0.000288232,21.3892518,11.363124
559,0.002777778,0.2958,0.106546259,0.179586696,-0.001336851,0.058150798,0.101624793,-0.013906189,0.052020059,-0.104404508,-0.074210439,-0.03519953,0.0852448,0.348566047,0.371577319,0.209820075,0.019321435,0.270436097,0.260214324,0.314742462,0.002816214,0.129770634,-0.042741866,-0.016482485,0.0595443,0.05173441,-0.019294071,0.04499123,0.081007333,0.036877612,-0.027391325,0.052189722,-0.016711969,-0.078992784,-0.108011518,-0.115014084,-0.107567466,-0.014795731,0.890095852,3.684159604,-21.58622688,3.737275124,0.625065006,3.68897235,0.000294798,0.002135943,-0.002282202,21.2989664,11.936166
560,-0.079722222,-0.0108,0.117946444,0.021988762,-0.052023223,-0.153388917,0.05275831,-0.075229923,0.000348045,-0.05814934,-0.026678035,-0.122002266,-0.099847067,0.339868708,0.434702941,-0.067893961,0.01637959,0.300729698,0.353209488,0.161285479,-0.040622975,0.195905039,0.04765041,0.296910039,0.151101053,0.037199845,0.09799971,0.137075336,0.147182051,0.050502282,0.069873733,-0.064347789,-0.084973345,-0.184049197,-0.136853638,-0.098850785,-0.013556859,0.002830793,1.022628796,3.664278212,-20.90967185,3.726687193,0.756363028,3.69311083,2.20E-05,0.001009943,-0.00022485,20.7292222,13.296497
561,0.121944444,0.2244,0.131960631,-0.014482036,-0.243127115,0.188862478,0.138478785,0.070011825,-0.006990655,-0.183831937,0.006992053,-0.061600581,0.396681195,-0.064247701,0.38006831,0.035098237,0.275720751,0.092236105,0.330669036,0.051407401,0.002461332,0.172319582,0.178313087,0.173454812,0.032571979,-0.013374592,0.188391478,0.171755544,0.125434592,0.020688804,0.095752341,0.022234239,-0.138222555,-0.085111953,-0.08605286,-0.081272234,-0.081699333,-0.09920265,0.981947914,3.640557005,-20.78787134,3.700186014,0.718319989,3.67143825,1.37E-05,0.001943849,-0.000162395,20.632231,11.76103
562,0.213611111,-0.057,0.183899244,0.014537214,-0.050577237,-0.01086624,0.110396316,-0.045765561,0.059156943,-0.066435366,-0.118155223,-0.04721853,0.157699138,0.28109303,0.041510648,0.373514448,0.316382312,0.270571115,0.205598245,0.220971705,0.223287043,0.219798858,0.064146722,0.252999645,0.098020749,0.186455676,-0.030994462,0.188007608,0.098497636,0.069233713,-0.099376961,-0.080707148,-0.10485139,-0.156363737,0.019822397,-0.138498973,-0.085263642,-0.066534014,0.933321163,3.431908662,-19.58451978,3.488653898,0.684787115,3.45835404,4.73E-05,0.001821068,-0.000307975,19.4361814,13.46088
563,0.225833333,-0.0024,-0.093440627,0.277288382,0.156659882,-0.100332468,0.114698424,0.031218291,0.063951175,0.007058387,-0.03327617,-0.007889777,0.387069646,-0.088813437,0.386907471,0.101497474,0.129469506,0.088195713,0.026795332,-0.050282245,0.273647008,0.19308149,0.267894241,0.076166917,0.172771436,0.028389348,0.098917879,0.033450555,-0.007617063,-0.004817591,-0.058219699,0.098701873,-0.066849996,-0.10397993,-0.138850019,-0.10369642,-0.114525411,-0.049997245,0.76678466,3.028322451,-15.8153508,3.074433804,0.548642464,3.07585014,-5.32E-05,0.001917921,0.000249658,15.8963576,11.081866
564,0.149444444,0.0732,-0.003640664,-0.053680889,0.072859953,0.159201865,-0.06435302,0.07191857,-0.181293682,-0.079116648,-0.047669892,-0.139821688,-0.082901932,0.452869424,0.334162668,0.366300546,0.336697559,0.313655729,0.389614751,-0.056049053,0.198911436,0.131983279,0.090463234,0.095283964,0.074512288,0.101811082,0.154253052,0.102645702,0.007715781,0.085347767,-0.096906948,0.065774666,-0.056802531,-0.16540527,0.025352319,-0.002865978,-0.086252941,-0.025312417,1.017479902,3.719876117,-21.9935557,3.781790495,0.747129029,3.72581473,7.01E-05,0.001722698,-6.53E-05,21.6573104,13.087438
565,0.241111111,0.2328,-0.093808181,0.244711906,0.209791426,-0.16736626,-0.094203714,0.020891574,-0.12264753,-0.012324609,-0.141624768,-0.082316908,0.023520088,-0.031170449,0.336064865,0.110563789,0.147732714,0.026088868,0.33415089,0.397829487,0.102704428,0.125331338,0.247714456,0.014862715,0.022668308,0.093013479,-0.019508607,0.006221366,0.08288625,0.041566493,0.027655951,-0.009394687,-0.193621223,-0.143602445,-0.046220751,-0.054071924,-0.070591544,-0.087880365,0.824148108,3.52137211,-19.89007022,3.57028389,0.571891477,3.53517887,-0.000102065,0.000978354,0.000598162,19.6663991,11.785019
566,0.085277778,0.2958,0.137535396,-0.187191915,-0.107138161,-0.000585074,-0.103410692,-0.010080774,0.057603769,-0.13711886,0.021861674,-0.015715866,0.064737263,0.411963661,0.350506273,0.148797105,-0.010544601,0.22502624,0.264596354,-0.01733098,0.00846614,0.089209958,0.156624295,0.200531519,0.086988671,0.095090111,0.136115009,0.00912696,0.035756948,0.093624862,-0.059291156,0.034120209,-0.084690084,0.021079689,-0.128043237,-0.023497681,-0.055596312,-0.024747367,1.192480905,4.258339894,-25.60370499,4.331150055,0.882800796,4.25543265,-4.32E-06,0.001528505,0.000245117,25.100664,12.253273
567,-0.070555556,0.0564,-0.021383077,0.104043732,0.180973507,0.03787668,0.069860085,0.119342542,-0.162124869,-0.060824022,-0.03258472,-0.045484157,0.19536614,-0.09475502,0.402426077,0.37119487,0.197220867,0.296588383,0.082512446,0.035621463,0.201757544,0.067970688,0.279639405,-0.025829959,0.072264312,0.100127668,-0.018931225,-0.005398763,0.053172725,0.052017472,0.054069683,0.082196095,-0.118787347,0.029037082,-0.07419121,-0.076676583,-0.086494947,-0.086847993,0.999399299,3.493061759,-19.78102,3.554267406,0.744731298,3.53082882,2.52E-05,0.000696702,-0.000190311,19.688629,11.622025
568,0.201388889,-0.1116,0.064590542,0.220087342,0.068638913,-0.18322736,-0.061101566,-0.05928678,-0.030842799,0.035386907,-0.022800618,-0.033068015,0.209411113,0.007498884,0.11475901,0.396977694,0.331387506,0.147521749,-0.023816293,0.336011202,0.294323137,-0.012641027,0.191720745,0.223494543,0.00701176,0.016611093,0.178668975,0.148206723,0.131742322,0.023548265,0.090905068,-0.005961325,-0.090782067,-0.060916024,-0.052985438,-0.026285248,-0.119263227,-0.092302502,0.855356713,3.216580158,-17.66098533,3.268411398,0.624382401,3.25786852,3.42E-05,0.001009575,-1.07E-05,17.6575754,12.243276
569,0.125,0.1782,0.018827249,0.270715853,-0.102401652,-0.132659609,-0.071393186,0.025008782,-0.019850906,0.01808888,-0.001259297,-0.105990983,0.081973041,0.02634743,0.30171117,0.277404689,0.167196599,-0.071926492,-0.074069694,0.299264998,0.062690773,0.067538013,-0.001629494,0.268466038,0.018888964,0.141195089,0.068253218,0.055207317,0.098766064,0.012012898,-0.063271365,-0.075157432,-0.19393537,0.00634296,0.023998165,-0.000792709,0.000685565,-0.072922479,0.799293408,3.584014926,-19.94503868,3.631040335,0.543793017,3.59620092,0.00013442,0.001704384,-0.00061122,19.7761383,11.117223
570,0.036388889,0.1992,0.07887036,0.260312342,0.145579437,-0.160309888,0.046386169,0.097992022,0.060574182,-0.108980139,-0.114240441,-0.043210464,0.268431784,0.047383861,0.190281909,-0.038758449,0.116860731,-0.041764062,-0.05463319,0.36264852,0.108467735,0.041733518,0.24140858,0.256918199,-0.018813728,0.073833016,0.128428163,0.015067166,0.049588664,0.076848834,0.030161355,0.078230723,-0.134323627,-0.09493596,0.00210263,-0.04560358,-0.111277653,-0.071182296,0.837400988,3.550736575,-19.96391435,3.600501299,0.582888867,3.56613499,-1.27E-05,0.001883807,0.000253719,19.7584089,10.66105
571,-0.140833333,0.1446,0.069635821,-0.197546535,-0.04688926,0.040218728,-0.03013714,-0.068898799,-0.065155295,-0.015899934,0.026104816,-0.056465545,0.04028783,0.165536537,0.300392873,-0.061203506,0.345138142,0.149531461,0.215701189,0.034894694,0.019175931,0.142816674,0.170815125,0.281868557,0.193613446,0.186956633,0.031586129,0.078939425,0.143936903,0.019499075,-0.028130255,0.072939476,-0.139769095,-0.118556913,-0.004832239,-0.149226129,-0.062524856,-0.006796322,1.198005861,4.273981422,-25.52057164,4.347138882,0.888316978,4.28430496,0.000182964,0.001641166,-0.00092772,25.1484476,12.50699
572,0.183055556,0.1194,-0.064276829,0.202459845,0.163114158,0.007213822,0.108923815,0.012675716,-0.186931282,0.017470681,-0.090485455,-0.076748973,-0.093315638,0.481548655,0.1728479,0.198962757,-0.043154288,0.346533686,0.377432689,0.288574286,0.095621265,0.011178562,0.257278878,0.094218123,0.157186671,0.078108351,0.006427956,0.047923024,0.144967899,0.004970641,0.024795007,-0.049015993,0.031696686,-0.189792389,-0.125101351,-0.040974949,0.001887735,-0.075655664,0.808962388,3.139478519,-17.49713662,3.188261271,0.583021633,3.16258616,5.50E-05,0.002101743,-4.09E-05,17.343918,12.705063
573,0.0975,-0.0318,-0.076590085,0.26253419,-0.203556975,0.173209367,0.012504933,-0.090831595,-0.072904805,0.012782496,-0.097891433,-0.058831443,0.308288163,0.438125405,0.01421027,-0.002310011,-0.031351917,-0.014125739,0.178448129,-0.038198022,0.076867195,0.185482291,0.24937505,-0.011629365,0.140419792,0.157061844,-0.044094304,0.01292578,0.034496165,0.03593296,0.024138083,0.013399476,-0.076582218,-0.138816873,-0.037493119,-0.143526174,-0.021661791,-0.093996758,0.847903107,3.500245341,-19.06685754,3.55086565,0.596054595,3.53832163,0.00016942,0.0021241,-0.000810499,19.0686043,11.407006
574,0.033333333,0.0942,-0.036461258,-0.03071251,0.057247881,0.023051944,-0.098900663,-0.001628822,-0.07540608,-0.08341345,-0.00191598,0.021864233,-0.048621469,0.169345058,0.433578661,0.369744182,0.187391109,-0.005095063,0.215145359,0.066994834,0.051508458,-0.006431496,0.224115419,0.209560288,0.001746609,0.169434984,0.107777779,0.034800371,0.131003296,0.007918842,-0.017122274,0.070213503,-0.009716678,-0.02098444,0.00731557,-0.137427476,-0.113629471,-0.026368742,1.039412354,4.092683864,-24.2780331,4.155220032,0.744528429,4.09123616,0.000168036,0.001914812,-0.001286092,23.8759207,11.844579
575,0.051666667,-0.015,0.03170133,-0.004275898,0.086434396,-0.144117943,0.115561589,-0.004712494,0.063096425,-0.163789699,-0.125176042,-0.098290161,0.138048132,0.253020427,0.109363279,0.108751125,0.292605715,0.209813352,0.3765446,0.041220254,0.144116391,0.169896931,0.163515613,0.298930636,0.100612852,0.145279597,-0.009747478,0.15626504,0.019446065,0.002771448,0.077442354,0.083775937,-0.137150661,-0.101059641,-0.12323324,-0.117952916,-0.03528654,-0.01072819,0.981861349,3.668539293,-21.02255975,3.728094101,0.715786704,3.68857153,-0.000121906,0.000419876,0.00097315,20.7800226,12.972197
576,0.302222222,-0.1158,0.171891436,-0.187810895,-0.097427335,-0.155916309,-0.102537519,-0.081463617,-0.05201967,-0.017883867,-0.030496564,-0.129186438,0.213376628,0.393913715,-0.083290563,0.1408893,0.21625231,0.124947866,-0.029233264,0.035152921,-0.036071294,-0.002575189,0.210306468,0.107138179,0.075435464,0.133279043,0.119189677,0.159940079,-0.009113005,0.079618848,-0.032718285,0.082049531,0.008155817,-0.095592195,-0.112927364,-0.146654872,-0.064509766,-0.044428978,0.992801676,3.885879206,-21.59885882,3.945667744,0.714905567,3.92002275,-5.30E-05,-0.000168722,0.000304131,21.4945556,11.465099
577,0.161666667,-0.0318,0.164328392,-0.063365078,-0.207073646,-0.199543979,0.149866938,-0.065504113,-0.11593275,-0.0975874,-0.122450341,-0.08333488,0.078410301,-0.015634877,0.264049039,0.208057299,0.29210326,0.08026461,0.039143791,0.113464937,0.246240654,0.066205937,0.29450161,0.125965062,-0.016232413,0.116869203,-0.025995323,0.038965893,0.111491518,0.038100107,-0.066028813,0.028868233,-0.186691322,-0.069443238,-0.05679346,0.009477325,-0.07740349,-0.007110426,0.943406732,3.717714908,-20.59661358,3.774467468,0.677771176,3.76182737,6.04E-05,0.001891609,-0.000278399,20.590672,12.288744
578,-0.131666667,0.258,0.07393635,-0.100814317,-0.180052118,0.046111054,-0.059964132,-0.080907207,-0.089890241,-0.048110434,-0.12293033,-0.115976695,0.024107234,0.052274853,0.214673325,0.111715951,0.321444017,0.120349777,0.188196421,-0.051493428,0.032780104,0.08477856,0.039636552,0.090445766,0.183915681,0.148553586,-0.03393366,0.00801207,0.060649082,0.051261229,-0.090670937,0.027050973,0.037684117,-0.127486489,-0.059704935,-0.136523383,-0.109310419,-0.084740795,1.138615393,4.409606343,-26.16110324,4.478290558,0.820971993,4.42176768,0.000157659,0.001332564,-0.000763993,25.8640014,11.463485
579,-0.073611111,-0.0822,0.003554234,0.266336752,0.103533122,0.011643443,-0.08552301,-0.006521694,-0.031886863,-0.128689713,0.00982116,-0.052738553,0.099334325,0.197380965,0.316757455,0.300964838,0.125825132,0.396921456,0.267938415,0.325627174,0.05999461,-0.001930686,0.248341956,0.194336125,0.04525613,0.154926409,0.111364723,0.017967822,0.047916219,0.05318845,0.009443217,0.09172118,-0.103234494,-0.126541362,-0.090341663,-0.108934768,-0.116363259,-0.055230234,0.955593736,3.477966619,-19.81997147,3.536153316,0.706037418,3.50206276,2.30E-05,0.001037889,0.000188011,19.6134611,13.369341
580,-0.110277778,-0.1158,-0.079424281,0.168227462,-0.199614771,0.002867707,-0.083116989,-0.025622444,-0.173568366,-0.19364284,-0.002975746,-0.105353006,0.47045746,0.125549221,0.305472411,0.062516903,0.164984318,0.162378636,0.043165843,0.297649642,-0.039711989,0.047652918,0.205193983,0.066217578,0.191854255,0.188383831,0.045433483,0.096669804,0.063004174,0.028282573,-0.015127355,0.020891364,-0.113349203,-0.188737153,-0.128407451,0.005243553,-0.034560341,-0.083651923,1.051890657,3.757160263,-21.02888759,3.821384192,0.78103545,3.79743287,-5.83E-05,0.000436144,0.000917725,20.915327,13.279474
581,0.121944444,-0.015,0.032526996,-0.126745863,-0.194742901,0.160915972,-0.120327201,0.025608312,-0.166328999,0.014459045,-0.068679804,-0.04216277,0.023015801,0.483380859,0.168897489,0.056311262,0.093023658,0.018489211,0.370508094,0.206210109,0.299201297,0.019208427,0.052104602,0.010865375,0.151888377,0.185062641,0.060467442,-0.016464364,0.125646347,0.045563364,-0.012236312,0.080303196,-0.091534374,0.020654594,-0.097955909,-0.127216474,-0.02390199,-0.095639906,1.066549473,3.962852006,-23.32009517,4.027597427,0.779557906,3.98470449,9.88E-06,0.000968755,0.000102035,23.0746879,13.082821
582,0.008888889,0.2286,0.179799389,-0.13877755,-0.00966294,0.106044343,0.06935668,0.098769515,-0.03524624,-0.033995064,0.005342466,-0.108233017,0.141334594,-0.046982082,0.336386966,0.352889012,0.239649576,-0.045986006,0.302642495,0.353898772,0.158467704,0.214966356,0.197671553,0.023476181,0.178897016,0.177053896,-0.011188699,0.078680993,0.107319083,0.054482864,-0.071265418,-0.005339375,-0.03312258,-0.128655629,-0.146882151,-0.017707771,-0.016416463,-0.083306461,1.105808695,4.010239058,-24.38006509,4.077607632,0.815429993,4.01025945,0.000131879,0.002091789,-0.0005034,23.9823651,12.551312
583,0.100555556,0.111,0.029428402,0.237850189,0.026568815,-0.042883912,-0.144948234,-0.106937061,0.064659624,-0.142836829,-0.059297294,-0.046169645,0.168799376,0.389607631,0.03142127,-0.031496142,0.063976861,0.280846929,0.35947685,0.337163112,-0.005670008,0.111881324,0.071774088,-0.017113215,0.045996295,0.059081616,0.063197385,0.19942744,0.038902802,0.017690979,-0.079241891,0.084392765,-0.013069125,-0.12028743,-0.128649037,-0.024279746,-0.067710969,-0.061124336,0.92968057,3.636980686,-20.83760999,3.692972422,0.668145086,3.6494223,2.61E-05,0.00200731,-0.00027281,20.5689094,12.31132
584,0.3175,0.0984,0.010470327,-0.072419847,-0.072938474,-0.176386535,0.050054288,0.07293189,-0.09290265,-0.091540307,0.016153522,-0.126176581,0.384717853,0.171271442,0.076398186,0.029817518,0.060417998,-0.074581397,0.270407705,0.079280751,0.268442682,0.004012088,0.10681204,0.040360015,0.178557627,0.073639817,0.145236491,-0.021159249,0.005849606,0.00364333,-0.051926196,-0.026420981,-0.083641372,-0.14595738,-0.050816892,-0.111360308,-0.014769505,-0.062826393,0.887944583,3.661637227,-20.46489903,3.714657545,0.626844345,3.67912198,-7.25E-05,0.000515878,0.000931241,20.2619133,11.92955
585,0.213611111,0.0228,0.014936903,0.114201624,-0.099556514,0.092856292,-0.149043238,-0.077578949,0.03046463,0.018446947,-0.137613663,-0.104156772,0.270874347,-0.005176432,0.424020961,0.363675313,0.20931593,-0.075123403,0.037262018,0.030732261,0.040992554,0.231338097,0.094357799,0.022532071,0.17647134,0.197925915,0.038647389,0.094708718,0.012755074,0.085061435,0.040229979,0.02021406,-0.120005227,-0.139399145,-0.04588035,-0.080438268,0.004667371,-0.063509677,0.89935524,3.763439958,-21.45727889,3.817008257,0.629217141,3.78963432,-9.10E-05,0.000261416,0.000259136,21.340401,11.382686
586,0.357222222,-0.12,0.137221205,-0.204300808,0.165473784,-0.094649751,0.136311026,0.030016039,0.031621753,0.013157014,-0.003208979,-0.110123799,0.440913638,0.008392904,0.259701169,0.238724435,0.221038574,0.044891099,0.304747386,-0.003276857,0.092892911,0.049286243,0.008033311,0.110307752,0.09970772,0.039521783,0.114843945,0.114128022,0.013233364,0.050994144,0.082816657,0.010120803,-0.156575385,-0.132527577,-0.07649465,-0.14096198,-0.049604577,-0.076332689,0.871602825,3.579948978,-20.11773689,3.632028341,0.614668102,3.59565327,0.000126069,0.002528717,-0.000506799,19.9264035,11.7702
587,-0.070555556,0.1236,-0.095379488,0.237232324,0.201801866,-0.105060459,0.058512371,-0.071780145,-0.038481974,-0.088373645,0.028718639,-0.123013992,0.129620278,0.275128235,0.230856996,0.145718285,0.046530719,0.217397256,0.347773811,-0.054098369,0.14517712,0.093433685,0.181632046,0.117424074,0.015766402,0.082635235,0.139630421,0.197304266,0.033574159,0.04511691,0.086509805,-0.070907151,-0.191946548,-0.113159052,0.028293961,-0.012855739,-0.081639265,-0.037890728,0.89588775,3.472137335,-19.37725134,3.526173353,0.64535433,3.49680776,0.000257644,0.001239887,-0.002292292,19.2113148,12.152772
588,0.216666667,0.1866,-0.098916165,-0.017773707,-0.085522148,0.149458829,-0.057970564,0.051505592,-0.150783385,-0.040313948,-0.105535151,-0.049110762,0.416126273,0.089536918,0.430895606,0.317056643,0.079255478,0.073053411,0.234476221,0.356387301,-0.026496243,0.054127694,0.169754482,0.296641504,0.025616901,0.15473792,0.08422545,0.159587974,0.001827114,0.099934194,0.09842159,0.033190914,0.016891643,-0.045477359,-0.197348516,-0.032164835,-0.017046651,-0.010391843,0.950396608,3.581825499,-20.74518717,3.639396667,0.692075916,3.60385331,3.14E-05,0.002106898,0.00011442,20.5353812,12.791498
589,0.219722222,-0.0612,0.024559921,0.051476871,-0.136780516,0.109550495,-0.058429422,0.105894118,0.053053177,-0.192437213,-0.135773299,-0.080149749,0.009017841,0.057231634,0.021778821,0.310933427,-0.035801995,0.278826427,0.139640413,0.218660201,0.249442485,0.13618775,-0.044392113,0.18826616,0.08741445,0.112468904,-0.011785102,0.013726384,0.145554039,0.076077158,-0.099552439,-0.064201662,0.000131642,-0.112283188,-0.032636689,-0.089034093,-0.035854317,0.009475129,0.992163485,3.855336275,-22.41831852,3.915154696,0.714425759,3.87258473,-8.00E-05,0.001541084,0.000513866,22.1497167,12.110042
590,0.146388889,0.2076,0.176067327,0.117137698,0.23819634,0.180274648,-0.067995081,0.03564605,0.007509198,-0.050318042,-0.031579076,-0.093589521,-0.052227637,0.040483769,-0.028847555,0.3570535,0.258473048,-0.039059035,0.321268094,0.186650118,-0.04441336,0.2123826,0.207603732,0.277665135,0.069547901,0.136851163,0.101759409,0.030288736,0.148880391,0.047951857,0.036209958,-0.041000806,-0.090993049,-0.170527725,-0.146654573,-0.059272072,-0.079680105,-0.063788069,0.940802151,3.795005619,-22.50080795,3.851388216,0.665280632,3.7878067,0.00012463,0.001682136,-0.000958378,22.0932893,10.581128
591,0.164722222,0.069,-0.098654677,0.171420228,-0.087264597,-0.141533722,0.116888763,-0.030152883,-0.037469095,-0.190950791,-0.127833362,-0.041160137,-0.095762339,0.408428503,0.211430865,0.26921674,0.03630643,0.347340604,0.155114107,0.210396983,0.12494485,0.033923058,0.079700328,0.183499761,0.199242928,-0.014217112,0.14698374,0.052670214,-0.021645659,0.037365433,0.019424384,-0.023043122,-0.196874594,-0.153910951,-0.012259523,0.00710913,-0.110800807,-0.06938975,0.863626564,3.473461393,-19.16924988,3.525243759,0.615941397,3.50441652,-1.04E-05,0.002099392,0.000157459,19.0628018,12.974485
592,0.125,-0.0738,0.14805176,-0.12832559,-0.032107179,0.151139787,0.00186176,0.064956367,-0.168925679,-0.049187883,-0.035469522,-0.082805563,0.038031349,0.282266297,0.187653646,0.095751902,0.220520366,-0.068543225,0.234895695,0.010421958,0.23179183,0.245027938,0.19922414,0.026477096,-0.007682177,0.094370622,0.087176494,-0.015787804,0.001418183,0.095920106,0.086159663,-0.023773149,-0.195708693,-0.195466261,-0.160066276,-0.128308932,-0.048185132,-0.070869427,1.022696407,3.942885528,-22.88424426,4.004620552,0.737088204,3.95778524,-0.000210281,0.000117717,0.002287863,22.6442463,11.733315
593,0.073055556,0.027,0.114415522,0.09154697,-0.064964318,-0.195161004,0.143741955,-0.05151367,-0.037958107,0.047885318,-0.11947122,-0.084572661,0.434010715,-0.01348697,0.307688272,0.080679019,0.338999386,0.223637607,-0.022825851,0.160645984,0.021438211,0.020728533,-0.044013117,0.031233676,0.005782081,0.190890046,0.114173731,0.044789189,0.081209319,0.024088465,0.037309395,0.041386843,-0.079984683,-0.119033316,-0.04402219,-0.083944336,-0.048961752,-0.084544796,0.876606014,3.39778,-18.2819286,3.450652122,0.630749623,3.45341828,0.000116008,0.002274203,-0.000764764,18.3783841,11.578096
594,-0.088888889,-0.036,0.025232629,-0.234180319,-0.083940321,0.018675191,-0.034555992,-0.105316876,-0.151514718,-0.008185674,-0.149238245,0.008865392,0.062883686,0.096503946,0.201322924,0.306481657,0.174359487,0.025245018,0.059873605,0.336705971,0.270240171,0.217651512,0.037433617,0.219461934,0.196909086,0.073283717,0.143291237,-0.011877035,0.037763294,-0.014046266,0.088450623,0.046137732,0.040259432,-0.06596939,-0.18411564,-0.045233451,-0.099214322,-0.088497341,1.204069729,4.341344228,-26.09592919,4.41476059,0.892044154,4.36093036,-3.38E-05,0.00107749,0.000291695,25.8142118,13.034127
595,0.118888889,0.1992,-0.020124689,0.26680126,0.06633294,-0.080272575,0.117946519,0.044418508,-0.053117953,-0.18786204,-0.131522336,-0.018262489,0.358538915,0.276090887,0.300009069,0.278474182,0.145712143,0.07761074,-0.01841588,0.016209092,0.22654964,0.030211325,0.132281003,0.228296724,0.194334065,0.176452339,0.196700185,0.142289348,0.007058777,0.089800678,0.029678528,0.095780894,-0.128876537,-0.021712529,-0.050531853,-0.144281327,-0.098773906,-0.004769188,0.851918649,3.343325353,-18.7067646,3.394608021,0.611165214,3.36800782,-1.59E-05,0.001634439,0.000202864,18.5598911,11.771815
596,0.280833333,-0.0318,0.053373107,0.233659755,-0.059046623,-0.014580304,0.068360265,0.076540019,-0.044072448,-0.177863908,-0.030864856,-0.098497236,0.080890715,0.389219968,-0.076148411,0.244107333,0.122031412,0.35533563,0.020038424,0.260747863,-0.030007514,0.085797555,0.273355011,0.138965556,0.162411058,0.157406754,0.130647207,0.171490492,0.011634135,0.046506405,-0.086043045,-0.063784394,-0.062895516,-0.100795026,-0.037146121,-0.103857894,-0.022660491,-0.006344112,0.839412137,3.203762322,-17.20305991,3.254512548,0.609544872,3.24084923,0.000150186,0.001257347,-0.000786837,17.1766983,12.08285
597,-0.073611111,0.1614,-0.001372321,0.061307311,0.082755147,0.005530656,-0.101924526,0.055315789,-0.003280472,-0.148267164,-0.021315289,-0.020375566,0.33437287,0.369677669,0.093234976,0.125401516,0.212353797,0.322920168,-0.017161825,0.107155632,0.090976815,0.154085932,0.065435031,0.21706006,0.127836912,0.100222092,0.196864364,0.180767322,0.133934592,0.049956921,-0.06459602,-0.050468984,-0.135400649,-0.149282725,-0.002237614,-0.054985406,-0.018814894,-0.017860308,1.113244998,3.848640905,-22.52611985,3.916921854,0.833473689,3.8517764,2.76E-05,0.002663575,-0.000253546,22.1030217,12.488063
598,0.335833333,0.0732,-0.058617887,0.002338367,0.029713056,0.090445402,-0.008954353,0.057521782,-0.142754052,-0.026482172,-0.01150337,-0.095615757,-0.090723489,0.247812512,0.07903668,0.359250592,0.113037971,0.160943517,-0.047191657,0.290066654,0.143379575,0.175055135,0.011572097,0.238828954,-0.006024935,0.116501652,0.009959555,0.195184244,0.002987016,0.009833079,-0.003374853,-0.094358556,-0.098660185,-0.135183443,-0.130379314,-0.0190121,0.000967955,-0.04204492,0.849071993,3.601945669,-20.43052542,3.652399778,0.591521082,3.61889138,-6.25E-05,0.002419769,0.000641022,20.2423582,11.501953
599,0.219722222,0.0984,-0.008159345,-0.151803032,-0.216055988,0.17178978,-0.131159507,0.088837366,-0.091086117,-0.089963148,-0.139050127,0.024016973,0.431126421,0.399679833,0.162988788,0.27231913,0.322780255,0.318133717,0.086729553,0.086795972,0.007836397,0.10864697,0.028084117,0.190638712,0.191258877,0.166805575,0.038000629,0.115853127,0.054012853,-0.015558384,0.093412269,-0.063635832,0.02659029,-0.139614441,-0.145175516,-0.013860044,-0.0521388,0.000303063,1.078735329,3.881949925,-22.64882465,3.947742462,0.798301187,3.89895489,1.34E-05,0.000561116,-5.15E-05,22.355084,12.965359
600,-0.036944444,0.2916,0.144584093,-0.152629136,0.038404026,0.06683875,-0.051244114,-0.111383438,-0.013413215,-0.039539495,-0.147492997,-0.097320405,0.397802387,0.045328803,0.426813867,-0.013124533,0.086166497,0.248691112,0.06497828,0.332870997,0.15526255,0.227976878,0.07436769,0.285962366,-0.000349535,0.129828989,-0.02836567,0.179255471,-0.017243906,0.006536199,0.015110573,-0.053026996,-0.124382329,-0.054433023,-0.154664782,-0.12500539,-0.058898615,-0.05168774,1.226845743,4.112299318,-24.72730049,4.187862396,0.925693752,4.13873019,-6.41E-05,0.000713068,0.000260384,24.4515707,12.714777
601,-0.098055556,0.0732,0.02199148,-0.070799703,0.203658962,0.103236965,-0.04274734,-0.016451721,0.012976308,-0.17611892,0.007632585,-0.035868815,0.464379427,0.210268947,0.275587051,0.373029496,0.131261205,0.110774727,-0.067033966,0.014920734,0.113422179,0.098119001,0.225198602,0.253430477,0.017325671,0.079636476,0.110167745,0.04438647,-0.007919851,-0.010494867,0.097617367,-0.095438203,-0.136036574,-0.064559888,-0.133810267,0.014630589,-0.00629673,-0.080451336,1.210370262,4.130296649,-24.7192904,4.204666615,0.907984452,4.13939823,7.33E-05,0.001188593,-0.000953549,24.3177839,11.786562
602,0.2075,-0.0234,-0.099481343,-0.040889053,0.134235372,0.171154289,-0.008068765,0.016187653,-0.047052535,-0.18886423,-0.057728975,0.023042619,-0.099084203,0.011989529,0.36504253,0.118268815,0.269268422,0.216302676,0.249111443,0.162130318,0.085938642,0.244097433,-0.02385512,0.22422982,0.02966882,0.065800887,0.011275461,0.105169005,0.037478282,0.068978025,0.038055482,-0.00827584,-0.081376956,-0.14506539,-0.090953199,-0.110744614,-0.055171758,-0.073603175,0.99200805,3.978986785,-23.50461877,4.038493156,0.703635496,3.97025156,0.000138241,0.000114743,-0.000219085,23.072058,11.813651
603,-0.134722222,-0.0276,-0.087888635,-0.117058932,-0.162343672,0.152574228,0.14520681,-0.043878086,-0.188567592,-0.142523379,0.005522075,-0.015667115,-0.04939204,-0.056320164,0.313707849,0.223911893,0.039702838,0.011229237,0.011219066,0.302383532,0.229716779,0.04969783,0.085300022,0.293142746,0.110955962,0.193685859,5.71429E-05,0.029131508,-0.003810066,0.037556788,-0.09382081,0.042136782,-0.173906229,-0.196945745,-0.176143828,-0.076288626,-0.037088887,-0.041429472,1.089229771,4.089413479,-23.81964816,4.155432701,0.794892209,4.11263396,1.12E-05,0.001369271,8.17E-05,23.5803882,12.619961
604,0.241111111,0.2748,0.019517115,-0.157337445,-0.154380046,0.068294224,-0.067753777,-0.084928887,0.048885791,-0.145687186,0.029174965,-0.091761863,-0.043200893,0.086840432,0.338520928,0.077538667,0.253387001,0.328616294,0.060994286,0.384719546,0.189773215,0.058318585,0.18559133,0.067958629,-0.029695803,0.105930928,0.125097409,0.194061238,0.146591846,0.090933848,-0.08652664,-0.032629617,0.011485854,-0.143891693,-0.063058612,0.004768327,0.001968607,-0.025824252,1.063903571,3.889942224,-22.89340707,3.954680681,0.782470695,3.90407565,-0.000167406,-5.64E-05,0.001858828,22.5990433,12.473385
605,0.198333333,0.1992,0.099499441,-0.243793443,0.21282637,-0.060300152,0.063689718,0.050193199,-0.193930775,-0.151172246,-0.024734456,-0.064248394,0.355366313,0.077437125,0.397405178,0.119812644,-0.016961915,0.241844687,0.171607904,0.074747315,0.191771986,0.050703118,-0.029867716,0.099555501,0.160372923,0.110735859,0.094417192,0.090972607,0.072963508,0.013538355,-0.087379043,0.028480508,-0.188417647,-0.189101073,-0.084166353,0.009658538,-0.119606734,-0.01846254,1.124211405,4.034392413,-23.93443382,4.102985859,0.830566422,4.03727195,0.000236977,0.004970743,-0.002842984,23.4967781,12.256783
606,0.015,-0.0528,0.151084868,-0.180858793,0.185462571,0.009904181,0.126561831,-0.020159263,-0.088855365,-0.028261654,-0.037073031,-0.129675306,0.072263775,0.132792851,0.331410787,0.241990158,-0.001398167,0.221728359,0.335264075,0.086033078,0.027775673,0.181497068,0.109358639,0.181075977,0.083748163,0.103161596,-0.016879655,0.024118269,0.032699308,0.081361887,-0.064057955,0.061744059,-0.073333127,-0.043583743,0.028826407,-0.034109446,0.01927473,-0.056805305,1.039998288,3.980612235,-23.42679049,4.043462276,0.752770334,3.98167943,7.07E-05,0.002171392,-0.000183019,23.0645708,12.342422
607,0.066944444,0.1992,0.081187125,0.285838702,0.215491274,-0.163471264,-0.111724337,-0.059979261,0.035162174,-0.059578412,0.003582983,0.004975197,0.045742221,0.395177215,0.06713043,-0.079486897,0.065332845,-0.013378037,0.170851308,0.178478839,0.069218919,0.186533284,0.146124858,0.080324714,0.03444819,0.098895058,0.174011819,0.005713416,-0.010578494,0.015105664,-0.096597522,-0.036095336,-0.166579894,-0.153183779,-0.075529713,-0.096701887,-0.11160998,-0.00821539,0.873551094,3.662998873,-20.70252502,3.715011835,0.610019679,3.66829389,-8.54E-05,0.001374556,0.000406418,20.4085637,10.898928
608,-0.0125,0.2412,0.01455038,-0.124962296,-0.030952431,-0.066429499,-0.015362704,-0.053406425,-0.015638628,0.020283771,-0.139933853,-0.014081217,0.249847823,0.377633068,0.346239781,0.309804995,0.015094484,0.379250119,0.276050502,0.18863495,0.07218954,0.006524583,0.297463023,0.186511296,-0.018491432,0.040343483,0.028852688,0.026227343,-0.007211014,0.061239637,-0.051267674,0.026468419,-0.033266109,-0.17461284,-0.121309825,-0.119353791,-0.108341572,-0.052048595,1.100968206,3.731767123,-21.70123192,3.799476385,0.830129081,3.75868547,0.000109193,0.002250384,-0.000527942,21.4541483,13.669039
609,0.369444444,0.0312,-0.023370907,-0.240789481,0.119199947,-0.133807075,-0.013457698,0.047963728,-0.117715562,-0.00987966,0.01952653,0.020887165,-0.030324104,-0.066598252,0.213999463,0.315694729,-0.030549837,0.15690566,0.399976555,-0.030299056,-0.045246891,0.093284935,0.231542911,0.002313779,0.195204697,0.010769514,0.147976252,0.186395134,-0.02937584,0.054600182,-0.056512623,0.072334527,-0.011758317,0.028524808,-0.123533879,-0.040604528,-0.039776064,-0.093745067,0.963002963,3.81229792,-21.58832183,3.870187044,0.688623265,3.82970969,-1.14E-05,0.001949609,8.97E-05,21.3488184,11.358448
610,-0.043055556,-0.0612,0.191542556,0.140950432,0.190900963,0.14083205,0.016799346,-0.073714948,0.038357661,-0.194714889,0.014358379,0.001118096,0.028326853,0.273215756,0.189448378,0.057847741,0.023024533,-0.026665606,0.303967854,0.37485342,0.171155318,0.054673226,0.135227747,0.160060317,0.186005766,0.043000924,0.013973237,0.183484989,0.100998104,0.03286633,0.010048244,0.077795682,-0.071510649,-0.106999839,-0.175655453,-0.147638297,-0.091336745,-0.002795328,1.030394514,3.877373669,-23.16204852,3.939805269,0.748144231,3.8706984,4.76E-06,0.001434589,0.00021685,22.7150602,12.011003
611,0.280833333,-0.0822,-0.000228165,-0.032034206,-0.012985777,-0.169025796,0.062963738,-0.07352208,0.043627345,0.0150472,0.010544875,-0.066253602,0.312873699,0.041166762,0.133424724,-0.057700707,0.04929892,0.029555583,0.361160876,0.276860884,0.264692971,0.08967569,0.09946706,-0.026679851,0.131390575,0.041255839,0.117757706,0.147278258,0.12290199,0.045306501,-0.092957871,-0.055578435,0.023562276,-0.120985943,-0.107825605,-0.123351424,-0.106630025,-0.028521683,0.853559248,3.496762652,-19.32738035,3.547785997,0.603840244,3.51251252,5.68E-05,0.002859221,-9.39E-05,19.1596818,12.633127
612,0.3725,0.2748,0.023343985,0.173247381,0.14004871,0.006148318,-0.068667993,-0.105536284,-0.195201639,0.032622522,-0.141470181,-0.123324235,0.398881229,0.105048785,0.104132277,0.022524298,-0.027483504,0.144512132,0.294649408,-0.078729223,-0.047801585,0.197485405,0.056950096,0.146857559,0.049748531,0.072856234,0.096796237,0.042344,0.054385471,0.081917525,-0.039043114,-0.062806463,-0.06529383,-0.104605209,-0.154347304,-0.13093684,-0.036574489,-0.093104268,0.79946532,3.30798617,-18.06615517,3.355695963,0.560793958,3.33042001,2.94E-05,0.002904131,-0.000200852,17.9392048,10.525764
613,0.0425,-0.099,-0.062276811,0.178314547,0.244782461,0.107565254,0.120996162,-0.04916173,-0.090739467,-0.006765887,-0.008972958,-0.106655731,-0.025517576,-0.092413258,-0.068849721,0.073290516,0.175330843,0.22306479,0.077125814,0.265963586,0.021311561,0.083112804,0.10732075,0.007653738,0.079497298,0.196141033,-0.022559024,0.183064996,0.073869275,0.089038464,-0.059141125,0.035994884,-0.131119719,-0.076216297,-0.121824872,-0.069280416,-0.041933447,-0.000157421,0.815365159,3.487313475,-19.13605725,3.535695553,0.564699487,3.504659,0.000104892,0.003555273,-0.000408371,19.0035213,10.590194
614,0.088333333,0.2286,-0.007359903,-0.104896217,-0.180946681,-0.115822101,0.021130516,-0.018076716,-0.069146859,0.026575071,-0.056890799,-0.070972318,-0.000638115,0.120427899,0.071223007,0.048617273,0.028307887,0.354155655,0.043857898,-0.029583054,0.22245613,0.108235275,-0.00094261,0.214100215,-0.019653168,0.199197075,-0.033607425,0.154244929,0.027417351,0.072981156,0.005867866,-0.084808725,-0.049701121,-0.096164776,-0.199585437,-0.119569894,-0.033582028,-0.080050754,0.979228462,3.776924311,-21.2188498,3.836031437,0.705484963,3.79950356,0.000789238,0.002429344,-0.006223835,21.0572036,11.647224
615,-0.015555556,-0.1116,0.16568238,0.018848912,-0.231378776,0.042310537,-0.114418368,0.101191394,-0.097500121,-0.113333541,-0.123466677,-0.051933811,0.015819352,0.066786573,-0.039770406,0.234498904,0.154244177,0.201913743,-0.065459925,-0.04573204,0.181970896,0.191541399,0.022496784,0.282643955,0.088012467,0.028246644,-0.012889891,0.117111667,0.027639743,0.040410743,-0.020423048,0.066188624,-0.074816538,-0.04157284,0.019503836,-0.097893335,-0.096288479,-0.006045185,1.061362428,4.090053864,-23.50414625,4.154127598,0.76699223,4.11356908,-1.34E-05,0.002728894,0.000270569,23.3027552,11.188804
616,0.140277778,0.1824,0.146955352,-0.076292075,0.178612554,-0.158143884,0.138989781,-0.047269078,0.067337263,-0.14585364,-0.140305934,-0.06244512,0.055502234,0.039053537,0.304943699,0.007984003,0.205992589,0.187964845,0.24348088,0.172028336,0.078658749,0.005860551,0.024458764,0.182584796,0.189720541,-0.019334005,-0.012365557,0.182380324,0.112593982,-0.014764725,0.093587418,-0.026089869,-0.108347547,-0.007546806,-0.032099919,-0.103432487,-0.043193937,-0.08834844,0.983232797,3.848058687,-22.53763946,3.907271862,0.704118374,3.84818773,0.000165986,0.000702474,-0.000849043,22.1974284,11.413956
617,-0.04,0.2664,0.062347406,-0.170164253,-0.119929592,-0.032412252,0.082803211,-0.005714005,-0.170220324,-0.001439281,-0.122663279,-0.020901143,0.380574429,0.164980159,0.297353975,0.336862658,0.226362583,0.195215148,-0.055381845,-0.036532902,0.260097749,0.177178155,0.154111185,0.030898733,0.115413052,-0.006604878,0.022949988,0.049617543,-0.027750528,0.058653352,-0.003832176,-0.075826529,0.013360881,-0.022311237,-0.067315152,-0.104048575,-0.098010579,-0.044590777,1.118673843,3.884897711,-22.687284,3.953469038,0.835978676,3.92595824,2.25E-05,0.002669097,9.72E-06,22.5886392,12.123897
618,0.286944444,0.0984,0.096717311,0.099648801,-0.063240415,0.138470258,0.116002568,-0.012358035,-0.142223294,-0.166733781,-0.018998829,-0.005320644,-0.090154599,-0.080572793,0.140677308,0.012809104,0.204826289,0.271742665,-0.037623008,0.269075544,-0.020961522,0.096026777,0.174034228,0.21557979,0.031418212,0.055193491,0.199584093,0.05598648,0.004781275,0.039889308,0.079533176,0.083221026,-0.162692996,-0.06495476,-0.085477466,-0.026967968,-0.113905852,-0.02868404,0.84523213,3.483875097,-19.12771124,3.534348965,0.595589728,3.51890871,-6.33E-05,0.00205293,0.000752418,19.0895437,10.265772
619,0.195277778,-0.0696,0.176882331,0.192689163,-0.054879451,-0.124311162,-0.028442239,0.102598742,0.051859646,0.024909611,-0.120520677,0.024625982,0.40022408,0.216333129,0.107050887,-0.040380962,0.111084932,0.2461963,0.148987677,0.375708217,0.220099914,0.123268804,0.105756274,0.113663983,0.039125124,0.163963007,0.150962815,0.112906055,0.019667419,0.032000122,0.01595969,0.050650623,-0.046813458,0.02324437,-0.182534062,-0.062487692,-0.052440906,-0.060643388,0.843829655,3.25717434,-17.86050559,3.308102608,0.610322515,3.28513917,9.40E-06,0.002624247,-9.67E-06,17.7839095,12.591665
620,-0.003333333,0.132,0.126904509,-0.109527976,-0.145367312,0.03976179,-0.089094566,-0.052812925,0.055538907,-0.009714706,-0.045150487,-0.04224442,0.229298161,0.383126501,0.249808312,0.254036125,0.311886756,0.347774137,0.373741354,0.130149925,0.185876819,0.17135983,0.216246409,0.212475082,0.162942366,0.12688512,0.08194132,0.108914915,-0.016747419,0.075856341,-0.037860108,0.039797631,-0.027090853,-0.057886738,-0.101677916,-0.008829919,-0.006745615,-0.041230129,1.103662392,3.816936897,-22.64243838,3.884626627,0.82846848,3.83490596,0.000151078,0.001297597,-0.001415911,22.3487121,14.248252
621,0.366388889,0.2328,-0.022306836,0.184019663,-0.211200673,0.172876682,0.086277603,0.023053618,0.050127391,-0.00741361,-0.078749823,-0.111234044,0.139477441,0.464691881,0.152364434,0.212721099,0.257069272,0.052074845,0.286504075,0.023855853,0.080145207,-0.022614082,0.124362245,0.256007011,0.100172962,0.113754103,-0.048851948,0.057186286,0.133069295,0.091304706,0.018166725,0.001857589,-0.106809166,-0.106244028,-0.064745442,0.001793111,0.001357876,-0.074883554,0.765287942,3.27272701,-18.13035469,3.318138599,0.529844433,3.30055364,-1.26E-06,0.001700687,0.00017699,18.0452675,11.68326
622,0.351111111,0.1026,0.087488228,0.134118284,0.063707752,0.07223901,-0.003748947,-0.056415911,-0.128445766,-0.10530492,0.006719316,0.002874052,0.029905455,0.037652001,0.167702984,0.164288974,0.224907222,0.140211848,0.137887873,0.155514539,0.01446093,0.227497474,0.117514343,0.126402371,0.082493674,0.035995218,0.079017016,0.03962297,0.033090308,0.035030066,0.099365483,-0.07400795,-0.121801242,-0.065629409,-0.179125685,-0.040338991,0.000575223,-0.02031876,0.803279625,3.578856264,-20.16905225,3.626172304,0.548134716,3.59480479,-4.78E-05,0.000573965,0.000271019,19.9947702,10.652493
623,0.299166667,0.1572,0.085609455,0.109037214,0.168225274,0.057591828,-0.033037574,-0.07615002,0.001392992,0.041836059,0.000409727,-0.121277158,0.354488682,0.181742003,0.09788697,0.24824729,0.225357111,0.022729133,0.049691453,0.040033981,-0.017235311,0.156158383,0.251569565,0.292177418,0.137867138,0.087230596,-0.013439544,0.037822516,0.095666634,-0.001100223,-0.064375026,0.019909045,-0.108088973,0.014998101,-0.03052462,0.01522642,-0.051779245,-0.066095462,0.798866838,3.427369471,-19.1947868,3.474746704,0.553065449,3.43802423,0.000117035,0.002206601,-0.000335275,18.9985272,10.733332
624,-0.085833333,0.0564,-0.013466564,-0.134373158,-0.096790998,-0.163859445,-0.029709058,0.116727638,-0.010965988,-0.103668019,0.008621339,0.007364222,0.223663475,0.065016325,0.127503189,-0.026783954,0.323441228,0.109841922,0.192614755,-0.015595044,0.270972219,0.132865632,0.266934047,0.227136779,0.186614906,0.07942867,0.097662654,0.179073201,-0.008042449,0.013229929,0.065545337,0.022561507,-0.096881694,-0.148528179,-0.193150596,-0.031834624,-0.090132942,-0.047094567,1.143398281,4.046220157,-23.61095344,4.116123199,0.84975675,4.05507493,1.69E-05,0.00307161,-6.61E-05,23.2377477,12.751676
625,0.210555556,0.0606,-0.085173986,-0.232475595,0.042147156,-0.148509848,0.083797963,0.011742868,0.022021068,-0.09307862,-0.110046458,-0.019643095,0.404759508,0.270941046,0.184480845,0.18155329,0.044119368,0.3305683,0.167929493,0.057627241,-0.002069653,0.105962851,-0.019836727,0.145168308,0.156457781,0.034856807,0.002698612,-0.007151795,0.083932678,0.009844623,-0.043166172,-0.040322121,-0.080726093,-0.11973605,-0.038382904,-0.04577614,-0.023761807,-0.022153679,0.995045122,3.782169987,-21.46029856,3.842367649,0.723609228,3.80166461,5.09E-05,0.002206738,-0.000234836,21.2062755,12.696229
626,0.164722222,0.1824,-0.049505052,0.048742037,-0.114054921,0.049654068,-0.012548172,-0.038022528,-0.15815938,-0.007185051,-0.112388646,-0.098856488,0.027862152,-0.035188418,0.28480116,0.296434508,0.261258923,0.098064227,0.161168259,0.018853769,-0.019736684,0.091263519,0.136639899,0.140365509,0.174810243,-0.000948719,0.066267996,0.133398266,0.111887249,0.003266728,-0.047085246,-0.01082691,-0.118699079,-0.086832479,-0.106580131,-0.008343117,-0.104996871,-0.037515917,0.877725419,3.713776422,-20.77964255,3.765956879,0.611518375,3.73531626,6.54E-05,0.002473001,-4.25E-05,20.6279257,11.378439
627,-0.116388889,0.0438,0.103728466,0.158335359,0.190316474,0.085071274,-0.139623128,-0.082523256,-0.198776055,-0.103358106,0.008895154,-0.144873364,0.449271422,0.364811146,-0.015471772,0.250896729,0.056465523,0.178864249,0.031227116,0.118825204,-0.039303039,0.13659063,0.097132404,-0.028264974,0.01677151,0.052636354,0.122151471,0.027440389,0.079078493,0.076750603,0.008865377,-0.084689099,0.037873583,-0.174086288,-0.144677481,-0.003079892,-0.025906325,-0.047235747,1.042962652,3.885857436,-22.43944848,3.949145079,0.763334283,3.9108269,1.98E-05,-0.000372555,-0.000545854,22.2264768,11.246347
628,0.378611111,0.0522,-0.063442063,0.231278246,0.182251392,0.150393986,-0.079887529,-0.03436718,-0.08076529,-0.135346692,-0.096016145,0.001507129,0.145026403,0.308534641,0.341413247,0.323255632,0.101945685,0.322032546,0.248661907,0.264493552,0.290729852,0.137784675,0.019735992,0.233748765,-0.024692018,0.047193598,0.051567668,0.15350849,-0.012927829,0.027945846,-0.04124989,-0.061992768,-0.124115311,-0.03107187,-0.0739944,-0.106750304,-0.086806447,-0.047729171,0.836086432,3.280409639,-18.8582377,3.330741167,0.598720617,3.28822912,0.000135885,0.002879594,-0.000605441,18.6019734,12.823057
629,-0.043055556,0.132,-0.055821149,0.077375051,0.222766929,-0.118572731,0.065059409,-0.074282555,-0.003992886,-0.042393163,-0.104177521,-0.043933507,0.004974092,0.149905891,0.296488401,0.240864739,0.269666928,0.041109979,0.132898165,0.250864777,0.09684243,0.139559041,0.29935371,0.22568869,0.129181897,0.008238036,0.131706866,0.178367355,0.060096766,0.041033661,0.041790741,-0.00488495,-0.174656272,-0.173605352,-0.141252095,-0.098527717,-0.0094541,-0.045236147,0.968874932,3.714734214,-21.43156658,3.773270607,0.700349258,3.72694776,7.49E-05,0.002894294,-0.000191385,21.161322,12.347795
630,0.369444444,0.048,0.113945861,0.223213536,0.050752201,0.129605175,0.051068959,0.016454587,0.06968716,0.009720103,-0.109817703,-0.10686237,0.146398575,-0.087631534,-0.085105627,0.271406113,0.147947118,0.131699096,0.015770654,0.229580115,0.271867855,0.092034691,0.177668489,-0.03100038,0.153039471,0.029298199,0.146181479,0.068781733,0.05360557,-0.018758844,-0.033892981,0.094221011,-0.164590577,-0.17769335,-0.014877801,-0.034604364,-0.023120661,-0.087542416,0.768862458,3.117239839,-16.83784501,3.163279533,0.54442427,3.16421958,-2.49E-05,0.001583325,0.000156686,16.8927424,10.334565
631,0.079166667,0.2496,0.017139975,0.265713915,-0.101279174,0.049220831,-0.00528637,-0.082406025,0.003667983,-0.171700407,-0.036831459,-0.111972066,0.197272652,0.4261092,0.325572413,0.19761564,0.050184758,0.042838326,0.147844036,0.327723067,0.15926914,0.118126468,0.262059461,0.264866763,-0.003808915,0.032791229,0.039134451,0.164794922,0.106736667,0.013722427,0.09388792,-0.003674734,-0.014948219,-0.057219401,-0.103937522,-0.139283672,-0.045328288,-0.045001477,0.889231754,3.535797679,-20.42001935,3.589214325,0.63513571,3.54986533,0.000110069,0.002848909,-0.000576432,20.1973815,12.491159
632,0.326666667,0.2286,0.018702991,-0.07500732,0.010797797,0.148384037,0.112410417,0.002082871,-0.032595039,-0.003824578,0.002349032,0.018949455,0.436932225,0.330729701,0.073499464,0.102747061,0.205625416,0.220794526,0.349074224,0.165856562,0.06063883,0.117261428,0.205761741,0.196175538,-0.025214704,0.07034981,0.027465022,0.055624835,0.059498752,0.073065838,0.018974257,0.075912428,-0.007598557,-0.157334015,-0.088017506,-0.020381471,0.019538469,-0.042530998,0.856960825,3.3432524,-18.93688107,3.394886971,0.616572079,3.35573359,7.81E-05,0.001109211,-0.000243661,18.7259494,12.153297
633,0.131111111,0.174,0.029838223,0.136151075,0.058188345,0.108443187,-0.011696497,-0.0608881,-0.137807396,-0.108796329,-0.059887729,-0.038446366,0.409091587,-0.081145851,0.322649945,0.335018862,0.142029093,0.398160308,0.088143954,0.191972183,0.010879194,0.143373524,0.186112943,0.103319037,0.097235337,0.115091551,0.101392186,0.076939318,0.136900173,0.088328008,0.067700209,0.059154274,0.023205019,0.02952983,-0.051366056,-0.104281306,-0.104596058,-0.063565755,0.948583237,3.250865248,-18.13792833,3.309116125,0.712351492,3.29207492,0.000186853,0.003501586,-0.002445683,18.0944745,11.871192
634,0.027222222,-0.078,0.041280944,0.059544702,0.071001172,0.100404057,0.114077408,0.048728106,0.004533871,-0.156172977,-0.146954094,0.006601143,0.260872998,0.116236114,0.160148897,0.000915403,0.332499069,0.031906267,0.027651845,0.084969278,0.138799123,0.085164085,0.068902161,-0.027258708,0.121696813,0.183625785,0.103575982,0.131777182,-0.011845402,0.009586826,0.000823017,-0.076705783,-0.081663321,-0.042727667,-0.022815246,-0.057948606,0.018439181,-0.036869535,0.92312671,3.800378231,-21.72897635,3.855514765,0.650821507,3.82353454,-2.98E-05,0.00201277,0.000354132,21.5584044,10.999937
635,-0.098055556,0.2706,0.105207922,-0.190531521,-0.127965754,-0.175658238,0.026955951,0.024889743,-0.120646408,0.0364204,-0.06744376,-0.032669872,0.337162668,0.16209302,0.280112855,-0.002972137,-0.040867057,0.245138933,-0.049155543,-0.048279965,0.003159413,0.139999477,0.234855268,0.146517999,0.064955539,0.022659604,0.062729264,0.13525454,-0.021821403,-0.017802492,0.027621952,0.059565587,-0.181622281,-0.172341144,-0.052531292,-0.079153292,-0.010357427,-0.090422392,1.14845289,3.92845375,-22.18769533,3.998996258,0.86316102,3.97278056,0.000123852,0.000981751,-0.000574634,22.0858285,11.637298
636,0.4,0.048,-0.025098717,0.180049122,-0.027455492,0.028310185,0.022665027,0.051375427,-0.127401423,0.002431668,-0.026057481,-0.041304183,0.475343739,0.446832244,0.138307185,0.393600468,0.247230842,0.019234384,0.345121058,0.32067819,0.285157871,0.209071557,-0.045220483,0.003284675,0.19154558,0.0261086,0.065264726,0.032735795,0.121494603,-0.006420797,-0.006928731,0.023023816,-0.018332939,0.00439202,-0.191491141,-0.028990899,-0.061040787,-0.098820461,0.798666619,3.19312065,-18.11817628,3.241054535,0.569307615,3.21533599,-1.05E-05,0.002150754,0.000149199,17.9826808,13.281695
637,0.057777778,0.0312,0.08510795,0.031464716,0.069265556,-0.086595394,-0.103842634,0.043293914,-0.041343096,-0.032413562,-0.062135186,0.008041048,-0.019548169,0.46611057,0.370554489,0.321102137,0.013356216,0.383555257,0.33866008,0.177501226,0.289061603,0.230203042,0.199129084,0.1055731,0.101611944,0.119615095,-0.037281448,0.041297046,0.064638704,0.016957791,0.033547588,0.07896115,-0.093078211,-0.070959745,-0.062559244,-0.014679966,-0.040294671,-0.081766404,0.995229642,3.666024935,-21.66823792,3.726518393,0.730264998,3.66728074,-3.10E-05,0.001607697,0.000445997,21.3124842,13.924868
638,0.314444444,-0.1032,-0.043006975,-0.245956314,-0.122949497,0.008295014,-0.097212622,0.077391967,-0.093756935,-0.058394254,0.002745816,-0.136656302,0.357438523,0.448552675,0.046234363,0.201422169,0.036579857,0.296405281,0.274985434,0.270307776,0.089928679,0.248805492,-0.011906654,-0.008540857,0.010778788,0.035111952,0.059742751,0.187154886,0.115295526,0.030499792,-0.06639431,-0.085222332,-0.059797555,-0.149463653,0.016870291,-0.132643594,-0.117817127,-0.095137861,1.046392119,3.837009886,-22.08934494,3.900655746,0.770320886,3.84941312,9.50E-05,0.003168549,-0.00015913,21.7849231,13.799333
639,0.07,0.1572,-0.040006039,-0.166774678,-0.220206132,0.12239784,-0.097685697,0.038002692,0.001450802,-0.018148418,-0.103748595,0.025234764,0.262737776,-0.085438404,-0.058789571,0.368525751,-0.027007085,0.356678554,0.179237511,0.069810954,0.228236395,0.190906508,0.025928899,0.202913773,0.19484014,0.066470848,0.109193299,-0.03721953,0.064405225,0.005248157,0.061448376,-0.055187161,-0.12106247,-0.100370932,-0.152626217,-0.13966817,-0.063692728,-0.076446966,1.102725489,3.870271621,-22.4301574,3.937766075,0.821645709,3.89945116,7.23E-05,0.001895588,-0.000684049,22.2113067,12.521742
640,0.338888889,-0.0612,0.089377475,-0.009765379,-0.033614926,0.058576831,-0.065946222,0.079838441,0.052471943,-0.044663342,-0.03568987,-0.003490111,0.14077749,0.068554619,0.332959581,0.224673897,0.28164948,0.114513671,-0.076868223,0.052550193,0.285829339,0.152826469,0.135596062,0.260090976,0.004818803,0.15820283,0.118772968,0.005299807,0.044511118,0.024031482,-0.065509973,0.004671654,0.032364764,-0.079928768,-0.111676022,0.008612765,-0.087304027,-0.041059441,0.915282449,3.590452398,-20.54154595,3.645553112,0.656085778,3.60837914,2.27E-05,0.003576071,-0.001296681,20.3398493,11.420883
641,0.057777778,0.0102,-0.080521666,-0.169210581,-0.092280898,-0.109465503,0.056192744,-0.063470382,-0.192210308,-0.059915781,-0.137332547,-0.062016949,0.178814706,0.004341067,-0.086007662,0.128899976,0.135042025,0.073512613,0.122136653,0.182593922,0.268065332,0.236573529,0.299828583,0.149552945,-0.009747864,0.062479222,0.17203325,0.10485779,-0.027069756,0.046448678,-0.00138299,-0.009094072,-0.165568488,-0.094011658,-0.154049594,-0.07903575,-0.002091949,-0.056017687,1.051418485,3.820860457,-21.36299843,3.884896278,0.776546281,3.86753574,8.79E-05,0.002789275,-0.001010558,21.3148531,12.578347
642,-0.021666667,0.153,0.147161081,0.170648425,-0.084295749,-0.05480157,0.020359894,0.108158138,-0.048140539,-0.119889282,-0.141118791,-0.078533427,0.348326119,0.359064663,-0.043800999,0.275245432,0.032259733,0.085291245,0.340322615,-0.001114143,0.286626674,-0.016743176,-0.013975471,0.180203411,0.108192324,0.050163563,-0.046241944,0.018577247,0.031269176,0.069943762,0.053342877,0.062469922,0.035199099,-0.19902897,-0.188538037,-0.037805018,-0.07107735,0.003928509,0.934374899,3.697090703,-21.44804526,3.753263474,0.666663683,3.70882743,0.00011142,0.001385701,-0.000392837,21.1825023,12.03284
643,0.247222222,-0.1032,0.021450457,0.137529747,0.195317184,0.058965014,0.068917676,0.022944263,0.042178294,-0.028779367,-0.00376213,-0.006881084,0.221740913,0.032934853,0.418179393,-0.046862727,0.01893701,0.006323456,0.30908307,0.174051373,0.225693978,0.232629754,0.137969195,0.071518609,0.088530251,0.030909582,-0.03627179,0.185563865,0.119391372,0.055162419,-0.010961349,-0.082294122,-0.1943459,-0.052153624,-0.168204005,-0.11611131,-0.112939668,-0.073103495,0.802405056,3.448449049,-19.29060523,3.496021748,0.555295685,3.46154156,-0.000104562,0.00134462,0.00049212,19.0810762,11.880923
644,-0.030833333,-0.036,0.182169302,-0.132420405,-0.009155535,-0.089191475,-0.149594467,-0.056038886,0.006908211,-0.1200912,-0.141741461,-0.056116024,0.494134327,-0.067978532,0.401021151,0.174643425,0.043539008,0.087892794,-0.01062804,0.038219116,0.06321678,0.151138389,0.100229369,0.186285079,0.048962988,0.130794754,0.165834589,0.142980758,-0.015803425,0.071198653,-0.068012269,0.049698253,-0.026785261,-0.004015139,-0.098095687,-0.134215102,0.013485616,-0.041593115,1.175899849,4.142246532,-24.09963002,4.214182854,0.87509738,4.17074552,0.000342141,0.003005668,-0.003999249,23.8675804,11.970632
645,0.060833333,0.1404,-0.034071302,0.075799405,0.01400212,0.084068184,-0.144654424,0.078450333,-0.093349327,-0.161988371,-0.140071701,-0.102858901,0.13173087,0.436393135,0.121938565,-0.070612634,0.251445921,0.299889225,0.068057971,0.195309936,-0.032695342,0.224224747,0.240042965,0.100484523,0.091742298,0.155297858,0.132642977,0.03841332,0.120340872,0.002669892,-0.086752569,-0.00388084,-0.039321543,-0.084992438,-0.110965953,-0.025039371,-0.00692518,-0.019282308,1.045656751,3.7788357,-21.92721662,3.842571974,0.772206211,3.79488577,9.59E-05,0.003377747,-0.00024182,21.6405477,12.166653
646,0.054722222,0.1446,-0.051285574,0.178847937,-0.141879815,-0.093047986,0.14819099,0.118435598,0.062149523,-0.179785984,-0.051977193,-0.103318442,-0.012865463,0.222651844,0.192546733,0.14268775,-0.042511682,0.391729122,0.070735338,-0.01775952,0.060287595,0.147103584,0.255252194,0.077347013,0.045037886,0.150169125,-0.02148167,0.164421796,0.117151064,0.00643862,0.023116143,0.045751495,-0.194459346,-0.084426743,-0.099323874,0.002367609,-0.101939718,-0.085573434,0.882457169,3.392302836,-18.29953496,3.445596457,0.638464658,3.42750442,0.000129385,0.002132363,-0.000703578,18.2379411,11.707607
647,0.348055556,0.2076,0.006255577,0.162927129,0.173000093,0.048276907,-0.118422595,-0.028742518,-0.141812949,-0.083091323,-0.033816128,-0.125435061,0.053524413,0.213386377,-0.056401084,0.376447568,0.124074252,0.27784108,0.056338709,0.381243874,0.17220862,0.136894867,-0.01232854,0.036567276,0.143516155,-0.009668358,0.062141569,0.133307061,0.059255465,-0.009914848,0.031114057,-0.079451448,-0.178089141,0.014636725,-0.007711273,-0.119093451,0.015955211,-0.027571032,0.842276143,3.517134889,-20.20883648,3.567321539,0.589427081,3.52733831,-3.86E-05,0.002011737,0.000153091,19.9682943,11.373876
648,-0.046111111,0.1782,-0.06027549,0.223926034,-0.037164695,0.04269349,0.077658849,-0.024255233,-0.019038683,-0.064460205,-0.140621172,0.00180315,0.378673146,0.467447251,0.4475745,0.258719331,0.144101663,0.234730654,0.395461119,0.234955032,0.121671569,0.045198299,-0.033985629,0.220883706,0.18680081,0.012332089,-0.04343833,0.155998683,0.116433027,0.039741395,-0.056782137,0.020770447,0.047600112,-0.026764171,-0.138421819,-0.060275782,-0.065945006,0.006857634,0.914785719,3.384571476,-19.56380304,3.440139055,0.669986539,3.40543687,5.84E-05,0.001844786,-8.62E-05,19.362579,13.903974
649,0.360277778,-0.0696,-0.025975136,-0.083718535,-0.040706153,-0.164250079,0.047127006,-0.020991928,-0.149244051,-0.073770424,-0.023891799,-0.103888443,-0.085905253,0.374634736,0.429844511,-0.004946996,0.066847268,0.389783427,-0.03580843,0.273919413,0.071268621,-0.027872907,0.24295934,0.064642926,0.069822071,0.035749721,0.080251835,0.181454538,0.056073102,0.065042807,-0.016589483,-0.066488531,0.032629351,-0.027763923,-0.144401203,-0.039813266,0.004132674,-0.005141619,0.922378746,3.408199674,-18.57375703,3.464239359,0.67741364,3.45981364,2.82E-05,0.001274668,6.77E-05,18.5916289,12.484425
650,0.07,0.2706,-0.04717058,0.159158226,0.105609957,0.00512535,-0.132571402,-0.037452878,0.024106997,-0.172026444,-0.079041745,-0.078209869,0.495361035,0.452372319,-0.073056691,0.322629132,0.045379789,0.168884853,0.065367353,0.168747768,0.269966746,0.071464974,0.063483911,0.057446611,0.093343402,-0.010162572,0.179763504,0.021310143,0.108873871,0.036267089,0.005420549,-0.07206052,-0.082682762,-0.190553327,-0.103195655,-0.080416657,-0.083509199,-0.027775663,1.01680224,3.739380556,-21.89864846,3.801200151,0.746141964,3.74916157,0.000229742,0.001228089,-0.002332447,21.5455575,12.193244
651,0.066944444,0.195,0.102569034,0.094587996,0.045268664,0.174306697,-0.066750272,0.062352568,-0.095898231,-0.0979084,-0.114525819,0.010234015,0.0958635,0.325368396,0.28600383,0.288873214,0.047887433,0.257168671,0.041480513,0.147338501,-0.00921866,0.179039008,0.148787058,0.019333768,-0.005723551,-0.004590804,0.037751404,0.008821939,0.002547147,-0.009856335,-0.017785965,0.044227921,-0.171766736,-0.07826646,-0.038641518,-0.057588113,-0.097659214,-0.031008938,0.951464269,3.812196581,-22.05943573,3.869281054,0.676370119,3.82855384,9.91E-05,0.003028477,-0.000425944,21.8295713,11.16186
652,0.360277778,0.0732,0.172080983,-0.236644332,-0.241715404,-0.091118125,-0.085690608,0.002653208,-0.05161895,0.039958088,-0.026364346,-0.072337995,-0.041061617,0.151810628,0.179896221,0.212358823,0.191475368,-0.04994312,0.090221359,0.098466933,0.106919357,0.127753855,0.252765039,0.063427077,0.171099876,0.128316617,0.091735272,0.064428913,0.062207179,0.095495685,0.064882994,0.00921494,-0.191082843,-0.068565104,-0.136015629,-0.073681431,-0.045622052,-0.039851108,0.957859045,3.936204765,-22.42919159,3.993433237,0.675523856,3.95240609,1.61E-05,0.002109548,0.000177607,22.2296105,11.666467
653,0.219722222,0.0858,-0.039090233,-0.067687548,0.004571084,0.115029056,0.137292121,0.019251958,-0.004993775,0.029588176,-0.136944748,-0.000856981,0.204429651,-0.016515897,0.077826795,-0.053229405,0.022580242,0.138945503,0.24971433,0.098004844,0.083036362,0.114494766,-0.021554784,0.085063076,0.021310709,0.011258617,-0.002360525,0.016313795,0.109555051,0.010452234,0.021896943,-0.065061984,-0.038579149,0.010555061,-0.023419443,-0.006735345,-0.078705926,-0.096209109,0.848466741,3.707619642,-20.83210606,3.757774115,0.583195147,3.72441043,5.52E-05,0.002492197,-0.000285348,20.6649687,10.588447
654,-0.143888889,-0.0234,0.152931374,0.218840066,-0.206231321,0.069580283,0.133634873,0.028324475,-0.17130308,-0.036775123,-0.032480349,-0.045900219,0.259542413,0.328683796,-0.055221097,0.18635791,0.053608846,0.153155924,0.159405986,-0.040708803,0.253054946,0.138618305,0.274325622,0.275993242,0.108814413,0.004090317,0.073178535,0.115243805,0.075140158,0.027715911,0.083275129,-0.002095805,-0.149647634,-0.043072414,-0.073000121,-0.145002132,-0.029016491,-0.015440641,0.925611095,3.464853201,-19.05845609,3.520980358,0.676839507,3.51359248,-1.16E-05,0.001821193,0.000201764,19.077246,12.26756
655,0.024166667,0.2958,0.166961294,-0.088816713,0.011502006,-0.106311446,0.043869917,0.082553477,-0.055479492,-0.035272766,-0.069737356,-0.037450766,-0.032039563,0.129229614,0.23352821,0.332354146,0.074615176,0.150540936,0.066316667,0.078768457,0.017201966,0.151582272,0.296109393,0.283829104,-0.023005469,0.081713152,0.041041765,0.150949084,0.135551749,0.023849031,0.032760156,-0.031297896,-0.015231601,-0.197345021,0.010497834,-0.048324801,-0.012624701,-0.007951294,1.036372119,3.959199425,-23.17829094,4.021848679,0.750670176,3.9778357,-1.82E-05,0.001309427,-1.93E-05,22.9141605,11.320587
656,0.155555556,0.0732,0.150733564,0.242933895,0.189987593,-0.11152901,0.011289376,0.046922947,-0.082572203,-0.040614461,-0.11177696,-0.019305188,0.005690132,0.150576523,0.37425781,0.333150693,0.06659519,0.359121474,0.231410711,0.322578006,0.093685984,0.182688475,0.149435779,0.18958332,0.081662792,0.186032318,0.179106731,0.040778312,0.037139299,0.028068758,-0.027175262,-0.060772434,-0.069130494,-0.169796456,-0.098395702,-0.058787187,-0.066512356,-0.007398246,0.819688466,3.224417187,-18.16159011,3.273741245,0.589575248,3.24244174,8.82E-05,0.002639748,-0.000286773,17.9952296,12.773026
657,0.076111111,0.0984,0.027972285,0.073181655,-0.065490188,-0.093284691,0.035339264,0.029826905,-0.116335893,0.028775567,0.003065564,0.017487638,0.441874588,0.278778777,-0.042416226,0.129069332,0.136796848,0.206834228,0.217846198,0.009827615,0.204733273,-0.015657576,0.081026455,-0.01874456,0.10756114,0.177229217,0.060922519,0.102903723,0.015290003,-0.008595804,-0.054043577,0.007355561,-0.047503677,0.02442155,-0.063489208,-0.04926249,-0.06142177,-0.021596693,0.88091605,3.428649571,-18.89483511,3.48174715,0.634639365,3.45924966,4.65E-05,0.001912157,-0.000143403,18.7946831,12.017593
658,0.3175,0.2244,0.11982316,0.110515207,0.12814465,-0.182035663,0.126727981,0.058270897,-0.091695295,0.022767339,-0.09322205,-0.128971259,0.225993272,0.097834843,0.355718847,0.183249919,0.088409556,0.008528989,-0.056286971,0.277891519,-0.014087099,0.158587724,0.146694294,0.150321993,0.064685663,0.099224053,0.008903334,0.181301461,0.103654478,0.017488156,-0.075798177,-0.007278225,0.005662101,-0.047862816,-0.086476324,-0.015193951,-0.072300514,0.009157419,0.764536327,3.367611968,-18.66220485,3.412739992,0.522217896,3.39033737,0.000110996,0.002845173,-0.000415463,18.5714131,10.774996
659,0.308333333,-0.0402,0.186148683,-0.081364074,-0.133677313,0.052035756,-0.001896142,-0.113276541,0.008944026,-0.103994115,-0.116968711,-0.087470526,0.443221471,0.122125953,0.004084355,0.042353995,0.324939377,-0.036080696,0.111830757,0.385452321,0.104562745,0.088402691,0.187918723,-0.005289927,0.076585755,0.045530694,0.151418,0.031635403,0.120657486,0.034316712,0.018450964,0.042426175,-0.055765921,-0.189137288,-0.116246885,-0.107279311,-0.001043118,-0.058055914,0.959707761,3.728079332,-21.12837553,3.785943747,0.691927426,3.75669267,9.22E-05,0.00284668,-0.000306973,21.0103532,11.922099
660,0.326666667,0.2034,0.157536035,0.052896157,0.009172005,-0.095850859,-0.125355419,-0.000780073,-0.055896249,-0.132772985,-0.110536282,-0.14838597,0.260316563,-0.070805787,0.11224663,0.259868197,0.249464139,-0.051668171,0.202681601,0.042905426,0.139778965,0.184348772,0.020919806,-0.029063255,-0.000252506,0.146238477,0.059070719,0.020104021,0.071744481,0.009239738,-0.006356487,-0.021968887,0.043328185,-0.062791201,-0.047913086,-0.080035062,0.002735525,-0.055569866,0.904378437,3.90555754,-22.73592099,3.959130049,0.623996409,3.90949096,-5.87E-05,0.000784692,0.000383973,22.4463141,10.428047
661,0.094444444,-0.0654,-0.0670469,-0.114234142,-0.106101939,0.15880238,-0.145951635,0.081957851,-0.118361759,-0.168418638,-0.146903256,0.016894525,0.321888577,0.304951502,0.026223842,0.076011086,0.284590989,0.368855116,-0.037979862,0.1945072,0.214442479,0.011907779,0.151719531,-0.015000927,0.106030223,0.057463908,0.119468387,0.070351238,0.023302846,0.085964196,0.008451776,-0.099961725,-0.19118626,-0.026392555,-0.139007597,-0.021283595,-0.001890683,2.75203E-05,1.174387644,3.869822801,-22.20904092,3.942317247,0.892714761,3.90261538,6.34E-05,0.001992734,-0.000575287,21.9921421,12.78472
662,0.137222222,-0.0444,0.150620304,-0.079562895,-0.051419514,0.055414753,0.119962624,-0.057384432,0.030910135,-0.172931299,0.01984439,-0.054793837,0.356701469,0.233187074,0.298948246,0.36507364,-0.014483883,0.090716393,0.111269468,0.024982334,0.160210003,0.165930678,0.201723285,0.173282986,0.124725299,-0.011500569,-0.003654774,0.008435281,0.087654859,0.062208238,0.089388558,0.096925203,-0.077559425,-0.022690157,-0.0140866,-0.024768065,-0.11272904,-0.019214795,0.977768547,3.84942021,-22.30666218,3.908248901,0.701793524,3.86299113,0.00013707,0.002115567,-0.000706052,22.0667391,12.106984
663,-0.027777778,0.153,0.192057207,-0.038492605,0.140449715,0.123647591,-0.047290074,-0.116088163,-0.141189514,-0.147509116,-0.064784218,-0.008855438,0.261741742,0.304050289,0.271983896,0.031628927,0.210003616,0.355076806,-0.078157443,0.071605411,0.217228456,0.166329997,0.271965602,0.169367242,-0.008125711,0.05776948,0.113597501,0.020924065,0.03944767,0.051722677,-0.06509839,-0.089401959,-0.0661741,-0.165987676,-0.155969897,-0.06760769,-0.010614021,0.006321964,1.186450446,3.81014614,-22.21564245,3.883627415,0.908854981,3.84599767,1.62E-06,0.002812586,2.39E-05,22.0140028,11.992473
664,0.29,0.0396,0.061301648,0.163724446,0.150121548,-0.18389424,0.08920912,-0.013562121,-0.143775708,-0.03705211,-0.107853158,0.011975606,0.214936734,0.189390699,0.189731646,0.158040311,0.251670233,0.105893521,0.114366666,-0.043330509,0.230717767,0.060287501,0.090100286,0.077110253,-0.026557189,0.020483351,0.115468821,0.156617047,0.049503345,0.074522391,-0.098432644,-0.081603186,-0.067756846,-0.151825497,0.005619957,-0.110857424,-0.116146263,-0.049095764,0.774758539,3.348121977,-18.16007185,3.394010544,0.535657331,3.3764773,-2.45E-05,0.00138354,0.000120602,18.0913021,11.208138
665,0.082222222,-0.0906,-0.054361139,-0.082513743,0.153508066,0.196694541,-0.040531583,-0.011267721,-0.10425134,-0.007683515,-0.06833823,-0.016037322,0.474519207,0.300610828,0.284210847,0.103243821,0.293393174,0.04159911,-0.00232362,0.124028272,0.015349358,0.22304614,0.287588655,0.255192017,0.175686848,0.037923923,-0.006640157,0.162111654,0.077769152,0.055935985,-0.085409821,0.039345669,-0.198637005,0.002949834,0.023051356,-0.073976014,-0.056284316,-0.04533184,1.005990029,3.776150929,-21.6948358,3.837126732,0.733529865,3.7952612,0.000150074,0.001144355,-0.001736698,21.4567089,12.482099
666,-0.0675,0.2706,-0.024375882,-0.107939945,-0.152680659,-0.195504332,0.080838108,-0.044591965,-0.057160583,-0.051684808,-0.012812401,-0.050645901,-0.042951698,0.378478202,0.17720487,0.067450812,0.271044033,0.070922654,0.318564296,-0.031285555,0.27929917,0.059887583,-0.006124372,0.198420301,0.052144372,0.095839798,0.10593076,0.032227325,-0.000907208,0.057201562,0.048412172,-0.076888832,-0.162499376,-0.013713196,-0.113234767,-0.078198224,-0.061092082,-0.002534058,1.052694518,4.035586557,-23.54816901,4.099188328,0.760416245,4.04625626,-0.000179678,0.002575702,0.001944525,23.2408006,12.644056
667,0.189166667,-0.0486,-0.011519009,-0.045521575,0.099222021,0.17992348,0.085624713,-0.058037322,0.052798824,-0.070347207,-0.035183883,-0.074965217,0.345439363,0.430770583,0.17181298,0.253116698,-0.001813127,0.263294706,-0.041452667,0.249657759,0.209430283,0.034228105,-0.0479188,0.191599101,0.06126953,0.187670313,0.175639677,0.118767033,0.058503104,-0.019280305,0.021608647,0.015328643,0.003010693,-0.140039116,-0.06625506,-0.092272823,-0.032447287,-0.082155648,0.92967098,3.524157218,-20.25599979,3.580423117,0.676335214,3.55086543,8.66E-06,0.001359266,3.94E-05,20.0964066,12.351865
668,-0.04,0.2664,0.090545095,0.076664293,-0.112923872,0.130716763,0.093224762,0.014718919,-0.190215936,-0.175178467,-0.011141285,-0.056292464,0.238322837,0.285498902,0.089833723,0.150383457,0.30338142,0.163910661,0.134172896,0.386643604,0.23687447,-0.007816812,0.055202537,-0.015903258,0.0880603,0.127640957,-0.006245665,0.138445868,0.070127083,-0.001287405,0.026111369,-0.024466684,-0.016279768,-0.197267583,-0.14380648,-0.142797328,-0.012464227,-0.064314469,1.006136964,3.829129755,-22.64314311,3.889986753,0.73053147,3.83605023,0.000296472,0.002683412,-0.002146631,22.3334525,12.375282
669,0.4,0.2244,-0.076735232,-0.068435584,-0.232440343,-0.006617604,-0.028036697,0.061204388,-0.045869447,-0.018743242,-0.113221972,-0.141178982,0.352750144,0.178223176,0.424806243,0.235748382,0.333403085,0.348926945,0.374413951,0.144196471,0.238643903,0.162494722,0.095249084,-0.020587493,0.112766089,0.08928643,-0.039745869,0.012568992,-0.029250106,-0.016239339,-0.077756705,0.055750954,-0.114811958,-0.125308977,-0.05631855,-0.13626645,-0.111373367,-0.044982401,0.896295118,3.438998399,-19.38138823,3.493143559,0.650519824,3.46968202,-3.24E-05,0.001767263,0.000305583,19.2689253,13.819748
670,-0.006388889,0.174,0.069325633,0.034160927,0.220474326,0.04179055,0.12306151,0.020206103,-0.14976726,0.03434773,-0.081138303,-0.002780597,0.401557819,0.329135279,-0.014681067,-0.058502703,0.240887363,0.028297734,0.292092404,0.311272637,0.123362445,0.171908234,0.062276622,0.167308932,0.044233087,0.155539814,0.172894836,-0.023101186,0.098892926,0.068045353,0.003047284,0.038208556,-0.01227125,-0.062910324,-0.093877881,0.005918247,-0.065530896,-0.054508316,0.965055755,3.668748414,-21.49753239,3.727130413,0.700489325,3.67719107,-4.57E-05,0.001741138,0.000254699,21.2005871,11.954264
671,0.348055556,0.0354,0.110144596,-0.093388315,0.011927591,0.144020622,-0.149656014,0.103975134,0.030927053,0.025903548,-0.065075823,-0.085804363,0.377386203,0.48708195,0.407991226,0.136353785,0.15039972,0.178235824,-0.013409735,0.073474352,0.06765132,0.172820332,0.203041202,0.219838748,0.14648909,-0.013841932,-0.039355967,0.17038793,0.062744857,-0.003348852,0.058669436,-0.079859486,-0.004696962,-0.128392672,-0.158877014,-0.082862443,-0.027404852,-0.083070299,0.962998821,3.672690449,-21.23278054,3.730919361,0.697786542,3.69004106,-7.63E-05,0.001583717,0.000531078,20.9879135,12.11966
672,0.021111111,0.2664,0.150158251,-0.123883101,-0.139450638,-0.073903843,-0.099858166,-0.053355338,0.06883712,0.008783481,-0.08259497,-0.080407118,-0.021589476,0.355104448,0.191421726,0.379329108,0.137993883,-0.00269464,0.177455799,0.371360455,-0.038235688,0.029155123,0.268474492,-0.02261828,0.149308081,0.075175293,0.101222244,0.109971339,0.065883146,0.082104564,-0.042938932,0.00642095,-0.008348489,-0.067362452,-0.132247739,-0.123481501,-0.095236682,-0.053868859,1.08992681,4.08279126,-24.27608788,4.148875237,0.794590862,4.08672957,0.000125628,0.002541952,-0.000481428,23.9220469,12.386246
673,0.320555556,-0.0318,0.096133174,0.087614693,0.012586543,-0.117051383,-0.081588633,-0.098520752,0.061298526,-0.013714547,-0.02050804,-0.135979887,0.245210643,0.000476628,-0.00937686,-0.038144821,0.203260495,-0.048117195,0.298357684,-0.006277016,0.28423952,0.157704517,0.160188469,0.132046591,0.11802808,0.118367518,0.082739852,-0.016210125,0.127432679,0.010834705,0.040499074,0.070998915,-0.061277879,-0.010465673,-0.188201605,-0.112531072,-0.057502044,-0.003681167,0.857102843,3.591424696,-20.07733858,3.642464638,0.599873299,3.61415684,2.56E-05,0.002459685,-3.89E-05,19.9376023,11.153212
674,0.216666667,0.216,-0.092517392,0.283534579,0.123373975,0.175731426,0.071910174,-0.099627847,-0.076623428,-0.095345844,-0.027627954,-0.11761309,0.379687881,-0.091723949,0.102627728,0.368223459,0.268229026,0.299451625,0.046694181,0.390479888,0.277215536,0.028017,0.277534206,0.131493941,0.166125883,0.114079412,-0.013878706,-0.01085766,-0.002033834,0.005650797,-0.060703425,0.090142815,-0.189629636,-0.107395794,-0.126090441,0.007476765,-0.075714605,-0.070508638,0.863485659,2.933322329,-16.06800101,2.986410618,0.6488369,2.98121164,1.76E-05,0.001630895,-0.000121885,16.0974387,12.166806
675,0.183055556,0.0354,0.036900838,0.062696795,-0.015653508,0.16050598,0.058296613,-0.117042368,-0.015368814,0.007341241,-0.089812468,-0.09159636,0.142668536,0.307836911,0.329616583,0.070627981,0.110325481,0.108964282,0.04582953,0.21971499,-0.049984607,0.247203655,0.046957428,0.115658821,0.090482418,0.132479984,0.16018802,0.085138598,0.041199126,0.081685144,-0.054624919,-0.033424258,-0.147797852,-0.197854408,-0.091419944,0.019910559,0.008170821,0.000823567,0.86219341,3.59024083,-20.13330861,3.641638756,0.605715346,3.61658759,-7.64E-05,0.002357821,0.000449105,20.0347216,11.774235
676,0.296111111,0.2538,0.068836617,-0.211085067,-0.089870012,0.178078552,0.046119911,-0.014424952,-0.144114423,-0.115407272,-0.12614895,-0.137420674,0.172682283,0.204320981,-0.069901233,0.047993105,-0.003844761,0.118631594,0.384974077,0.185484348,0.184692172,0.068513343,0.121682259,0.118260885,0.11145918,0.049440187,0.176298504,0.177462546,0.096818547,0.087791457,0.092947766,-0.012719113,-0.129266192,0.017170107,-0.110309105,-0.091384824,-0.051434472,-0.049268709,1.000605914,3.880901451,-22.6503141,3.94124651,0.721798279,3.89021323,-0.000245529,0.001257303,0.002036413,22.3423675,11.901209
677,0.18,0.279,-0.068264482,-0.050415803,-0.087570308,0.100826308,0.098269359,0.015178801,-0.074030821,0.025202576,-0.011792949,-0.075343236,0.313714632,0.383785246,0.007230585,0.200068041,0.093479781,0.193565825,0.266099121,0.294210403,0.11926606,0.247745791,0.112333558,0.200963473,0.109997273,0.169797436,0.138657255,0.092368227,-0.018311665,0.09615287,-0.003440368,-0.066315416,-0.169631611,0.007966409,-0.173036329,-0.098175887,-0.043590302,0.004141645,0.905551632,3.455998221,-19.65741405,3.510747671,0.656575783,3.47138033,4.37E-06,0.002899213,2.06E-05,19.4426259,13.141641
678,0.167777778,0.0942,0.114939189,-0.093937113,-0.08027302,0.082270997,0.002505812,0.020720742,-0.11730311,-0.080380781,-0.097182041,-0.133866,0.411071009,-0.014374149,0.126807471,0.303202798,0.12575277,0.259886821,0.182412101,0.006156625,-0.01904188,0.101369677,0.152349435,0.185844881,-0.023941555,0.105560188,0.0244601,-0.009530298,-0.014026252,0.040217713,0.070635579,0.087780875,-0.110853166,-0.183046214,-0.084772693,-0.10715929,-0.075535909,-0.024432182,0.988913009,3.669740709,-20.6259137,3.729784489,0.725110669,3.70735239,-3.99E-06,0.001168701,0.000224909,20.527875,11.587083
679,-0.125555556,0.2034,-0.0190869,0.097460877,-0.231643908,0.038438342,0.028046207,-0.08781567,-0.165691449,0.020472662,-0.007161344,-0.012223028,0.385022969,0.232298076,-0.082443015,-0.020435809,0.139365074,0.127650684,-0.053186516,0.020135105,0.166227849,0.039040904,0.0875961,-0.028576228,0.155252483,0.098284736,-0.022139506,0.00403784,0.125297446,0.067291938,-0.083174211,0.092938154,-0.129593187,-0.117985867,-0.123074656,0.010958327,-0.025170703,-0.077384193,0.965932701,3.705583553,-20.44618183,3.763936996,0.698961386,3.74645501,0.00015132,0.001935353,-0.00065852,20.4124624,11.229078
680,-0.125555556,0.0774,0.070799455,-0.228706575,-0.246316927,-0.079464097,0.027913343,-0.044434712,-0.092140746,0.014610322,-0.102297688,-0.128510918,-0.006898235,0.455748864,0.363578277,0.227259972,0.007242573,0.253159897,0.101944934,0.264166096,0.009402958,0.148062487,0.227374211,-0.012412809,0.128297477,0.049765855,0.025134807,0.155170184,0.142572461,0.008962309,-0.069643276,-0.057297397,-0.073724116,-0.192689709,0.018677112,-0.133360441,-0.030542098,-0.048208103,1.147766802,4.079198406,-23.68321526,4.149325848,0.853275677,4.11433295,9.46E-05,0.002776986,-0.000339535,23.5161959,13.773324
681,0.299166667,0.1614,-0.054610435,-0.094650549,0.15820088,-0.011518291,-0.043965278,-0.067772147,-0.155420832,0.019643455,-0.14479337,-0.002680701,0.351960624,-0.07304947,-0.017948146,0.078831408,-0.047189512,0.23418688,-0.03034456,0.330095441,-0.045848143,0.175504437,0.159487018,0.260716465,0.135785969,0.096138542,0.193536978,-0.038981512,0.095379256,-0.012990837,-0.030904175,-0.017614344,-0.022225057,-0.055603943,-0.018253164,-0.147835514,-0.011814427,0.003555936,0.958248031,3.490751346,-19.38808763,3.549092054,0.705071627,3.52018158,0.000124144,0.002571081,-0.000947228,19.2663334,11.112553
682,-0.119444444,0.1488,-0.016437095,0.197340208,-0.077636117,0.091419791,-0.016131053,0.036149439,-0.061942343,-0.0746343,-0.007791012,-0.007234615,0.125700876,-0.082930114,0.022456285,0.035848387,0.123160157,0.010483481,0.003751952,0.242954507,0.149455794,-0.005785477,0.151424674,0.016977056,0.187518453,0.107066775,0.170957044,0.15110453,-0.029017993,-0.005224863,0.043623801,-0.097612551,0.017109791,-0.053533776,-0.006302348,-0.081433814,0.009564327,-0.023258024,0.921875638,3.789093819,-21.54688346,3.84417057,0.650474168,3.81575628,5.22E-05,0.00277416,-0.000491729,21.4074357,10.456636
683,0.308333333,0.0396,0.072456972,-0.248245106,0.237237963,-0.171317927,-0.100249596,0.033747539,-0.002188424,-0.112074204,-0.04408075,-0.025679059,0.473374091,0.030511526,0.016136741,0.038548609,0.148903565,0.274024982,-0.010439891,0.136178446,0.184102391,0.067128535,-0.01577086,0.092354416,0.052857793,0.067300908,-0.009425209,0.042034589,0.13386875,0.011276341,0.069140629,0.015884058,-0.004589441,0.0256628,0.026998044,-0.060448572,-0.054295558,-0.053595803,1.136690159,3.967689919,-23.25156573,4.037316322,0.845579531,3.97698124,3.25E-05,0.001852844,6.03E-05,22.8773783,11.092539
684,0.140277778,0.006,0.025037331,0.039859663,0.100350394,-0.033706426,-0.111226014,-0.074988982,-0.130988244,-0.045567829,-0.09158185,-0.046921696,0.423862312,0.080583136,0.290737542,0.343358098,0.247914626,0.380653937,0.237198951,0.348057305,-0.04657509,0.221310511,0.046682746,0.207732087,0.077410808,0.108059831,0.055679258,0.17872736,0.009813854,-0.016789498,-0.011933318,0.003008946,-0.167171717,-0.12285343,-0.017231812,-0.097164144,-0.076975652,-0.064599845,0.972146762,3.483493493,-19.75464861,3.542821407,0.72012972,3.51647615,-3.31E-05,0.001251439,-0.000300236,19.6143421,13.671532
685,0.256388889,0.2874,-0.070952869,0.284414533,0.145121684,0.061596629,-0.031512659,0.108990405,-0.083369056,-0.194136061,-0.010827434,-0.146640698,0.288582554,0.147075852,0.265272575,0.007140366,-0.04646912,0.175590936,0.188456537,0.140156887,0.046634617,0.081158473,0.132519387,0.163114909,0.156769239,0.08300712,0.106854879,0.025430437,-0.002665419,0.096252415,0.080374278,0.033584738,0.018412597,-0.161359219,-0.163309317,-0.121169082,-0.0087486,-0.032098896,0.834664805,3.469469274,-19.77872123,3.519241095,0.584875041,3.47272878,-3.33E-05,0.001848107,0.000165868,19.4713039,10.809192
686,0.2625,-0.099,0.000567107,0.132525004,0.014906557,-0.059416827,0.029456637,-0.114854384,-0.038942021,-0.157103501,-0.106520467,-0.050167775,0.380919552,0.16916672,-0.064881538,0.226579287,0.175844142,0.303614669,0.071086872,-0.062252102,0.139241627,-0.00022791,0.05281704,0.160751839,0.144163571,0.020877554,0.13349001,0.004367502,0.105450048,0.086710806,0.07975674,-0.072581917,-0.061094846,-0.089184599,-0.198932646,-0.110253354,-0.012898969,-0.029111951,0.895259081,3.366726268,-18.16778185,3.420975208,0.653067636,3.41314991,4.86E-05,0.001605205,-0.000305455,18.1651897,11.575673
687,-0.140833333,-0.0024,-0.087069397,-0.06533165,-0.14797907,-0.02185697,-0.130744439,-0.061501066,-0.069849305,-0.09630958,-0.054095307,-0.059213565,0.201302664,0.006785157,0.405181099,0.285373632,0.229635575,-0.012304584,-0.005888053,0.011821283,0.188999784,-0.000745443,0.180691333,0.025496946,0.055253442,0.078411024,0.129770215,0.098026296,0.051440007,-0.005461775,0.056702405,-0.08528891,-0.157024051,-0.049165717,-0.163696628,0.002773205,-0.101111815,0.005534319,1.10717663,4.215623361,-24.40646471,4.282587051,0.80371137,4.24085986,1.16E-05,0.002353993,0.000452158,24.1837551,12.19109
688,0.219722222,0.2496,0.070344553,-0.196294131,0.221603647,-0.189651801,0.146441723,0.048473648,-0.145582938,-0.08105116,-0.058469637,-0.139003474,0.222727625,0.15225586,-0.045996532,0.080379084,0.160919845,-0.039583496,-0.006307455,0.216212032,0.168856,0.096476326,0.250123944,0.07863125,0.15042943,0.119028652,0.013042575,0.073614931,0.056883725,0.007947593,0.085320298,-0.052652411,-0.18265648,-0.033234167,-0.1027512,-0.076135832,-0.080074744,-0.087596343,1.002478948,3.954738347,-22.99680275,4.015034199,0.716293232,3.96063478,-1.04E-05,0.002597818,0.00023312,22.6542073,10.918592
689,0.259444444,-0.0528,-0.028563365,-0.001621246,-0.035114574,-0.180615692,0.137620796,-0.035354659,-0.126266733,-0.010932416,0.013656457,-0.088630295,0.475595517,0.079903955,0.072652459,0.045084064,0.163891031,0.287584674,0.3709956,0.128282965,0.283655318,0.212756901,0.238077026,0.191934991,0.057444898,0.183934405,0.126077994,0.121994204,-0.006789171,-0.013392268,-0.075376502,-0.006438843,-0.062239432,-0.090164689,-0.186657175,-0.057721367,-0.096035956,-0.033401426,0.900795546,3.099120004,-16.42178773,3.154407024,0.677999218,3.15306006,-0.00011261,0.000798461,0.000674463,16.460021,13.772006
690,0.008888889,0.279,0.100621344,0.010073013,0.11185154,0.029516209,-0.109248961,0.000957603,-0.151136277,-0.161289418,-0.121537546,-0.021655646,0.177112233,0.276668158,0.302663403,0.136950454,0.099684208,0.230602522,0.288641628,0.311615418,0.120830405,0.091661337,0.07711706,0.1937512,0.099337479,0.135301822,0.137621791,0.086108213,0.015929102,0.005331141,-0.092121719,-0.098630173,-0.198000598,0.005043723,0.017097501,-0.076595713,0.008596829,-0.079489787,1.132956567,4.077942977,-24.61516119,4.147040367,0.838255126,4.06952028,2.44E-05,0.002533196,-0.000263394,24.0999537,13.029817
691,-0.006388889,0.1068,0.035601961,-0.210222915,0.159898774,-0.078655189,0.013110651,-0.02848837,-0.064594953,-0.119412988,-0.139153078,-0.127461479,0.014081188,0.087868803,0.083047281,0.225943303,0.222223576,-0.057959105,0.282862973,0.170137869,0.082510223,0.140512691,0.21139941,0.130173593,-0.026346924,0.167397804,0.166763722,0.176892104,0.06707611,0.075763054,-0.061175523,0.045249371,-0.052243222,-0.086245953,-0.195291072,-0.083264774,0.003955143,-0.033976691,1.161356053,4.285255326,-25.6168331,4.355828762,0.850133058,4.28138572,4.95E-05,0.003177172,-0.000714273,25.1752253,11.963635
692,-0.146944444,-0.0948,-0.030380779,0.211061616,-0.068512765,0.120866034,-0.105145833,0.041916804,0.029737936,-0.054297224,-0.015449176,-0.119844145,-0.030603075,0.45926759,-0.060481309,-0.010352864,0.257664285,-0.077759812,0.153154353,0.222872147,0.291530186,0.00988636,0.030448219,0.237169272,0.121934124,0.171960182,-0.042278015,0.178148413,0.012333688,-0.008403484,-0.010162523,-0.095976093,-0.14439527,-0.09621481,-0.079310623,-0.094827866,-0.006700475,-0.001235905,0.977590757,3.865391441,-22.31902958,3.924168825,0.698435453,3.88105907,-0.000120225,-0.002491067,0.001077261,22.0733134,12.198999
693,0.079166667,0.0228,0.188264189,0.157560604,-0.165019626,-0.11635157,0.043331179,-0.035579158,-0.108784797,-0.077673359,-0.098665035,-0.061051686,0.425550354,0.397027491,0.15722899,0.370557957,0.22265459,0.387948739,0.313041886,0.308495047,0.068411271,0.23766949,0.095005665,-0.022379682,0.049519019,0.102337642,0.157317753,0.010655461,0.09061129,-0.017526754,-0.040113533,0.083952934,0.031271015,-0.157086225,-0.043832865,-0.085029122,-0.017886734,-0.043408545,0.919707431,3.318045612,-18.46865445,3.374118567,0.683089845,3.36507676,-2.80E-05,0.00117328,0.000210611,18.4726415,13.991513
694,-0.046111111,0.2286,0.088685382,0.145228642,0.194098723,0.020778383,0.000414117,0.105591234,-0.076136722,0.016852496,-0.137731964,-0.053234808,0.278549777,0.271397345,-0.083582037,0.194354373,0.063064452,0.124208308,0.064410827,-0.038442336,0.156633688,0.130370705,0.213381144,0.081210863,0.047207659,0.123636077,0.193921614,0.13050506,0.006712388,0.058554665,-0.056939163,0.095343727,0.048611135,-0.009600507,-0.165638407,-0.001866677,-0.119852193,-0.058598838,0.968122983,3.599887891,-20.64467457,3.65865159,0.705454585,3.61717887,0.000119457,0.002841439,-0.000577876,20.4295422,10.496601
695,0.283888889,0.2916,-0.003929232,-0.248924662,-0.184920607,-0.159301564,0.071806019,0.119637724,-0.12240016,-0.179235088,-0.106673537,-0.138476615,0.10906932,-0.067138331,-0.091362742,0.148185218,0.074991501,0.358348282,0.37844686,-0.032847505,0.272352417,0.240840666,0.140768259,0.129487447,0.051526776,0.108594316,0.005539554,0.170216536,0.086441667,0.07539327,-0.075171321,0.068917407,-0.041691436,-0.110783817,-0.095411421,-0.134990606,-0.038741233,-0.00888889,1.056086554,3.794444948,-21.79734075,3.858870745,0.781135649,3.80617322,5.63E-05,0.001354368,-0.000672869,21.4784525,12.437775
696,0.293055556,-0.0696,0.121419323,-0.164845429,-0.228269128,-0.190760275,-0.035109781,0.107314276,-0.1359071,0.010856967,0.020884206,-0.027847672,0.111068605,0.201061515,0.390992919,-0.02711765,0.143020211,-0.008142887,0.233693029,0.287012836,0.023917561,0.002093758,0.070497505,0.172761412,0.023310712,-0.017836848,0.122844009,0.174515125,0.082259301,0.055425349,0.090349635,0.011207058,-0.151294383,-0.1556611,-0.07376435,-0.01946632,0.003421741,-0.021048021,0.956455693,3.750969031,-21.12190854,3.808550835,0.685976589,3.77111528,0.000116087,0.002354397,-0.000559313,20.9302689,12.533918
697,0.1525,-0.1116,0.095543259,0.148681543,0.15472551,0.110115141,-0.044439226,-0.106617339,-0.027716677,0.003549409,-0.049498051,0.02734972,0.378186642,0.478697463,0.041859834,0.349058188,0.236680912,0.235507641,0.394689589,0.101007808,0.024281993,0.243472814,0.131401356,0.083408495,-0.020342943,0.138595193,0.1272325,0.16747341,0.039053829,0.088014445,0.012123096,0.030050956,-0.023918684,-0.025425326,-0.027716676,-0.112349947,-0.108531376,-0.073795108,0.896506419,3.322323761,-18.87882152,3.376767874,0.655918955,3.35003263,-6.83E-05,0.000954071,0.000475688,18.7334319,12.823304
698,0.348055556,0.1656,0.055355731,-0.154115527,-0.218534548,-0.130658549,-0.04773494,-0.048041774,-0.064910491,-0.001718799,-0.055112875,0.015472677,0.210887439,-0.079900951,-0.054288768,-0.023082296,0.153006998,0.255522218,0.125971937,0.132533217,0.041688154,0.17574428,-0.022270261,0.039192258,0.147003487,0.108389112,0.013431163,-0.016832678,0.040036863,0.043325801,-0.073355685,-0.058371282,-0.007408045,-0.116310118,-0.098750995,-0.022681498,-0.04969497,-0.011734666,0.920351056,3.73882982,-20.74790726,3.793922663,0.653683679,3.7659361,0.000114016,0.002031167,-0.000370535,20.6231879,11.218451
699,0.143333333,-0.0822,0.002488403,-0.232850451,0.153249653,-0.072197156,-0.141319404,0.106523844,-0.086265687,-0.057100797,-0.030906411,-0.070849012,0.290965043,0.237164829,0.030256507,-0.021425107,0.318991643,0.352099714,0.022722944,0.088698269,0.293910033,0.174028993,-0.006436763,0.154596529,0.193969324,0.01275708,0.002360794,0.118298998,0.116083627,0.019868756,0.048676807,0.07276706,0.041085479,-0.047207084,-0.08704172,-0.14554184,-0.080527662,-0.084267484,1.181410883,4.060979477,-24.10170494,4.133498192,0.883627204,4.06742656,0.000140343,0.001459681,-0.000510144,23.7014238,12.369345
700,0.085277778,-0.1032,0.190023073,-0.074827464,0.121458122,0.195145811,-0.09441618,0.11716485,-0.126933115,-0.107729245,0.018483623,-0.102575143,0.13409989,-0.008656947,0.108764258,0.054514833,0.347856142,0.066184631,0.39704124,0.309990348,-0.036450161,0.187213693,0.129499746,0.134313846,0.192214561,0.132745627,0.0314639,0.018254693,0.104312035,0.003992643,0.038873699,-0.090178102,-0.04728683,-0.09259927,0.015314727,-0.065262272,-0.102133558,-0.052313295,1.116077501,4.119488117,-24.77260765,4.187306881,0.816535825,4.11985733,8.74E-05,0.000742321,-0.000989232,24.335585,11.971927
701,-0.091944444,0.1614,0.169493132,0.21006496,0.18844743,0.038274253,-0.027884581,0.018155718,-0.086729949,-0.087010061,-0.049830503,-0.018680551,0.147160068,0.301645523,0.443886221,0.19399791,0.181425767,-0.076501085,0.109424826,-0.008262321,0.00626301,0.148590147,0.138607275,-0.011223737,0.187972662,0.024093711,0.159737306,-0.015098367,0.001128487,-6.23905E-05,-0.002212353,-0.001437129,-0.039524317,-0.025885676,-0.170413097,-0.130232017,-0.071529952,-0.042904821,0.950152253,3.930512687,-23.01057224,3.987217426,0.667452119,3.93109556,9.55E-05,0.001612445,-0.001219259,22.684389,10.614111
702,0.18,0.1278,-0.052576613,0.138558618,0.175829162,-0.078201944,0.039240257,0.09682939,-0.121954524,0.023891153,-0.067024779,0.027555308,0.045062464,-0.037379795,-0.069394832,0.073921962,0.072495618,-0.017701764,0.077609733,0.193311423,0.129881886,0.166524969,0.120822471,-0.020777086,0.130049924,0.119919141,0.199711339,0.132510703,0.093961128,-0.001546789,-0.077948307,0.035151817,-0.151358992,0.018444384,-0.096669147,-0.011592103,-0.072474198,-0.053702523,0.810132272,3.58023818,-19.7313971,3.62802887,0.554800491,3.59452198,1.71E-05,0.001592518,-9.57E-05,19.5592636,10.194993
703,0.247222222,-0.0612,0.145918377,-0.161419165,-0.018139251,-0.146642295,-0.015515596,0.049791102,-0.102871065,-0.178792356,-0.057425687,-0.137180041,0.32602698,-0.045784638,-0.071340674,0.342682079,0.134415133,-0.032655021,0.071781348,0.244427331,-0.046038378,0.079485906,0.160532522,0.243314564,0.063399993,0.03743784,0.092779744,0.184203976,0.000956354,0.098460986,-0.050102807,0.088470557,-0.14170789,-0.095414799,-0.186771411,-0.053543045,-0.083781819,-0.011367752,1.025983978,3.965857834,-22.55594415,4.027766228,0.739669911,3.97833629,7.66E-05,0.00233388,-0.000166291,22.2724733,11.616499
704,0.4,0.279,-0.053533879,0.027686301,0.150818051,0.192916849,-0.069195845,0.072290763,-0.06678176,-0.189651759,0.01262958,-0.023683041,0.372681249,-0.038168613,0.176102147,0.316084065,0.295370963,0.237530806,0.281543378,0.005316886,0.098154367,0.179807372,0.183345287,0.098102426,0.113569167,0.141743492,0.021166272,0.117601582,-0.018540895,0.071049986,0.025449489,-0.006710345,0.015941854,-0.156105675,0.011386093,-0.071743161,0.018293367,-0.026137242,0.972438918,3.583782883,-21.17116944,3.642886877,0.710651049,3.58400796,-9.12E-05,0.001882614,0.000732839,20.7689575,11.23868
705,0.167777778,0.1824,0.009287836,-0.035502356,0.078742284,0.046826719,0.146972345,0.114777632,-0.032873938,-0.064859933,-0.142053063,-0.069685378,0.239517471,0.035127426,0.056517366,0.361465854,0.184014263,0.384305757,0.070307408,-0.034005972,0.084935019,0.160447606,0.184273394,0.260580796,0.122835207,0.044687568,-0.008691226,-0.037711053,0.124052294,-0.002602018,0.039776802,-0.065320832,-0.001108434,-0.076724121,-0.12420399,-0.086272148,-0.053135017,-0.053373325,0.931797533,3.428910346,-19.2686314,3.485556602,0.683671221,3.46184248,0.00026984,0.001423505,-0.002558723,19.1536581,11.348172
706,0.253333333,0.2076,0.156466034,-0.047437468,0.076923517,-0.096879794,-0.094807402,0.042575576,-0.022505579,-0.011263428,-0.139611455,-0.114315213,0.120312435,-0.047363622,0.188421333,0.184684438,0.004848829,-0.061376606,0.335946978,0.110984359,0.157085797,0.095247732,0.116339893,0.288501398,-0.026794979,0.131929564,0.052095281,0.021049586,0.017200697,0.099011558,0.04259523,-0.05078736,-0.147153716,-0.076947061,-0.078054015,0.014372617,-0.02122027,-0.012414021,0.937559713,3.894138759,-22.65017856,3.950053692,0.656463081,3.89657938,-0.000341896,0.000379211,0.002835066,22.3253031,11.208488
707,0.189166667,0.0648,-0.015245709,-0.090202805,-0.042847172,0.092247773,0.043453022,0.035090873,-0.056129403,-0.159147671,-0.063370393,-0.115546777,0.060760928,0.298389452,0.224191754,-0.002420342,0.294945307,0.369288211,0.022069778,0.392758828,0.000628332,0.135907484,0.269064127,0.047875006,-0.021847757,0.156587198,0.051071385,-0.008151254,0.048571476,0.014429337,0.028434764,-0.079644167,-0.037253766,-0.086205296,-0.102363678,-0.092939809,-0.042352748,-0.03509372,1.00731231,3.600476787,-20.48587786,3.661972761,0.746596232,3.62853071,7.42E-05,0.001859573,5.10E-05,20.334541,12.367768
708,-0.15,-0.0948,-0.017519498,-0.069253708,0.035391698,-0.050484322,0.044370564,0.053299105,0.01272633,-0.134912144,-0.008523971,-0.140377178,0.323131672,0.044205585,0.153729933,0.229873588,0.194676462,0.038323464,0.334433864,0.291066332,-0.00680292,-0.023413305,0.095773712,-0.017206536,0.090262521,0.102499467,-0.013593709,0.113716185,0.108603398,0.02038688,-0.00684048,0.047905221,-0.171407273,-0.051641442,-0.078369786,-0.088751636,-0.022330773,-0.076812347,1.072597684,4.137942637,-24.12000325,4.202683449,0.775822468,4.14074324,-8.39E-05,-0.000157143,0.000715649,23.759101,12.760643
709,0.0425,0.237,0.007539257,-0.103477267,-0.208932728,-0.188570069,0.005227664,-0.076952595,-0.152216527,-0.102511682,-0.028037638,-0.094923011,0.109211524,0.445286662,0.29725716,0.254939733,0.283364341,0.179972802,-0.075872533,0.19820613,0.096214159,0.104467126,-0.038713609,0.201472833,-0.00297103,0.110281133,0.079689581,0.011972545,0.059677458,-0.000123399,0.071523539,0.094156682,-0.106126151,-0.10732408,-0.038867713,-0.1300771,-0.040117632,-0.002095967,1.009211598,4.072101149,-23.58810497,4.132580757,0.717901527,4.08753948,0.000684767,0.002316122,-0.00555163,23.3565182,12.627366
710,0.210555556,0.1194,0.032637074,0.040213983,-0.145421047,-0.049190223,-0.004701648,-0.113513922,-0.002667302,-0.160369508,-0.10944555,-0.065555251,-0.073502506,0.401374,-0.03910887,0.173817614,0.244703982,0.173924378,0.295587211,-0.026511176,0.152399324,0.189995678,-0.009348281,0.205177852,0.123497394,0.064541476,0.17206234,0.135345566,0.097808638,0.011460776,-0.080036654,-0.01657401,0.027701681,-0.103654769,-0.112014613,-0.003888658,-0.031710851,-0.021926977,0.948082359,3.73391725,-21.35175628,3.790956497,0.67838172,3.75959001,-5.92E-05,0.000733348,0.000489512,21.1814223,12.130339
711,-0.052222222,0.237,-0.0273429,0.254477422,0.18419212,-0.076930793,-0.091026769,0.11136142,-0.087774697,0.040870119,-0.009335247,-0.033738819,0.154120758,0.360081285,0.352028855,0.192972384,0.059331591,0.317787448,0.106563837,-0.071432333,0.208390782,0.155584036,-0.040943931,-0.036510484,0.037939901,0.093581552,0.135145095,0.051502122,0.110037683,0.019436091,-0.080403912,-0.022593949,-0.195088213,-0.114290304,-0.127931991,-0.112838433,-0.01673785,0.00643246,0.902160704,3.577265329,-20.27995477,3.63148284,0.643911212,3.58693643,3.02E-05,0.002523504,-0.000265306,19.9936499,11.712614
712,-0.104166667,0.2118,-0.084770319,0.252238,0.093015227,0.077764321,-0.118940365,-0.102013904,-0.131808452,-0.176500356,-0.095003048,-0.141579217,0.104195386,0.235029198,-0.098542618,-0.027583464,0.000246888,0.080754025,0.185451505,-0.041994807,0.167835249,-0.005327681,0.058382712,0.239443598,0.139963021,0.105090004,0.064805821,0.186810547,0.040392344,0.066823071,0.053146551,0.063828027,-0.060215673,-0.058574371,0.02928963,0.003017895,-0.051927783,-0.084464778,0.9949636,3.969391207,-23.09018704,4.029127121,0.707923765,3.96684596,0.000154676,0.002698922,-0.001024961,22.7102088,10.640789
713,0.149444444,0.2454,-0.029738994,-0.081423376,0.097492257,0.088707795,-0.110890064,0.077768755,-0.024996118,-0.125885152,-0.102488476,-0.109573571,0.154508115,0.336613507,0.209253138,0.197118604,0.096450112,0.364655182,0.356219537,0.027453668,0.089015685,-0.024216663,0.054472618,0.005305222,-0.001795287,0.165186705,0.100891576,-0.009022812,0.0943143,0.01017395,0.097205593,-0.052036776,-0.076922556,-0.049390151,-0.065132344,0.013785549,-0.028885401,-0.097298853,1.086340678,3.985073698,-23.82119348,4.051145554,0.797777362,3.98157599,8.23E-05,0.00223541,-0.000533431,23.3615262,12.011042
714,-0.146944444,-0.015,0.072525574,0.190322958,0.187269524,0.002567577,0.106913407,-0.096314572,-0.132681654,0.015392279,-0.037306533,-0.147206482,0.000484246,-0.015400352,0.356209743,0.144826697,0.168530636,0.148908448,0.115014193,-0.002101026,-0.015333382,0.099088906,0.054625803,0.124105727,0.18002555,-0.016257601,0.124352672,0.166451451,0.13006723,-0.009135564,0.086750112,-0.095028656,0.006715335,-0.021766067,-0.118014263,-0.075266612,-0.051579827,0.005018713,0.902227056,3.727958803,-21.04375543,3.78181386,0.634271394,3.75295927,-4.06E-05,0.001248348,0.00020627,20.909831,10.723096
715,0.286944444,0.1908,0.190187042,-0.086731988,-0.230758394,-0.104292119,0.136020755,0.115043057,-0.143395898,-0.090969127,-0.115372978,-0.074574894,0.414852141,0.26271073,0.321748733,0.180662822,0.080084001,0.155409917,0.210728556,0.090440253,0.134725722,0.180322057,0.200925301,0.165510867,0.046945619,0.188666064,0.04969624,0.039474131,0.063844989,-0.003146672,-0.066171277,-0.046289734,-0.199060384,0.026103822,-0.015728262,0.009206502,-0.065196388,-0.072468988,0.894069067,3.523388209,-19.63792267,3.577172518,0.642727786,3.5513684,-1.33E-05,0.000896393,-7.11E-05,19.5231616,12.976582
716,0.173888889,0.0018,0.037694487,-0.226857313,0.158559542,0.023868107,0.06683685,0.015131176,-0.027575135,-0.138611826,-0.077948972,0.026813368,0.230634982,0.119808755,0.372691582,0.131367869,0.300419814,0.352877271,-0.03197532,0.255982481,0.094325229,0.239909525,0.115321168,0.086780519,0.077687501,0.181001583,-0.04032853,0.146683933,0.122250401,-0.002382748,0.056199444,-0.024820146,-0.024157444,-0.036581483,0.016073427,-0.085340873,0.011974818,-0.088105661,1.086913075,3.848304915,-22.74002605,3.914749861,0.805742931,3.86537411,0.000117764,0.001667231,-0.000327461,22.4576604,12.389525
717,-0.137777778,-0.0108,-0.003001171,0.045758073,0.139418677,-0.19770906,-0.037791578,-0.116278103,0.036313148,0.013495205,-0.127135913,-0.148893117,0.198169373,-0.048422339,0.322567754,0.176275352,0.138928258,-0.027375101,0.128393259,0.307173965,0.281728557,0.076461882,0.000766797,0.179831858,0.101336191,0.032104045,-0.046432938,0.098637021,0.119202371,0.083655462,-0.04824445,0.056117054,-0.001385529,-0.085543699,-0.003155816,-0.016170144,-0.041004715,-0.050687735,1.030666016,3.971040358,-23.30387224,4.03326273,0.744087721,3.98258083,0.000163067,0.002594957,-0.000776049,23.0247438,12.427434
718,0.280833333,-0.0822,0.011940121,0.141799972,-0.198190704,-0.15782182,-0.138885905,-0.013201294,-0.110914317,0.041429879,-0.101099736,-0.052360383,0.488563597,0.017450931,0.38363339,0.322263303,0.119023974,0.177109817,0.02521153,0.296140169,0.06627478,0.246880604,0.296635872,0.141630206,0.028603254,0.100902217,0.1501153,0.082740161,-0.001247774,0.071975715,-0.048059007,-0.066959987,-0.116695847,-0.125892329,-0.019883807,-0.117172216,-0.079422489,-0.013253077,0.920025578,3.18965127,-16.87642446,3.246059179,0.689100588,3.25544788,-0.000103142,0.002536333,0.000714432,17.01894,13.412099
719,0.363333333,0.2286,-0.059338571,-0.18263274,0.215974648,0.141284311,0.081558146,-0.05384398,0.028549038,-0.156454837,-0.031843467,-0.076108595,0.055628428,0.45812766,-0.027898198,-0.040156253,-0.024350427,0.115531473,-0.071306642,0.220563809,-0.003989209,0.065506935,0.127421702,0.023862479,0.071538673,0.175239937,0.00489916,-0.004103321,-0.022982644,0.008148341,0.091245589,-0.039604726,-0.007118563,0.018073591,-0.158128548,-0.086733683,-0.06998771,-0.005834358,0.956956884,3.984949679,-23.42794474,4.041996479,0.668983792,3.98265207,1.65E-05,0.002293777,6.12E-05,23.0619488,9.833207
720,0.106666667,-0.0192,0.096463531,-0.226149017,-0.205709282,-0.147471211,0.127590034,0.07103507,0.025781096,-0.115997362,0.019276487,-0.093685799,0.440522603,0.022800331,0.1353466,0.147158849,0.278931834,0.251548813,0.189510713,0.378031876,-0.030228829,0.233723494,0.01719667,0.046829585,0.190062183,0.072959092,-0.048260487,-0.02783042,-0.025240209,0.066915945,0.075607763,-0.073781786,-0.06663893,-0.081782063,-0.085854786,-0.010366385,-0.048668506,-0.05411618,1.042162687,3.838980076,-21.96364832,3.902326107,0.76618988,3.8726941,-1.94E-05,0.001826534,4.37E-05,21.8210854,13.201434
721,-0.006388889,-0.0948,0.112434417,-0.107150491,0.023019167,-0.159657694,-0.082452517,0.053503615,0.006678729,-0.04377853,-0.13508859,0.009779115,0.227214937,0.195178974,0.388855907,0.053563573,0.128849791,0.376465323,-0.022145483,0.333662787,0.08210819,0.122632222,-0.011542241,0.21217115,-0.027614978,0.069616552,0.100368349,0.174315184,0.085075994,0.090069809,0.096023667,0.063443255,-0.192790637,0.019946779,-0.004344369,-0.029756636,0.006402357,-0.009581962,1.077615754,3.929650073,-22.66954963,3.995248318,0.793804644,3.94622098,0.000716924,0.001605248,-0.005962086,22.4096329,12.99018
722,0.002777778,-0.0486,0.136057956,0.24851477,-0.132329851,0.064427663,-0.079734128,0.071384858,-0.174291206,-0.188644479,0.005846449,-0.040108903,0.27804491,0.39283716,-0.052211198,0.314813077,0.025131889,0.381161887,0.214849416,0.351881784,0.16448313,-0.028249478,0.118627516,0.01038142,0.071766821,0.092643548,-0.0231864,-0.001675305,0.012124441,0.01608497,0.094963365,-0.04922066,0.040467371,0.015313343,-0.151280146,-0.061199827,0.002882743,0.00589675,1.006559331,3.679273981,-21.22397348,3.740525484,0.740803008,3.69774301,-3.17E-05,8.06E-05,0.000825994,20.982548,12.773201
723,0.131111111,-0.0234,0.059978038,-0.013279503,0.198896362,0.126902298,-0.024638194,-0.04588923,-0.049313897,-0.006192833,-0.022990784,-0.050854435,0.159670174,0.031301279,0.079544104,0.29090056,0.097890005,0.137136604,0.310164912,-0.035068858,0.064841747,0.008359416,0.037013217,0.124975213,0.09624775,0.13405529,-0.038078234,0.085434521,0.080101829,0.04289205,-0.052683056,-0.015679259,-0.081122741,-0.070209565,-0.141680004,-0.060009232,-0.106229218,-0.018112484,0.919345202,3.808524189,-21.94228661,3.863377094,0.644803249,3.80737095,0.000112532,0.002916613,-0.000975805,21.6075567,11.104778
724,0.076111111,-0.0864,-0.06000756,0.150972871,0.062785772,0.169742925,-0.070843466,0.100487455,-0.054156152,0.045178965,-0.104461594,-0.132083217,0.042509031,0.143197928,0.144455838,0.002459643,0.168400141,0.277429314,-0.039193122,0.158460417,0.150830033,0.033441607,0.212258089,0.055223594,-0.027547973,0.061780561,0.088510325,0.102141277,-0.011459305,0.027091367,0.082495378,0.046882822,-0.093481907,-0.087575715,0.021645086,-0.148589548,-0.020641983,-0.057903995,0.871538034,3.48178657,-19.12510161,3.534100533,0.620857877,3.51898606,0.000110842,0.001637345,-0.00053251,19.1095367,10.834999
725,0.268611111,0.2202,0.168203765,-0.11471212,0.214830214,0.179078313,0.021882128,-0.082973141,-0.157965416,-0.038080132,0.017734876,-0.135579118,0.01771564,0.323348552,0.012412083,0.089963322,0.23772788,0.261361153,-0.051114221,0.077551552,0.134638258,0.038170726,0.285196121,0.203610829,0.102337426,0.168425461,0.105082417,0.08460047,0.084629039,0.056751129,-0.095208948,-0.059838947,-0.082235911,-0.082878605,-0.092849159,-0.144709692,-0.059990636,0.00118628,0.986528757,3.677538009,-21.24633177,3.737396479,0.719176214,3.69116114,2.80E-05,0.002516617,0.000249956,20.9871763,10.822912
726,0.293055556,0.1866,-0.049421583,-0.225913154,0.240615955,0.055119645,-0.018845733,-0.082075127,-0.145047647,-0.079356621,-0.112742203,-0.060433463,0.346294483,0.266089337,0.101483911,0.283756081,0.003895241,0.079055715,0.333485964,0.280269842,0.127612323,0.035743895,0.043614389,0.254097001,0.134377412,0.086102127,0.122419453,-0.00861519,0.077146341,0.05265002,-0.087988591,0.069321972,-0.19660714,-0.14088526,0.014476429,-0.063102568,-0.071568102,-0.029613776,1.061361116,3.927351311,-23.36508406,3.991821289,0.776018645,3.91945268,2.40E-05,0.001322089,0.000393058,22.8963056,12.837468
727,-0.125555556,0.1824,-0.038373659,0.017551619,0.233333442,-0.041031963,-0.053750661,-0.022936979,-0.025618045,-0.03633354,-0.025752849,-0.140649348,0.104919186,0.459940476,0.10536843,-0.01402347,0.157450259,-0.062850036,0.092237334,0.235164718,0.054656398,0.20142223,0.073408979,0.118408186,0.013708714,0.193467755,0.081077731,-0.029054791,0.098039283,-0.007271524,0.096110175,0.037938441,-0.100901875,-0.10208896,-0.060230102,-0.023224456,-0.069290275,-0.049646807,1.081650932,4.19900571,-25.18720913,4.264229298,0.776626898,4.19113416,2.48E-05,0.003050407,-0.000212119,24.7230387,11.339495
728,0.277777778,0.2832,-0.046249356,0.299230952,-0.126768981,0.161681072,-0.010505617,-0.086446869,-0.062387004,-0.153881939,-0.065691971,-0.016204265,0.33563158,0.224865225,0.027145731,0.155145601,0.317401063,-0.071019574,0.314491139,0.180446579,0.037000863,0.164240881,-0.031391022,0.15555121,0.18766338,0.071769511,0.13109122,0.104300082,-0.004544082,0.095017352,-0.031582716,-0.05743636,-0.030283454,-0.019305696,-0.05228927,-0.102668838,-0.028500473,0.004853283,0.809555126,3.48233387,-19.75960779,3.53032279,0.560106132,3.49541728,-5.39E-05,0.000269632,0.000404697,19.5570854,11.365644
729,0.115833333,0.1824,0.123576813,0.104947136,-0.19876337,-0.148362964,-0.082063919,0.040573218,-0.036449775,-0.122708578,-0.050080291,-0.117377031,-0.075016413,0.468894283,0.03519639,0.282280675,0.17119863,0.288937433,-0.049833544,0.033542644,-0.043041453,0.241327064,0.281164287,0.29135708,0.0300477,0.188962678,0.029347515,0.048330774,-0.028632751,0.017863372,-0.057692635,-0.098119882,-0.020835494,-0.060776726,-0.061495353,-0.042228332,-0.077473783,-0.062683603,0.95303132,3.685777005,-20.72704323,3.743278742,0.688106326,3.71454899,-5.97E-05,0.000867704,0.000261489,20.5762483,11.838141
730,0.253333333,0.195,-0.09154159,-0.030921588,-0.173992068,0.030842117,-0.096671228,0.010501288,-0.073417121,0.023115776,-0.123552529,-0.10850454,0.302725532,0.183919553,0.162480326,0.345095924,0.233308642,-0.009155672,0.029837731,0.091017468,0.101581411,0.233893796,-0.023707908,0.191208677,0.000680649,0.137697561,0.07625556,0.146039331,0.137224622,0.069385299,0.090757098,0.009130414,-0.163655075,0.012573729,-0.194106674,-0.111976709,-0.105123922,-0.069856825,0.924295227,3.780753428,-21.54607361,3.836019278,0.651983526,3.79486206,-5.35E-05,0.002232621,0.000437561,21.3298716,11.831793
731,-0.064444444,-0.0444,-0.061292812,-0.183086878,-0.164431266,0.08917282,0.089507087,0.08975578,-0.137993638,-0.13635979,-0.038594169,-0.064015864,0.028712401,-0.097056065,0.185560343,-0.032449346,0.345690798,0.201469411,0.054374596,0.369471279,-0.043910747,0.029594358,-0.019408228,0.032624231,0.133285275,0.153997206,0.145893691,0.090052536,0.07956107,0.085714973,-0.053612791,-0.015876914,-0.030932706,-0.158893075,0.003961892,-0.07087497,-0.083673627,-0.043215275,1.085524531,4.112771044,-23.79120297,4.178474903,0.7894353,4.13616603,-1.96E-05,0.001917263,0.000429973,23.5542294,12.026536
732,-0.055277778,0.2034,-0.0392171,0.102488346,-0.165504136,0.170997156,0.040396979,-0.063096338,-0.016445949,0.037662138,-0.039710128,-0.038793504,0.496958398,0.164229322,0.319423718,0.093244172,0.213349185,0.184395701,0.207392714,0.129504622,0.286882822,0.06905162,0.278936165,0.061995118,0.090038625,0.151563691,0.159247791,0.158010069,0.092338694,0.079665948,-0.085673833,-0.020024932,-0.137711356,-0.000179177,0.022153889,-0.082216676,-0.024386708,-0.079896919,0.961536673,3.34433393,-18.73906255,3.403260708,0.719199901,3.38039649,5.94E-05,0.002511293,-0.000152935,18.6675027,13.226379
733,0.384722222,-0.0192,0.068521875,0.288228525,0.001888854,-0.017938379,-0.147405045,-0.046892544,0.039727363,0.047281805,-0.013647856,0.014638046,-0.032204136,0.410494304,0.248853351,0.092300453,0.045053554,0.134759321,0.107469565,0.125684779,0.01760428,0.06066291,0.085929641,0.011412282,0.10722167,0.061929721,0.030671183,0.15947738,-0.01244475,0.096917444,0.089791552,-0.075648477,0.025148854,-0.035262303,-0.026040786,-0.105727753,0.011151069,-0.016977864,0.755482559,3.439813611,-19.04242999,3.484134197,0.510496713,3.46229642,2.59E-06,0.002117491,-0.000323379,18.9372279,10.661925
734,-0.113333333,0.1782,-0.016986474,0.135585117,-0.237372777,0.184537073,-0.115200796,-0.025288991,0.050864935,0.033646243,-0.092681725,0.017815015,0.218862662,0.098770354,0.155029456,0.183622526,0.235460033,0.238405652,-0.065791234,0.321076974,0.197966889,0.244560372,0.06094414,-0.007366295,0.02572164,0.196271627,-0.015686914,0.033992772,0.018690853,0.020142762,0.050209397,0.025146084,-0.196101608,-0.081575948,-0.026909748,-0.057030986,0.009738016,-0.084943754,1.012016738,3.769187093,-21.71453554,3.830600262,0.738569597,3.81367605,-5.92E-05,0.001041125,0.000320109,21.6612143,12.099282
735,0.039444444,0.048,0.176338008,0.053908988,0.008079287,0.019187139,-0.060185038,0.06058195,-0.017625439,-0.167981943,-0.082310318,0.029930462,0.079112506,0.027273916,0.32811741,0.393965541,0.001146361,0.289847716,0.257961876,-0.043600339,-0.044906607,0.199503972,0.076526211,0.024779064,0.170882644,0.164499212,0.173137373,0.040362905,0.097377229,0.018845092,0.023507902,-0.078418112,-0.185763224,-0.072803814,-0.009158818,-0.101223747,-0.026196235,-0.024196016,1.020282175,3.928878734,-22.83696525,3.990479469,0.737376893,3.931518,0.00016116,0.001346535,-0.000836687,22.4814287,11.824526
736,0.167777778,0.2748,0.18878586,-0.157883339,0.196495679,0.053736378,0.020796277,-0.089026624,-0.070701944,-0.012007708,-0.068935892,0.025991038,0.386032752,-0.033290093,0.178704059,-0.016661995,0.149640406,0.042224095,0.251609529,-0.019355613,0.26619465,0.032758482,0.119065488,0.210178861,0.109420068,0.090826477,0.05017256,-0.012022355,0.039805219,0.08224246,-0.040703541,-0.055931452,-0.179673646,-0.173155833,-0.199749958,-0.127771375,-0.067923477,-0.073007157,1.069449877,3.98503926,-23.46332206,4.049932957,0.77944074,3.98903164,0.000129935,0.001347065,-0.00072287,23.0883528,11.192679
737,0.228888889,0.0228,-0.073789454,-0.247797257,-0.016607642,-0.07141927,-0.104275654,0.000724648,-0.053589469,-0.12478591,-0.031234951,-0.095898941,-0.070442497,0.345151724,0.311189976,0.348671953,0.018382055,0.396742663,0.156806703,0.119003437,0.296053179,0.002656215,0.238579949,-0.003887465,-0.012785377,0.058889045,0.143748208,0.199901218,0.077403757,0.052931598,0.026623115,0.092400823,0.00875782,-0.069900544,-0.042032145,0.003503042,-0.115286738,-0.015944211,1.163023987,3.875218668,-22.75257742,3.946907282,0.88074721,3.90475555,3.42E-05,0.001976228,0.000110115,22.4954453,13.174982
738,0.109722222,0.006,0.021615326,-0.139717172,-0.14076398,-0.099705036,-0.142256715,0.108604376,-0.07890437,-0.190238543,-0.050434916,-0.02755912,0.395438342,-0.049178913,0.307432735,0.058938452,0.214175921,0.173036578,0.364524623,0.374513929,0.263562597,0.009279432,-0.003119254,-0.007849233,0.039745531,0.085919281,0.077913052,0.10856745,-0.017012134,0.053681048,0.021382635,-0.048523717,-0.113534537,-0.187790621,-0.150808824,-0.051350642,-0.095784852,-0.039005854,1.165106136,4.13448427,-24.52921628,4.205686569,0.864996664,4.14170409,-1.05E-05,0.002030709,3.87E-07,24.1151404,13.72788
739,0.314444444,-0.1074,0.119414102,0.148824365,-0.118456043,-0.065250446,-0.069605351,-0.071472909,0.060793913,-0.15089282,-0.013520435,-0.110956812,0.31339047,0.335195713,0.011209469,0.157326568,0.192550542,0.372438054,-0.044154171,0.127295072,0.22714015,0.249677039,0.033270934,0.058024156,0.029140519,0.193317115,0.116507236,0.165480112,0.113644443,0.093298706,-0.082775392,-0.030672953,-0.096308815,0.01627911,-0.173513407,-0.098585484,-0.027045451,-0.097730888,0.968134786,3.349562675,-18.43141157,3.408936977,0.723999069,3.39831596,4.54E-06,0.003243023,-0.000842813,18.4262764,12.515553
740,0.280833333,-0.12,0.18152196,0.092910956,0.110033262,0.007536213,0.057625404,0.091458027,0.000812327,-0.105043363,-0.100468247,-0.005940384,0.232570824,0.310320252,0.393247406,0.294273338,0.126436709,0.051475128,0.112534261,0.292113463,-0.000302343,0.203413778,-0.040035074,0.088370823,-0.002520488,0.043273787,0.153342381,-0.033744284,0.100697362,0.021834576,0.091370522,-0.050025038,-0.053992549,-0.088330032,-0.083185884,-0.041599557,-0.092209624,-0.070171664,0.836503638,3.615546784,-20.70608012,3.665091038,0.578627388,3.62827296,-0.000104766,2.03E-05,0.000908899,20.4991523,11.682996
741,0.332777778,0.1446,0.17946958,-0.105656001,0.232218222,0.00193597,0.139990019,-0.055603443,-0.00129059,0.017398865,-0.061456148,-0.003931446,0.112204274,0.292270866,0.082027792,0.082226126,0.170255404,0.18376512,0.156909348,0.044314747,0.041219221,0.055316723,-0.036066349,0.008837133,0.105536522,0.069258332,0.099130324,0.052051545,0.134274185,0.092154999,-0.057445419,0.059340294,0.025700407,0.005444214,-0.191981095,-0.028202497,-0.030903052,-0.005283913,0.849621941,3.679230655,-21.11470124,3.729534864,0.585204629,3.68769963,1.44E-05,0.002232512,-4.17E-05,20.875844,10.314684
742,0.0425,0.1278,0.049771559,0.042708416,0.020068402,0.063083693,-0.046802961,-0.089670816,0.015473843,-0.104650696,-0.12808134,-0.08420451,0.294321701,0.259797252,0.000488388,0.317671368,0.118654019,0.049290698,0.316307816,0.105975207,0.117290326,-0.02952264,0.134323141,0.264648302,0.126023352,0.003904979,0.089155295,0.017591733,-0.02323866,0.034658353,0.0142137,0.044897663,-0.111653882,-0.111658251,0.002919205,0.01676647,-0.014563378,0.008173049,0.982794841,3.851762993,-22.4522406,3.910936594,0.704759637,3.86908093,1.04E-05,0.00162853,0.000273997,22.1961487,12.088177
743,0.091388889,0.3,0.158905964,0.19508276,-0.219128597,-0.007586598,0.048073306,-0.019708106,-0.008214014,-0.14325614,-0.021519934,-0.101862426,0.471988453,0.038615363,0.319857307,-0.007316148,0.185117456,0.023808763,-0.050423265,0.139728157,0.243163851,0.223501175,0.288525512,0.159453481,0.141860091,0.027354762,0.034830214,0.126324495,0.024972967,0.080448517,0.052088391,-0.012350384,-0.006833658,-0.180036713,-0.196711338,-0.12445595,-0.021401677,-0.064510122,0.89902781,3.487958776,-19.57043626,3.542175293,0.648602927,3.52356496,-0.000112481,0.002026967,0.000661501,19.5039479,11.517497
744,0.241111111,-0.0066,0.159053173,0.034962835,0.125328786,0.153469569,-0.113160994,0.033285544,-0.088661472,0.013486136,-0.005172072,0.006933493,0.003864786,0.117952953,0.192092452,0.12282397,0.206881438,0.398980176,0.035528145,0.33956775,0.135270764,0.237125432,-0.003948265,0.268774472,0.076302908,0.070985344,0.053805099,0.13290196,0.057568868,0.044705465,-0.019488355,0.093775754,-0.008837756,0.010820087,-0.183873706,-0.025292718,-0.094558761,-0.082755322,0.915040207,3.633532735,-21.03676139,3.68851161,0.652288356,3.6476087,-4.82E-05,0.000760354,0.000227303,20.801008,11.724297
745,-0.098055556,0.2748,0.161397698,0.254253355,0.148258175,-0.187297316,-0.09673776,-0.017332423,-0.148349849,0.033533294,-0.112228997,-0.147580013,0.033325458,0.047836319,0.448458209,0.02723207,-0.016505373,0.031445406,0.144020238,0.169334316,0.163171865,0.171106453,0.01101906,-0.010246044,0.154605284,0.191665061,0.02660067,0.03308219,0.054081691,0.097127977,0.015351049,-0.015343074,-0.117151633,-0.058214581,-0.093475828,-0.07115183,-0.005719564,-0.064200761,0.947577591,3.87410977,-22.59407928,3.930772305,0.667325171,3.8848825,0.000172907,0.001471773,-0.001113521,22.337852,11.13384
746,-0.113333333,0.2244,0.017252228,-0.078544901,0.210822291,0.190011571,0.061069173,-0.100373598,-0.067360533,-0.117312959,-0.002089046,0.010500054,0.485615137,-0.062436593,0.224353819,0.171452297,0.28252708,-0.031618032,0.002880369,0.378921132,0.229037677,0.14945322,0.14910803,0.068437551,0.184851392,0.187408107,-0.003975905,0.190319967,0.077000851,0.052161888,0.052615886,0.039564113,0.020324902,-0.145774924,0.015152026,-0.133634642,-0.008367684,-0.091577024,1.235279421,4.076287752,-25.11854142,4.152526855,0.934895697,4.08796318,-0.000110328,0.001153461,0.000888501,24.7209643,11.794961
747,0.045555556,0.2622,0.080750635,-0.168083259,-0.107512121,-0.124103975,0.023747318,-0.039805049,0.003406226,-0.093866342,-0.046915152,0.028738469,0.349725241,0.054744328,0.17442445,0.006326541,0.011473191,0.053124474,0.120838695,0.385779343,0.104976725,0.095877297,0.180067368,0.076549138,0.072716488,0.165765089,0.033133098,-0.029673365,0.08897241,0.023309105,0.000162995,-0.004303578,-0.143307406,-0.035510619,-0.034413262,-0.090787538,-0.054521867,-0.085828311,1.075174312,4.057891272,-23.78585603,4.123006821,0.782710724,4.07358954,2.71E-05,0.002038575,0.000178738,23.493665,12.250587
748,0.112777778,0.1026,0.128796854,0.22766503,0.075550028,-0.182443292,0.012702708,-0.020723612,0.0385652,-0.016235038,-0.144501313,0.02853254,0.332691408,0.385774354,0.061018355,0.39918993,0.308652257,0.214881615,0.23933425,0.251482093,0.03863107,-0.012880517,0.190561412,0.053434247,0.068557239,0.047044156,-0.024043685,0.011366466,0.133380301,0.026279774,-0.030351544,-0.090384544,-0.132836858,-0.11725455,-0.050212898,-0.010882666,-0.03610059,-0.075121868,0.822769542,3.343569239,-18.6644638,3.392817974,0.582864401,3.36288594,0.000140484,0.002556247,-0.00052042,18.4945626,12.686409
749,0.2625,-0.0864,0.095258519,-0.097589086,-0.127345739,0.148480498,-0.078374392,-0.090483553,0.062627251,-0.085991088,-0.057984752,-0.144220744,0.226345524,0.067439443,-0.070911908,0.186548305,0.037540723,-0.043994201,0.04021875,0.387429547,-0.02822723,0.001257239,0.044546531,0.061161207,0.149590268,0.104844637,-0.031357924,0.019663251,-0.000114655,0.091326292,-0.098716421,0.024165398,-0.101959437,-0.19105315,-0.164162288,-0.102003295,-0.038161044,-0.090720675,0.978277744,4.002981796,-22.89283161,4.061471939,0.689981725,4.02294904,4.36E-05,0.002013118,0.000271451,22.6864972,11.208646
750,0.222777778,-0.015,0.046646805,-0.003148884,0.234961867,0.143425876,-0.019489897,0.04147987,-0.121068409,-0.023271408,-0.04469043,-0.078284657,0.059639798,0.388428214,0.310057493,0.282866184,0.139628907,0.185919227,0.251508641,0.094681863,0.081647844,0.006199391,0.289614848,0.011670099,0.139042718,0.118055143,0.115873779,0.002583549,-0.022678167,0.075223799,-0.081798958,-0.059124831,-0.174165791,-0.169187411,-0.153196248,-0.085874436,-0.090826692,-0.096893643,0.93440179,3.514332101,-19.92420992,3.570951939,0.680318344,3.53374164,2.80E-05,0.003016365,-3.71E-05,19.7029176,12.273107
751,-0.000277778,-0.1116,-0.081637321,-0.112052517,0.046490275,0.011127242,-0.107308243,0.056734532,-0.181624352,-0.017148221,0.028916322,0.015189236,-0.01653867,0.114363701,0.178454611,0.248627723,0.118117271,0.075404753,0.160175981,0.017878272,0.241756296,0.156589602,0.084422768,0.080563335,0.174954189,0.030968909,0.072831844,0.074633329,0.088099014,0.001576156,0.004006236,0.054492192,-0.117502714,-0.123703738,-0.069932963,-0.042661127,-0.00033782,0.007266677,1.051349615,4.151561082,-24.31039816,4.21478653,0.753274116,4.15854268,0.000124531,0.000898193,-0.000544961,23.9729113,12.113075
752,0.2625,0.1362,0.05778491,-0.20329062,0.170943159,0.00367307,0.093124994,-0.017829168,-0.159672438,-0.174874848,0.016882745,-0.018072729,0.224962186,0.163570841,0.142384474,-0.012133585,0.041426584,0.086962189,0.158254707,0.291795447,0.133024355,0.061783158,0.038868209,0.119227314,0.129680962,0.019966286,0.119799216,-0.033514103,-0.001717105,0.07771321,-0.085035256,-0.00118538,-0.142876617,0.017831768,-0.155530229,-0.14718077,0.017520308,-0.001368736,1.013395246,4.027454358,-23.62476981,4.08833456,0.723903915,4.02311876,4.21E-05,0.003131014,-0.001104997,23.2028972,11.558517
753,-0.058333333,0.258,0.047309433,0.036949925,0.218104524,0.156967233,-0.13612642,0.095195446,-0.101123111,-0.06514323,-0.062064631,-0.063208396,0.018957531,0.323155502,0.342047027,0.390973127,0.299128979,-0.009912779,0.229866307,0.166818115,0.239516628,0.120962956,-0.036283122,-0.037736281,0.178406014,0.030136912,0.110580067,0.063177433,-0.014187087,0.074362063,0.005133018,0.002837804,-0.155089095,-0.074382954,-0.169313021,-0.106921454,-0.089093107,-0.060438212,1.156760814,4.291272045,-26.58478896,4.361510277,0.843543477,4.27119009,2.00E-05,0.001662414,-2.44E-05,25.9932706,11.886011
754,0.186111111,0.0228,-0.012982981,0.016406442,-0.02494876,-0.088389308,0.108965116,-0.040724205,-0.185526048,-0.19828239,0.010723441,-0.015123877,-0.072864744,0.240835955,0.004992551,0.203162124,0.224478513,0.254185685,0.042746899,0.344663176,0.187974033,0.228455499,0.233518034,0.047585222,-0.004438267,0.007641108,0.035076915,-0.01238961,0.040192811,0.041385712,-0.07174817,-0.091827627,-0.024764426,0.009953133,-0.107454542,-0.114663715,-0.075176273,-0.033477043,0.929611853,3.680192768,-20.72513954,3.736074448,0.665288611,3.71482215,2.00E-05,0.000684208,-0.00037042,20.6212251,12.200807
755,0.115833333,0.132,-0.065836495,0.029232567,-0.071828781,-0.111862709,0.129422428,-0.097320105,-0.165409134,-0.108469946,-0.048498698,-0.121600961,0.300338303,0.489762565,0.252693017,-0.043980134,0.121515487,0.078413059,0.262488968,0.156197644,-0.048977203,0.21175485,0.154008445,0.185240825,0.153397997,0.09397504,0.141442652,0.10748176,0.00482585,-0.019172972,-0.066728088,-0.013564747,-0.070962268,-0.156824637,-0.17069567,-0.089545403,-0.089634008,-0.071221195,0.923177575,3.53202867,-19.60649074,3.587822437,0.669253946,3.56602942,-1.28E-05,0.000661366,0.000104404,19.5010912,13.070625
756,0.338888889,0.1656,-0.017280348,-0.172786967,0.176771166,-0.09480152,-0.000410706,0.009321497,-0.19297088,-0.17228411,-0.080751734,-0.053989681,0.419400158,0.45592295,0.137836084,0.388976359,0.211419729,-0.048783652,0.208424118,0.146342808,0.298113601,-0.014151547,0.060377925,0.013545563,0.143395708,-0.015112499,-0.009162613,0.143766539,0.092996762,0.014648184,-0.093283122,-0.084463139,-0.136334984,-0.056602877,-0.17648899,-0.122008538,-0.063609415,-0.070909907,1.025703773,3.908355917,-23.21038902,3.970384836,0.741483996,3.9035901,0.000171652,0.001694095,-0.000919758,22.770122,12.788132
757,0.320555556,-0.0528,0.005272443,0.26938171,0.02612372,-0.103620461,-0.098277716,0.02911546,-0.189670736,-0.154137387,-0.132501596,0.016382218,-0.009176302,0.256528131,0.091681497,0.091190728,0.242780664,0.342557446,0.244600086,-0.035892377,-0.00619032,0.028528323,0.198115227,0.132870802,-0.011751956,0.194574041,0.015697611,0.11653633,0.060793462,-0.015782624,0.001273207,0.076437585,-0.198055664,-0.015431799,-0.06098993,-0.050763361,-0.029620394,-0.003281829,0.864554032,3.427139373,-18.59012888,3.479099274,0.618039436,3.44926845,0.000102415,0.001032867,-0.000545243,18.4506534,11.493728
758,-0.036944444,0.0396,0.004566523,0.220829598,0.223188347,0.145332829,0.002333614,-0.088536308,-0.011227699,-0.048961108,-0.04362993,-0.139662998,0.405400698,0.121135959,0.353426761,0.01488738,0.069792668,0.094949117,-0.02032125,0.303772064,0.215428606,0.134919486,0.171390168,0.177493782,0.057639032,0.01340835,0.130474395,0.130664769,0.072390737,0.034935383,-0.0210704,-0.082793564,-0.144874548,-0.030120734,-0.117622822,0.001418583,-0.089538621,-0.036102296,0.894628856,3.509182533,-19.87496786,3.563040495,0.642422849,3.53841073,6.04E-06,0.001123534,-0.000153209,19.7585714,11.855304
759,0.018055556,0.0396,-0.056246429,-0.066489798,0.173859847,0.024385681,0.141852442,0.022163138,-0.081075498,-0.074306658,-0.063638604,-0.047589949,0.284625923,0.291353847,-0.045075587,0.338934227,0.335406439,0.329219129,-0.076486587,-0.014408836,0.03004039,-0.014659933,0.165442383,0.211425922,0.139670283,0.010230577,-0.027669843,0.02468242,0.123806639,0.089734315,0.092387668,0.029506066,-0.080327881,-0.169091008,-0.130824059,-0.115557541,-0.117626324,-0.029982176,1.001327825,3.609614967,-20.39954536,3.670671225,0.739121729,3.64030679,0.000160012,0.001790757,-0.000865851,20.2355995,11.478037
