Id,ratio[0],ratio[1],ratio[2],ratio[3],ratio[4],ratio[5],ratio[6],ratio[7],ratio[8],ratio[9],ratio[10],ratio[11],ratio[12],ratio[13],ratio[14],ratio[15],ratio[16],ratio[17],ratio[18],ratio[19],ratio[20],ratio[21],ratio[22],ratio[23],ratio[24],ratio[25],ratio[26],ratio[27],ratio[28],ratio[29],cd,cl,cm,cy,Cx,Cy,Cz,Cmx,Cmy,Cmz,Volume
0,0.396944444,0.132,-0.07180301,0.263806578,0.045419946,-0.112503311,0.089752897,0.11661746,0.053956107,-0.080023986,-0.002411135,-0.001675592,0.193338433,0.210802788,0.173555005,0.075479722,0.056270485,0.135868632,0.324669021,-0.076942615,0.078399797,0.038364786,0.040313175,0.054989404,0.148412901,0.030647293,0.004088231,0.199884995,-0.026038137,0.009433579,0.711065674,3.218371146,-17.42194158,3.26013279,0.480846429,3.23017526,7.79E-05,-0.000546981,0.000656523,17.262095,10.607205
1,0.390833333,-0.12,0.146297014,-0.065774793,-0.105856318,-0.059465646,0.105158529,-0.048516451,-0.193159023,-0.006614939,0.018129825,-0.040333437,0.488133953,0.176027604,-0.083807362,0.036478213,-0.030763011,0.265152374,0.216056362,-0.054391633,0.147512947,0.110363227,0.035072979,0.046156379,0.157406769,0.123111552,0.186183568,-0.002102159,0.064952994,0.069647775,0.895516093,3.285570163,-17.47377732,3.340034723,0.660043816,3.33035318,-1.50E-05,0.000336052,-3.09E-05,17.4816421,11.654181
2,-0.052222222,0.174,-0.057796476,-0.224231887,-0.232412829,0.162417487,0.132230547,0.02705729,-0.022751034,-0.109478504,0.005490153,-0.081376255,-0.068654748,0.077547564,-0.03661907,0.349537025,0.118729644,0.262386222,0.151378504,0.046000615,0.231492804,0.089929315,0.258039905,0.056676546,-0.018643984,0.049046998,0.124800848,0.108343806,-0.00568937,0.053212909,1.132131554,4.014305049,-23.40301072,4.083499908,0.842460244,4.04919223,-8.82E-05,0.002963274,0.000790531,23.2423935,11.766504
3,0.338888889,0.2832,0.141053319,-0.097112867,0.135062817,-0.080807988,0.127200599,0.025753785,-0.132942765,-0.176417438,-0.044480843,-0.068983917,-0.049379692,0.159807165,0.137806199,0.344351001,0.142305245,0.337524373,-0.043577327,-0.053074533,0.218552132,0.118638835,-0.016101561,0.078318515,0.029870262,0.185424702,0.052223392,-0.011530614,0.102929192,0.0046742,0.940152174,3.741162848,-21.85718765,3.797631264,0.668966744,3.75421086,3.14E-05,0.000953018,-0.000523992,21.5993694,10.344804
4,0.393888889,0.111,0.002437377,-0.055928504,-0.160724464,-0.181887092,0.117985635,-0.098406476,0.042068629,-0.071207094,-0.09501104,-0.009165552,0.430800856,0.362156248,0.14707224,0.228239746,-0.042939252,0.074069563,0.190365172,0.308434821,0.113394906,-0.029219147,0.229911088,0.077356812,0.069626171,0.07100346,0.025275172,0.002263359,0.078538056,-0.018271494,0.867339621,3.461503141,-19.2548488,3.513573647,0.620211229,3.48515854,5.54E-05,0.000790011,-1.95E-06,19.1319645,12.648522
5,0.066944444,0.2076,0.105985017,-0.166455072,0.139791316,-0.085354889,-0.060285587,0.064142756,-0.183149699,-0.025430795,-0.019999801,-0.085172456,0.047046196,-0.002977335,0.080091742,0.132674068,-0.048256511,0.104946647,0.038472521,0.240340845,-0.003826297,0.240131141,0.181618944,0.156771952,0.043623896,-0.015440647,0.065676603,0.158121133,0.003699918,0.0895452,1.102375869,4.24669504,-25.14786305,4.313248158,0.795153321,4.25080104,-4.80E-05,0.000516845,0.000322207,24.7611378,10.660275
6,0.128055556,0.0858,-0.079257918,0.088307084,0.218140773,0.001736938,-0.142534639,0.030732552,0.000226114,-0.016508299,-0.065678834,-0.047471645,0.094435559,0.01985588,0.113198339,0.058869283,-0.004408471,0.031403758,0.340756245,-0.049563153,0.029813736,-0.00703778,0.083156471,0.236745616,0.167729228,0.076656548,-0.006324254,0.123418866,0.004324239,0.031652417,0.918462168,3.863759743,-22.31332568,3.9184165,0.639426945,3.86481675,0.00028662,0.002188931,-0.002148675,21.962062,10.461198
7,0.125,0.1362,0.174505498,-0.194672977,0.098488003,0.199032813,0.122310661,-0.093540968,-0.181789427,-0.156605589,-0.02250161,-0.080393774,0.387594878,0.094860119,0.143996577,-0.063885811,0.335631962,0.138115112,-0.006745999,0.02158562,0.004664719,0.188540647,0.295917901,0.122968456,0.081296893,0.150185665,0.101087203,0.101056044,0.092634549,0.084278376,1.10756278,3.863100572,-22.62499206,3.930949926,0.826849448,3.8899724,9.08E-05,0.002431887,-0.000634689,22.4136263,10.757883
8,0.134166667,0.2748,-0.000843381,-0.001516381,0.023334537,0.190097265,-0.089571418,-0.078500367,0.04850539,0.031802772,-0.002953875,0.01091029,0.367398426,0.158240283,0.036777435,0.318305448,-0.003931267,0.045474862,0.38500654,0.36575341,0.064365335,-0.010977035,0.24702436,0.013991129,-0.008196266,0.104962189,0.132809795,-0.012765003,0.034107685,0.011842936,0.974344584,3.690921059,-21.68724791,3.749897003,0.708898149,3.71029543,-4.11E-05,0.000557207,0.000587975,21.4537491,11.820909
9,0.29,-0.0906,-0.081574863,0.022880962,-0.211844732,-0.180675324,0.014383604,-0.111205099,-0.149903641,-0.122085973,-0.062974172,-0.036404524,0.370344515,0.368247365,0.322779755,0.34866633,0.088568211,-0.018660428,0.109005681,-0.01077955,0.053332383,0.246837982,0.114137298,0.056964873,0.02348404,0.194056986,0.011212499,0.125869227,-0.006054951,0.049378152,0.939252894,3.760634746,-20.92411502,3.816992998,0.670761256,3.79728613,-4.17E-05,0.001738727,0.000291906,20.8549749,12.673971
10,0.054722222,-0.099,-0.061476464,0.187186172,0.141891952,-0.163645088,-0.111747299,0.1146525,0.004840769,-0.075342723,-0.001160198,-0.01632627,0.439673772,0.233063979,-0.058407517,0.196467764,0.248212006,-0.068186636,0.259029549,0.293119376,0.011077665,0.180452327,-0.048027048,0.088485207,0.131787437,0.179049973,0.167794495,0.110823203,0.141810026,-0.008740176,0.937082239,3.751711674,-21.59702124,3.807940245,0.667383621,3.75250297,-1.11E-06,0.00148162,-5.86E-05,21.241272,12.182644
11,0.085277778,0.2454,0.128734278,0.077153722,0.101271032,-0.035899745,0.096334791,0.10424641,-0.031462985,-0.042784894,0.016369537,-0.00888539,0.477251106,0.491023622,0.370217641,0.258811982,0.094118329,0.002951909,0.377913689,0.000359838,0.242450323,0.020298917,0.09756082,0.180885457,0.161128429,0.055629369,0.016667859,0.104064187,0.067677742,0.071152223,0.901935174,3.519158502,-20.79516466,3.573501825,0.647119928,3.51095337,6.59E-05,0.001733829,-7.86E-05,20.4003967,12.559319
12,0.063888889,0.2034,0.056203861,0.187554514,-0.167200613,0.117799335,0.01542172,-0.06081798,0.06565164,-0.139666085,-0.085949281,-0.063435052,0.296470492,0.113333089,0.237428047,0.390836476,0.111825095,0.368011677,0.315127038,0.39792146,0.106657153,0.189489951,0.028868276,0.233004949,0.151175219,0.190134845,-0.019367472,0.038570336,0.031670196,0.061738206,0.936795222,3.511593805,-20.51634141,3.56838727,0.685169584,3.53040725,-4.66E-05,0.001270262,0.000241155,20.3054924,13.50734
13,-0.064444444,0.153,-0.05414313,0.154791612,0.032941839,0.110313381,-0.002987231,0.016733596,-0.169984761,-0.195722479,-0.032198816,-0.130069563,0.003531598,0.272371722,0.185243432,0.092758726,0.012700328,0.041642203,0.013906228,0.052771628,0.085817957,0.160600729,0.118059018,0.200230677,0.158603502,-0.014615764,0.148953596,0.041504127,0.036015571,0.01000183,0.969557315,4.034406436,-23.51102693,4.092211723,0.680726436,4.03235618,9.46E-05,0.002424681,-0.00058802,23.1550879,10.722677
14,0.222777778,0.0648,-0.009429076,0.14264528,-0.207624019,-0.127841718,-0.062313766,0.102420109,0.064403292,-0.042448215,-0.136569086,-0.061767324,0.171062704,0.373461374,0.216372947,0.294294583,0.300244636,0.10966807,0.094056804,0.118155338,0.147100744,0.038730615,0.01087584,0.186962678,0.156941101,0.194393293,-0.018097428,0.081665509,0.021721302,-0.013981009,0.874125413,3.645100336,-20.67745971,3.69719696,0.613809494,3.66395103,-5.86E-05,0.000556417,0.000627104,20.4990265,12.389441
15,0.341944444,0.132,0.137363867,-0.181955722,0.124369437,-0.133978063,-0.01298236,-0.04612205,0.032471894,-0.17948665,-0.075517577,-0.101875175,0.352030523,0.216115226,-0.027137906,0.133617425,0.331662973,0.125813164,-0.050484831,0.169935476,-0.047148422,0.098509579,0.129997171,0.166062788,0.023688609,0.07697178,0.123675536,-0.01062615,0.097674126,0.08237119,1.007587131,3.93661622,-22.88732156,3.997312546,0.724715785,3.94684584,3.16E-05,0.002205938,-0.000279726,22.5755861,10.810217
16,-0.027777778,0.3,0.01605794,-0.048700219,-0.131114757,0.006311225,0.020266668,0.03670698,-0.13215584,-0.148195125,-0.093625865,-0.12948782,0.441310931,-0.078139791,-0.038887544,0.225184979,0.307694458,0.141384573,0.04092074,0.383671467,0.083613857,0.012613185,0.271515302,0.278371786,-0.009424138,0.116489611,0.068016983,0.099970318,0.101735501,0.027348278,1.089912961,3.818769509,-22.16186659,3.885495663,0.813084111,3.85059848,0.000124387,0.002701389,-0.000597398,21.978465,12.108327
17,-0.073611111,0.0606,-0.064175971,0.184844537,0.245177891,0.029190771,-0.005869875,0.091214221,0.063043204,-0.027509405,0.025084975,-0.04440454,-0.089951353,0.348237294,-0.028586713,0.125265089,0.028733235,0.064372822,0.147239141,-0.031638507,0.032341823,0.01983748,0.255448549,-0.013025061,0.07659889,-0.016307657,0.094393908,0.171312272,0.136856935,0.032618145,0.892775659,3.760741413,-21.46662544,3.813857317,0.621479175,3.75912938,0.00010946,0.000886971,-0.000563279,21.1488741,9.971555
18,-0.140833333,0.0312,0.167380117,-0.02536571,0.082165057,0.065246094,0.023915149,-0.10033342,-0.109872244,0.019194512,-0.082156166,-0.004444647,0.119431984,0.193555183,0.261620332,0.095884409,0.116053415,0.232332489,0.226736942,0.181219606,0.115596295,0.095313321,0.279948567,0.203792912,0.06654955,0.015946296,-0.034117912,0.07180191,-0.000600612,0.027910051,1.063926334,3.965706984,-23.29470839,4.03026247,0.779704483,3.99075907,-3.23E-06,0.001646776,0.000151204,23.0886762,12.278894
19,-0.070555556,0.237,0.108934449,-0.127711831,-0.240859343,-0.074946727,0.048644726,-0.11646254,-0.129665622,0.022080998,-0.147585396,-0.025415865,0.262223606,0.32764079,0.328722762,0.19416563,-0.021929841,0.332853739,0.075939158,0.326632764,0.129997632,0.016767958,0.217161456,0.014401085,0.191302053,0.127191125,0.103719155,0.10599511,0.00770138,-0.013161135,1.128997672,3.794170498,-21.99715742,3.863682985,0.854507122,3.84708711,-5.99E-06,0.004287795,0.00027971,21.9541786,13.488086
20,0.335833333,0.1152,0.107509959,-0.149190703,0.097077207,-0.183085599,-0.040347274,-0.035079307,-0.188637677,-0.110120358,0.012225397,-0.147788021,0.152874939,0.115193944,0.150301879,0.246798276,0.280712254,0.348636258,0.374970352,0.207623814,0.271853323,0.204875865,0.058817734,0.221854212,0.134821068,0.110508313,0.051666189,-0.00937117,0.08777347,0.094930353,1.010029424,3.735268689,-22.07047367,3.796625853,0.740807516,3.73884179,1.49E-05,0.001860338,-0.000362384,21.7007735,13.365136
21,-0.027777778,0.006,0.011272582,-0.214213442,-0.243721242,0.073882538,-0.10210103,-0.007994376,-0.027262621,-0.054879735,0.003248365,-0.054489464,-0.051077416,-0.06465597,0.347082283,0.107161118,0.136410243,0.365037785,0.106320055,0.102026557,0.00259297,0.201457106,0.052245193,0.213412052,0.068393418,0.007321352,0.104691907,-0.014206361,0.117758794,0.084565233,1.143657709,4.26889003,-24.92700366,4.338268757,0.83717578,4.28763388,0.000442211,0.001855303,-0.003974682,24.6484066,12.161222
22,0.396944444,0.3,0.019446244,-0.037863628,0.037655701,0.127947562,0.056574279,-0.084622684,0.012814589,-0.170380356,-0.059424332,-0.032454321,0.008809408,-0.024898475,0.255590917,-0.017445365,0.097029199,0.280491722,0.202163471,0.133026105,0.080541387,0.060912916,-0.03038987,0.223779204,0.067929484,0.065585302,-0.043145071,0.0017148,0.000257004,-0.00591848,0.867396881,3.802488949,-22.07397729,3.853732824,0.595310946,3.80887341,-3.80E-05,0.001493307,0.000289738,21.8005752,10.375722
23,0.051666667,-0.0402,0.042865083,-0.200546852,0.010808882,0.042726666,-0.12665992,-0.05820642,0.059959579,-0.083201963,-0.037733374,-0.145280165,0.07969946,-0.044479657,0.206535724,0.28792375,0.112362136,0.322399754,0.287369828,0.023509987,0.063001704,0.192290246,0.120803086,-0.030845658,0.132255118,0.054133948,0.017278808,0.031569164,-0.013150062,0.071759555,1.139267458,4.241609645,-25.08713485,4.310748577,0.834577263,4.25797793,-0.00019901,-7.85E-06,0.002011737,24.783185,12.057324
24,-0.113333333,0.1656,-0.072426412,-0.099189186,-0.219101775,0.137509636,-0.008821066,0.071414981,-0.111043928,-0.048303425,-0.054007415,-0.0909757,-0.062053244,0.26261933,0.326902648,0.388236902,0.2280324,0.342543319,0.098197081,0.272042627,-0.024004124,0.157382893,0.06392145,0.175828716,0.183680241,0.016525504,0.049553579,0.168242955,0.074285598,-0.002424453,1.098277172,4.031755239,-23.85576897,4.098546028,0.807250192,4.04873264,6.15E-05,0.002069151,5.09E-05,23.5840954,13.076271
25,0.305277778,0.0102,0.053031885,0.155837562,0.026200231,0.053836965,-0.149562861,0.060155309,-0.174656685,-0.038950514,0.009088534,0.010751559,0.102819323,0.453240326,0.303697015,0.188432239,0.209730206,0.241619495,-0.019446977,0.115455108,0.194935534,0.222039886,0.281693719,0.287556055,0.014235064,0.021725341,-0.021759274,0.049213242,0.052160858,-0.015302818,0.874034453,3.493367973,-19.88783556,3.545827866,0.623982979,3.5183094,-0.000110423,0.000477002,0.00093499,19.7331261,11.992681
26,-0.033888889,0.1824,0.199024339,-0.051585246,-0.112092088,-0.184244346,-0.040571954,0.022127862,-0.083242491,-0.183449463,-0.112823098,0.018615768,0.445947866,0.342147519,0.148329207,0.110495238,0.305795158,0.340448641,0.153122777,0.296633689,0.065659509,0.111234731,0.134001799,0.021369598,0.123310055,0.020204224,0.146509348,0.16188883,-0.000240599,0.047929405,1.128565303,3.897081483,-22.86541733,3.966313124,0.848255085,3.92365395,6.66E-05,0.002922272,-0.000935752,22.6200692,13.272586
27,0.201388889,0.1572,0.122102815,-0.050315654,-0.085133965,0.11857591,-0.045777893,-0.080004475,-0.061587912,-0.092811834,-0.124768343,-0.100646377,0.299219469,0.374083509,0.043743114,0.137501705,0.311022625,0.293246745,0.020929698,0.389772118,0.278823524,0.237883928,-0.006398926,0.224354006,0.131630888,0.050621857,0.132448554,0.115008836,-0.029338592,-0.001722543,1.005615394,3.717405402,-21.90181949,3.778498173,0.737895241,3.74106448,6.75E-05,0.001033173,-0.000391226,21.7066406,12.893291
28,-0.058333333,-0.0696,0.140140344,-0.115859455,0.06101132,0.017515317,-0.087506691,-0.114208291,-0.00738091,-0.029189122,-0.119815876,-0.144307103,-0.05742762,0.254710182,0.013445303,0.285905964,0.05152706,-0.029751982,0.350684498,0.090087929,0.10807165,0.21716898,0.151997012,0.002623008,-0.019382906,0.139664317,-0.017207383,0.142979395,0.109049427,0.084734604,1.116234113,4.323977698,-25.78502608,4.391309261,0.803732746,4.332075,9.56E-05,0.001539115,-0.000618398,25.4529932,11.813551
29,0.387777778,0.2412,0.031671049,0.237286534,0.093460988,0.029395031,0.090404305,0.070846645,-0.021606794,-0.085706956,-0.095905191,-0.047100783,0.234287371,0.481743113,0.219428795,0.350787157,0.053349471,0.339969232,-0.032518215,0.255851116,-0.048710063,0.053473956,0.013763786,0.156157475,0.105637249,0.039797709,0.088103018,0.095734214,0.140758336,0.095795585,0.724413462,3.10243204,-17.17586127,3.1454072,0.501899618,3.11556807,9.78E-05,0.001931334,-0.00040161,17.0213937,11.25653
30,0.204444444,-0.015,-0.046375389,-0.007280625,0.008217105,-0.112965097,-0.066704938,0.06877153,-0.10614773,0.032894417,-0.055740736,-0.030635424,0.316090688,0.474137452,0.256604379,0.114034277,-0.00222163,0.210058631,0.070762368,0.279188795,-0.043527376,0.121841519,0.09250976,0.061513817,0.145619053,0.02450969,0.141899071,0.140091423,-0.02321253,0.096000275,0.900498035,3.566727179,-19.97378871,3.620854378,0.645900739,3.59154989,4.11E-05,0.001652797,-7.51E-05,19.8113972,12.542724
31,-0.107222222,-0.0402,0.133055937,-0.240357771,0.222172372,-0.107835938,0.073988244,0.034027512,-0.134030325,0.004301519,-0.082834549,-0.10000789,0.321144076,0.326067503,0.008254735,0.137668183,0.115007768,0.024803819,0.367594942,0.126603672,-0.035478445,0.135691508,0.257631132,0.189482409,0.036148915,0.07821755,0.103311156,-0.018504863,0.073732093,0.044185301,1.187632953,4.148095629,-24.6472402,4.220836163,0.885812788,4.16547207,-9.11E-06,0.001187939,5.11E-05,24.3044758,12.395842
32,0.357222222,0.1908,0.112406393,-0.104266311,-0.082067168,0.149190075,0.098204689,0.084650969,-0.069707403,-0.103027798,-0.071559439,-0.148694527,0.198204867,0.181564758,0.384001467,0.135362571,-0.024324573,0.185892051,0.168643861,0.120033144,0.236835757,0.063028688,0.206721027,0.186585731,-0.016452178,0.073334216,0.119535068,-0.02846219,0.140679382,0.081454769,0.890460557,3.563501807,-20.47890422,3.616936684,0.635305335,3.58528402,-6.34E-05,0.001753648,0.000687654,20.3010802,11.713546
33,0.241111111,0.1782,-0.069553698,-0.17979735,-0.100700467,-0.118697844,-0.012391873,0.070530948,-0.153560991,-0.109912058,-0.005760924,-0.118953921,0.339049278,0.388050579,0.040197058,0.0484153,0.319565367,0.139611153,0.18942491,0.351214094,0.23319651,0.175009069,0.27276512,0.19287129,0.180451623,0.019013481,0.033832808,0.087455934,0.094448586,0.043281689,1.032021319,3.782020016,-22.10254695,3.844797373,0.759828682,3.78228895,-9.99E-06,0.002398446,8.61E-05,21.7335701,13.609185
34,0.173888889,0.258,0.196025476,0.1971904,-0.239491451,0.143530687,-0.095272091,-0.037928372,-0.11864207,-0.107140986,-0.107494595,-0.117184748,0.451248693,0.2998896,-0.053757587,0.296677366,0.332584961,0.187653243,0.100907056,0.142809454,0.289611957,0.191152927,0.128703882,0.239986807,0.136445183,0.158310331,0.015491196,0.020816344,-0.018575815,0.091385858,0.946892575,3.44447778,-20.03060132,3.502139091,0.697551025,3.46876297,-8.58E-05,0.002630504,0.000646038,19.8767463,12.337584
35,0.29,0.258,0.125844412,-0.031560136,-0.083981942,-0.17231855,-0.140440896,-0.029379052,-0.032073819,-0.13224409,-0.141206381,-0.130698667,0.181836999,0.365908333,0.444139481,0.066782553,0.019857609,0.025872566,-0.013931053,0.390692666,0.168467005,0.094225457,0.085710011,-0.024296434,0.121184318,0.038021525,0.092627197,-0.020380429,-0.011892713,0.043116824,0.983288815,3.928544016,-23.14115418,3.987565041,0.700685522,3.94255702,-3.98E-05,0.001377274,0.000278099,22.8773235,11.923765
36,-0.073611111,0.2832,-0.058971456,-0.235279444,-0.21421062,0.025702219,-0.097721208,0.010198098,-0.011308054,-0.04955781,-0.123303887,-0.068646237,0.48349713,0.21840041,0.097980737,0.216201961,0.195036675,0.112457989,0.178678193,0.150656788,0.12279577,0.14984211,0.250856189,0.017124311,0.044342859,0.011582307,0.102548833,0.056421776,-0.002206132,0.070633989,1.22506819,4.236112731,-25.18818914,4.31125021,0.918207832,4.25848508,8.29E-05,0.004013067,-9.55E-05,24.9047684,12.78893
37,0.231944444,0.1404,0.007576223,-0.19732989,0.119202234,-0.034870773,-0.003473717,-0.069740908,-0.165637656,-0.188836805,-0.148875231,-0.070548567,0.098865445,0.15553962,0.042710225,0.332749947,0.22044445,0.067647395,0.228898811,0.200852962,-0.00084206,0.132796267,0.236702358,0.171975279,0.183242363,0.181914745,-0.012734172,0.195922483,-0.014739307,0.068243813,1.065734881,4.126874492,-24.54979348,4.19116354,0.768015916,4.12427707,-5.03E-05,0.001205985,0.000249617,24.1330534,12.084571
38,0.1525,0.1068,0.044042054,0.07087799,0.243505839,-0.188561666,0.106002219,0.029259869,-0.049210768,-0.043404529,-0.009197298,-0.030562759,0.115796414,0.487346873,0.015863298,0.351696761,0.28013896,0.38238153,0.306828423,0.014892547,0.036596833,0.106658666,0.290815638,0.282520487,0.071713689,0.027310855,-0.046256971,0.147937533,0.027766003,-0.001903979,0.901028027,3.228908414,-18.16002896,3.283895493,0.665596083,3.26007403,0.00029706,0.002050492,-0.002360246,18.0098992,12.478558
39,0.039444444,-0.0318,0.114882393,-0.034202504,0.077814529,0.167148061,-0.101480341,-0.085666013,-0.167634847,-0.022148122,0.003332378,-0.10086891,-0.007339966,0.205267168,0.297915197,0.32477439,0.324467087,0.279170557,-0.050137003,0.196733635,0.164643534,0.00514959,0.142350012,0.045216003,0.038954044,0.095884727,0.003714326,0.189472417,0.028168666,0.031967725,1.026150286,3.919375133,-23.00712808,3.981408358,0.743674403,3.94219964,0.000153938,0.001161456,-0.001249049,22.8218038,11.739873
40,-0.073611111,0.069,0.065820177,-0.097956518,-0.055589499,-0.167469163,0.069108101,0.057772013,0.039084692,-0.06034176,-0.035568892,-0.113952231,0.284008186,0.127900123,0.362877911,-0.031260239,-0.0440104,0.317339004,0.001867266,0.105032063,0.011657416,0.202753468,0.161586129,0.001307133,0.044595636,0.109325898,0.022628812,0.050235436,0.009277787,0.041377231,1.056947969,3.805581182,-21.47612431,3.87003994,0.782975025,3.85237355,2.30E-05,0.001948868,-0.000897468,21.4210961,11.82892
41,0.213611111,-0.0528,0.164899566,-0.203904527,-0.09932705,-0.126080634,0.092084263,0.004716579,-0.003592096,-0.125792227,-0.139730526,-0.132507059,0.196755518,0.186363323,0.059859378,0.301157428,0.053332532,0.094512782,0.219141182,-0.04528944,-0.006199373,0.193899561,0.043096816,0.134928735,0.08288553,0.00775885,0.144166418,0.011945988,-0.023712054,0.00885934,0.987726455,3.959976355,-22.58742383,4.019230366,0.703821618,3.9826201,7.03E-05,0.002315802,-0.001230192,22.4077809,11.522328
42,0.369444444,-0.0192,0.14441432,-0.085288164,0.102606534,0.018084026,0.127720658,-0.023671295,-0.141448743,-0.086648831,-0.128650595,-0.102226202,0.418072879,0.499444873,-0.061631292,-0.01190192,0.179297026,0.210550214,0.377075266,0.34277858,0.060594648,0.082129662,-0.02782839,0.1886224,0.010919972,-0.009908705,-0.014531627,0.189746575,0.138824199,0.037585125,0.90619379,3.395161319,-19.33674984,3.45010376,0.660361796,3.42676257,3.51E-06,0.001644988,0.000221061,19.2027273,12.612257
43,0.219722222,-0.0738,0.025836585,-0.237840826,0.196569899,0.136417952,-0.019751085,-0.04654391,0.045850412,-0.129616884,-0.088633801,-0.114159082,0.251134216,-0.073521005,0.413429296,0.235298417,0.156030602,-0.011294644,0.299479097,0.091893764,0.203013031,-0.023156836,-0.041513984,0.196968661,-0.007276051,0.099170563,0.026624687,-0.03287473,0.012721878,0.040638766,1.068814524,4.200844026,-25.33097548,4.265167713,0.765219076,4.19453348,0.000134093,0.00274001,-0.000713778,24.9034134,11.557467
44,-0.134722222,0.1362,0.197072693,0.198529336,-0.099055415,-0.170391702,-0.106654896,0.01774226,-0.175885037,-0.044580493,-0.010328614,-0.129877962,0.260263632,0.34344117,0.134732303,0.207797703,0.158371327,0.146947282,0.043035469,0.315627913,0.175871403,0.084537385,0.009144406,0.252331602,0.04681962,0.09070596,-0.016651655,0.074268902,-0.021117912,0.072487244,0.961664801,3.864752021,-22.40960092,3.922420025,0.685313527,3.88145856,3.09E-06,0.001480594,2.92E-05,22.1813626,12.514356
45,0.271666667,-0.1158,-0.073914839,0.268653889,-0.023589799,-0.002011764,0.115768564,0.118682817,-0.157440892,-0.049833285,0.011315019,-0.108498245,0.010217138,0.41088082,-0.090885352,0.111906375,0.235386544,-0.019338762,0.211831054,0.242509026,-0.01364817,0.244493688,-0.027217836,0.297501959,-0.018484592,0.193393549,0.085589637,0.065706221,0.020499485,0.043674004,0.776496239,3.326318315,-18.20319478,3.37238121,0.536934544,3.3517619,-5.36E-07,0.002569485,7.84E-05,18.1203786,11.366887
46,0.091388889,0.2202,-0.080022566,-0.104016773,-0.020000477,0.122125628,0.102760717,0.098229021,-0.090435217,-0.114161286,0.014310294,-0.092606698,0.099894049,0.025225157,-0.013573329,0.302519997,0.096298955,0.263371128,0.14305005,0.254635562,0.256429391,0.056077469,-0.020423803,0.081425166,0.0447883,0.174947724,0.080044061,0.058610857,-0.028752352,0.05116355,1.011530581,3.851607762,-22.76705103,3.912786245,0.733609925,3.86596979,-2.59E-05,0.001554799,0.000765237,22.4791245,11.637806
47,-0.052222222,0.006,-0.038420112,-0.131371111,0.220033037,-0.126924065,-0.049669879,-0.015519185,-0.01863336,0.025009214,-0.064378801,-0.094206281,0.056619483,-0.005550476,0.275565384,0.356063785,0.203358453,0.050776093,0.266111014,0.176997299,-0.008494245,0.175342086,0.004204882,0.203510449,0.118242143,0.051449003,0.056500008,-0.01795835,0.142024356,0.076562483,1.088421879,4.210318801,-25.10625049,4.275987148,0.783575455,4.20868925,2.68E-05,0.002143964,-0.000168138,24.6844343,12.089681
48,-0.104166667,0.0102,0.090284901,-0.090437877,0.234284507,0.105001246,0.096910184,-0.068695403,-0.00173519,-0.16092426,-0.121541229,-0.138491324,-0.034370348,0.06291716,0.193275872,0.373064919,0.288159841,0.364736413,0.387279395,0.170799909,0.143516735,0.129858696,0.192652385,0.214443015,0.076162876,0.085655902,0.047197753,0.159217824,0.04230751,-0.011361752,1.153319742,4.02260525,-24.34500249,4.093257904,0.861319577,4.03141781,0.000114472,0.001034319,-0.000622624,23.978878,12.880938
49,0.228888889,0.1278,0.000974996,-0.032497423,0.012847997,0.008146188,-0.131308454,0.036289634,0.013613959,-0.194562621,-0.074344104,-0.020816537,0.001530005,0.201462554,0.272599705,0.252279591,-0.001432912,0.07907461,0.218360199,-0.071165135,-0.029767374,0.084966965,0.171140368,-0.026482792,0.10903241,0.157352235,0.116285324,0.134042116,0.138141911,0.038703331,1.035655515,4.120226116,-24.30755037,4.182433128,0.736906601,4.10138305,0.000107418,0.002496848,-0.000707082,23.7949395,10.889855
50,0.360277778,-0.1158,-0.03775302,-0.09363656,-0.138553513,-0.187733195,0.074390474,-0.088554224,-0.041277316,-0.162356882,-0.010768785,-0.067216308,0.494449375,-0.076550603,0.035415989,0.241024595,0.279624189,-0.034573228,0.016568754,0.028825927,0.075977619,0.0696052,0.177831623,0.292437274,0.072010324,0.06039262,0.076524381,-0.019309372,0.046368171,0.023451785,0.952609879,3.688677592,-20.20095868,3.746142864,0.689727957,3.73793412,2.17E-05,0.001828983,-3.17E-05,20.2099584,11.509896
51,0.268611111,-0.12,0.161382294,-0.151550975,-0.246800668,0.110938475,-0.078918812,0.065413063,-0.195127897,-0.040407905,-0.02430333,0.014725301,0.474735109,-0.026541057,0.048923287,0.28138266,0.076176862,0.018325692,0.281475721,0.283029463,0.237242347,-0.001746455,0.077829192,0.294960016,0.153825053,0.069755737,0.05062763,0.133472579,0.051054398,-0.010138557,1.055193115,3.765492252,-21.74280357,3.829926252,0.783078824,3.79454775,8.65E-05,0.001674354,-0.000293184,21.5580152,12.891322
52,0.088333333,0.1908,0.183701382,0.067150018,0.01422464,0.026210384,0.007329122,-0.019875138,-0.168181248,-0.014394265,0.011437932,0.006141775,-0.070677803,-0.069710462,0.031151905,-0.032853184,0.106419972,0.027952857,0.09722182,0.362189236,0.261883943,0.230629942,0.011281679,0.28071744,0.00101406,0.18344413,0.171380381,0.119602519,0.131778392,0.048466028,0.917933638,3.783560557,-22.01878723,3.838375807,0.646767111,3.7898234,-3.09E-05,0.000812078,9.32E-05,21.7501624,10.827523
53,-0.055277778,0.0774,0.047850065,0.225996089,-0.051365209,0.183680183,0.006057693,0.002745879,-0.140774557,-0.166106151,-0.013448037,-0.11677891,-0.023724766,0.306318535,0.057422799,0.134874718,0.188725201,0.092368196,0.069344263,0.311466132,0.040966198,0.199463746,0.262883324,0.002321824,0.047707405,0.146075701,0.041186184,-0.031757338,0.026954204,0.051941997,0.941515557,3.807895951,-21.96537996,3.864296913,0.668823233,3.83070733,-5.06E-05,0.001750567,3.50E-05,21.7931782,11.227931
54,0.106666667,0.1866,0.115193937,0.092675019,-0.223509127,-0.167207726,0.078643548,-0.038937143,-0.082135607,-0.056085079,0.021157042,-0.050786712,0.207964203,0.402441832,0.169324482,0.019213424,0.007930649,0.010142135,0.133068819,0.239497793,0.183579473,0.101980076,0.14539488,-0.031946106,0.146920757,0.025894347,0.080474447,-0.031108138,-0.02735767,0.062128803,0.864366088,3.674291981,-20.60967499,3.725636721,0.603193939,3.70300034,-3.81E-05,0.001844777,0.000428891,20.5237617,11.86712
55,0.036388889,0.1446,-0.078249514,-0.040388203,-0.077242279,-0.17377827,0.083839378,-0.110762412,-0.174303116,-0.184695686,-0.037431221,-0.099031463,0.117707026,0.409357452,0.063118052,0.001904225,0.301499219,0.230987991,0.399858528,0.378282234,0.110532497,0.20595267,0.230884149,0.102384727,0.045979686,-0.018899265,0.19607027,-0.024545478,0.053311733,0.078191319,1.051569316,3.670820521,-21.03127349,3.735232353,0.786670343,3.69597565,0.000142435,0.002425583,-0.000656981,20.831122,13.784765
56,0.173888889,0.1362,-0.056898604,0.061687773,-0.205057391,0.027015071,-0.046779319,0.002138278,-0.147847044,-0.028353415,0.028779275,-0.145199051,0.090579008,-0.045726808,0.419097771,0.299928361,-0.040296843,0.21404644,0.390923603,-0.009737168,-0.023174871,0.210629321,0.014466617,0.231928124,0.155465307,0.081189034,0.008861997,0.06270943,0.075824218,0.003661601,0.900500478,3.680070495,-20.74773168,3.733921766,0.636846852,3.7061472,-3.57E-05,0.00061808,8.58E-05,20.6034716,12.188787
57,-0.091944444,0.2454,0.018413963,-0.125544967,-0.01142854,-0.157434394,0.135611416,0.068324213,-0.141755589,-0.088479056,-0.10515541,-0.057871662,0.104835741,0.363695352,0.314373475,0.142598446,0.025674021,-0.052774149,0.380270558,0.061902741,0.132430145,0.234626801,0.025554424,0.042730775,0.141798511,0.056931239,0.172484844,-0.008126074,-0.015089936,0.015406508,1.097970109,4.178326249,-24.84144566,4.244738579,0.796121669,4.18426187,5.34E-05,0.000995945,-0.000545402,24.4779676,12.377786
58,0.176944444,0.153,-0.053201814,0.29064043,-0.013848159,-0.038891001,0.086483445,-0.026195406,-0.135343295,0.00374925,-0.031263947,-0.083311555,0.202762606,0.120702822,0.080941582,0.056256625,0.212754185,0.054603277,0.010632283,-0.012105826,0.035448234,0.156938186,0.164600083,0.005169283,0.064985407,-0.006490786,-0.02086312,0.192507979,-0.020960569,0.01898955,0.742697051,3.370712222,-18.06366025,3.414309263,0.502655476,3.41422985,-4.45E-05,0.001659877,0.000346844,18.1256652,9.873857
59,-0.000277778,-0.0822,0.113543836,0.063064919,-0.217643401,0.197519663,-0.149024335,0.059173604,-0.122016588,0.011429971,-0.134039742,-0.044090649,0.259885776,-0.025242317,0.077010863,0.274696276,-0.039638762,0.117870038,-0.037998745,0.139460404,0.104770304,0.123859202,0.253374665,0.074200093,0.066605111,0.092429575,0.064297573,0.084825165,0.047557079,0.044546029,1.019945101,3.829309009,-21.60118029,3.891128778,0.744596386,3.87169848,4.91E-05,0.002186605,-7.96E-05,21.5697345,11.211097
60,0.225833333,-0.1074,-0.02975767,0.280745428,0.148274018,-0.12513641,-0.075157841,-0.029893699,-0.015694597,-0.06193915,-0.079315072,-0.092802094,0.457571963,0.142673092,0.371020544,0.314068438,0.160291174,0.370359698,0.23392485,0.357617621,0.138550158,0.014494304,0.271244148,0.279632757,0.16274567,-0.007372141,0.14961304,0.024072646,0.043451527,0.006978106,0.870325755,2.977519004,-16.24703403,3.030976772,0.657884025,3.02124923,0.000149235,0.001853109,-0.001654665,16.2228995,13.749705
61,0.158611111,0.0438,0.129591429,-0.19526532,0.154137142,-0.172760567,-0.090426251,0.09397304,-0.128456355,-0.055376544,-0.099773226,-0.064028637,0.246872831,0.071079749,0.423835732,-0.019207367,0.230122371,0.126931167,-0.048336933,0.382794486,0.176490394,0.13200288,0.018839341,0.163728782,0.049988547,0.072715269,-0.023068337,0.195445758,0.090070584,0.036895015,1.09879714,4.093465207,-24.45393155,4.160141945,0.802222111,4.10132492,4.44E-05,0.001353438,-0.000105688,24.097189,12.106411
62,0.375555556,0.237,-0.09704483,0.255322203,-0.113592076,0.164250891,0.054898334,-0.055944964,0.005875266,-0.037803691,-0.018364833,-0.097151298,0.121961949,0.354995514,0.317513994,-0.076550135,0.143544702,0.165990532,0.036568488,0.202101122,-0.019465077,0.027573011,0.177420668,0.245110069,0.001809605,0.159759607,0.125326001,0.135817165,0.105204487,0.024958175,0.737681606,3.186916903,-17.33801269,3.230611801,0.510478845,3.21732483,-5.25E-05,0.000878664,0.000416812,17.310137,10.930182
63,-0.116388889,0.1068,0.155257755,0.244595857,0.192442336,0.076877791,0.095502331,0.115675883,-0.186178294,-0.106652772,-0.019522161,-0.126521562,0.16383021,0.194042909,0.125521496,0.304307679,0.093813657,0.182080992,-0.057116074,0.069337458,0.102726344,0.000325311,0.165002519,0.252942894,0.052395088,0.149794316,0.090925169,0.10670805,-0.006456424,0.016744975,0.904305001,3.618372655,-20.72848976,3.672639608,0.644085735,3.63453888,0.000161586,0.000588817,-0.001238993,20.5385613,10.583168
64,-0.125555556,0.0648,-0.021754088,0.104017768,-0.104507013,-0.093885999,-0.043389921,0.090165503,-0.188002004,-0.095577016,-0.12119454,-0.128740733,-0.083969203,0.333844954,0.292119591,0.373706816,0.317103091,0.055280683,0.122701566,-0.066463401,0.096486211,0.163752257,-0.009940551,0.260114868,0.073460517,0.053113157,0.091678478,0.136645604,0.086506862,0.066651748,1.001606987,4.036314836,-23.42908651,4.096351147,0.711126424,4.05445629,1.31E-05,0.001133339,-5.13E-05,23.1914844,12.120546
65,0.036388889,-0.078,0.111338181,0.203078895,0.049501106,0.00752332,-0.010200545,-0.100679203,-0.177590241,-0.195075555,-0.071072803,-0.022894415,0.000597473,0.447932282,-0.054362417,0.313339279,0.03406276,0.386069783,0.225103789,0.070770001,0.109659501,0.1176214,0.091703541,0.244844994,0.111687742,0.066958802,0.188692686,0.185026029,0.075977195,0.037025208,0.955454222,3.584079573,-20.37361611,3.641998053,0.698166697,3.61532588,-1.33E-05,0.001337005,0.000181415,20.2312653,12.465093
66,0.161666667,0.0858,0.131468055,0.182940153,0.188642145,0.047973225,0.081850003,0.00350728,0.023391741,-0.080879153,-0.043264845,-0.120246515,0.254970913,0.07011052,0.117176459,-0.053183878,0.109408667,0.222896511,0.186353138,0.179058126,0.279644749,0.113660644,-0.022257618,0.25104786,0.167989782,0.196504416,0.063700219,5.32E-05,0.136507052,0.035204261,0.833261283,3.403349864,-19.43591661,3.453184843,0.588596535,3.40844217,9.81E-05,0.001124196,-0.000592379,19.1946229,11.340405
67,-0.043055556,0.2874,-0.023324661,-0.044978601,-0.105121599,-0.030880156,-0.079427577,0.016315777,-0.149470462,-0.166961204,-0.066544819,-0.059962637,0.177597169,0.19831763,0.027594539,0.082191069,0.078062825,0.1348651,-0.034053473,0.006496877,0.019671112,0.214175912,0.101377719,0.230966424,0.169645185,0.002045181,0.020800325,0.17399012,-0.018933427,0.025383964,1.12349724,4.27801521,-25.14850744,4.345965385,0.815172205,4.29168084,-2.20E-05,0.000591077,0.000298264,24.8087011,10.989905
68,0.008888889,0.1698,0.02452162,-0.246687493,0.101925759,0.011963702,-0.003555687,-0.109027067,-0.036424155,-0.035297913,-0.079171323,-0.133338693,0.052786531,0.031552727,0.281375705,0.346405068,0.131076194,0.000683754,0.065313833,-0.069775601,0.27699801,0.200822674,0.13329515,0.030419985,0.114000715,0.09571211,0.19092347,0.145083037,0.11560266,0.072897617,1.189435287,4.288378249,-25.96795385,4.360902786,0.877586621,4.29899252,7.96E-05,0.002089061,-0.000287616,25.6085693,11.361734
69,0.231944444,-0.1074,-0.094945625,0.0480281,-0.179816981,-0.117061762,-0.014092998,-0.001318383,-0.119185233,-0.021704609,-0.14414417,-0.121819583,0.002071685,0.249954087,0.357053825,0.364874892,0.000317655,0.072861509,0.20108316,0.253853427,-0.041126286,0.216379949,0.020315115,0.233905677,0.129943647,0.009539196,0.000728809,0.179252053,0.142739864,0.063607167,0.93888344,3.68298987,-20.59784314,3.73951149,0.673937015,3.72174415,2.19E-05,0.001431257,-0.000105207,20.5355494,12.935814
70,-0.134722222,0.2622,-0.040312657,0.09678777,0.000540489,-0.00837258,0.124955339,0.054483798,-0.177162944,-0.068039898,-0.068077344,-0.093169074,0.137246874,0.146360241,0.19892808,0.25364675,0.219617117,0.004476449,0.118647779,0.090831398,0.0637263,0.012303081,0.26348168,0.097550226,0.018910664,-0.008199876,0.038129561,0.005056367,0.038272058,0.038478602,0.957064766,3.920955653,-22.59263975,3.978165865,0.675781291,3.93673537,7.04E-05,0.001873762,-0.000431749,22.3746831,11.012511
71,-0.131666667,0.2328,-0.034554775,0.152020986,0.128252167,-0.13548112,0.051151643,0.03328614,-0.16503228,-0.118460188,-0.140896752,-0.143599364,0.107216217,0.337828434,0.401983479,-0.01331375,0.09570879,0.39331735,0.2372685,0.365315596,0.177170513,0.236163465,0.165923795,0.183421194,0.089618494,0.18424312,0.165845727,0.197826785,-0.025540164,0.070111619,1.041927817,3.605576395,-21.08556331,3.669474602,0.780774584,3.6264825,-3.75E-05,0.000814423,0.000208199,20.832294,13.712513
72,0.0975,0.1194,0.114049715,0.274388878,0.078375534,-0.121331827,-0.056363009,0.049359796,0.023652943,0.023998709,-0.018711377,-0.016172149,0.36852401,0.339139254,0.292831881,0.32175767,0.340385699,0.242997646,0.081386419,-0.057635225,0.062354989,0.156059285,0.075527303,-0.015387251,0.088004035,0.141128307,-0.005465279,0.153160638,0.106602241,0.097469903,0.815521061,3.30650064,-18.48854484,3.355334044,0.577638618,3.32511457,0.000172248,0.001486164,-0.000719956,18.3357592,11.594968
73,-0.049166667,-0.1074,-0.09911312,0.001477562,0.121949555,-0.02963226,0.099951789,-0.101849314,-0.187428562,0.011704018,-0.100675623,-0.088150785,0.324786224,0.086963017,0.232303238,0.21380339,0.005121669,-0.055960493,0.198560871,-0.00698582,0.277864443,0.140204505,0.098832447,0.098232762,0.03945848,0.082036832,0.181776257,0.121968118,0.009978798,0.06882264,0.961796202,3.778726933,-21.45779401,3.836613655,0.689625727,3.80135089,4.03E-05,0.003798042,-0.000101887,21.2934483,12.026687
74,0.033333333,0.0018,-0.000138692,-0.120261782,0.103542225,-0.008866199,0.029905131,-0.014705099,-0.124868835,-0.058511766,-0.075653263,-0.066121012,-0.026603534,-0.018955152,-0.094385174,-0.02527143,0.265523625,0.11113076,0.130126163,0.274403085,0.045662302,-0.009506856,0.267781712,0.275491205,0.156202147,0.039262383,0.0328349,0.016537208,-0.020222823,0.042023211,1.008628553,4.020216133,-23.2545157,4.08078146,0.720638412,4.02683507,0.000101969,0.002524554,-0.000379046,22.955925,11.128331
75,-0.061388889,-0.0024,0.066047391,0.117333162,-0.03194638,-0.194098883,0.119672046,-0.119477804,0.062212899,-0.021332017,-0.118637667,0.022246373,0.269761175,0.308878193,0.214277918,0.059860855,0.247152247,-0.067743517,0.309069688,0.366642412,0.174854752,0.12913031,0.231377002,0.000552508,0.031560706,0.144016548,0.121951111,0.127557152,0.134096097,-0.000407844,0.928115767,3.667765379,-20.91073915,3.723572969,0.665000039,3.69196832,7.18E-05,0.001320803,-0.000705761,20.7560396,13.0938
76,0.296111111,0.2538,-0.076003778,0.240248733,0.015357339,-0.106359073,0.050722434,-0.086749752,0.035557108,0.030875651,-0.062117104,-0.025788752,0.261957757,0.275413767,0.248053175,0.347399306,0.205651266,-0.069169971,0.181402537,-0.060067687,0.076912798,0.14876101,0.015331952,0.080311439,0.009909872,0.14501924,0.113690689,0.16250485,0.124937567,0.052573482,0.749944057,3.400805209,-18.82725732,3.444834471,0.506089675,3.4148815,9.72E-05,0.000858299,-0.000574775,18.681276,10.893757
77,-0.146944444,0.2496,-0.053804676,0.218020757,-0.044044252,0.035138273,0.11382771,-0.102205583,0.028686109,-0.08394399,-0.051401278,-0.1433156,0.426365249,0.498122403,0.137133499,0.363830259,0.068853674,-0.044472591,0.392101994,0.190228807,0.267994057,-0.019569839,-0.001229953,0.280921534,0.056716688,-0.006205067,0.169958302,-0.027665111,0.011759214,0.019615677,0.958993079,3.58570779,-20.9827097,3.643869162,0.699067259,3.61353408,6.77E-05,0.001831007,-0.000360067,20.8131529,13.044256
78,0.393888889,0.1572,-0.018065974,0.225080424,-0.076666328,-0.143607287,0.06042336,0.080066123,-0.108705424,-0.149353015,-0.114938271,-0.028068169,0.188674848,0.069666156,0.175550824,0.326531076,0.299351089,0.090647041,-0.076288734,-0.069443278,-0.038417357,0.183887244,0.095782786,0.068366001,0.159029845,0.117675452,0.07407818,0.110249523,0.10389275,0.05651702,0.781818304,3.389915434,-18.45774454,3.436194658,0.539884398,3.42014853,-5.98E-07,0.001783546,0.000345186,18.3962297,10.205316
79,-0.076666667,-0.0738,0.054059271,-0.016081967,-0.141567804,0.048663355,0.101052581,0.015715901,-0.123315404,0.046355431,-0.029129638,-0.061992679,0.4819565,0.015845494,-0.06097041,-0.050724082,0.073425919,0.123101141,0.174617606,0.097195251,0.263477381,0.070246375,0.08903442,0.076834197,-0.017455419,-0.007823526,0.154286341,0.097397639,-0.028192278,0.067633154,0.972530406,3.634472612,-20.01438613,3.693459511,0.712401061,3.68545863,0.000123981,0.002044373,-0.000582616,20.0456522,11.651213
80,0.228888889,0.195,-0.043796017,0.033879491,-0.161134461,0.006914062,0.06952113,0.039784472,-0.14304958,-0.078060222,-0.124120585,-0.103561834,0.298413886,0.253990917,0.228888843,0.022699296,0.166624027,0.266342543,0.02300636,0.28475551,0.00713321,0.052401953,0.072362373,0.039331479,0.00286381,0.129479185,-0.044751419,0.132887596,0.053463957,0.015080067,0.86643679,3.544305234,-19.70153071,3.596111059,0.612904213,3.57652763,5.77E-05,0.001360171,-0.000357797,19.6287606,11.741506
81,-0.033888889,0.2328,0.055743484,-0.11445465,0.190887982,-0.048574545,0.078493797,0.072894839,-0.020650657,-0.172805338,-0.07953749,-0.073861601,-0.017553112,0.183526441,0.402383348,0.038049298,0.131664989,0.274973781,0.145311942,0.13154249,0.055749913,0.126203196,0.268719457,0.167265988,0.173939014,0.105577983,0.086171946,0.083110705,0.132918238,0.095151659,1.158545466,4.13713085,-24.95712597,4.207869053,0.857546077,4.13322101,-3.16E-06,0.000669859,-1.56E-05,24.4771818,11.937074
82,0.314444444,-0.036,0.109372932,-0.191592372,0.208889821,-0.026273632,0.125040312,0.110866512,-0.105513728,-0.119069363,-0.066764809,0.003930251,0.005254613,0.376543509,0.34114808,0.267230212,0.275016512,0.16063107,0.275579096,0.39364164,0.251862634,-0.013084797,-0.00707053,0.13077287,-0.027398247,0.120860449,0.019262307,0.141070241,-0.008965071,0.038094387,0.964830554,3.74634429,-22.45098156,3.804521561,0.694375686,3.73785351,0.000104005,0.000887086,-0.000321718,22.0396347,12.819056
83,0.011944444,0.1992,-0.096367838,-0.100258509,-0.241828621,0.078306572,0.076594115,-0.077775545,-0.055860203,-0.129168114,-0.085189353,-0.007798694,0.414876737,0.110603819,0.10551587,0.311390095,0.155619397,0.324541007,0.087021936,-0.041852715,0.038651313,0.087108672,0.098465535,0.136665421,0.071549078,0.153429513,0.183532536,-0.004094792,0.149129342,0.09329347,1.074984674,3.687697593,-20.75020324,3.753701687,0.809035211,3.73058598,-4.62E-06,0.001088353,0.000181017,20.6581052,12.257665
84,-0.046111111,0.1656,-0.069402448,-0.144381084,-0.186009804,-0.055444668,0.067149426,-0.012294817,-0.164085587,-0.12011608,-0.103260002,-0.08178311,0.384413164,0.419990864,0.389002464,-0.010926136,0.008422699,0.270710194,0.264399694,0.334568218,0.282298646,0.108378795,-0.029777827,0.0926894,0.164434144,0.198529539,0.042499163,0.081160693,0.020339644,0.001237085,1.116193098,3.929021034,-23.2855663,3.997311831,0.834070262,3.94774584,-2.68E-05,0.001456169,0.000217504,22.9931268,14.48637
85,0.103611111,0.1278,0.187761077,-0.110906975,-0.196057803,-0.151201767,-0.116168854,-0.031200582,-0.101951321,-0.186592297,0.005971083,-0.103990099,0.444580615,0.377000687,0.130335521,0.255596865,0.27211112,0.163887023,0.284227349,0.214601377,0.213510846,-0.025795929,0.261278732,-0.00339453,0.143720426,0.155279216,-0.013912066,0.025696603,0.112820578,0.097372666,1.148155012,3.976289075,-23.66215931,4.046694279,0.858715315,3.98711736,9.28E-05,0.002728736,-0.00055296,23.2982658,13.729797
86,-0.009444444,0.0942,0.13662496,0.173994356,-0.199299104,0.153758181,0.08709499,0.053108451,0.044446827,0.031634848,-0.052739878,-0.078135997,-0.088705546,-0.072292468,0.333976444,-0.068877513,0.221435741,0.048033723,0.279912758,0.148076346,-0.044104305,0.102959806,-0.005141081,0.137771646,0.195213638,0.17973631,-0.009478067,0.068622405,0.017800444,0.018117788,0.859944887,3.736458127,-21.27840691,3.787343025,0.592178599,3.75939932,3.61E-05,0.002239621,-9.35E-05,21.1520396,10.664922
87,0.265555556,-0.015,-0.024867691,0.034725645,-0.132967726,0.184272553,-0.077574025,0.0924341,0.000407132,-0.114621762,-0.131821096,-0.066344436,0.067011078,-0.039588604,0.258948454,-0.046762611,-0.038624319,0.158615928,0.066468297,0.226692986,0.177856697,0.116884615,0.29318294,0.041584915,0.05867286,0.10368796,0.194523166,0.066462005,0.072078441,0.02254173,0.956459373,3.617528189,-20.28287336,3.675435305,0.696702703,3.64665348,0.000132523,0.001842167,-0.000681418,20.1797808,11.164687
88,0.131111111,0.006,0.154455208,0.234089139,0.152661846,0.034316711,-0.066172873,-0.092675913,-0.05076799,-0.075565223,-0.011112585,-0.109629133,0.138306305,0.217028495,0.44775176,0.205561844,0.203191421,0.008213809,0.14598309,0.160201265,0.239418614,0.16121601,0.062706711,-0.004449957,0.19594808,0.085140504,-0.045655026,0.043462124,0.002654905,0.033461121,0.846964714,3.68297471,-21.54904943,3.73308444,0.584372382,3.68782033,-1.22E-05,0.001730997,0.000172556,21.2953876,11.522382
89,0.238055556,0.2706,-0.052098609,0.037582368,-0.210124323,0.069678314,-0.147559261,-0.003243184,-0.148301157,-0.041710202,0.016953226,0.020371901,0.07836809,-0.019575588,0.051642077,-0.062252864,0.02665171,0.236872296,0.298128578,0.105985485,0.242883698,0.143700118,0.093216909,0.084707658,0.012594671,0.020333649,0.055127725,-0.00893379,0.021195341,0.023366785,0.911981343,3.822965456,-21.76913562,3.877269506,0.639739214,3.84183551,-5.83E-05,0.001352367,0.000176381,21.5748655,11.171211
90,0.299166667,-0.0864,0.003489267,0.047459869,-0.152426621,-0.051486609,-0.032803778,-0.021534152,-0.059285676,0.042410381,-0.113126084,-0.149014016,0.122840646,0.047512975,-0.003040413,-0.040664429,-0.025081273,0.215233056,0.36189259,0.318603264,0.171939706,0.126369302,0.205031302,0.24206961,0.010594381,0.163689676,-0.042664483,0.185253719,0.057052297,0.028499225,0.893958943,3.48190203,-19.15277797,3.535779715,0.644431923,3.51540509,-4.65E-05,0.002365876,0.000543652,19.0870546,12.637008
91,0.027222222,-0.0108,0.019992369,0.26596799,0.138873687,0.099783793,-0.121102647,0.006338448,-0.094316404,-0.085205519,-0.037085862,-0.110697009,0.219772742,0.034212697,-0.082376923,0.210609296,0.116976091,0.326712052,0.3101894,-0.00781869,0.020911676,0.015787259,0.079353461,0.099937606,0.114579014,0.047470143,-0.048845178,0.198931265,0.078732169,-0.001590149,0.8899418,3.537249909,-19.91126139,3.590712547,0.635656826,3.55733151,9.68E-05,0.002100619,-0.000239246,19.7220938,10.969805
92,-0.027777778,-0.1116,0.195338796,0.074448195,0.018304113,-0.068635723,-0.122222375,0.101579754,-0.159779409,-0.069508765,-0.104904996,-0.000715545,0.433312445,0.157282135,0.089722511,0.130299231,0.180085123,0.396404093,0.005531501,0.165755944,4.18E-05,0.15507169,0.028191426,0.250342644,0.02800781,0.078632519,-0.015586261,0.019221245,0.065425399,0.075980294,1.039356803,3.7071415,-20.95920212,3.770612955,0.771655072,3.7422589,-2.13E-05,0.000666305,4.58E-05,20.8213294,12.109446
93,-0.04,0.174,0.001797443,-0.010373751,-0.015563002,-0.091146385,-0.105005023,0.087585887,-0.019536957,-0.135610763,-0.001425482,-0.091306888,0.214053607,0.280923506,0.187032921,-0.072744528,0.28603632,0.029705736,-0.027676843,-0.014794446,0.137103839,0.223456284,0.178169164,-0.008085697,0.156514494,0.180916864,0.178637106,0.012068418,0.034500212,-0.009522645,1.127792394,4.128180206,-24.32817471,4.196794987,0.828128092,4.13559236,-0.000101187,0.001047193,0.001537216,23.9612313,11.158193
94,0.155555556,0.027,0.063555408,-0.201723396,-0.040399407,0.091797472,-0.092142267,0.034971146,-0.005075817,0.007754073,-0.129146944,-0.080066542,-0.016058928,-0.068678905,0.231595089,-0.075231164,0.126330349,0.046258148,0.121985542,0.287134557,0.083413473,-0.00314299,0.113413361,0.215454753,0.005099589,0.120044953,0.077781392,0.02689677,0.073429655,0.006346671,1.038818882,4.198040098,-24.6801207,4.260278225,0.737746637,4.20794965,8.35E-05,0.00191964,-0.000816008,24.3767926,11.007369
95,0.277777778,0.2874,0.137957134,0.186142418,-0.084209262,-0.078970472,0.051570147,-0.038673913,-0.065390083,-0.155726462,-0.100429072,-0.116620062,0.147434194,0.02825648,0.135613692,0.317043408,-0.030368895,0.072155146,0.150892801,0.107074273,0.200581166,0.146920356,-0.002395275,-0.039137781,0.135084146,0.04501267,0.042584191,0.068169861,0.038829093,0.057778813,0.810194123,3.625479808,-20.64760391,3.673164606,0.551606116,3.64240104,-1.68E-05,0.001904108,0.000201118,20.4842403,10.587174
96,0.143333333,-0.1158,0.028231365,-0.073135021,-0.200956806,0.028076617,-0.134100594,-0.005369194,0.027122714,-0.159572475,-0.012916456,-0.008478889,0.30445526,0.283138204,0.112133858,0.064392866,0.193417291,0.398540698,0.254209451,0.000865886,0.117730048,0.248416261,0.062394013,0.140058981,0.151605805,0.151906382,-0.016706864,0.088122437,-0.010992569,0.049631053,1.131413553,3.939989688,-22.90797065,4.009315491,0.84559844,3.95113189,1.73E-05,0.001295091,-0.000108434,22.5583019,13.162662
97,-0.095,-0.0444,-0.047106537,0.294101668,0.089373137,-0.069725053,-0.016145089,0.060929504,0.002934427,-0.198855298,-0.09958945,-0.029962476,0.247343546,0.438918439,-0.03242499,0.154965616,0.089809192,0.140689768,0.105408009,0.397035775,-0.030963652,0.109895645,0.054274021,0.187423842,0.009410472,-0.019182134,0.138829574,0.078795076,0.005331192,0.090805289,0.92567009,3.7236948,-21.29886844,3.779195547,0.659153137,3.73463167,0.00013192,0.001849179,-0.000860094,21.0161438,12.041363
98,0.027222222,0.0522,0.168888496,0.126091098,0.117556599,0.169410847,0.028680142,0.026302854,-0.018997784,-0.044596064,-0.062577835,-0.048370072,0.020041942,0.466854948,0.3459176,0.123899656,0.107318767,0.313543645,0.149049277,0.211131086,0.222380838,0.168860227,0.072543463,-0.002772667,0.051903925,-0.009639778,-0.006703822,0.091788203,-0.009937613,0.069562474,0.897688084,3.683361739,-21.6097581,3.73700881,0.634484637,3.69629509,-1.54E-05,0.001171664,0.000278274,21.3877069,11.894034
99,-0.006388889,-0.0906,0.179592462,-0.140524878,0.215426624,0.181412452,0.093279795,0.005845275,-0.033224067,-0.147624386,-0.045928352,-0.07546496,0.080464392,0.351992865,0.007224593,0.329266588,0.100091474,0.28512733,0.134460564,0.238135298,-0.03821238,0.245524695,-0.04407272,0.12072199,0.081624006,0.132212354,0.056923608,0.044655931,0.008323087,0.029545432,1.092017269,4.157716658,-25.04205668,4.223763943,0.792736577,4.15403729,4.74E-05,0.002672738,-0.000249129,24.6199087,11.719993
100,0.07,-0.0696,0.043613722,-0.18352873,0.248196027,-0.168067836,0.072693995,0.119698203,-0.024907247,-0.196506109,-0.05593127,-0.051198272,-0.054121484,0.020458018,0.015435188,-0.008766651,0.220963193,-0.032850478,0.2778205,0.320493667,0.227316757,0.167512982,0.108177856,0.062679208,0.086241342,-0.013539049,0.001182404,0.045356646,0.135789068,0.093024929,1.105275398,4.347450036,-26.12527762,4.41395998,0.790772004,4.32539016,0.000112793,0.000902321,-0.000238725,25.5667197,11.537489
101,0.351111111,-0.0948,0.037499502,0.064350809,0.082601845,-0.185815163,-0.057438901,0.008586632,0.011059443,-0.087307187,-0.135609103,-0.098641737,0.391401205,0.423241206,0.195517398,0.237579982,0.32911078,0.33171693,0.338351969,0.380737945,0.257870286,0.185308487,0.119042611,0.120035926,0.172576293,-0.015899868,0.007590094,0.195147714,0.071146176,0.052003511,0.916106168,3.316552014,-19.02710343,3.372377396,0.677598732,3.33507067,0.000150919,0.002696408,-0.000662471,18.8136854,14.459065
102,0.134166667,0.0858,0.034347536,0.246382225,0.150245702,0.132489503,-0.126217545,0.091163888,-0.034986924,-0.011333591,-0.07281119,-0.083717253,0.361771571,0.14842761,0.020653239,0.377468627,-0.032563917,0.2150813,-0.039106132,0.305633933,-0.001145061,0.178742406,0.050191031,0.181839562,0.155793221,0.101601755,0.008422698,0.111412805,0.008680914,0.041139986,0.842306465,3.445717187,-19.59546941,3.496079922,0.593566382,3.45833405,0.000187385,0.001668376,-0.000894496,19.3889296,11.046227
103,0.253333333,0.0102,0.191658283,-0.22341243,-0.216730452,-0.188995039,0.147587668,0.083924086,-0.127065143,-0.03849334,-0.059133648,-0.005033588,-0.097666921,0.252363303,0.321860045,0.239761933,0.32125314,0.185154583,0.38970723,0.116472797,0.112731234,0.011694471,0.037922108,0.104007186,0.145232674,0.043712715,0.170299225,0.042100564,0.094543253,0.07314916,0.948313513,3.786845255,-21.64111167,3.843771696,0.678399815,3.81099714,1.00E-05,0.001615802,0.000167012,21.4693731,12.951682
104,-0.024722222,0.2832,0.194814065,0.160748973,-0.128131869,-0.122565091,0.056163373,-0.091722125,0.007479221,0.036557258,-0.071785563,-0.139288607,0.438853875,0.184906565,0.088124541,0.186302147,0.259132326,0.248056336,-0.002549339,0.017123379,0.071017872,0.240279398,0.283746875,0.27154815,0.107746338,0.038643271,0.16563377,0.143397648,0.043560305,0.007779432,0.952806259,3.277051231,-17.97353601,3.335532904,0.714531365,3.33586237,6.70E-05,0.001332078,-0.000500542,18.0562298,11.809805
105,0.008888889,0.1278,0.147584845,0.092990439,0.004021376,-0.178823811,-0.007001062,-0.043804688,-0.023185347,-0.178634035,-0.126134592,0.022711356,0.388724126,0.179358468,0.075902553,0.292050941,-0.023372327,0.137128231,0.298848664,0.267291196,0.111417231,0.210192947,0.081641686,0.051236868,0.116857369,0.125941845,0.171994739,0.118216614,0.12519889,0.09002721,0.993641749,3.819049383,-22.27924707,3.879059315,0.719338637,3.83111745,-6.36E-05,0.000902211,0.000464973,21.9881041,12.781967
106,0.121944444,0.0522,0.049799526,0.008854071,0.210404739,-0.023778582,-0.03231293,-0.104522753,-0.133116118,0.016324776,-0.113808697,0.000536168,0.39459345,-0.022816175,0.250724443,0.007709216,0.222394698,0.159987113,0.170746262,0.234520219,0.037483866,0.247994805,0.173574941,0.238207009,0.139689821,-0.004196912,0.088389946,0.029964629,0.040925417,0.055692757,0.947796657,3.617941549,-20.77507099,3.675243378,0.686781543,3.63074896,3.83E-05,0.002539961,-1.14E-06,20.5405875,11.879004
107,0.170833333,0.0186,0.181725374,0.276900539,-0.026851025,0.140527149,0.026352343,0.06627241,0.005474998,-0.072780881,-0.137254691,-0.013259375,0.408029782,0.099842415,0.446836266,0.273824832,0.315384635,-0.075991572,0.318628596,0.205560543,0.200041944,0.239046844,0.045864484,0.003164558,0.083263179,0.061514887,0.097493131,-0.015839419,0.092968557,0.044686954,0.820644653,3.479615099,-20.15426284,3.528384209,0.571900163,3.49969246,-5.29E-05,0.00065576,0.000249617,20.0106089,11.970521
108,-0.101111111,0.0144,0.080489734,0.087955351,0.069471152,-0.024813872,0.061539855,0.09798984,0.014793707,-0.14291422,-0.106888109,-0.065763496,0.360468611,-0.007979691,0.04630162,0.040817693,-0.046326275,0.088244654,-0.033094751,-0.032499816,0.275229133,0.211853028,0.109256776,0.0383468,0.049208049,0.086504651,0.166785783,0.166584824,0.113467979,-0.008245239,0.991316967,3.747614725,-21.32196711,3.807636499,0.720884453,3.7804611,-1.46E-05,0.002535887,0.000192407,21.1967773,10.603838
109,0.155555556,-0.0486,0.087690628,-0.041467228,-0.029358264,0.08705651,0.024529034,0.115156071,-0.0389044,-0.018480395,-0.131486727,-0.099897386,0.168965552,0.048155091,0.159647231,0.011684586,0.172278864,0.399385635,0.012973411,0.307574999,0.198673734,0.075571461,-0.011989895,0.08352884,-0.01407354,0.171640855,-0.035502653,0.13900236,0.024186046,0.098186988,0.949544077,3.599011192,-20.40875704,3.656481028,0.689216244,3.62937814,2.41E-05,0.00226865,6.83E-05,20.3035134,11.786463
110,0.390833333,0.1908,0.028540296,-0.072934985,-0.180893229,0.114711474,-0.148464339,0.081689193,-0.044664994,0.019625362,-0.111374234,-0.012212661,0.07153259,0.132779714,0.095957255,0.368914676,0.0570172,0.282530077,0.073340052,-0.034917664,0.234141646,0.122559708,0.297391039,0.003970513,0.069108723,0.044160438,0.134699609,0.004680945,0.116774986,0.069807477,0.97461984,3.464411773,-19.44731857,3.523958683,0.722684447,3.50810954,-2.86E-05,0.000600263,-9.89E-06,19.401865,11.229544
111,0.103611111,0.1614,0.038241265,0.208364215,-0.206040922,-0.114948625,0.052097793,0.075277752,-0.114140673,0.038106859,-0.076405396,-0.121388988,-0.031178478,0.367929554,-0.014388091,0.156844525,0.182956484,0.039536346,-0.026305118,0.061327482,0.091455066,0.022952633,0.283497625,0.200888358,0.116387542,0.070458625,0.041703843,-0.015545017,-0.024591265,0.053912032,0.801296879,3.536526864,-19.27846403,3.583807707,0.549479063,3.57081582,7.81E-05,0.002696916,-0.000187796,19.2650602,10.788057
112,0.277777778,-0.0276,0.083546934,-0.148892956,-0.008681098,-0.019069521,-0.120716868,-0.059387619,-0.194721806,-0.051205952,-0.004677068,-0.039978965,0.126499424,0.489772205,-0.037024918,0.395530121,-0.002909867,0.017550613,0.355453499,0.278032775,0.264689934,0.223989038,0.126868148,0.162037232,0.05799586,0.06390761,0.112237937,0.072776643,0.005416642,0.023054218,1.019685229,3.877798928,-22.92188085,3.93948245,0.740164889,3.89503616,-5.52E-05,0.001261386,0.000257644,22.644664,13.249878
113,-0.0125,0.1446,0.072003718,-0.082625463,0.060095132,-0.143266099,-0.134840193,0.092939527,-0.013359482,-0.008438329,-0.05733773,-0.104953428,-0.079290153,0.026743001,0.170863334,0.338757028,0.110025146,0.198786884,0.152436402,-0.050038203,0.053902121,0.030898936,0.076979601,0.291532558,0.013580924,0.167615522,0.043410666,0.17576425,0.023595036,0.05145414,1.092691438,4.1727084,-24.6599277,4.238766193,0.790294533,4.17581834,5.92E-05,0.002229639,-0.000285141,24.2648532,11.202401
114,0.106666667,-0.0654,0.061453255,-0.087702724,0.111585971,0.042186164,-0.03164147,-0.00162872,0.042166998,-0.098171106,-0.122599136,-0.085976444,0.413244497,-0.061446867,0.152267606,0.099937425,0.063314581,0.301370806,0.283105432,0.339232014,0.190028302,0.004790406,-0.035864974,0.03726404,0.048504693,0.199521513,-0.021547867,-0.017193996,0.01833687,0.037937429,1.039977541,3.833177933,-22.4728465,3.89638567,0.763200123,3.8535889,2.12E-05,0.000497213,-0.000166839,22.2336738,12.425358
115,0.3725,0.279,0.110623202,0.059269697,0.004695599,0.093259961,0.05985406,-0.063570167,-0.097902611,-0.1047744,-0.015641257,0.001245149,0.399143389,0.038220537,0.363866982,0.087593644,0.021132261,0.382681526,0.018137975,0.291055733,-0.044489973,0.222837992,-0.033949983,0.217306873,0.070993597,0.059419447,-0.003104927,-0.020589315,0.08559411,0.025498861,0.845489107,3.317853643,-18.60432491,3.368749857,0.60597464,3.35171237,1.11E-06,0.000683028,2.75E-05,18.5396799,11.185952
116,0.143333333,0.027,-0.017827112,0.215401874,0.163179307,-0.03164532,0.1457729,0.014069776,-0.066466942,-0.052269701,-0.114503246,-0.024129346,0.461340854,0.002316851,0.334590484,0.189014121,0.183678579,0.163147488,0.219385123,-0.036385542,0.120279191,0.005482587,0.000342754,0.053737304,0.164175711,0.125242702,0.18298152,0.147458962,0.055285324,0.02213115,0.787551905,3.248838169,-17.766224,3.295861006,0.555717243,3.2778529,2.72E-05,0.001848943,0.000172422,17.6961812,11.382511
117,0.121944444,-0.0234,-0.061907629,0.012942161,-0.235881679,0.174744011,-0.017076987,-0.06078621,0.047593076,-0.163628633,-0.147089309,-0.087839741,0.300753746,-0.066635205,0.188383924,0.009826916,0.267049738,0.303534434,0.348858033,0.099359165,0.268925275,0.221760696,0.01316801,0.068223231,0.120908177,0.00899591,0.026149888,0.015871807,0.010302114,-0.007511787,1.012024763,3.817340886,-21.95202155,3.878637314,0.738347284,3.84142194,1.09E-05,0.002803365,-0.001090951,21.7887443,12.674154
118,-0.033888889,-0.0948,0.089329311,0.166988967,-0.078505524,-0.105622809,0.084137077,-0.119648763,-0.11037578,-0.145551511,-0.140246172,-0.062806828,0.217105353,0.344208947,0.352509471,0.336893412,0.023900363,0.102535741,0.339961565,0.04690802,0.1379131,0.10104987,0.26581021,0.027048736,0.016481529,0.175956031,0.111680448,0.028080244,0.003258798,0.094747553,0.964261391,3.594767975,-20.26798746,3.653274775,0.704865001,3.63048476,0.000107551,0.002531129,-0.000366963,20.1956259,13.132436
119,0.3725,0.0144,0.162375534,-0.022026514,-0.203471037,0.074100145,0.061190454,0.025169539,0.038410239,0.038418636,-0.134424126,-0.007008236,0.153979965,0.246716398,0.324900011,0.318629344,0.12045684,-0.000226334,0.006653526,0.203346615,0.180167241,0.087879201,0.042355513,0.004584218,0.140194608,0.149635918,0.109260496,-0.025976293,0.089116075,0.049461994,0.868349064,3.600709059,-20.48236212,3.652510881,0.609952544,3.63107581,-5.32E-05,0.001349296,0.000340885,20.4091974,11.478118
120,0.357222222,-0.0528,0.058945455,0.157005632,-0.030918644,-0.084403965,-0.103459024,-0.008100503,-0.113851697,0.009719639,-0.146606195,-0.096873527,0.169062841,0.044367302,0.247298713,0.394324251,0.204085609,-0.05301272,-0.061652172,0.181933449,0.126870894,0.073667155,0.255019138,-0.010428738,0.102162244,0.181004362,-0.004414599,0.116749693,0.10609193,0.074898991,0.848548871,3.509732253,-19.61141594,3.560374498,0.595990493,3.54145444,6.80E-05,0.002776701,-4.37E-05,19.5642466,11.103015
121,-0.0125,0.2538,-0.036440411,0.13405647,-0.150870676,-0.138164006,0.114493262,-0.076443484,-0.006143072,0.028939462,0.010847698,-0.111263442,0.19758102,-0.033340225,0.320615251,0.222186427,0.024815419,0.038028901,0.160500812,0.065400013,-0.022881494,0.197884041,0.065273607,0.282192745,0.150405457,0.187580822,0.104377607,0.089664873,0.070711705,0.045096613,0.869683816,3.63606169,-20.26416738,3.687870502,0.609375863,3.66096247,-9.01E-05,0.001079342,0.000613961,20.1460431,11.611873
122,0.1525,0.2076,0.048335192,-0.141983081,-0.014187231,0.043799988,-0.004911951,-0.118821078,-0.171067903,-0.072343728,-0.12505019,0.025179613,0.373754875,0.408358901,0.429139222,0.200696369,0.332950171,0.11390491,-0.040084081,0.265418615,0.068719294,0.168663932,0.01866344,0.121772959,0.051260775,0.099686933,0.083471044,0.198526756,0.005953172,8.53E-05,1.033198698,3.974319685,-23.54407395,4.036710739,0.747651888,3.99439579,-4.02E-05,0.00134181,0.000247141,23.3071353,12.521873
123,0.131111111,0.2328,0.103695179,-0.018637919,0.168184454,-0.053239472,-0.117247432,-0.086944201,-0.199862426,-0.112084811,-0.064719,-0.014734149,0.281653217,0.083646093,0.417188918,0.321505696,-0.009850878,0.180868642,0.27028477,-0.040189366,-0.014894935,0.007602131,0.19822848,0.185529333,0.197552267,-0.013049876,0.121595877,0.060420044,0.121627315,0.058340393,1.038157816,3.912357554,-23.07401393,3.975245476,0.754948616,3.90938196,7.04E-05,0.000915865,-0.000417843,22.6686732,11.668056
124,0.192222222,0.0438,0.17919761,0.0099528,0.07163434,-0.054507083,0.072224224,-0.016180281,-0.029259541,-0.031021708,-0.136972006,-0.144123582,0.114721811,0.098267347,0.327644992,0.05206687,0.092131938,0.395456691,-0.070425349,0.004532808,0.110164323,0.041892595,0.174814005,0.035510137,0.084481978,0.042207769,0.106637461,0.038336293,0.080951959,0.056263398,0.922474522,3.39445808,-18.51848881,3.45053792,0.67647379,3.44705299,-5.57E-06,0.000546394,8.99E-05,18.5630684,10.768604
125,0.011944444,0.195,0.052422314,0.050400053,-0.174621113,0.044563488,0.134769827,0.039083314,-0.191989375,-0.053045123,-0.02035084,-0.079057991,0.404447639,-0.008647935,0.256118921,0.333826578,0.046823084,0.357690999,0.220175908,0.386812937,0.163548851,0.032590249,0.167855969,0.071833983,0.056207132,0.136734885,0.05377443,0.181694607,0.086746339,0.078594449,0.961917569,3.338255079,-18.8394123,3.397223234,0.721087974,3.37805264,-3.53E-05,0.000768687,0.000510401,18.7796418,13.274427
126,0.210555556,0.1404,0.042353232,0.248816561,-0.152700966,0.095416008,0.126959018,0.075847172,0.061535897,-0.145405492,-0.094121899,-0.001391739,0.108620026,0.417914966,0.360053709,0.155474144,0.005814057,-0.025081397,0.289652489,0.166877229,-0.030253253,0.020419086,0.029930161,0.270345831,0.124931765,0.026811307,-0.029859663,0.1087205,0.091050969,0.069283441,0.811587481,3.392554275,-19.2330027,3.440903664,0.566712146,3.40699379,7.18E-05,0.000691531,0.000362468,19.0468771,11.499396
127,-0.104166667,0.1908,-0.010957955,0.178298568,-0.215640224,-0.137297556,-0.059747344,0.100879547,-0.010633216,-0.008987959,-0.0094695,-0.052392549,0.131583863,0.329793976,0.448756146,0.183968113,0.314340769,0.080085932,0.043676028,0.268008448,0.124380483,0.039464353,0.038657472,0.106762855,0.194817536,0.045314496,0.090005862,0.18053597,0.122906236,0.02130165,0.932979527,3.72780332,-21.45556235,3.78380394,0.665742932,3.74517839,8.57E-05,0.002100476,-0.000415437,21.2389864,12.739876
128,0.082222222,0.2286,-0.065551508,0.216505245,-0.13805539,0.140913386,0.14017889,-0.10774961,-0.153112804,-0.135116932,-0.085531101,0.001871478,-0.002056828,0.108279128,-0.087457798,0.209207731,0.040757032,-0.040130372,0.214924827,0.271345274,0.050300154,0.171999492,0.224698277,0.260361751,0.049700874,0.127004273,0.002012605,0.064314969,0.144446276,0.08938671,0.845381612,3.654640256,-20.6846004,3.704708576,0.583564577,3.67020231,1.60E-05,0.002239999,-1.15E-05,20.5140124,11.083488
129,0.241111111,0.0522,0.139873741,0.111001106,-0.209823558,-0.076582872,-0.117886837,0.076328464,0.055934389,-0.047381171,0.021685554,-0.07613788,-0.04818224,0.298806213,0.444905916,0.392901318,0.035612173,0.308724537,-0.001599043,0.342013417,0.230359015,0.130293809,0.10624193,0.012749297,0.055384213,0.015016368,0.164158765,-0.000378034,0.037893695,0.010409953,0.940671937,3.500562665,-20.08993833,3.557653427,0.688638274,3.52520368,0.000120838,0.00226031,-0.000501817,19.9455502,12.562296
130,-0.036944444,0.279,0.09682342,0.140421553,0.042979963,-0.101163786,0.048157293,-0.054861384,-0.036845352,-0.146192524,0.021953353,-0.055220684,0.467388185,0.325337956,0.084811226,-0.037978292,-0.027817458,0.14621065,0.130543142,0.034592193,0.148877395,0.138096349,0.095191042,0.208700955,0.060544505,0.102716095,-0.044050993,0.100476922,0.073035303,0.070900977,0.966874027,3.751762706,-21.71001958,3.810069323,0.697015335,3.74997783,2.01E-05,0.002051697,8.18E-05,21.3528153,11.435283
131,0.125,-0.099,0.130711288,-0.013289469,-0.230385459,-0.165981851,0.122547904,-0.117073061,-0.037513507,-0.109035276,0.01048727,0.004674329,0.070338285,0.137130476,0.271859451,0.231846695,-0.037067436,0.318738799,-0.05182004,0.160915949,0.285863418,0.08277482,0.242430167,0.150170988,0.037866917,0.185955903,-0.033202166,0.098910592,0.067313601,0.006082046,0.98938413,3.558089863,-19.74844428,3.618438482,0.732186972,3.61441821,-5.14E-05,0.002134523,-0.000669961,19.7984062,12.639673
132,0.225833333,0.1362,0.134268848,-0.13898514,0.031412868,-0.12430204,0.054378098,-0.095588955,-0.159329015,-0.116099022,-0.006570621,-0.109433406,0.160530468,0.297905755,0.053849384,-0.013925931,0.132592285,0.235658212,0.040551734,0.112768122,0.105462123,0.146112926,0.132141449,0.293860891,-0.02404356,0.019771182,0.186293436,0.117970397,0.148433898,0.014454926,0.967883894,3.753380629,-21.33312391,3.81175375,0.698309762,3.77626452,0.000204497,0.002163927,-0.001636622,21.1423297,11.547837
133,0.161666667,0.1908,-0.082267989,-0.239027474,0.141037818,-0.121978539,-0.110300409,0.033955732,0.0448504,0.043438452,-0.104183955,-0.094826377,0.36280786,-0.049124816,0.266212616,-0.056841562,0.246321366,0.101016637,0.388119366,0.225040147,0.178403097,0.058079485,0.182428011,0.202494349,0.104986393,0.183560502,0.005592617,0.070992079,0.123392315,0.064276687,1.124774991,4.037703794,-24.14016355,4.106328487,0.830654908,4.0331222,1.13E-05,0.003125484,5.27E-05,23.6626555,12.768522
134,0.329722222,-0.0486,0.15279806,-0.207415927,0.13408898,0.041787695,-0.069260962,-0.101041871,-0.013245839,-0.183032712,-0.135072271,-0.012913743,0.200182538,0.442089899,-0.047305375,0.298022713,0.251730073,0.289153331,0.332843714,0.208248661,0.20394096,0.051261121,0.210181325,0.043177608,0.199445043,0.031362473,-0.000138364,0.011585305,0.030139846,0.018678885,1.082867316,3.941167401,-23.66049505,4.00710392,0.797878445,3.94513548,0.000192358,0.002256062,-0.001429861,23.2700416,12.979477
135,0.293055556,-0.0066,-0.023948725,-0.153018102,0.077115317,-0.09134473,0.129173132,-0.038395445,-0.016217862,-0.057430682,-0.121379997,-0.015738324,0.421111995,0.428445782,0.335496713,0.21558644,0.032799252,0.221373327,0.063673706,0.266807648,0.269385603,0.131226621,-0.010593799,0.288173793,-0.024362548,0.156560132,0.176629286,0.08909401,0.031921051,-0.002341347,0.939141158,3.534639126,-20.26540921,3.591540098,0.685697011,3.56273608,-1.32E-05,0.000275332,4.69E-05,20.1144392,13.381656
136,0.186111111,0.1068,-0.064573244,-0.230855222,-0.088070827,0.103514948,-0.05818272,0.013125984,-0.196257876,-0.045527067,-0.133299215,-0.043288539,0.330437445,-0.077787831,0.44085685,-0.017775087,0.271892184,0.211639136,0.371376304,0.172557987,0.283961186,-0.021487513,0.041388034,0.230112373,0.016794755,0.179446034,0.160776324,0.037342178,0.075120039,0.028746077,1.078849256,3.912735296,-23.02122325,3.978460789,0.796370261,3.92681142,0.000106139,0.00148151,-0.001228099,22.7347047,13.191654
137,0.366388889,0.2412,0.174321435,-0.157302418,-0.137055787,0.121967911,0.104025411,0.11255633,0.00659559,-0.086030189,-0.070741356,-0.126842448,0.290807075,0.235038864,0.374195149,0.243563932,0.137301819,0.147829949,0.166799939,0.022719403,0.252647493,0.02648861,0.067346572,0.278514202,-0.013736435,0.069461673,0.130437618,0.132682208,0.131690786,0.085068426,0.912804659,3.615966675,-21.02870248,3.670832396,0.653032103,3.63193625,-9.45E-05,0.001019353,0.000901028,20.8032812,11.874486
138,-0.107222222,0.0018,0.015670902,-0.08188666,0.200047773,-0.160974424,0.106661846,0.047336819,0.010238225,-0.171582977,-0.107779229,0.016849155,0.255320403,0.264329076,-0.096108989,-0.028976106,0.068078268,-0.029148703,0.159638756,0.007373239,0.253701257,0.109217815,0.140583228,0.281658755,0.147472832,0.145440916,-0.036973098,0.06443836,0.11063572,0.09062394,1.103120612,4.134184973,-24.50815656,4.20106411,0.802755502,4.13187444,1.70E-06,0.002590717,5.56E-05,24.0648615,11.609692
139,-0.140833333,0.2664,0.092624891,-0.224682667,-0.163019621,0.120043697,0.068973199,0.075087386,-0.0462017,-0.055773657,0.015612368,-0.106296966,0.064733202,0.018681436,0.302265879,-0.008951612,0.270528784,0.194228473,-0.053014831,-0.013451295,0.050880653,0.067416087,0.084813175,0.036320041,-0.029674544,0.12427972,0.124561736,0.19632248,0.025170951,0.014748716,1.205300656,4.346318278,-25.74331177,4.419808388,0.891107744,4.37630006,-0.000128638,-0.000570808,0.001515049,25.5153904,10.528958
140,0.002777778,0.1992,-0.091940603,-0.221697412,-0.002413103,0.092584942,-0.091322777,0.031312304,-0.092559928,-0.16746402,-0.087812061,0.016375241,0.018864111,0.413094749,0.230066615,0.328753159,0.236336076,0.284122043,0.343984149,0.111515467,0.162505243,0.219962702,0.105125624,0.085820032,0.12879649,0.187012465,0.179870577,0.178769204,0.060717116,0.008396364,1.281846713,4.322471298,-26.73230551,4.401359081,0.966888735,4.31632902,-7.22E-05,0.001979076,0.000228479,26.179974,13.608785
141,0.311388889,0.3,-0.005727884,-0.178933003,-0.065594276,-0.094366509,-0.110543499,0.104507906,0.066280439,-0.01405434,-0.036779851,-0.063620349,-0.055453713,0.227998235,-0.049227989,0.035780042,0.118511488,0.047075205,0.072119231,0.094973892,0.180453,0.166090656,0.162038466,0.181377349,0.07761466,0.164000672,0.06631699,0.047837773,0.100346526,0.099366005,0.999373802,4.068361346,-23.90472602,4.128163815,0.705432996,4.05653477,2.09E-05,0.000888787,-0.000199035,23.4676679,10.804549
142,-0.085833333,0.2454,0.158965915,-0.12297169,0.129063448,-0.054771451,0.04325234,0.031657091,-0.08674322,-0.080785373,-0.093422231,-0.042735154,0.402006878,-0.042079192,0.004692745,0.142273871,0.132735722,0.300749239,0.135976252,-0.016300827,0.098406952,0.170820661,0.227054819,0.037978814,0.048124552,0.109686512,0.138047978,0.009573216,0.091971916,0.073941955,1.233598559,3.858762103,-22.54982259,3.935413837,0.949712155,3.90017626,-4.11E-05,0.000590959,8.91E-05,22.3647777,11.163898
143,-0.116388889,0.111,-0.083187458,-0.234327063,-0.038926416,0.083720376,-0.022693866,-0.087864099,-0.034808116,-0.039205539,-0.092651716,0.027695769,0.420296474,0.206743633,0.179843289,0.397186854,0.348732816,-0.013699564,0.304751784,-0.03074303,0.171598986,0.021662947,0.039654365,0.079825291,0.014944889,0.197242377,0.00129972,-0.006102458,0.001734926,0.086449325,1.220752452,4.365295684,-26.48866435,4.439817429,0.903487892,4.38018653,9.33E-06,0.001546089,4.28E-05,26.1354926,12.664621
144,0.332777778,0.2328,0.124438421,0.039994509,0.196677282,-0.136214886,0.009941188,0.029708771,-0.191679556,-0.138556005,-0.011460911,-0.140799006,0.36950643,0.076281289,0.096351002,0.164947803,0.01422547,0.07789144,0.372479471,0.391294136,0.297722514,0.050909269,0.115625334,0.061226446,0.192949764,0.12519118,-0.049658494,0.191885473,0.064216977,0.03442662,0.928213257,3.524496479,-20.77634171,3.580659866,0.672923736,3.52685131,-0.000109806,0.001114219,0.000888967,20.4174461,12.330668
145,0.112777778,-0.0276,-0.035239505,-0.106503334,0.194687894,0.188175406,-0.024618933,-0.039377285,-0.189510989,-0.173063905,-0.089058442,-0.119744682,0.422586773,0.014651054,-0.046150394,0.322665808,0.101051315,-0.046638933,-0.078112345,0.018701201,0.254469779,0.045671088,-0.004869811,-0.014534717,0.085466794,0.091017197,0.086844627,0.02016524,-0.016860202,-0.00280248,1.071703619,4.088032007,-24.19012577,4.152832031,0.776298482,4.10495942,6.75E-05,0.002576483,-0.000349851,23.9128736,10.205441
146,0.118888889,0.2328,0.079666085,0.283144066,-0.089323545,0.103001609,-0.064939382,0.084249503,-0.027165687,0.033414335,-0.094625429,-0.012848157,0.27713163,0.315215013,0.134069871,0.073540318,0.238048154,-0.076079659,0.393185914,0.38565227,0.131284599,0.223308449,0.063672362,0.147215698,0.031205642,-0.016642332,0.168900517,0.127640178,0.048078991,0.059216739,0.817710529,3.387267224,-19.47672351,3.436056614,0.574390855,3.39640736,2.68E-05,0.003079736,-4.38E-05,19.2627393,12.06165
147,0.085277778,-0.0192,0.098102721,0.083608228,0.199946932,0.184669171,-0.108339468,-0.002248404,-0.062058211,-0.028903075,-0.042361981,0.007311716,0.239656536,0.089764618,0.387568286,0.303853977,0.295545398,0.037540699,0.132130185,-0.075057441,0.294426355,0.019431506,0.292334693,0.130060859,0.180324856,0.194812529,0.082558071,0.109129106,-0.016525511,0.067166892,0.974253624,3.665079964,-21.66460911,3.724112511,0.708282626,3.68019398,-3.20E-05,0.001116111,0.000237476,21.4050802,11.526624
148,-0.134722222,-0.078,0.080640123,-0.068811517,-0.018430123,-0.042906171,-0.137468791,-0.045676631,-0.013927005,-0.163942943,-0.104637755,0.007050554,0.397101576,0.4455177,0.221039757,-0.010115429,0.298176734,0.116033506,0.24621869,0.036908467,0.226863783,-0.002238637,-0.044634527,0.060858072,-0.005925111,0.029045314,0.07242628,0.141760878,0.039326317,0.001926636,1.183896192,4.356349263,-26.08708497,4.428321838,0.870303366,4.36818731,8.51E-05,0.001846049,-0.000346856,25.7055506,12.806733
149,0.002777778,0.1992,0.036546811,-0.113126013,0.165219744,0.08846139,-0.0840183,-0.112095075,-0.172505687,-0.130599552,0.022664756,-0.05011485,0.349491181,0.492729444,0.331214227,0.050952543,0.082231971,-0.0710982,0.178213937,0.322630468,0.186672174,0.086331975,-0.014034877,0.145830261,0.0422205,0.158966064,0.1708021,0.150742448,-0.018233854,0.035664249,1.185876059,4.278061867,-26.3844356,4.350363255,0.874706248,4.26230975,2.58E-05,0.002674699,0.000174934,25.8218373,12.513767
150,-0.082777778,-0.0318,0.157829737,0.262966654,0.205310432,-0.199409276,-0.017834582,-0.024949181,-0.044169133,-0.121314445,-0.078703002,-0.142553122,-0.087504194,0.369763243,0.438974599,0.308096781,0.066465408,0.397679953,0.358002034,0.333455101,0.165902991,-0.004498902,-0.012496115,0.128978189,0.138205944,-0.002212391,0.061203147,0.100354238,0.105493502,0.064975578,0.933450408,3.531498656,-20.71978888,3.588010311,0.679475261,3.53535845,0.000115773,0.001586429,-0.000541174,20.407076,13.450906
151,0.341944444,0.2202,-0.088389491,0.221094744,0.177392886,-0.192389435,-0.122549805,-0.109499076,-0.058685556,-0.029795281,-0.053723507,-0.048200962,-0.040773841,0.45205495,0.290099326,0.33930395,0.071235994,0.315138203,0.126846322,0.332453533,0.059834465,0.099481734,0.258767504,0.021145425,0.004678504,0.074001491,0.093287702,0.192363028,0.12457131,0.021841255,0.83180625,3.278982158,-18.30461609,3.329018593,0.596097164,3.29981995,0.000148138,0.002587021,-0.000724361,18.1505929,12.290026
152,0.4,-0.0066,0.070097142,0.206759895,-0.193035853,0.111348452,0.085819213,0.078534839,0.05693369,-0.047868342,-0.120831362,-0.147181309,0.12936675,-0.058083595,-0.009689661,0.094428025,0.32254637,0.31559402,0.202611552,0.074029985,-0.010791855,0.010088939,0.181571596,0.168618498,0.077726731,0.010741227,0.182197682,0.184037859,0.119104043,-0.01560143,0.79579597,3.130797349,-16.44663064,3.178682804,0.570679975,3.17533004,8.92E-06,-0.000157897,-9.22E-05,16.5170682,10.743649
153,0.195277778,-0.0696,0.084295857,0.152960382,0.177689885,0.142327752,-0.074601741,0.011766328,-0.198250789,-0.050220284,-0.081745527,-0.104305876,0.27482538,0.036327968,0.39671718,0.104905237,0.049317081,0.239921924,0.08491112,0.060024575,0.01886872,0.141077672,0.278536363,0.168058744,0.026140485,0.162751643,0.131177988,-0.013163735,0.125936206,0.003354225,0.880625243,3.377600222,-18.70424321,3.430801868,0.638651367,3.41591655,-1.77E-05,0.000294331,0.000184153,18.6608575,11.182862
154,0.210555556,0.2916,-0.001819186,0.226674891,-0.097455785,-0.175708913,0.005557857,0.103488807,-0.065538138,-0.068374386,-0.088063581,-0.138207912,-0.078700987,0.355213312,0.041230713,0.350022753,0.18193382,0.219221227,0.268814205,0.043699355,-0.012827101,0.165626468,0.214939711,0.044690861,0.073682837,0.120183757,-0.013130456,0.165760563,0.095111523,-0.016204879,0.811936032,3.453341497,-19.18807901,3.501567125,0.564392535,3.47599763,-1.50E-05,0.001123862,0.000147452,19.0523351,11.504734
155,0.302222222,0.1782,-0.0652944,-0.174083671,-0.14542608,-0.159610633,-0.049284672,-0.036464425,-0.074039474,-0.100829619,-0.131320049,-0.039345143,0.323829698,-0.02364048,-0.008746625,0.370565334,0.083568103,0.367332227,0.200621636,0.132052383,0.072713306,0.062751927,0.136268701,0.104821618,0.000631037,0.012199185,0.074232875,0.013111795,0.02648697,0.021143227,1.016347903,3.678879167,-20.54367587,3.740814447,0.752956794,3.71518342,7.75E-05,0.000516185,-6.03E-05,20.4382066,12.238287
156,0.253333333,0.2328,0.070595831,-0.243063839,0.167247407,0.024197423,0.125580997,-0.088021595,-0.157208654,-0.100309334,-0.11211355,-0.095833466,-0.033770656,0.256803661,0.05943712,-0.059681934,0.175859288,0.114543427,0.331917335,0.064150832,0.066288404,0.037966387,0.140770533,0.072565335,0.065211146,0.066213688,-0.028917897,0.061009776,-0.001220692,-0.019866841,1.023131636,4.093877771,-24.22541961,4.155275345,0.727155994,4.09815,-7.38E-06,0.001585079,0.00018038,23.8704615,10.739749
157,-0.107222222,0.2412,-0.025405353,0.066118172,0.132153538,-0.07108154,0.05810538,-0.004283505,-0.004633661,-0.033849519,-0.007584115,-0.113367452,0.016619198,0.251092807,-0.077566094,-0.025685494,0.314908469,-0.021369441,0.389430906,0.263628684,-0.004739282,0.124210797,0.035929619,0.051905961,0.043026034,0.034342066,0.187715023,-0.006415766,0.055855657,0.018553861,1.005003193,3.938410879,-23.15634531,3.998922586,0.719979351,3.93682131,0.000174165,0.001975988,-0.000939044,22.7855268,11.107665
158,0.259444444,0.069,0.104470403,0.211603135,0.235948501,0.049803434,-0.127032556,0.03097303,0.02657143,-0.032227609,-0.098340444,-0.08236288,0.19556296,-0.003971162,0.440168177,0.244788008,0.232620219,0.167696804,0.243146579,0.190863569,0.20319849,-0.013463218,0.299514143,0.173464874,-0.019019371,0.055441757,0.144555196,0.027258794,0.078233627,0.083983379,0.840330106,3.324803169,-19.05457775,3.37532258,0.601724413,3.34516005,8.30E-05,0.001970826,-0.000270229,18.8835957,11.587093
159,0.271666667,0.2664,0.008519713,-0.14360155,-0.221885489,0.010584513,0.148472747,-0.019427361,-0.069063717,0.000808939,-0.1301699,-0.006150109,0.032765188,0.128494069,-0.076793802,-0.064878992,0.27863563,0.104773611,0.223431994,0.27741907,0.064943909,0.1245577,-0.046273113,0.195583587,0.153385897,0.135378715,0.110908083,0.059842428,0.114932458,0.003017187,0.902293954,3.756187525,-21.43074423,3.809978485,0.632016938,3.76491945,3.02E-05,0.002644866,-8.83E-05,21.1920547,11.421649
160,0.094444444,0.1152,-0.0392073,0.125189073,-0.094519489,0.100265074,-0.030904626,0.037078331,0.056466439,-0.193049658,-0.024056441,-0.00985141,0.110889818,0.029609134,0.142493043,0.265278617,0.330772845,-0.015310031,0.366178602,0.279558759,0.247302697,0.044423362,0.160362664,0.041610498,0.082152842,0.06526822,0.085320789,0.011019254,0.145221991,0.096933636,0.977484972,3.868137309,-22.93229188,3.926900625,0.698207673,3.85720487,6.87E-05,0.00086279,-0.00042686,22.5101723,12.14948
161,0.073055556,0.1656,-0.073195272,0.236364836,0.025617654,0.096615725,-0.138322514,-0.067352269,-0.182679052,-0.032503002,0.008932684,-0.112299863,-0.018012695,0.407978378,0.24049295,0.01477227,0.273154484,0.325546792,0.238571734,0.130874593,0.159373816,0.232627098,0.058058627,0.25733147,-0.003205939,0.030189556,-0.035077737,0.0546012,0.009680075,0.003895131,0.882785058,3.566156794,-20.52437818,3.619049788,0.625648057,3.57673395,8.26E-05,0.002458125,-0.000193864,20.2751662,12.186746
162,0.011944444,0.237,0.073689524,0.109422969,-0.052094992,-0.057038524,0.100901765,0.056722032,0.065277172,0.026949108,-0.123769799,-0.118631202,0.338358788,0.475433928,0.279285677,-0.066405519,0.206467458,0.096973014,0.212118647,0.074955804,0.127599485,0.094725401,0.14267819,0.247557079,0.1040588,0.19345867,0.071089212,0.0460822,-0.008579218,0.051224141,0.889702012,3.528931524,-20.17965091,3.582397699,0.63580679,3.54772029,3.97E-06,0.002014294,6.69E-05,19.9899144,12.264892
163,0.082222222,-0.0066,0.145538243,-0.154691214,-0.106796545,-0.029163202,0.099017654,-0.078228825,-0.029746808,0.018167231,-0.132934189,-0.02378389,0.343723059,0.244996586,0.347632927,0.150081363,0.304405902,-0.074301924,0.074352218,0.019422521,0.182567446,0.091052317,0.176774845,0.0405584,0.108252156,0.041637919,0.062320229,0.181348808,-0.012623812,-0.003948156,0.987421656,3.95301311,-22.74425458,4.012262821,0.704574677,3.98642484,5.42E-06,0.001879768,-2.46E-05,22.6503486,11.939362
164,-0.125555556,-0.0444,-0.036745501,-0.118836845,0.240688831,-0.123419175,0.023146969,-0.016440144,0.028046461,-0.134951721,-0.05077327,-0.097714883,0.374745935,-0.094609194,0.278408613,0.316426079,0.295267636,0.013421589,0.045924808,0.314007407,-0.034011826,0.151886872,0.01603222,0.020632732,0.088642959,0.018113363,0.019147696,0.06232467,0.016283606,-0.01868778,1.138995495,4.273898547,-25.49301591,4.342939854,0.829298767,4.28342811,0.000109304,0.004505971,-0.001817473,25.1312915,11.72573
165,0.045555556,-0.0906,0.142907902,0.180270095,-0.003289501,0.06189224,-0.044239796,0.11917697,-0.130051735,-0.065475418,0.021413041,-0.032064085,0.05927851,0.204207221,-0.069086638,-0.078732032,-0.022092894,0.117340981,0.113239552,0.03623393,0.190451105,0.010604891,0.218229163,0.101666472,0.170384333,0.199192354,-0.049347965,0.140613679,0.127139543,-0.017378281,0.902370796,3.696823442,-20.92438828,3.75076437,0.636171141,3.70789055,0.000103416,0.002099672,-0.00046964,20.6922108,10.660614
166,0.210555556,0.0228,-0.041832258,-0.119179239,-0.093812226,-0.046682007,-0.055749146,-0.024453999,-0.006517893,-0.113407023,-0.117016712,-0.017127484,0.28023933,0.068079929,0.108161407,0.176526373,0.141604173,-0.062839654,-0.018432094,0.300038162,0.287109711,-0.021700204,0.153742712,0.186028838,0.021327302,0.036540287,0.131752045,0.09771639,0.137840937,-0.010210574,1.007165415,3.938950633,-22.83062016,3.999611855,0.724103181,3.95008694,2.55E-05,0.001814064,0.000134534,22.549823,11.845468
167,0.073055556,0.0984,-0.074537019,0.015795519,0.132828388,0.127157921,-0.023413566,-0.075847663,-0.066337838,-0.182093208,-0.125698329,-0.082033667,0.22579836,0.082079303,0.435772691,0.098457451,-0.047242508,0.12349647,0.391910086,0.228423522,0.286458368,0.184363992,0.200895808,0.235434044,0.018502684,0.098655832,0.16862173,0.137846142,0.110895992,-0.005107432,1.038998364,3.811061874,-22.6796057,3.87425518,0.763993018,3.81555065,9.79E-05,8.90E-05,-0.000565604,22.3264762,13.05344
168,0.329722222,0.174,-0.093620479,0.230891182,0.053328586,-0.158746543,-0.024330854,-0.111719502,-0.098401327,-0.16966572,-0.021413531,-0.086637826,-0.086461934,0.057481904,0.286961099,0.106270035,0.176476703,0.083672217,0.182042902,0.137980589,0.031884014,-0.000917648,0.243623073,0.158085037,0.096992402,0.106918211,0.155543119,0.165290412,0.023025908,-0.001137226,0.831038825,3.519881442,-19.51934189,3.569277525,0.57997073,3.53259164,0.000101757,0.001889104,-0.000412491,19.3275208,10.958255
169,0.357222222,-0.0612,-0.082678076,-0.167815304,0.044342684,-0.169035966,0.024009947,-0.061913937,-0.100738233,0.022384613,-0.007328367,-0.060523877,-0.029617538,0.43539224,0.38789263,0.016500677,0.249627391,-0.041384484,-0.021551126,0.378571841,-0.018576651,0.11466892,0.239751138,0.116247605,0.098050504,0.110627249,0.059981254,-0.003895964,0.126706082,0.000722214,0.91591957,3.718455139,-21.07590888,3.773288488,0.648776752,3.73653159,0.000102602,0.001650714,-0.000269318,20.885046,12.139646
170,-0.088888889,-0.0444,0.127718701,0.197882246,0.00106789,0.138704063,-0.132441311,-0.027769842,-0.115917821,-0.090451226,-0.111022365,-0.030175877,-0.041844586,0.12237159,0.10700179,-0.032788527,0.163716729,0.051576341,0.142117098,0.02744242,0.154061489,0.076438778,0.086338092,0.164286381,0.084194477,0.017600694,0.105490367,0.113668463,0.063249389,0.027413709,0.95976368,4.071695676,-23.54959614,4.128726959,0.668658685,4.08079011,2.38E-05,0.001564617,-0.000478454,23.282737,10.578801
171,-0.036944444,0.006,0.160061511,0.135756503,0.151083262,-0.005352302,-0.127556236,0.053758167,-0.052276812,0.03603178,-0.071280065,-0.045199265,0.466516024,0.187912166,0.034474705,0.127236909,0.225756057,0.307262887,0.074519817,0.066768074,0.022349201,0.245273517,-0.00942259,0.11943654,-0.026018117,0.008223562,0.190445845,0.090973366,0.09958532,0.013657707,0.970187925,3.545388746,-20.06916346,3.604429245,0.714514187,3.57904101,-0.000102701,0.00028245,0.000460255,19.9373077,11.30246
172,-0.079722222,0.0522,-0.02816737,0.232984233,-0.036472395,0.0848627,0.015663479,0.081065615,-0.134652724,-0.126727413,-0.122328239,-0.133074625,0.074250087,0.42448381,0.236458345,0.187888478,0.309514743,0.06149783,0.28185191,-0.055660887,0.249054687,0.015638876,0.080824057,0.013651656,0.112354832,0.123702615,0.035526391,-0.024198592,0.008906941,0.007460655,0.907465353,3.762147715,-21.77261073,3.816284895,0.637483847,3.77860768,4.30E-05,0.001408597,1.76E-05,21.5663576,11.908587
173,-0.021666667,0.1026,0.01077757,-0.067192601,-0.006437985,-0.130932438,0.047503175,0.050118684,-0.143859194,-0.088207272,-0.12030529,-0.013780096,0.491677241,0.331697352,0.119468523,0.116936135,-0.013424895,0.218582121,0.100135289,0.350786381,-0.011554594,0.217436438,0.167514573,-0.036940864,0.18866567,0.057859615,-0.004725953,-0.02653665,0.015033336,0.05916181,1.037474907,3.811210468,-21.90928169,3.874297142,0.763137378,3.83856951,-0.00025777,0.0017195,0.002156191,21.7195854,12.798343
174,0.241111111,0.1278,-0.085708065,0.209957812,0.11563763,-0.148934643,-0.046012358,-0.091472201,-0.124615092,-0.07155237,0.013382703,-0.069291146,0.392357059,0.209174162,0.399118902,0.085624047,0.252139108,0.011824361,-0.014653953,0.218813345,0.174452968,0.08606132,0.12464711,0.179049701,0.116438998,0.067948075,0.171200628,0.147061136,0.143812568,0.061880466,0.830127057,3.438052779,-19.17688187,3.487584591,0.58469519,3.45360062,-7.71E-05,-0.000747792,0.000956388,19.0013406,11.929859
175,0.387777778,0.1824,-0.067205396,0.139478554,-0.212946816,-0.04406119,-0.140842013,-0.054270204,-0.02425179,-0.168444562,-0.110222132,-0.011330637,0.325565075,0.088107473,0.052276165,0.362336542,0.147262345,-0.059627331,0.179286107,-0.072698634,0.072382439,0.048453708,0.139693662,0.113054866,0.035433493,0.087691655,-0.031219748,0.091374794,0.041156783,0.013489088,0.908695235,3.825847196,-21.67669889,3.879914999,0.635383049,3.84790077,1.87E-05,0.0025531,-0.00085094,21.4977656,10.78043
176,0.195277778,-0.0864,-0.055676722,-0.184139913,0.099631732,0.13076105,-0.027646078,-0.04908445,-0.003902137,-0.196024888,-0.0910531,-0.057329826,0.222318933,0.240409968,0.086513167,0.27122474,0.30384787,0.193312594,-0.023266673,0.048503549,-0.017603124,0.150881468,0.198883245,0.211992706,0.019444447,0.026555482,-0.0372601,0.085784885,0.054699827,-0.004342965,1.079877485,4.089403989,-23.97890614,4.154770851,0.78488142,4.10258196,-2.14E-05,0.000397135,-6.80E-05,23.6655443,11.432344
177,0.005833333,0.0942,0.082260028,0.101325274,-0.199071896,-0.014474821,-0.076846527,-0.092353587,-0.179224783,0.030130402,-0.025767806,-0.099341737,0.29754958,0.381423374,0.054836969,0.33454622,0.114283919,0.076601421,0.347409165,0.310127453,0.104291064,0.001691644,0.187654691,0.114202319,0.115497114,0.197700124,-0.024479404,0.109506109,-0.004567603,0.011546119,0.953591896,3.69450794,-21.21183284,3.752027512,0.688430065,3.7114019,6.07E-05,-4.38E-05,-0.000314364,21.0162875,13.349836
178,0.323611111,-0.1116,0.156560595,0.102659898,0.076271208,0.002964732,0.008596876,-0.022926922,-0.00990325,-0.102092862,-0.014413205,-0.043035286,0.170345791,0.058750892,0.069260312,0.21186199,0.2896268,0.019574063,0.110380484,0.297318673,0.073583651,0.220260672,-0.017471248,0.242257019,0.098688104,0.060839308,0.120562999,0.078127578,0.045254489,0.079397176,0.840486112,3.623681369,-20.68249341,3.67348361,0.581496177,3.63981739,-3.24E-05,0.001266246,0.000291841,20.5064384,11.223589
179,-0.098055556,0.09,0.06863546,-0.210248581,0.206089414,0.000643572,-0.135923727,0.105908766,0.025683996,-0.089350302,-0.057204042,-0.002297915,0.085807769,0.349208048,0.430974478,-0.034448422,0.13504657,-0.035311574,0.278865932,0.353978603,-0.026002401,0.162427392,0.248000796,0.146861711,0.009040072,0.089126295,0.02162873,0.142055389,0.070147228,0.087153413,1.365254209,4.566008938,-28.63049977,4.650121689,1.02854987,4.54315944,-4.30E-05,0.001098952,8.85E-05,27.9154618,12.451263
180,0.189166667,0.0186,0.05667443,0.265140224,0.051556651,0.104428637,0.098777536,-0.026628401,0.001017555,-0.179708472,-0.068436119,-0.137178542,0.028568178,0.118210629,0.151709332,0.222893076,0.036486082,0.250575161,-0.036740996,0.382366168,0.185448135,0.06372506,0.031438207,0.089942746,0.114908451,0.187940702,0.09788388,0.061642226,0.044678267,0.01591989,0.828613712,3.400787007,-19.2785003,3.450304031,0.585347643,3.43210428,8.26E-05,0.004156704,-0.001560897,19.2079519,11.200412
181,0.283888889,0.0774,0.150226085,0.177468626,-0.177815693,0.070499412,-0.109991948,-0.110191704,-0.06903905,0.001976169,-0.130264125,-0.08678436,-0.03753856,0.400510434,0.07159453,0.366752075,0.013518194,0.256034043,0.328013928,0.117572697,-0.03611869,0.103150043,0.037403742,0.198557452,0.110358553,0.102957301,0.084262543,0.104791703,0.031460269,0.087971606,0.868144278,3.549699582,-20.0187345,3.601611376,0.613003019,3.58036028,2.87E-07,0.001309329,4.64E-07,19.9260601,11.993059
182,0.158611111,-0.0276,0.039016785,0.150253338,-0.149519707,0.114121459,-0.009677178,0.100162312,-0.043166671,-0.120785419,-0.129350571,0.017951725,0.103853545,0.420252052,0.157746344,0.139408261,0.138886843,0.206606727,0.39743757,0.21124199,0.155898741,0.03717761,0.219212319,0.155799929,-0.015196192,0.074800534,0.101984162,-0.037778663,0.148877863,0.083129267,0.908342729,3.513088427,-20.01931673,3.567893505,0.65609694,3.52885655,0.000128889,0.002361166,-0.001018041,19.805332,12.848504
183,0.170833333,0.2706,0.02666411,-0.173221122,-0.062659417,-0.098905216,0.080805527,0.055025795,-0.199076906,-0.190020666,-0.053455809,0.009287782,0.495093559,0.072007624,0.011487803,0.251542671,0.166725958,0.254213281,0.305946358,-0.074229965,0.084482032,0.20691295,0.249726309,0.170780525,0.064356033,-0.005815257,-0.032606378,0.045664585,0.101517669,-0.013583447,1.084952349,3.724090637,-21.53492419,3.790701389,0.814074408,3.74238733,9.13E-05,0.003296873,-0.000344814,21.2357743,12.147247
184,0.360277778,0.2412,-0.039829153,0.284268947,0.071949974,-0.151463701,0.000679099,-0.036214519,-0.002765544,-0.158943548,-0.126761899,-0.008061702,0.337987088,-0.09982319,0.344055284,0.09139475,0.199251247,-0.050269897,0.089023034,0.273640147,0.1840689,0.236543304,0.050992408,0.034302614,0.154555572,0.074590369,0.0148869,0.076251213,0.065914569,-0.009972409,0.795682003,3.444978765,-19.48018955,3.49209094,0.548379894,3.45446998,-5.10E-06,0.002945736,4.82E-05,19.2944121,10.905259
185,-0.003333333,0.1236,0.118813965,-0.001694336,0.008451029,0.158135349,-0.045074295,0.080457552,-0.020985657,-0.157550511,-0.102784013,0.018525423,0.191172398,0.432146451,0.284038053,0.173350618,0.240164531,0.014611154,-0.079239164,-0.076503661,0.212216936,0.121333462,-0.018954039,0.015287319,0.045146016,0.033299416,0.152711444,0.196426977,0.110188179,0.008156822,1.061589278,4.210617237,-25.23633369,4.274413109,0.758307746,4.21281774,-1.51E-06,0.001260302,0.000207553,24.8591367,10.723921
186,0.118888889,-0.0654,0.018960166,-0.058209272,-0.134950055,-0.057765635,0.132988779,0.113528729,-0.185391942,-0.142192646,-0.085441039,-0.021244393,-0.080923511,-0.012107934,0.198216219,0.174338996,0.011271473,0.053540948,0.012570195,0.297927181,0.007205463,0.000600473,0.269086651,0.12556727,0.05351316,0.128484866,0.157344017,0.16683193,0.004987779,0.054426561,0.937798351,3.77811994,-21.14399877,3.834334135,0.66779132,3.80233005,0.000101726,0.002483919,-0.000276558,21.0164082,11.323567
187,0.170833333,0.1656,0.148236564,-0.200170002,0.164370853,0.131419444,0.0438463,-0.057960696,-0.080655653,-0.02796538,-0.097576685,-0.084116879,0.194465376,0.016652287,0.296631976,0.366297839,0.215714003,0.231906639,0.092842754,0.283853615,-0.025160572,0.09044916,0.027045428,-0.022561795,-0.026674275,0.028672727,0.174467041,0.051461617,0.023258717,0.030336738,1.050538227,3.980821654,-23.62991295,4.044406414,0.763361884,4.0049401,2.38E-05,0.000858071,0.000311604,23.4180653,11.106047
188,0.024166667,-0.0528,-0.02286242,0.074938221,-0.23762339,-0.102553081,0.053164376,-0.013668121,-0.113045044,-0.06963009,0.009302563,0.016175888,0.086026358,0.073834148,0.382240301,-0.012163695,0.149906641,0.02109928,-0.060075988,0.183543948,0.153315192,-0.007962153,0.204503171,0.251414974,0.144140248,0.052734485,0.11504061,0.073393869,0.055700953,0.039943478,0.918925817,3.75131761,-20.83647567,3.806280613,0.652600314,3.78276102,9.90E-05,0.002354271,-0.000208532,20.760732,11.859597
189,0.195277778,0.1782,0.021064892,0.2561301,-0.098060979,-0.117348273,0.105565429,0.07021582,0.052963423,0.013851114,-0.09558018,-0.071789195,0.442956816,0.446963242,-0.007520985,-0.001262197,0.308164271,0.209565903,0.365195821,0.194200619,0.033328562,0.192746088,0.232973837,-0.020049689,0.021505672,0.079354634,0.048876958,0.059090878,0.013585806,0.026406963,0.787663162,3.049885668,-16.46003206,3.097400904,0.568621528,3.09563442,-5.63E-05,0.000873636,0.0004363,16.4865859,12.319893
190,-0.098055556,0.279,0.062751344,-0.026832101,0.095754433,-0.012557662,-0.116718426,-0.074050717,0.068960637,0.015076779,-0.146001953,0.013044665,-0.028011183,0.248110475,0.321196074,0.145568007,0.343607283,0.044781533,0.311029449,0.328870398,0.181814252,0.232754002,0.033571916,0.189886795,0.187668245,0.113138449,0.034687936,-0.03668968,0.126124809,0.066107625,1.178310789,4.234079856,-26.22249892,4.305960655,0.868889481,4.22977061,-5.15E-05,0.000947526,0.000269223,25.7246219,12.740785
191,-0.119444444,0.0144,-0.016708482,0.100863308,-0.11126147,-0.066539946,0.082915146,-0.071278387,-0.074459944,-0.133488582,-0.026754022,-0.114442066,-0.012502919,0.265685647,-0.08097148,0.325577618,-0.029029136,0.279748901,0.261342862,0.168959815,0.256843186,0.149657554,0.252442052,0.292918153,0.096690231,0.143366632,0.076113093,0.116150869,0.115957517,0.000465446,0.9987293,3.671934007,-20.94797684,3.732657194,0.734734494,3.71066806,9.97E-06,0.000724648,-4.36E-05,20.8195304,13.265605
192,0.3175,0.0018,-0.08941619,0.124038546,-0.092514964,-0.048810917,0.050076071,-0.089563929,-0.144787981,-0.133835188,-0.034603644,-0.040913984,0.252475346,0.063893409,0.172433159,0.281906516,0.293363111,0.144582768,0.301458866,0.055983655,0.029173912,0.141613167,0.184474162,-0.009723354,0.186473807,0.058508522,0.126272555,0.075797534,0.050122928,0.005691031,0.847201067,3.452199829,-18.96779102,3.502888203,0.60091361,3.48352153,1.01E-05,0.000738565,0.000900458,18.9033168,12.073301
193,-0.0125,0.048,0.119274599,0.285117222,0.232450619,0.159531828,-0.042660895,0.083339691,-0.060567404,-0.064484654,-0.073854524,-0.067129372,-0.038522015,-0.035812501,-0.024517375,0.121750584,0.003975299,-0.03932415,0.225712506,0.266087976,0.192379061,-0.02221147,-0.041894645,0.114714322,0.124501619,0.112311426,0.08964573,-0.016273432,0.112104457,-0.01925851,0.856135117,3.819872423,-22.33556517,3.870288372,0.581734871,3.81141257,-3.14E-05,-0.000166846,0.000112531,21.9840874,9.841109
194,0.109722222,-0.0108,-0.049140745,0.251162644,0.149486196,-0.06088915,0.071415895,0.023573317,-0.120202373,-0.025123051,-0.126335829,-0.101287903,0.288502003,0.398515429,0.274011823,0.275719741,0.107925413,0.351436798,0.187717033,-0.061742136,0.025997951,0.095806958,0.086641267,0.108392872,0.134236253,0.037238793,0.147012611,0.167959709,0.131096586,0.063068006,0.81144986,3.184363872,-17.27744759,3.233210802,0.583053286,3.20766448,0.000162376,0.002387603,-0.000980517,17.1605995,12.190927
195,0.079166667,0.2958,-0.078832547,-0.244684235,0.207029629,0.089596616,-0.047074053,0.089963726,-0.0359653,-0.140271749,-0.108841383,-0.046961007,0.112746075,0.105508052,0.070947768,-0.039002208,-0.000658872,0.197387602,0.11441828,0.345079217,0.260743182,-0.001255947,0.122708852,0.269490227,0.139384677,0.183037773,-0.030643229,0.19084882,0.012055785,0.076206291,1.302428104,4.383978697,-27.22530215,4.464152336,0.978600896,4.36863247,-0.000121262,0.001214798,0.000904054,26.5816885,11.795215
196,0.216666667,-0.0402,-0.0084467,-0.089233509,-0.2201068,-0.099529636,-0.132512341,0.018058587,0.007001907,-0.108455748,-0.07252314,-0.146260125,0.205222872,0.378624173,-0.06672121,0.158408403,0.334835127,0.189268861,0.059879316,0.229135871,0.205096071,-0.027831334,0.010031665,0.132781474,0.035695761,0.015848536,0.005194328,0.106246731,0.064584767,0.06010918,1.028263848,4.046659444,-23.29734184,4.108530045,0.739085456,4.0571003,-3.46E-05,-0.000400666,0.000375741,23.0167859,12.523464
197,0.201388889,-0.0318,0.14548898,0.007457274,-0.1307989,0.173951621,0.130502582,0.116146037,0.049312206,-0.153114777,-0.034808527,-0.058023801,0.307398444,0.107593445,0.355355284,0.018333112,0.284162797,-0.071449961,0.315959143,0.018135804,-0.002411718,0.122637365,0.02261302,0.232488345,0.03489904,0.111598739,-0.000459753,0.115888128,0.09146732,0.031210397,0.913650495,3.742856135,-21.56520468,3.797471762,0.644138516,3.75033003,0.000126373,0.002275901,-0.00042417,21.3132122,11.236621
198,0.4,0.1782,-0.044438633,0.163306447,-0.068882077,0.146531026,0.107161519,0.027251519,0.057232692,-0.165464523,-0.028559791,0.02615237,0.473519139,0.482255046,-0.004055071,0.123000104,0.097881089,-0.032373201,0.295726688,-0.056974816,0.009952918,0.042656984,0.043590011,0.090549078,0.006316372,-0.001878553,-0.04847347,0.178235698,0.097982103,0.07864767,0.798730047,3.369398643,-18.8580158,3.416907549,0.555186364,3.39479534,-4.39E-06,0.000835335,0.000325359,18.7199649,10.587247
199,0.238055556,0.216,-0.050840092,-0.20578997,0.12503986,0.099123378,0.012582621,0.1090802,-0.084409905,-0.119616961,0.01950917,-0.018003119,0.377643899,0.134121527,0.179232942,0.041825172,0.278991011,0.310018568,0.002796016,0.395164596,0.173750461,0.247595626,0.045486743,0.048042403,-0.028804733,0.070738212,0.199184279,0.060154661,-0.029069843,0.041662505,1.106651077,3.809698417,-22.60738062,3.87761426,0.827965822,3.83016115,-0.000121392,0.000891276,0.000854554,22.3115417,11.960164
200,0.103611111,0.1194,0.045050781,0.108536489,0.241516996,-0.147606808,-0.090936689,0.06578623,-0.120609295,-0.083714609,-0.054968043,0.029312554,0.303284756,0.320661823,0.107270657,0.063457513,0.215040705,-0.063632548,0.080626843,0.118748639,0.012768899,0.17008668,0.048542467,0.008439718,0.149123563,0.166994434,0.162044,0.083830797,0.01591137,0.035496029,0.933800886,3.907864037,-22.83169249,3.963483334,0.652853642,3.90061149,-9.18E-06,0.002715748,0.000276168,22.4319799,10.789702
201,0.161666667,0.2538,0.016850972,0.105835832,-0.061248785,0.189631399,-0.067622589,0.022421959,0.025246811,0.004997992,-0.102491362,-0.065330476,0.328816398,0.239177153,0.170411704,0.299191307,0.237892473,0.36655299,0.103295796,0.354494144,-0.029302107,0.246118462,0.041619675,0.139617719,0.162119714,0.068427275,0.013172691,0.19690831,0.076778164,-0.008160616,0.909878946,3.44934657,-19.88341462,3.504414082,0.660553539,3.46928388,0.000102695,0.000425365,-0.000191791,19.7025609,12.37133
202,-0.036944444,-0.057,0.153656957,0.159123871,-0.225808921,0.055578007,-0.131964883,-0.117730186,-0.097115867,-0.152778442,-0.004039124,-0.001959983,0.434561965,0.10465244,0.400552641,0.079886902,0.346902762,0.378757371,0.376376098,0.063766152,0.079270597,0.237140044,0.130797484,0.274549927,-0.026474835,0.103522575,0.110225681,0.015026091,0.117371389,0.074431065,1.089766994,3.662436165,-21.04413544,3.729532957,0.824883654,3.70235866,-0.000122574,0.000910322,0.000600635,20.9044842,13.720315
203,-0.055277778,0.0606,0.197952536,-0.038968802,0.145242449,-0.083168919,-0.113935524,0.078243614,-0.051475934,-0.007862409,-0.03574206,0.018231704,0.23858031,0.182527203,-0.070371094,0.300257976,0.218912207,0.363551773,0.108028849,-0.0056447,-0.006948276,0.037492098,-0.02013907,0.115807008,0.171981894,0.196164113,0.07573774,0.029044777,0.045855868,-0.019197389,1.092857859,3.974136355,-23.42501238,4.040689468,0.805617094,3.97656129,0.00014987,0.002211022,-0.000691147,23.0385979,11.303026
204,0.039444444,0.0228,0.006063474,0.192551603,0.202418243,-0.113472143,-0.096692981,-0.002676244,-0.17957426,-0.043161042,-0.132091553,-0.123722725,0.479406027,0.144745224,0.209722213,0.238747499,0.002322363,0.374270986,0.197701925,-0.075232322,0.214982266,0.173722485,0.082318547,-0.035316459,0.142424544,0.150709054,0.061891725,0.172337188,0.094128312,-0.010753269,0.955176015,3.33275745,-18.56142274,3.39126873,0.712973663,3.36091457,2.24E-05,0.001955585,-7.28E-06,18.4098467,12.297393
205,0.149444444,-0.0612,-0.002004522,-0.146497258,-0.190904237,0.198075169,-0.031189806,0.111761967,-0.103714487,0.041908679,-0.047535428,-0.058583962,0.334222674,0.151139554,0.018805079,0.027633541,-0.00666393,0.175891442,0.381041673,0.122660305,0.223755131,0.230946985,0.225899978,0.124687794,0.123812774,0.024926115,0.108191908,0.052470569,0.07784117,0.028177586,0.998629751,3.719347488,-21.18162782,3.779948235,0.732449402,3.74046851,0.000121588,0.001832623,-0.000356954,20.9943152,12.801678
206,0.079166667,-0.057,0.0767271,-0.028058933,0.069083894,-0.065935159,-0.081743352,-0.103643526,-0.120987869,0.043895166,-0.077425074,-0.009998117,0.08361983,0.236474364,0.367079566,-0.055410999,0.337925574,0.032162197,0.25800805,-0.001853594,0.021953224,0.003961042,0.274658213,0.257782886,0.124402026,0.068135818,0.097977863,0.015344253,-0.017605275,0.080260031,0.965121693,3.829603273,-21.88159322,3.887598038,0.690149233,3.84552362,-2.37E-06,0.0009617,3.29E-05,21.6593455,11.864175
207,0.060833333,0.0354,0.050506185,0.25212431,0.186201087,0.067838074,0.12136114,0.041463721,-0.07845594,-0.196757485,0.028449373,-0.051947453,-0.032537369,-0.004269067,0.36585303,0.345333465,-0.020689539,0.030582676,0.321224342,-0.003377164,0.150870894,-0.016571973,0.123535673,0.087762266,0.103478158,0.023436894,-0.01097888,0.160696756,-0.003527306,-0.011908321,0.84074315,3.644332899,-21.08982542,3.694102764,0.578601758,3.65123071,6.44E-05,0.002608849,-0.000340157,20.8144715,10.597429
208,-0.1225,-0.0066,0.16076875,-0.056631465,-0.092360421,0.021551171,0.055420825,0.092362889,-0.181529711,0.016103773,-0.090534026,-0.11828077,0.087314322,0.131213563,0.16371324,0.17144892,0.334578678,0.196612,0.3237381,0.008660085,0.144351472,0.07609022,0.144266674,0.089443305,0.085252487,0.042450417,-0.044254478,0.144282767,0.067152365,0.071257456,1.033567453,3.965595227,-23.05244032,4.028033257,0.74804574,3.97900302,0.000782852,0.002462118,-0.006374998,22.8021938,12.271661
209,0.033333333,0.0354,-0.040524214,0.041753908,-0.157798446,-0.186664114,-0.081111838,-0.097270701,0.03381441,-0.066582668,0.026752935,-0.042594421,0.314870882,0.286025867,-0.012083369,0.030303742,0.075964495,0.304998325,0.050311132,0.005192983,0.274068204,0.142395305,0.079856638,0.055549314,0.041097096,0.169512893,0.017635492,0.008422915,0.099944087,0.046473661,1.00977862,3.694001711,-20.62877597,3.755441904,0.743069347,3.73376701,-6.81E-05,0.000519015,0.000483222,20.5311407,12.286323
210,-0.137777778,0.2958,0.046320182,-0.062469979,0.20799138,-0.101886581,0.010040595,0.117631926,-0.131742453,0.017906157,-0.020639924,-0.113500199,-0.0138147,0.412081374,-0.089458826,0.143625645,0.038940808,0.133417482,-0.068208037,-0.058920374,0.114233027,0.096351923,0.015824213,0.222850129,0.038578109,0.084545458,0.145638317,0.036871121,0.049190168,-0.004784595,1.147241999,4.296884025,-25.63039193,4.366444588,0.832226726,4.29422277,-5.13E-05,0.000203705,0.000303247,25.183217,10.115098
211,-0.018611111,-0.1032,0.038987871,0.202166823,0.121020811,0.058168741,0.049936541,-0.09435059,-0.101236311,-0.073904572,-0.077888967,-0.076387147,-0.099347644,0.079995323,0.311261966,-0.06474842,0.277610388,0.3778359,-0.065011552,0.06278264,0.10174841,0.128058165,0.169586225,-0.017735792,0.136072465,0.016701048,0.159590511,0.145371705,0.149758097,0.029672059,0.905581489,3.442559749,-18.87555035,3.497344017,0.656971164,3.48356802,7.38E-05,0.003349294,1.52E-05,18.8698619,10.865912
212,0.204444444,0.0354,0.154512543,0.051129477,0.218420583,-0.162224086,-0.147389293,-0.029074692,0.046693041,-0.061608915,-0.080888097,0.015793835,0.216313286,0.005265612,0.239562735,0.23474697,-0.019529159,0.312126101,0.091341294,-0.037952513,0.205890685,0.197220189,0.032396131,0.142799249,0.028613555,0.002606938,0.028313966,-0.038304674,0.144208547,0.007102342,0.944291012,3.757116642,-21.63903334,3.813834906,0.672153282,3.76542838,9.17E-05,-0.000661632,-9.01E-05,21.3565611,10.993114
213,-0.024722222,0.0564,-0.013711579,0.026277268,-0.034968531,0.093680913,0.022138069,-0.115469899,-0.058214875,-0.193449243,-0.038720092,-0.044885745,0.124245439,0.4397237,0.375058131,0.327896847,-0.045268136,0.358431977,0.053370459,0.145512045,0.181439777,0.028948841,0.048783744,0.258183932,-0.020043862,0.030457327,0.031293542,0.197562922,0.141294466,-0.008523071,1.044429142,3.82304013,-22.41058749,3.88658309,0.768255416,3.85171547,8.36E-05,0.001580747,-0.000256156,22.2035776,12.89535
214,0.201388889,-0.078,0.169458866,0.289902121,0.086182562,0.054345075,0.046434355,-0.053890607,-0.197221759,-0.065116399,-0.056292094,-0.072430375,0.332100254,0.226929089,0.220528636,0.157754703,0.095199129,-0.031988873,0.326384284,0.162401301,0.150463778,0.064067029,-0.027933978,0.284962593,-0.014424417,0.109954143,0.169275314,0.12541963,0.042255922,0.056767471,0.793007004,3.333481236,-18.60844595,3.380678415,0.553384986,3.35558953,2.93E-05,0.00223103,0.000276046,18.5047343,11.701861
215,0.2075,0.111,0.105365887,-0.15617438,-0.148725553,-0.17457144,0.103070881,0.113052133,-0.072971069,-0.154321954,-0.048477284,-0.132240671,-0.073105208,0.448752871,0.128403764,-0.049375588,0.189450606,-0.038230772,-0.005789291,-0.02206186,0.208083688,-0.016991074,0.1704841,-0.039775235,0.171068388,0.052263847,0.154780619,0.114744145,0.021526716,0.081732786,0.96144478,4.010048807,-22.91769905,4.067347527,0.674820234,4.0309976,5.17E-05,0.001393821,-0.000245399,22.7164888,10.82684
216,0.149444444,0.1278,-0.074441286,0.143994137,0.056652836,0.060575169,0.039719172,-0.103066371,-0.020363536,0.048230386,-0.027728035,-0.059077728,0.109360833,0.434003236,0.009745951,0.061338746,0.037172675,0.081744102,0.188119676,0.364375473,0.238405626,0.173971709,0.008478351,0.148844494,0.091338576,0.122587195,0.193903812,0.01631501,0.091726505,-0.011405939,0.826659093,3.463485964,-19.71618102,3.512713909,0.579278383,3.47163005,4.38E-05,0.002541984,-6.54E-05,19.5093995,12.062076
217,0.085277778,0.0186,-0.048056262,-0.206431068,-0.202670568,0.030830988,0.074940878,0.087718453,-0.14458554,-0.006667856,-0.054761603,0.005736794,0.14669786,0.055470303,0.435209142,0.258205107,0.13591096,0.098667251,0.362656116,0.33538874,0.07830163,0.172552324,0.168185809,-0.002563626,0.166834725,0.164937309,0.058715961,0.036052512,0.121914496,0.099149911,1.027049292,3.857327179,-22.492198,3.919574261,0.750455261,3.88206859,-5.10E-05,0.001487339,0.000470603,22.2906343,13.629889
218,-0.064444444,0.0354,0.100553394,-0.08823999,0.091919263,0.094737128,-0.084769922,-0.017169301,0.043217713,-0.140979567,-0.086840657,-0.101605286,0.093839299,0.479455544,0.001151712,0.145631,0.001074002,-0.050499338,0.230808536,0.395927453,0.091896971,0.056355989,0.059759708,0.228060175,-0.020507247,0.035705764,-0.027633185,0.172571507,0.109734984,0.026008518,1.173650836,4.334211,-26.41272544,4.405522823,0.859961842,4.337455,2.24E-05,0.002021153,-0.000237645,25.9783147,12.086918
219,-0.140833333,0.1446,0.001388628,0.275932813,-0.114401355,-0.199161427,0.143945824,-0.108212466,0.040231627,-0.198090609,-0.119396545,-0.044124501,0.347665198,0.162464922,-0.064066994,0.387157452,0.148081695,0.275921963,0.368264201,0.252219283,0.185748934,0.018071072,0.100260825,0.106865756,0.06141954,0.003496194,0.048637036,0.098366837,0.027117586,0.082880837,0.93282632,3.525819901,-19.93381181,3.582301855,0.678918199,3.55025048,0.000134267,0.001764269,-0.000410784,19.7805915,13.158631
220,0.18,0.1992,0.015446914,-0.176393833,0.043764787,-0.13405277,0.104526064,-0.003840638,-0.167189305,-0.121826501,-0.07219612,-0.032861624,0.236076949,0.379143262,0.263395978,0.184200446,0.042299095,0.208026863,0.182769159,-0.005264013,0.116057355,0.127388023,-0.049308227,-0.025661901,0.102274462,0.073647026,-0.029246635,0.104980225,0.086059032,-0.016688937,0.985905248,3.988958747,-23.27081354,4.048015118,0.699566921,3.98638877,0.000211323,0.002045505,-0.001165436,22.9065948,11.895164
221,-0.128611111,0.2622,-0.051793186,0.257341051,0.144840686,-0.02019278,-0.107803056,-0.052882933,0.003608473,-0.070048021,-0.036563083,-0.117425937,0.431301215,0.202061441,0.087189877,0.310377358,0.077160231,0.142788747,-0.055721254,0.176064685,-0.04543004,-0.019031379,0.175523744,-0.021048879,0.091866963,0.175210472,0.094767887,0.002887957,0.145193756,0.046187019,0.987953952,3.678727042,-21.035198,3.738682032,0.720092656,3.70279208,2.96E-05,0.000742594,-0.000100977,20.8391859,10.874542
222,0.121944444,-0.0948,0.178666946,-0.009789453,-0.227707037,0.170597705,-0.118537914,-0.013064808,-0.150815625,-0.016200195,-0.139862145,-0.008272814,0.231203958,0.48529882,-0.03053128,0.116403177,0.170989501,0.028221543,0.288293211,-0.071586977,0.113148744,-0.023987928,0.04690723,0.155114582,0.152367588,0.148845794,0.064588305,0.15265002,0.10698347,0.017462582,1.036809943,3.917359209,-22.56261374,3.980140924,0.753239399,3.94387909,3.07E-05,0.0017195,-0.000126047,22.376581,11.95126
223,-0.003333333,-0.0276,-0.0941971,0.262325265,-0.054178707,-0.087132075,-0.075698693,-0.042632483,0.034481071,0.028333194,0.004497028,-0.120447293,-0.094743801,-0.065324884,-0.055109223,0.071939625,0.123013712,0.157762811,0.345814412,0.299748801,-0.009516686,0.174805244,0.29439906,0.031712216,0.025833913,0.107675609,0.111547393,0.174493425,0.028400915,0.050720236,0.854320017,3.531299797,-19.27806486,3.58229208,0.603012924,3.56340293,-3.99E-05,0.001645794,0.000409506,19.2087372,11.608397
224,-0.143888889,0.0564,0.141555803,0.001085818,-0.229236406,-0.125729224,-0.091556687,0.073829212,-0.017038388,-0.03030624,0.007166763,0.005575268,0.184269259,0.166987909,0.393943048,0.126799803,0.207910389,0.186821223,0.007994495,0.25342419,0.156491062,0.047376014,0.255783527,0.286747849,0.181016737,0.013337283,0.198276856,0.035395043,0.014608541,0.020015786,1.06932346,3.85555772,-22.24321153,3.920758009,0.792518152,3.88341884,0.000122614,0.002283453,-0.000535624,22.0591882,13.046863
225,-0.091944444,-0.036,0.098607325,0.174936119,0.041702801,0.038511206,-0.130124469,0.043442733,-0.079640237,-0.188552282,-0.047115464,-0.003586307,-0.036454103,0.081090118,0.379393938,0.289081941,-0.005048696,0.071204988,0.20439584,0.245746588,0.125250201,-0.02063111,0.129207973,0.207132531,0.112971642,0.115565587,0.046741266,0.026454811,0.000371224,0.002761273,1.05670621,4.090736525,-24.51045187,4.154483795,0.761296429,4.08645622,1.25E-05,0.001734419,1.75E-05,24.069073,11.898968
226,0.277777778,0.1026,-0.038888496,0.03291727,-0.142605011,0.1126132,0.097659723,-0.014289019,0.052367926,-0.08770588,-0.06000289,-0.085391334,0.484091561,0.441042071,0.190416824,0.141159906,0.046110315,0.121409736,0.171857974,0.014227007,0.225108123,0.067811924,0.227948215,0.100535513,0.138864405,0.048295767,-0.017702433,0.155043495,0.043981168,0.022218052,0.853539291,3.425645305,-19.13925225,3.476840496,0.608767202,3.44859959,7.31E-05,0.00061754,-0.000311622,19.0157794,12.303861
227,0.183055556,0.1866,0.013852516,0.070639273,0.213061406,0.147074882,0.143302462,0.086048089,0.030289734,0.02947736,-0.067202324,-0.128698862,0.487926397,0.059563528,0.005461417,0.140465261,0.145590086,0.142238531,0.328927378,0.081515595,0.042148635,0.10608556,0.0981517,0.296675256,0.020828265,0.131881837,-0.028656328,-0.03854517,0.117134766,0.030456493,0.839008303,3.364354626,-19.10909994,3.414685488,0.596601236,3.37625529,-6.21E-05,0.00168094,0.000608398,18.8817513,10.969526
228,-0.064444444,0.0396,0.040649622,0.00555509,0.126567192,0.050333217,0.062135549,0.040441044,-0.117606428,-0.156097969,0.015317795,-0.108692464,0.179551887,-0.090206261,0.212131065,0.379868834,-0.008018816,0.277255268,0.223135771,0.003951165,0.241541381,0.237716654,0.248803381,-0.012585177,-0.025145553,0.098265496,0.029971005,0.092045027,0.123843545,-0.006801916,1.075105485,3.785145295,-22.16224019,3.850920439,0.800163718,3.81626489,-8.07E-05,0.002023583,0.000452827,21.9677218,11.790129
229,-0.030833333,0.048,-0.075411925,0.099149919,0.147132001,-0.080017018,0.041478505,0.021667427,0.012129377,-0.008008883,0.015045877,-0.119226943,0.312666812,0.180272835,0.010639531,0.265947581,0.336763961,0.28348595,0.190469519,0.093107233,0.293292615,0.034946642,0.259870885,0.088864876,0.105886401,0.049843956,0.116214734,0.009039302,0.024867936,-0.003033137,0.940207369,3.349384142,-18.84527603,3.40681076,0.696841922,3.37809955,0.000749076,0.002095485,-0.006115727,18.7145633,12.467878
230,0.045555556,0.1614,0.133557236,0.027428155,-0.230986256,0.065987129,0.006855061,-0.10243372,-0.101777768,-0.177271189,0.015972601,-0.086216259,0.139036916,0.221279736,0.416151736,-0.04468637,0.052347887,0.036679889,0.374366058,0.221538732,0.191182085,0.202041105,0.246672364,-0.016973519,0.173862376,0.147312409,0.034534266,0.020483027,0.113253137,0.02404814,1.026641468,3.909039136,-23.04427147,3.971131802,0.745550228,3.91328727,6.67E-05,0.00258579,-0.000344471,22.7244765,12.805635
231,0.051666667,0.2958,-0.097670061,0.052167733,0.229233277,0.051200995,0.004112044,0.051908819,-0.128993296,0.012098966,-0.138153148,0.024021349,0.019518972,0.212459146,0.377097378,0.025332174,0.122057285,0.361545681,0.396338468,0.088655695,0.128437844,0.182743777,0.093905992,0.241614661,0.10115135,-0.005447297,0.002632929,0.042995876,0.048828641,0.033174151,0.985344796,3.734694902,-22.06601265,3.794331551,0.713189661,3.73408295,0.000108518,0.001187686,-0.000750064,21.671359,12.138541
232,0.2075,0.2286,0.06978915,0.002322787,0.070369064,0.185644162,-0.007673491,-0.081251775,-0.00571123,0.046777769,0.020719477,-0.058254627,0.1234642,0.465072682,0.235277216,0.338266881,-0.027222936,0.353106011,0.029134944,0.128448657,0.193802172,0.083029141,0.285814792,0.220915662,0.152071452,0.108817332,0.137112508,0.176935844,0.001136485,0.044256824,0.920671319,3.348375763,-19.27368293,3.404442072,0.678671869,3.38202366,1.01E-05,0.001571319,0.000174358,19.1564159,12.159237
233,0.100555556,0.2034,-0.066770279,0.004547011,-0.23908665,-0.010836318,-0.086359114,-0.018074736,-0.04354541,-0.020962334,0.002770896,0.008783352,0.308152889,0.066744368,0.264259686,0.008415101,0.259462728,0.206084971,0.231534522,0.352581882,0.012185387,0.225165762,0.215925837,0.087016115,0.103324332,0.107331165,0.020368895,0.184446993,0.040219957,0.01138997,0.965989597,3.691004829,-21.05938369,3.749397755,0.701599056,3.71520446,4.16E-05,0.002120356,-0.000704655,20.8804133,12.916802
234,-0.0125,0.1572,0.071714908,0.231536916,0.149117641,0.152649451,-0.008153631,0.004884894,-0.088898376,-0.117209383,-0.074697382,-0.105256037,0.148602786,0.440739152,-0.048249678,-0.074337692,0.067655242,0.075352708,0.04236302,0.202462036,0.175451728,0.024272008,0.135710121,0.177656978,0.127390228,0.057221705,-0.02695905,0.05180403,0.02968451,0.084172328,0.883982178,3.781679504,-22.01567637,3.834131002,0.613009652,3.78305563,0.000122649,0.002314158,-0.001093379,21.7018436,10.606026
235,0.253333333,0.1404,0.069232534,0.210288851,0.079955537,0.059059799,-0.115432411,0.041927823,0.01560208,-0.185307128,-0.031750869,-0.020007176,0.435141654,0.281013392,0.155435489,0.399056203,0.154321404,-0.002556089,0.051789323,0.37593735,0.215609205,0.231690931,0.26043083,0.290564444,0.153085655,0.006906053,0.030721014,0.053426686,0.077625783,0.099684243,0.939012935,3.576175672,-21.29508432,3.632966518,0.680828644,3.57415346,-4.70E-05,0.001247147,0.000532887,20.9014682,12.368568
236,0.378611111,-0.0024,0.027512968,0.013084852,-0.164409493,0.170870815,0.149701065,0.085216009,-0.055393686,-0.096391932,-0.103894316,-0.088489265,0.208170816,0.050595974,0.14370702,0.094153738,0.184864948,0.182962417,0.203716905,0.310691919,0.143867371,0.148189068,0.077579414,0.226887073,0.091910959,0.119112438,0.096520902,0.177873928,0.026256703,0.087680075,0.84118091,3.404710705,-19.01619106,3.455094814,0.598177727,3.43150857,-3.39E-05,0.001267683,0.000376584,18.9262429,12.111966
237,0.256388889,-0.1074,0.085353995,0.281328646,-0.037917917,0.035934469,-0.142419276,0.11439229,-0.032779168,-0.182837863,-0.05672701,-0.033918886,0.057344251,0.003618978,0.204574877,0.206966444,0.253672165,0.343639626,0.195785066,0.035482797,0.026520353,0.137013833,0.049407966,0.216339674,0.01772678,0.053347463,0.182559666,-0.030403668,0.052567619,0.0639237,0.925772894,3.623778118,-20.46154845,3.679529428,0.664727968,3.64263999,7.21E-06,0.000327414,-0.00112627,20.2531209,11.214172
238,0.1525,0.2748,0.115699155,-0.19835964,0.18023381,-0.032295118,0.116391584,-0.097106507,-0.068150155,-0.112575637,-0.125937036,-0.079711999,0.151416865,0.177475984,0.432172371,0.10339703,0.061230842,-0.026247479,0.061499397,0.23693144,-0.015140174,0.066260048,0.021781438,0.299866232,0.055782327,0.104064091,0.052977378,-0.015015087,0.127327208,0.013368695,1.076348534,4.197403777,-25.31770772,4.262261391,0.771515124,4.1987179,4.01E-05,0.001672316,-0.000131693,24.9060326,11.046286
239,0.384722222,0.2034,0.102900655,-0.129703473,0.05801275,-0.043345955,0.031813193,-0.030698281,-0.099932593,0.017179073,0.029500809,-0.118099753,0.497775849,0.215076293,0.41854584,0.198613574,0.006267055,0.379300312,0.30746152,0.094217907,-0.042228123,0.028618139,0.148454482,0.196350795,-0.010485959,0.00433289,0.015306915,0.017728905,0.006398886,0.024306222,0.901089663,3.291697733,-18.44801745,3.34653616,0.664222963,3.32721864,0.000121825,0.001983282,-0.000541719,18.3400241,12.290156
240,0.057777778,0.0228,0.060141739,0.138163403,0.155490667,0.177286151,0.068384505,-0.069263981,-0.107735012,-0.048992773,-0.065927136,0.001612432,0.363342838,0.273952914,-0.060446225,-0.014742496,0.074662417,0.244471526,-0.073025597,0.187731528,0.246643651,0.076972137,0.212628518,-0.008522792,0.183979756,-0.003526069,0.040825277,0.082590895,-0.019692086,0.086200515,0.899440356,3.394255726,-18.88074166,3.448729277,0.654201524,3.42947854,0.000125261,0.000648936,-0.000790285,18.8377395,10.889366
241,0.106666667,-0.0906,-0.058030668,0.16008329,-0.059443107,0.089210429,0.147397354,0.044220392,0.036800243,-0.058112106,-0.004224019,-0.038760768,-0.091029326,0.26712675,0.024625242,0.044206091,0.256766823,0.32255479,-0.042352171,0.204063241,-0.046638629,0.158137093,-0.008240227,0.102948778,0.170720407,0.152510601,0.039795422,0.078909006,0.050741507,0.082145117,0.815019492,3.496559491,-19.27827044,3.544894934,0.565477598,3.52299101,5.85E-05,0.002610938,-9.56E-05,19.2019608,11.016358
242,0.146388889,0.048,0.073400647,0.285890329,-0.108029515,0.177373988,0.08935124,0.003969533,-0.164592242,-0.089980298,-0.08315808,-0.015165578,0.250718387,0.476789795,0.055635676,-0.016674313,0.038128766,0.035698326,0.003287146,0.224086763,0.074463205,0.097883693,-0.024798104,0.254257135,0.137727238,0.195558851,0.028891893,-0.021542632,0.141416853,0.033272664,0.804309901,3.48923804,-19.5387014,3.536844254,0.555286409,3.51324219,-4.82E-05,0.001740657,0.000257418,19.4333514,11.101964
243,0.274722222,0.111,-0.092112604,-0.063380486,0.062242247,0.056577166,-0.048266619,0.06488306,-0.100398665,-0.106823345,-0.050001733,-0.031789554,0.164052799,0.060749514,0.411508372,0.003768613,0.303260689,0.150400451,-0.005268329,0.129686223,0.054506194,0.162013498,0.025183872,0.194997836,0.023267119,0.156100411,0.115477537,0.126679892,0.118064961,-0.016564541,0.94493089,3.866547636,-22.40909077,3.923043966,0.667015675,3.87386203,-3.12E-05,0.00083728,0.000139238,22.104228,11.196213
244,0.192222222,-0.036,-0.020073126,0.044332707,-0.189610128,0.080403919,-0.01802569,0.006804841,-0.194435806,-0.045246136,-0.142566138,-0.088823017,0.186182549,0.322441127,0.349308024,0.002661655,0.16983935,0.234895307,0.180136005,0.182564945,0.059388663,0.120493182,0.078627359,0.095433467,0.125311659,0.075538274,0.159355496,0.112533326,0.061208233,0.088687653,0.916080913,3.623703473,-20.32675567,3.678778887,0.657908338,3.64970018,0.000156458,0.001275614,-0.001301699,20.2243638,12.720205
245,0.320555556,0.1992,-0.024018697,0.100147771,-0.244312331,0.004937806,-0.096199385,-0.018501574,-0.039609256,-0.079784665,-0.013724399,-0.143786644,0.464026919,0.30023825,0.323984333,0.109053536,0.15295314,0.337854653,0.113641918,0.054045835,0.280936416,0.208248822,0.241905216,0.21110122,0.142731868,-0.014058325,0.114937366,-0.034289202,0.122248242,0.025093253,0.915449839,3.260162657,-17.98237272,3.316079617,0.681768261,3.30503179,-0.000135704,-0.000748885,0.001621726,17.961788,13.081389
246,-0.043055556,0.1782,-0.001412689,-0.122576808,0.246188647,-0.182004666,0.067817397,0.072257344,0.066727609,0.01260665,-0.118932758,-0.026422421,-0.085313322,-0.067522235,0.162714931,0.20566023,0.210545296,0.255989006,0.019567082,0.291219955,-0.024519594,0.173074043,0.298582052,0.176910347,0.126757561,0.018193747,-0.016034667,0.158621388,0.058840981,0.099892012,1.096270339,4.012468154,-23.65985615,4.079165936,0.803114832,4.01016673,0.000184304,0.001641131,-0.000890289,23.2521683,11.30957
247,0.326666667,0.2244,0.074229218,0.229826047,0.238355482,-0.06789436,0.021580941,0.110668283,-0.082854119,-0.003445937,-0.143705177,-0.148266609,0.051898524,0.023616828,0.174352053,0.078565373,-0.010396934,0.346482802,0.399143706,0.087225441,0.042664197,0.166977654,0.220178329,0.245669033,0.127915774,0.121771682,0.19975721,-0.026381462,-0.019435753,0.095852669,0.780760389,3.099855617,-16.96816003,3.146767616,0.558218767,3.12712006,-0.000101711,0.001661904,0.000605599,16.8622531,11.140952
248,0.329722222,0.1194,0.14655545,0.19932859,-0.079616532,0.019820234,-0.119484763,0.04793012,-0.157722202,-0.048517973,-0.147903807,-0.12171486,-0.000240127,0.451833603,0.285972835,0.277650657,0.113189301,0.336220681,0.233561109,0.134393358,0.028373808,0.087402225,0.270423313,0.09669259,0.194609513,0.162522386,0.147812345,-0.022803036,0.072472618,0.032092161,0.861460486,3.283832623,-18.31376866,3.335925817,0.626278931,3.31505089,-2.00E-05,0.001647205,0.000276632,18.2242217,12.390039
249,0.302222222,-0.1116,-0.056154347,0.035665897,-0.159623411,0.180641765,0.119233939,0.040342924,-0.067611932,-0.162966743,-0.016735666,-0.115198409,-0.06348371,0.245888893,-0.088201283,0.381964068,0.349844371,0.321049093,0.052335274,0.295588819,0.014378765,-0.029537909,0.121566462,0.291332339,0.154152966,0.138798807,0.063113756,-0.03351404,0.101399825,0.077926638,0.894955428,3.560243483,-20.02911166,3.613999844,0.640916776,3.58684164,-1.72E-06,-0.000384055,0.000674441,19.8990282,12.077211
250,-0.003333333,0.2664,0.093018686,0.241332788,0.131039276,-0.146466116,0.082454079,0.012636058,-0.151892067,0.027789348,-0.053014677,0.003434218,0.09157688,0.274360008,0.218029685,0.015467391,0.211053931,0.295935695,0.172766878,0.076490282,0.208595962,-0.010539824,0.112126329,0.270614868,0.032405939,0.081569904,0.185804597,0.029574354,0.066625463,0.005231077,0.838868924,3.380254817,-18.96803806,3.430537224,0.596292529,3.39613305,0.000156476,0.002033305,-0.000830703,18.7859301,11.524965
251,-0.082777778,-0.12,0.159753,0.273389477,-0.011748805,-0.02086439,-0.063718054,0.088967264,-0.178322874,-0.024233751,-0.145495416,0.010149168,0.44730692,-0.071227278,-0.064482771,0.369957871,0.127233992,-0.048850618,0.274040225,0.163227077,0.151562916,0.025843293,0.206013946,0.199031031,0.158374564,0.096784374,0.125563158,0.123674436,0.013115372,0.004455669,0.908130623,3.537075992,-19.8926314,3.591807842,0.654632985,3.5636606,0.000104747,0.002239721,-0.00020811,19.7715713,11.899879
252,0.274722222,0.1488,0.065235693,-0.245790515,0.137048269,-0.024643622,0.018645897,-0.040877476,-0.128034495,-0.158419648,-0.101895967,-0.040789815,0.287878728,0.404180078,0.130007564,0.088543311,-0.016878798,0.22895502,0.322745867,0.020599275,0.097974553,-0.025281593,-0.0040211,0.26480673,0.198041663,0.084097683,0.071923081,-0.03512072,0.007072536,0.080880078,1.064817005,4.019792717,-23.87553786,4.084278584,0.773865062,4.016299,-2.32E-05,0.000184101,1.71E-05,23.4323866,12.178226
253,0.320555556,0.2202,-0.027606047,0.168584443,0.146289439,0.046699893,-0.138968469,0.035787571,0.040989012,-0.136093903,-0.007050172,0.024315445,0.364323238,0.167706465,-0.017435707,-0.073371261,0.081582655,0.21799338,0.03739054,0.19479729,0.025709744,0.092200768,0.187400902,0.212810235,0.009566304,0.175688942,0.09917376,0.061294903,-0.017850815,0.058697273,0.909722092,3.522639238,-20.03253832,3.577517271,0.655030116,3.52793205,-1.61E-05,0.00133545,4.68E-05,19.7142327,10.423056
254,0.244166667,0.2748,0.026093383,-0.182332664,-0.172086897,-0.134853005,-0.05886442,0.107396761,-0.063355813,-0.073432024,-0.128715798,-0.055111333,0.452784771,-0.074330899,0.189173162,0.270710098,0.144625338,0.099921651,0.03360655,0.16164133,-0.03183597,-0.000402547,0.145692088,0.028639029,0.014660042,0.146282007,-0.003365492,0.034477156,0.014735118,0.036048945,1.011555526,3.912952975,-22.33696322,3.973983765,0.729574999,3.94083203,3.79E-05,0.001984349,-0.000172634,22.160787,11.194254
255,-0.119444444,0.2496,0.171568255,0.254938603,0.228670461,0.059593069,0.035539324,-0.000578881,0.063584786,0.008015886,-0.048190267,0.003859483,0.318151746,0.185983708,0.077880109,0.063024713,0.285593347,0.217576497,0.274515885,0.371658423,-0.007795474,0.20710368,-0.0149141,0.091752007,-0.021964467,0.135767751,0.156804164,0.152117651,0.088754343,0.001636613,0.927490097,3.607949713,-21.30018844,3.663859367,0.667053268,3.61809255,-4.91E-05,0.001298209,0.000385524,21.0232513,11.436287
256,-0.088888889,-0.1074,-0.055278436,0.188415774,0.237971611,-0.164431862,0.110904294,-0.041835691,-0.012763991,-0.053427473,-0.059786252,-0.0563466,-0.020415094,0.091256355,0.202593136,0.319307832,0.323017747,0.136504271,0.293738736,0.0868451,0.081804215,0.066895421,0.257276654,0.05435179,-0.015717808,0.056396308,0.010609015,0.088656798,0.061115734,0.09548587,0.871627066,3.621769789,-20.37712542,3.67374897,0.612854958,3.64636492,4.04E-05,0.00263177,1.14E-05,20.2383264,11.846267
257,0.323611111,0.1194,-0.013088979,-0.226976222,0.239693343,0.106440428,0.149223904,0.009144919,-0.087742921,-0.199880095,-0.022343466,0.023038231,-0.052200896,0.455530925,0.353977828,0.320012931,0.127611148,0.058228787,0.024852053,0.233695144,0.098819144,-0.011643991,0.228505849,0.206593362,0.11448618,-0.012042204,-0.018993966,0.153369302,0.147291524,0.012955136,1.013329731,3.947981623,-23.76035035,4.009050846,0.727152626,3.94096878,6.61E-05,0.001673063,-0.000272841,23.3076746,11.55555
258,-0.113333333,0.0732,0.172457281,-0.019589361,-0.069699849,0.124694616,-0.071498315,0.083037378,-0.139124083,-0.020570893,-0.006853339,-0.131092144,0.416403032,-0.040100617,-0.059281287,0.289909141,0.276728994,0.040572322,-0.059039339,0.327255642,-0.032580631,0.072080664,-0.031608974,0.045621708,0.190039009,-0.01274339,0.109618062,0.055931525,-0.014083423,0.090376973,1.08707973,4.065683346,-23.78682763,4.131610394,0.793714807,4.0974987,1.04E-05,0.001516461,8.23E-05,23.619403,10.848028
259,0.384722222,0.1194,0.192953285,0.095050433,-0.169751987,0.187485303,-0.085958568,-0.031792061,0.031047905,-0.12824181,0.025613691,-0.028472934,0.409693351,0.366124512,-0.033157402,0.144159963,0.302539194,0.05639558,0.049451867,0.325731413,0.055050499,0.186898861,-0.024054717,0.098858488,0.030208475,0.154614876,0.173618024,0.18035942,0.074088502,0.061489406,0.908464668,3.6660055,-21.23918667,3.720446587,0.645297208,3.6791634,-4.33E-05,0.000644026,0.000286992,21.0024788,11.366461
260,0.274722222,-0.1116,0.186191201,-0.084674005,-0.122702503,0.07522022,0.117360967,-0.079284818,-0.042034571,-0.015310268,0.018956478,-0.03787542,0.04416448,0.03257501,0.426542295,-0.045107473,0.151698268,0.280870679,0.305054198,0.220632831,0.263978883,0.130685357,0.010410784,0.246621702,0.199921015,0.02089306,-0.011386382,-0.023536516,0.025710172,0.000973263,0.90824249,3.617557655,-20.67213074,3.672101259,0.649373383,3.63114209,3.11E-05,0.002260403,4.22E-05,20.4882409,12.648051
261,0.338888889,0.0774,0.101689251,-0.247464665,-0.078028716,-0.163182743,-0.050622897,-0.048044388,0.019331861,0.039507195,-0.082462132,-0.106696525,0.021562053,0.433995156,0.380573972,0.287076608,0.341643798,0.373475263,0.349659159,-0.019543018,0.129275945,0.008712566,0.2444045,0.066779823,0.070208505,0.16189212,0.173877077,0.063240508,0.081966143,0.060293198,1.013851158,3.554498264,-20.31090559,3.616562366,0.756284498,3.57854529,0.000117701,0.001478803,-0.000512977,20.1181527,13.484152
262,0.164722222,0.0312,-0.096920276,0.078736085,0.0204598,0.015311424,-0.118246522,0.093572512,-0.193948373,0.007291782,-0.142982512,-0.127236092,-0.024384518,0.119058243,0.280640763,-0.070768001,0.254836079,0.362995648,0.263513858,-0.011539836,0.297386063,0.032372336,0.267253715,0.022747515,0.012435226,0.178640122,-0.022106869,0.166031386,0.135346739,0.054090339,0.937775459,3.52788558,-19.80714544,3.584707737,0.681635254,3.55635578,-1.44E-05,0.000342689,0.000279247,19.672506,12.120056
263,-0.128611111,0.0018,-0.098549014,0.022063121,-0.082536791,0.135028878,-0.093185989,0.003186691,-0.161871105,-0.167826401,-0.091703202,-0.015500761,0.329274875,0.338932694,0.235707559,-0.042746759,0.101616316,0.058535225,0.174361586,0.00894214,0.085241187,0.105695485,0.197670978,0.047139488,0.121602725,0.136432531,0.095624166,0.084044622,0.01344824,0.08121224,1.091246581,4.126361546,-24.12978814,4.19243145,0.795063616,4.12985226,0.00015347,0.002451863,-0.000661157,23.7739235,12.191326
264,-0.146944444,0.1026,0.02187193,0.260333809,-0.161948193,0.130086621,-0.088648633,-0.062176438,0.037173525,-0.070448631,-0.117421881,-0.053179,0.007062739,0.075014438,-0.000257807,-0.027979205,0.177778036,0.225121955,-0.075661953,0.292079816,0.255898447,0.068801485,0.227450794,0.069747831,0.005330144,0.144900847,0.150812957,0.111753921,-0.014449497,0.02172151,0.981452088,3.700887269,-20.88772577,3.76033473,0.714259242,3.74759739,-8.84E-05,0.000557914,0.000578646,20.8877525,11.122528
265,0.0975,-0.0318,0.033227878,0.292710684,-0.234460592,-0.071870818,0.091418761,-0.08488031,-0.185019158,-0.174127856,-0.044058128,-0.112139655,0.084523023,0.213008534,0.090024157,0.221477842,0.329887526,0.33000595,0.004279703,-0.023942097,0.191724939,0.196370069,0.236289252,0.09345007,0.043513456,0.190487003,0.058188498,0.121336469,0.103346684,0.048257565,0.931777476,3.326417223,-17.99502668,3.383311749,0.691000486,3.39311056,1.08E-05,0.002169238,-0.000773395,18.1395047,12.085762
266,0.345,-0.0906,0.036056429,-0.105451382,-0.021341251,-0.193714401,0.077889843,0.08488161,-0.054422421,-0.090919941,-0.038030208,-0.104528325,0.046403735,0.08095207,0.100635618,0.38026809,-0.035771514,0.14810496,0.251248668,0.173047972,0.163124063,0.204265417,0.141583994,0.295815106,-0.004714757,0.003122886,0.181248242,0.048577249,0.032888526,-0.010833586,0.912217273,3.603704467,-20.16993582,3.658559084,0.653409031,3.62866824,-2.74E-05,-0.002475588,0.00129665,20.0203773,12.331882
267,0.378611111,0.2076,0.094643861,0.030142766,0.083687942,-0.154047127,-0.061467304,-0.06622245,-0.105284656,-0.11045695,-0.04062661,-0.088727046,0.499635235,0.405120372,-0.006720891,0.191568083,-0.017576387,-0.0515884,-0.000776114,0.006346351,0.075154668,0.138627256,0.017769005,0.175304912,-0.025769442,0.043297853,0.004571003,0.077624933,-0.027800954,0.085869256,0.856862148,3.742548093,-21.222614,3.793203115,0.588777665,3.74979966,-3.58E-05,0.001273913,0.000255839,20.9573676,10.408473
268,0.015,0.111,0.116204512,0.261468436,-0.0013874,0.073096088,0.042604038,0.014856259,0.022938862,0.040927614,-0.034163025,-0.08718305,0.47657848,0.02711054,0.18460398,0.333088971,0.174499049,0.390273553,0.061877468,0.016355381,0.002218168,0.207741279,0.137274592,0.096529656,0.158206147,0.080087821,0.133055206,0.173579937,0.039092927,0.036752194,0.879250629,2.963450883,-15.80857979,3.017565489,0.664601626,3.01951057,1.52E-05,0.002250768,-3.04E-05,15.9034895,11.532007
269,-0.006388889,0.3,0.142484914,-0.109896183,0.249730157,0.102362287,-0.05173107,0.109321334,0.064926806,-0.186030268,-0.029032764,-0.036694279,0.218253975,0.449152213,0.433184116,0.262594883,0.289141208,0.054366879,-0.029658907,-0.002467374,0.031227462,0.115595741,-0.032942652,0.151620133,0.088342143,0.066533797,0.093460429,0.198199145,0.086239042,-0.003319206,1.292893262,4.562430465,-28.6955181,4.641504288,0.954934034,4.52740147,0.000117246,0.002556337,-0.000731937,27.9388205,10.866654
270,-0.009444444,0.2118,0.152321151,-0.177128426,0.158877292,-0.019488295,0.14663313,0.117282496,0.018016534,0.040519561,-0.128040694,-0.073478635,0.167512424,-0.000826306,-0.041625524,0.306277025,0.150166556,0.131264217,0.148681844,0.345909158,0.26277039,0.214548805,0.050686299,-0.005318683,0.161668564,0.034839947,0.142587847,0.039906307,0.137597159,-0.006530445,1.116128412,3.991901642,-24.18607864,4.060034752,0.825068401,3.99600025,-1.48E-05,0.002730877,0.000257002,23.812364,11.611646
271,0.063888889,0.2916,0.120778417,-0.117237027,-0.07069929,0.010801948,0.026938958,-0.024137488,-0.150261642,-0.097106558,-0.089780385,0.014347757,0.041292633,0.391970562,0.414932916,0.004198743,0.263679719,0.375125492,0.378601053,0.177707309,0.087505693,0.050037811,0.179805077,0.254009686,0.086876583,0.027991641,0.163466469,-0.008612896,0.082884372,0.028293069,1.085905082,3.819735699,-22.69812702,3.886179924,0.810597192,3.83843104,3.59E-08,0.001859493,8.47E-05,22.4027454,13.227487
272,0.170833333,0.111,0.059161052,0.156936781,0.22633194,-0.040604214,-0.021492071,0.067442024,0.014292412,0.041382763,-0.049217586,-0.095512233,0.480457063,0.01088637,0.248438159,0.345970431,0.152619781,-0.060909423,0.035564017,0.041987964,0.071633528,0.24181879,0.15783989,0.107421346,0.026465892,0.046237413,0.15151911,-0.036808273,0.030364797,0.071477873,0.824978223,3.422670078,-19.27456181,3.471880198,0.578914595,3.44293521,-3.90E-05,0.00232066,0.000431399,19.1357124,10.454343
273,0.051666667,0.006,-0.072873837,0.07321931,-0.248630474,0.015908074,0.120255195,-0.096187282,0.022735761,-0.078878151,-0.142481522,-0.06784676,0.376513012,0.061755735,0.218814768,0.253510571,0.133361371,0.272713802,0.008194952,0.379744043,0.160186744,0.034199972,0.139279025,0.240507782,0.079790391,0.040638214,0.142420544,0.124128695,0.11871569,0.094448537,0.965922044,3.403322172,-18.78584231,3.462411165,0.719889895,3.44900422,1.00E-04,0.002185044,-0.000303705,18.7960589,13.214446
274,0.384722222,-0.0486,0.101043382,-0.075341183,-0.041519469,-0.11996289,0.013012637,0.032318506,-0.108143134,0.047142151,0.023262713,0.015362248,0.221434557,0.065836092,0.203999685,0.195898817,0.140511806,0.313797632,0.030717897,0.058666044,0.033849206,0.052653924,-0.019427375,0.256732145,0.001316484,0.177002683,0.177458492,0.155292077,0.0549648,0.048177546,0.855921505,3.430551277,-18.60337867,3.481900692,0.611021044,3.46249383,-4.19E-06,0.000292434,2.33E-05,18.5448488,11.477057
275,0.021111111,0.216,-0.014343257,-0.061732783,-0.119480502,0.004185616,0.133874907,0.043113141,-0.08931222,-0.057080533,-0.041760192,-0.006469565,0.275572384,0.330728311,0.40929288,0.226631648,-0.012500435,-0.045529612,0.236535091,0.319398525,0.167797348,0.197686386,-0.003089221,0.070946052,0.109394343,0.040920217,-0.008221842,0.003333881,0.036505841,0.054746448,0.96634521,3.896311741,-23.06577524,3.954229355,0.687448011,3.89855085,8.25E-05,0.002851815,-0.000752071,22.7477456,12.746634
276,0.118888889,0.153,0.117574638,0.031677808,0.09015933,-0.104643811,0.055630818,0.095744338,-0.076182849,-0.101808006,-0.088365914,-0.068142757,0.489617878,0.00676989,0.027225346,0.124369188,0.085192902,0.128055686,0.07190739,-0.017907744,0.288791642,0.231937069,-0.041040582,0.119088675,0.100553258,0.106794914,0.044659338,0.142494503,-0.02201092,-0.006011137,0.943776115,3.596842879,-20.57454109,3.653915644,0.683455746,3.62062295,-0.000191262,0.000954524,0.001687205,20.3830478,10.971438
277,0.057777778,0.2244,-0.017450819,-0.101595567,-0.171229991,-0.175020301,-0.033749862,-0.020985578,0.017119175,-0.084569696,-0.069880782,-0.005621481,0.204032876,0.414779088,0.351200091,0.061786511,0.240979168,0.188521702,0.285884967,-0.054655142,0.19679373,0.027058316,0.237023284,0.180035724,-0.027821169,0.071916442,0.189564324,0.086552542,0.028502751,0.025980599,1.055266328,3.789500496,-21.77338696,3.853881121,0.780560779,3.80779731,0.000670838,0.002662098,-0.005612719,21.5214065,12.992829
278,0.244166667,0.1908,0.03575643,0.169534549,-0.016766209,-0.063964178,0.037466702,0.089486098,-0.048218381,-0.092403891,-0.016993693,-0.034327534,0.475337744,0.220818811,0.082185816,0.374792336,0.175173684,0.380883104,0.358415765,0.164285272,0.06979279,0.156430626,-0.022620093,0.03952804,0.011894997,0.148488426,-0.040911764,0.112106114,0.062439147,0.067309207,0.828669975,3.257763337,-18.28384362,3.307632685,0.595545631,3.27709694,-4.34E-05,0.001001999,0.000396596,18.1023812,12.568232
279,-0.128611111,-0.1158,0.022507462,-0.23346885,-0.180298943,0.049104294,0.126371799,0.091712875,-0.09767166,-0.045967684,0.007465965,-0.131799503,0.182066758,0.352373123,0.13979449,0.391658882,0.072370597,0.120577033,0.16638677,0.348064945,0.189021096,0.071038948,0.241293077,0.219183921,0.111110871,0.167780759,0.022993191,0.169575584,0.104711484,-0.014783302,1.141354011,3.962404046,-23.37770034,4.03236866,0.855768184,3.9783418,0.000696966,0.002656558,-0.005812255,23.0911125,14.117159
280,-0.079722222,-0.0822,0.058004323,0.165338825,0.013663503,-0.058114086,-0.048608632,3.62E-05,0.020998916,0.047536102,-0.116469473,-0.028824674,0.293208002,0.358668527,0.408409675,0.10468105,-0.020469347,-0.003435806,-0.053637217,-0.038519348,0.229325188,0.065573303,0.134817796,0.172965469,0.192001788,0.15954272,0.032986262,0.044249049,0.107990544,0.085298138,0.917558607,3.716263849,-21.1569598,3.771216869,0.65071642,3.74247399,5.56E-05,0.001062678,-0.000163872,21.0156732,11.807187
281,0.021111111,-0.0318,0.048590424,0.039112901,0.091515632,-0.09565254,-0.106275473,-0.046980836,-0.13090958,0.006837575,-0.00882934,-0.08967331,0.366565132,-0.030427432,-0.072854536,0.180913036,0.260677029,0.178781119,-0.037203867,0.216074567,0.070737564,0.203612625,-0.034569024,0.261620788,0.17600221,0.006206493,0.173035936,0.109746667,0.01070188,0.032897124,0.980657881,3.673369047,-20.738326,3.73282814,0.714772769,3.70093643,0.000161844,0.001987564,-0.00065489,20.5895641,11.508657
282,0.176944444,-0.0528,-0.095800788,-0.220049746,0.108210609,0.157920593,0.062888111,-0.000293975,-0.095969103,-0.032967768,0.012504671,0.002132092,0.133354972,0.241358976,-0.028170631,0.288620613,0.165251345,0.156401208,0.386266957,0.071991633,0.041533863,0.238731279,0.066303217,0.100395559,0.17897275,0.090314191,0.189882432,0.151310487,0.058302476,-0.005374197,1.005376581,3.840753909,-22.41969393,3.901529551,0.728764519,3.85741902,-2.50E-05,9.82E-05,0.000295362,22.1574635,12.320704
283,-0.088888889,-0.0612,0.189889568,0.224675005,-0.20230622,0.08539616,0.094193442,0.099839361,-0.114703256,-0.176230866,-0.120060415,-0.036080814,0.498622158,0.496729309,0.340728429,0.001287098,0.098689018,0.355316023,0.367128085,-0.043557728,0.048888673,-0.013793167,0.238420934,0.219536399,0.135358663,0.095469036,0.166320686,-0.033811538,0.048454953,0.072290326,1.000401181,3.260427696,-18.07688174,3.322269917,0.765630619,3.29769273,0.000128088,0.00173139,-0.000717471,17.9782315,13.379427
284,0.228888889,-0.0906,-0.063753548,0.113425847,-0.110734168,0.149666741,-0.100500281,0.081344786,0.012871197,-0.152391156,-0.072981546,-0.08579574,0.468973571,0.457631538,0.08568987,0.29571028,0.239024132,0.20769742,0.091174432,-0.065186771,0.246263044,0.180985113,0.256549007,0.171531534,-0.006374294,0.000354195,-0.001957804,0.007999543,0.004090531,-0.017963208,0.992531006,3.538004067,-20.12754643,3.59862113,0.736750067,3.57422038,-1.84E-05,-0.000334548,0.000231802,20.0002675,12.396646
285,0.128055556,0.1614,0.138251092,-0.139568132,-0.197434984,0.082709348,-0.002038096,0.098552403,0.05171856,-0.150092182,-0.078051212,-0.018906461,0.161651777,0.09312879,0.36522742,0.194854541,0.123819699,0.212629008,0.243947177,-0.001532352,0.004162953,0.064936974,0.105402527,0.131159331,0.03739878,0.154205708,0.193410041,0.096503335,0.071672858,0.087249033,1.053141965,4.015038008,-23.55238197,4.078721046,0.764646157,4.02715314,5.20E-05,0.002273303,0.000215922,23.2544271,11.784386
286,0.073055556,-0.0192,-0.003034085,0.105550361,-0.045402745,-0.001089778,-0.098226608,-0.049645219,-0.000830522,0.04331931,-0.110054463,-0.142198181,0.026510293,0.346227959,-0.025845017,-0.047971003,0.21747255,0.31783883,-0.060839186,-0.033564122,0.101565225,0.006439467,0.027875353,0.220123472,0.039780407,0.09634566,0.197286377,0.017363359,0.002751604,-0.01613928,0.907022449,3.640896549,-20.04375147,3.695298195,0.646377233,3.68037628,6.27E-05,0.002973016,0.000119782,20.011949,10.79901
287,-0.110277778,-0.1116,0.030570847,-0.130788127,-0.086250759,-0.016675286,0.063248828,0.018907826,-0.14872219,-0.036697102,-0.068291897,0.009666373,0.175350281,0.147334784,-0.082826212,-0.060843593,0.281817415,0.260151097,0.022219829,0.070005207,0.046571755,0.218678093,0.03549484,0.176444626,0.030912571,0.057573578,-0.034731816,0.009631443,0.099109118,-0.000351661,1.05920296,4.023233984,-22.98590138,4.087319851,0.770504668,4.04986497,8.05E-05,0.002314482,-9.21E-05,22.8069562,11.530128
288,-0.021666667,0.0354,-0.035887367,0.024662853,-0.009548394,-0.049610226,-0.104584184,-0.114734325,-0.190576352,-0.102746735,-0.145790382,-0.149784394,0.326583977,-0.036262779,-0.015429195,0.093054522,0.26007842,0.352090185,0.090152804,0.361005221,0.035988875,0.22837591,0.157600117,0.283238306,-0.024804117,0.10056,0.129652189,0.027744398,0.028990211,0.059733738,1.070451332,3.712000713,-21.00640121,3.777629375,0.803259881,3.74837816,0.000115843,0.001889392,-0.000480602,20.8894293,12.697822
289,0.18,0.2496,0.171001277,-0.21251806,-0.176990531,0.027769647,-0.112470668,0.064447662,-0.053006874,0.037153056,-0.076181781,-0.146805306,0.120669323,0.106576946,0.038180798,0.165918405,0.194616566,0.369470472,-0.017953446,0.294257397,0.207441066,0.069384055,0.143508262,0.260983534,0.107179555,-0.003263179,-0.047899967,0.114143713,0.093224772,0.004318982,1.077262509,3.925324721,-22.96870602,3.990908861,0.793084759,3.94330206,9.55E-05,0.000462221,-0.00047145,22.7228353,12.043378
290,0.192222222,0.2118,-0.075659597,0.217072192,-0.088693612,0.125537655,-0.094455708,0.07642425,-0.09185525,-0.175531379,-0.106023324,0.021698069,0.031740199,0.149487673,0.276731816,0.355764452,0.247825443,-0.074451091,0.028064901,0.322371054,0.157765473,-0.007568856,0.282649036,0.277035556,0.179578301,0.055943636,0.129452593,0.008071231,-0.024723625,0.026782452,0.919401953,3.668549418,-21.50235849,3.723747253,0.655986226,3.66773628,0.00010938,0.001411306,-0.000729655,21.1760941,11.51732
291,0.277777778,0.1782,0.190757643,0.29703923,-0.008173316,0.108032052,0.005348421,-0.099950447,-0.153981927,-0.082496124,-0.021120855,-0.124280519,0.092655076,0.024046403,0.233132079,0.309129857,0.327455149,0.152581864,0.252702081,0.262661472,0.136589144,0.002546961,-0.013374881,0.034079572,0.145136421,0.11457976,0.036394283,0.168985974,0.083165931,-0.012865953,0.776661132,3.377498121,-19.25012557,3.423447847,0.535560687,3.39881596,2.83E-05,0.001667679,-3.18E-05,19.1360182,11.20843
292,-0.091944444,-0.0234,0.177025762,0.14190083,-0.058785193,-0.156226435,-0.022369192,0.105317405,0.008450891,-0.040423407,-0.117659259,-0.14942198,0.423031286,-0.053108149,0.064666346,0.107710595,0.157250375,0.024248185,0.210892725,0.041050902,0.275578208,0.017213818,0.002005674,0.267057508,0.189115021,-0.017379322,0.116928457,0.183335801,0.134188417,0.025623253,0.963533655,3.682602413,-20.80817203,3.740844488,0.6982343,3.71513169,7.52E-05,0.001997911,-0.000433638,20.6838917,11.863441
293,-0.024722222,0.1614,0.083243026,0.112395794,0.136628918,-0.114415114,0.02274507,-0.018963784,-0.192448889,-0.079320783,-0.095296733,-0.135181283,0.380357327,-0.060601113,0.282868598,0.168459283,0.099703471,0.032831277,0.038065993,0.370643458,0.105917959,0.050468128,0.082982961,-0.010735885,0.093133728,0.195187413,0.02776063,0.189115653,0.025263777,0.049945004,0.973051757,3.744433632,-21.68678317,3.803189039,0.702045379,3.77070368,8.38E-05,0.001846353,-0.00056815,21.5146938,11.513251
294,0.051666667,0.2664,0.178146842,-0.116295239,-0.017992335,0.107648898,0.073189295,0.024666118,-0.14200208,-0.051500109,-0.125226651,-0.011853206,0.389005649,0.335917186,0.069998027,0.342661673,0.262135025,0.272945043,0.027775869,0.280869286,0.034726115,0.023567834,0.122264136,0.036687946,0.135858174,0.008560658,-0.039928997,0.177510033,0.124194555,0.016015278,1.069586804,3.845963262,-22.7241393,3.911205292,0.791243539,3.87234139,4.45E-05,0.002149234,-0.000282112,22.5116428,12.009952
295,0.054722222,0.195,3.46E-05,0.084538534,0.134698844,0.031350431,-0.044614564,0.007410057,-0.07691225,-0.000578913,-0.003184992,-0.137953529,0.157856146,0.004011346,0.229577551,0.01913521,0.236672168,-0.02676419,0.334496532,0.079329584,0.279116377,0.073350816,0.019769653,-0.016185008,0.178224035,0.046687809,0.12589967,0.159894183,0.119931148,-0.002724482,0.921624491,3.828721218,-22.43411625,3.88368392,0.6460396,3.82187883,5.91E-05,0.002781277,-0.000214073,22.0612174,11.147646
296,-0.119444444,0.2244,-0.090661399,0.238496976,0.120184594,-0.108259266,0.025554901,-0.059986854,-0.050395362,-0.018905198,-0.098466068,-0.064353751,0.375558363,0.384120738,-0.092337684,0.248068631,0.016063254,0.268785826,0.064704607,0.127437539,0.121495949,0.131748969,0.001588308,0.025521946,0.031954008,0.171268545,-0.01015665,-0.027298945,0.112379469,0.031102709,0.930620997,3.608968086,-20.43988108,3.66509366,0.670062203,3.63874808,-1.11E-05,0.001207717,2.69E-05,20.3033792,11.613054
297,0.2625,0.0732,0.11283081,0.131471017,-0.047977543,0.032618604,0.121826822,-0.091169911,-0.045077695,-0.007126067,-0.012802488,-0.124780608,0.178304143,0.359169865,0.164050135,0.089689151,0.274506058,0.380639651,0.123594169,0.37654968,0.272498368,0.079024806,0.131516286,0.062305692,0.125930663,0.063394485,0.136192704,0.187296215,0.145923615,0.041583654,0.82795379,3.129378466,-17.33893831,3.179510593,0.603678774,3.17109123,-2.66E-05,0.00105256,0.000334229,17.3511982,12.882689
298,0.015,0.1068,0.130074465,0.086911834,-0.140668667,0.10540306,0.016624528,-0.073596176,-0.190175953,-0.142939487,-0.097909206,-0.062307132,0.244367654,-0.091359274,0.258310633,0.043674011,0.21808816,0.108762113,0.176298486,0.235363259,-0.03704743,-0.010339657,0.102759042,0.16680931,-0.029087823,0.173436919,0.14953395,0.032863448,0.098964351,0.046230106,0.957909218,3.843141048,-21.95832318,3.900599718,0.682779048,3.8693082,0.0001168,0.00290617,-0.000538611,21.831893,11.291802
299,0.335833333,0.153,-0.095097806,-0.015092118,0.247419612,0.116294752,-0.006322741,0.000799628,-0.030853337,-0.115741552,-0.117982946,-0.011029008,-0.025328127,0.012379137,0.029129695,0.276436835,0.269245292,0.088865501,0.205165621,0.121334433,0.027432545,0.143471768,0.290661102,0.154835551,0.09908521,0.14083024,0.160284398,0.013518635,0.088127257,0.044893858,0.904980977,3.710273524,-21.49141509,3.764363766,0.638365144,3.71333495,-5.53E-05,-5.90E-05,0.000346254,21.1841078,10.611922
300,0.18,0.1656,-0.086445755,-0.133229239,0.124110692,0.192621129,-0.145805075,-0.035227715,-0.067771649,-0.160755719,-0.061630136,-0.080454516,0.38174393,-0.029330863,0.3797899,0.31595183,0.111255578,0.192444946,0.000170738,0.189412998,0.272613278,0.091551404,0.191234226,0.238666224,0.126282613,0.146560672,0.100289866,0.059423748,0.041928858,0.017710278,1.177052612,3.950423728,-24.00654326,4.022907734,0.887861267,3.95587073,8.93E-06,0.001878723,0.000637922,23.5983518,12.279483
301,0.381666667,-0.0822,0.092162622,-0.225389561,-0.120447655,-0.022775598,0.13664394,-0.0103059,-0.095378929,-0.089114129,0.022911976,-0.018659896,0.331717111,-0.089456265,0.181977585,0.031697096,0.291816347,-0.045630508,0.22201666,0.159232537,0.06837943,0.100415891,0.185080419,0.098688106,0.140537255,-0.005042904,0.179145454,0.16103528,0.084661453,0.012512865,0.918965835,3.699755414,-20.69034294,3.754846811,0.655408989,3.73317222,1.57E-05,0.001527241,0.000198775,20.6059368,11.603892
302,-0.000277778,-0.0108,0.126732759,0.081620541,0.140268944,-0.096026703,0.100096725,-0.09594156,0.050363692,-0.09691764,-0.011764818,-0.126960248,0.395120976,0.156272379,0.332189137,0.153854566,-0.03380798,0.049741372,0.095887858,0.034323993,0.029982493,0.19020742,0.282479205,0.230400666,0.198424797,0.021973857,-0.012434988,-0.030109483,0.042662333,-0.013725217,0.902708186,3.681675163,-20.90067853,3.735676527,0.639878789,3.70287023,8.56E-05,0.002559149,-0.000379032,20.7349296,11.583563
303,0.0975,0.1782,0.067874314,0.270632056,-0.154722244,-0.000215439,0.128402861,-0.071185576,-0.002093435,-0.030584309,0.019945107,-0.026818075,0.229601898,0.10996778,-0.006036648,0.082886612,0.054620283,0.016578036,0.054294583,-0.048474182,-0.042953022,0.061084755,0.046687815,0.289173567,0.189945597,0.186623526,-0.039512639,0.005332517,0.023750885,0.083796259,0.768291806,3.484826126,-19.02923967,3.529930592,0.519463271,3.50909299,8.22E-05,0.002522197,-0.000384657,18.9600234,9.960448
304,-0.143888889,0.1614,-0.060675354,0.190603207,-0.183349657,0.00097032,-0.123373329,-0.027323359,0.036249484,-0.120847294,-0.026645895,-0.141817964,-0.009608586,-0.07918822,0.433874738,0.352324005,0.029733963,0.064819692,0.35255349,0.264735378,0.255305354,0.09686297,-0.037565587,0.050058582,0.070788939,-0.01759391,0.162337706,0.075205202,0.105830185,0.032408625,1.024814797,4.003023907,-23.74838105,4.064760208,0.73821804,4.01535416,-3.39E-05,0.001391734,0.000373996,23.4479726,12.584018
305,-0.009444444,0.027,0.110266551,0.011391863,-0.080536153,-0.139382773,0.09453359,0.01215699,-0.179948102,-0.010245957,-0.011040976,-0.139121072,0.419252691,0.230713204,0.421293199,0.164491412,0.079146419,0.127685663,0.268626959,0.257908916,0.172968741,0.018552465,0.163745659,0.284683995,-0.0171212,0.195922268,0.050045772,-0.019069069,0.081436057,-0.015123115,0.95223557,3.578456772,-20.42775664,3.636164427,0.69502441,3.59699003,0.000102752,0.002365858,-0.000425971,20.2313487,13.56813
306,0.088333333,0.1404,-0.06033645,-0.071945451,0.242683167,0.069067041,0.018046151,0.03553611,-0.060199097,-0.157290277,-0.097281377,-0.112805046,0.44364596,0.495020664,-0.044112449,0.213195122,0.161694512,0.056800839,0.394942238,0.346988851,0.25850305,0.194540141,-0.042703051,0.196271629,0.182080937,0.129152364,0.161374032,0.070135744,-0.005015898,0.006638767,1.092882503,3.884180955,-23.73685928,3.950954914,0.810402955,3.86971769,9.38E-05,0.002219654,-0.000392523,23.2124642,13.400094
307,0.198333333,0.174,-0.042776837,-0.185390392,0.137502623,0.17543251,-0.113180423,-0.015830614,-0.084988644,0.020365194,0.008440489,-0.017898141,0.38611874,0.051030089,0.156484073,0.269948841,0.282569741,0.249969848,0.107858591,0.153871186,0.267097672,0.0725693,0.171898125,0.122617219,0.152767202,0.014339056,0.181317679,0.143672116,0.018691984,0.07053928,1.091826276,3.78287666,-22.43014177,3.849823713,0.81744585,3.79837846,-1.15E-05,0.000595392,-0.000160981,22.1327689,12.144798
308,0.186111111,0.3,0.148721975,0.000145618,-0.147965248,0.04054203,-0.144489292,0.069296038,0.038029902,-0.141449346,-0.036021843,-0.123498768,0.245730691,0.458694604,0.34293199,0.007126885,0.137574567,0.190452662,0.1578721,0.205972917,0.253019264,0.09718816,0.055649893,0.205243288,0.104483464,0.112761121,0.19170004,0.162846556,-0.006794512,0.088445542,1.044153201,3.888154632,-23.28709899,3.951519728,0.763675342,3.8865911,-5.66E-05,0.001014707,0.000885135,22.8702891,12.651986
309,-0.131666667,0.2958,0.064016191,-0.219368076,-0.184505044,-0.075537481,0.044474383,0.004003476,-0.137047555,-0.1647651,-0.09305583,-0.094503085,-0.076276009,0.22568015,0.171352485,0.396060175,0.318951035,0.254715681,-0.004293113,-0.018944277,0.282587304,0.2435249,0.146490451,0.226196232,0.083725088,0.112502699,0.117566696,-0.001680946,0.075597921,0.099496551,1.282232165,4.338801079,-26.43402024,4.417675972,0.967177432,4.3607147,-0.000120957,0.000634956,0.000685821,26.0979546,12.576594
310,0.283888889,0.2202,0.049178572,-0.090983091,0.034013004,0.183031695,0.064114457,0.001863291,-0.098811067,0.016824211,-0.118300927,-0.124099175,0.378547677,-0.097332113,0.224627453,0.168907975,0.009601364,0.034729137,-0.066638882,0.241631064,0.244454104,0.18072292,0.0667516,0.006044683,0.002352731,0.046810484,-0.037939122,-0.039666411,0.116297861,0.096341391,0.918767284,3.697876412,-21.31803938,3.752958536,0.651224711,3.72703025,-5.26E-05,0.000842785,0.000371764,21.224828,10.358484
311,-0.046111111,0.0816,0.008125113,-0.198842093,0.097540992,-0.042079476,0.129737105,0.053244746,-0.08362204,-0.162540622,-0.013827013,-0.00270056,0.072542146,0.468292681,0.268294482,-0.053784752,0.162426121,0.256861073,0.173208261,0.024994916,0.202050625,0.208947689,0.021307898,0.262268778,0.168286467,0.174229818,0.196670599,0.086344013,0.085011262,0.075453108,1.155015602,4.10160548,-24.6166465,4.17218399,0.85756283,4.0957683,9.61E-05,0.001617279,-0.00084861,24.1327572,12.852065
312,0.091388889,-0.0654,0.055318152,0.201027214,0.002531293,0.191798867,0.0380659,0.066765423,0.027630291,-0.001953382,-0.063848907,-0.134143505,0.189147906,0.401800809,0.245539453,0.131224006,0.143055133,0.008982273,0.078129559,0.156337251,0.030988516,0.119040865,0.212085905,0.032152688,0.191891631,0.064193549,-0.01991501,0.077449291,-0.021677117,0.02051621,0.81156656,3.578143662,-20.21850524,3.626039505,0.556857765,3.59858553,3.38E-06,0.002031328,9.16E-05,20.0932564,11.217376
313,0.0425,-0.0024,0.029613592,0.057625966,-0.025763517,0.123011649,-0.011458655,-0.036981654,-0.056778602,-0.125354878,-0.137908783,-0.069856008,0.472138925,0.165369329,0.051046063,0.182905056,0.345734914,0.346030674,0.383023366,0.191692275,0.204470444,0.081187608,0.12541443,0.254675392,0.096264647,0.176782498,-0.005173679,0.031088908,0.102311678,0.086707803,1.009748309,3.530056471,-20.48875186,3.591893911,0.754562809,3.54915827,0.000139831,0.002033128,-0.000779613,20.2458315,13.624191
314,0.189166667,-0.0402,-0.002794948,-0.069481086,0.11222147,-0.152477758,-0.014578571,0.020832243,0.033326339,-0.123938586,-0.051955676,0.006637393,0.268904489,0.318154585,0.371171109,0.034088022,0.27659314,0.287493287,0.167285697,0.24681441,0.199376832,0.033575937,0.100814423,-0.029424685,0.189612164,0.170436152,0.127877083,0.010335424,0.006056885,0.066496017,1.000694876,3.675013989,-21.3330706,3.735866785,0.735009527,3.68925325,1.44E-05,0.002191136,0.000201703,21.0534247,13.104881
315,0.326666667,0.2244,0.071179928,0.171820905,0.081188945,-0.009768386,-0.029932158,0.109745982,-0.130496003,-0.027124147,0.017611823,-0.029670942,0.013527448,0.341560189,-0.099021866,0.136722277,0.139974241,0.386619795,0.335652896,0.080332567,0.080054489,0.058535074,0.130922719,0.294787024,0.157526552,0.132568234,0.186825746,0.070777463,0.0330896,0.086941557,0.800621773,3.189505515,-17.76865654,3.237584591,0.570823962,3.19151231,0.000148721,0.002028395,-0.001155859,17.5038644,11.563346
316,0.192222222,0.2622,-0.004429723,0.243397839,0.072825981,-0.108912779,0.076002256,-0.031009388,0.010629282,-0.062319338,-0.102294896,-0.070350222,0.490208359,0.403745691,0.039256037,-0.005782117,0.317566166,-0.065288854,-0.035889048,0.198422947,0.229882776,0.20958306,0.20881179,0.299332497,0.029370546,0.137265851,0.044032761,0.035926897,0.103770381,0.004174225,0.803084396,3.360206197,-18.91650643,3.408041239,0.562686378,3.3792877,-7.82E-05,0.000911004,0.00049119,18.7735565,11.424636
317,-0.110277778,0.279,0.120280719,0.258357241,-0.03555574,-0.046426554,-0.047506654,0.011120534,0.004419198,-0.059277829,-4.25E-05,-0.041372971,0.118751704,-0.063089255,0.439017793,0.175236728,0.209046657,0.288052095,-0.052527916,0.301490124,0.135171965,0.057482627,0.156928193,0.26913033,-0.022944463,0.105782562,-0.00878123,0.025503224,0.072600004,0.052349759,0.931346202,3.627625639,-20.9500896,3.683756351,0.67000347,3.6506804,-8.19E-05,0.001488083,0.000689522,20.7813556,11.493821
318,0.348055556,-0.036,0.168307696,-0.158275674,-0.032553272,-0.189519971,-0.073654606,0.106532883,-0.092937808,-0.146823704,-0.022999181,-0.02760588,0.271044828,0.150658556,0.342158623,0.024319834,0.01820993,0.274378306,0.369116114,0.208903996,0.188490353,0.062158018,0.275028864,0.225080188,-0.000683936,0.08786388,0.038567715,0.107900674,0.044155905,0.058434249,1.041926496,3.745100597,-21.74183805,3.808658838,0.771403236,3.75286417,1.48E-05,0.001049655,0.000368383,21.3829645,13.260589
319,-0.046111111,0.0144,-0.0844623,0.137027514,-0.033927952,0.090814571,-0.119839111,0.024312608,-0.142845937,-0.18977421,-0.021871382,-0.049491988,-0.003749477,0.32839114,0.182980704,-0.021546077,-0.041978101,0.326237576,-0.044358063,0.231639643,-0.02148173,0.07772011,0.016588986,0.182623352,0.18706924,0.14140404,0.024553245,0.154447968,0.022408626,0.009715344,1.036625785,4.008299214,-23.31688533,4.070846558,0.747642598,4.02073118,9.99E-05,0.000697187,-0.000106738,23.0064306,11.636102
320,0.314444444,0.2874,0.156393946,-0.14097129,-0.168971401,0.186906233,-0.021575963,0.10049217,-0.155097375,-0.064867154,0.006358867,-0.144747183,0.45413099,0.27806073,0.339328265,-0.003228043,0.07467881,-0.072869832,0.136389477,0.078691084,0.119036094,0.150237606,-0.038825798,0.023819855,-0.01137628,0.050146595,0.025451313,0.092452821,0.129742822,0.064629725,0.94512297,4.004269632,-23.53074468,4.060443878,0.65772889,4.00759119,-5.16E-05,0.000951912,0.000437314,23.2061651,10.854107
321,-0.15,0.2706,0.097699505,-0.14745893,0.219941218,-0.179964608,-0.07293177,0.03772939,-0.184462306,-0.052063749,-0.063194587,-0.028527161,0.101633599,0.411301716,0.120046039,0.360628812,0.084076831,-0.028690738,-0.002242812,0.280363483,0.250915393,-0.006267188,0.111004959,0.279167757,-0.028305828,0.130923644,0.140003055,0.164205686,0.062245153,0.097800797,1.327468706,4.442361238,-27.65205348,4.524139404,0.998997049,4.43002783,4.62E-05,0.000836024,0.000210318,27.0532288,12.139011
322,0.088333333,0.0732,0.005213176,0.297399731,-0.02848201,-0.018159412,-0.141175188,-0.070101724,0.011669742,-0.170780373,-0.094207378,-0.051779077,0.294211418,-0.0514391,0.234109672,-0.006503218,0.073131735,0.052778798,0.047752209,0.236606492,0.016902522,0.212917071,-0.039893606,-0.002028596,-0.002908558,0.122823705,0.059105584,0.052045063,0.052398543,0.030174932,0.902107515,3.854530499,-21.95962873,3.908068895,0.627315001,3.87417032,-6.88E-06,0.00357512,-0.000962641,21.7931419,10.540885
323,0.198333333,-0.0738,0.02017828,-0.108392433,-0.155078542,-0.169702861,-0.0154379,-0.070515774,0.00158419,-0.103958342,-0.096323637,-0.134503919,0.150617077,0.15265956,0.007624261,-0.018440495,0.204997292,-0.03683625,0.068041167,0.35314046,0.23108111,0.112105005,0.232879088,0.153856233,0.119403379,0.039738856,0.09513658,0.026371104,0.016795123,0.049077708,0.988386219,3.962810657,-22.53455177,4.022103786,0.706280857,3.98615558,-6.05E-05,0.001640921,0.000530906,22.3711908,12.302217
324,0.176944444,0.132,0.062112637,-0.172978935,0.094950693,0.094233964,-0.120354839,0.04276686,0.009562015,0.039941623,-0.133643718,-0.100378872,0.276110317,0.386427237,0.389509569,0.070008701,0.11997186,-0.012027306,0.260066179,0.25707449,0.069493652,0.195363951,0.138537621,0.132087696,0.143466235,0.138494037,0.081526895,-0.029860248,0.068970057,0.056032945,1.065413613,4.045924929,-24.47459254,4.110388756,0.773071465,4.03913214,-2.20E-05,0.002459208,0.000195199,24.0323532,12.491402
325,0.112777778,-0.0738,-0.033863418,0.175819559,0.185511285,0.045467771,-0.020418118,-0.051352818,-0.051740103,-0.093383759,-0.076515769,-0.035254795,0.354685942,0.470139151,0.360518408,0.192010906,0.032022396,0.143956389,-0.054570258,-0.029522946,0.089137699,0.049592497,-0.005896196,0.276422522,-0.012609017,0.140109313,0.016564038,-0.005659578,0.133709393,0.029856997,0.853996434,3.646963426,-20.68491017,3.697651386,0.59360776,3.65923927,5.09E-05,0.001472491,-0.00060141,20.4635171,11.398979
326,0.112777778,0.0396,0.095492791,-0.026151644,-0.126015647,-0.02538052,0.093653126,-0.013220273,-0.109506655,-0.094763562,-0.134376347,-0.066714748,0.267756336,0.013538174,0.249532151,0.186896622,0.077405352,0.247940065,0.069731904,0.009890442,0.299985158,0.234343618,0.245338638,0.190762151,0.136878851,0.041542838,0.16327956,0.096127533,0.142428207,0.014191997,0.977211496,3.492822687,-19.57774247,3.552481174,0.726267048,3.53576248,4.02E-05,0.002998603,3.58E-05,19.5533017,12.385192
327,0.299166667,0.2118,0.050244839,0.20538398,-0.05004076,-0.032702449,0.019324492,0.058642831,-0.081395938,-0.033409799,0.025252595,-0.01467468,0.263162873,0.287217725,0.238715626,0.238236819,0.191647839,0.191827084,0.341571325,0.259823863,0.247965865,0.23012111,-0.018305243,0.177210277,0.057400833,0.023769635,0.074676864,0.102176215,0.069363642,-0.001338298,0.778461604,3.252153979,-18.49841229,3.298534632,0.545802221,3.26077328,6.85E-06,0.002577865,0.000162312,18.2871359,12.665299
328,0.204444444,-0.0024,0.005699323,-0.241477073,0.041124137,0.1573029,-0.010787984,-0.075446495,-0.175372826,0.020751377,-0.025114982,0.029068227,0.283962707,0.353463411,0.098922693,0.390370075,0.328441053,0.129088246,0.346734292,0.031097092,0.261122679,0.202885789,0.233548001,0.143987873,0.161594633,0.150933598,-0.004165881,-0.025347278,0.016838816,-0.00912979,1.056007324,3.814386499,-22.76854334,3.878758192,0.780132626,3.83050298,7.77E-05,0.001648201,-0.000484001,22.4923258,13.265664
329,-0.15,-0.057,0.177881633,0.286916683,0.022279306,0.08622618,-0.020754661,0.113821126,-0.173576648,-0.046488101,0.017141494,-0.094040468,0.06502903,0.371185816,0.073554734,0.385239838,0.327220124,0.302416373,0.185516271,0.243566654,0.044102218,0.004411025,-0.028588349,0.070002702,0.034383364,0.161852871,0.079295367,0.170087472,-0.001961176,0.076661954,0.895765024,3.623455872,-20.86962884,3.677114725,0.636095241,3.63405815,0.000150774,0.002795594,-0.00069245,20.6441151,12.159888
330,0.167777778,0.0312,0.044560467,0.136239635,0.015911306,0.168485426,0.025365434,0.015593598,0.01619345,-0.037994055,0.013807148,-0.141518334,0.301138245,0.255210204,-0.01856308,0.073810293,0.087387198,0.086298628,0.36354365,0.260689682,0.03785193,0.059618484,0.163083987,-0.028462208,0.1753697,0.001678597,0.146141649,0.007083601,0.132063208,-0.002126669,0.840415074,3.431351898,-19.33716205,3.481617689,0.595210086,3.44313531,7.97E-05,0.00152257,-0.000122108,19.1383785,11.527308
331,0.149444444,-0.0024,0.025237053,0.096440696,-0.030183264,0.190881025,0.071522138,-0.083201605,-0.116641238,0.014808686,-0.122952774,-0.126161055,-0.093255919,0.25737059,0.122970927,0.026527242,0.341036761,-0.006630516,0.330722885,0.142088577,0.184918879,0.188100617,0.287056303,-0.037952406,0.05080758,0.108676337,-0.032161987,0.095417621,0.066121442,0.095317518,0.879967455,3.627232097,-20.71108402,3.679779768,0.61819174,3.64703313,0.00018417,0.002179194,-0.000890533,20.5722572,11.506853
332,-0.101111111,0.2916,-0.052623588,-0.146105354,-0.165617971,-0.086124842,-0.057796346,0.03803506,0.003908424,-0.194792822,-0.135980841,-0.136023754,0.1164987,0.260655958,-0.035558805,0.121216394,0.049763643,0.015214864,0.210198934,0.305389684,-0.049385704,-0.015779459,0.091019443,0.188322401,0.062674498,-0.0012621,0.105303525,0.190403418,0.058038158,0.037796843,1.222755561,4.452427223,-26.70147721,4.52687645,0.900223691,4.45827072,9.30E-05,0.001819586,-0.000211911,26.267533,11.933706
333,0.396944444,-0.1032,-0.026381925,-0.190231266,0.027491623,0.100745832,0.131228808,-0.099334926,0.009760174,0.036754996,-0.034472348,-0.023198707,0.240305119,0.228201331,0.216168443,-0.07747814,0.188621345,0.24375219,0.024752302,0.349301599,0.024185026,-0.023490908,0.180768418,-0.036294315,0.1311689,0.044391838,0.032337447,0.074934953,0.097096394,0.002430357,0.891774963,3.453920056,-19.14637966,3.507713556,0.643169036,3.49552906,6.33E-05,0.001770621,-0.000310661,19.127785,11.645011
334,-0.119444444,-0.099,-0.066183427,0.079913571,-0.195240592,0.063619479,0.036613881,0.07264564,-0.071560744,-0.036622495,-0.114299649,-0.060036903,0.440964812,-0.095692739,0.329063096,0.261748018,-0.007680715,0.082499373,0.168866714,0.047920188,0.001902278,0.159095026,0.152768323,0.034976656,0.0194834,0.075765411,0.063836947,0.039376564,0.114768378,-0.014030352,0.965614179,3.780028277,-20.97873879,3.838178158,0.696119096,3.82491873,-4.50E-06,0.000346683,6.90E-05,20.9726052,11.968493
335,0.066944444,0.1698,-0.029179968,0.163716187,-0.170401563,-0.087399584,0.137696343,0.074770302,-0.151513866,-0.019779738,-0.137604084,-0.090262653,0.073643368,0.045461323,0.297575584,0.245640432,0.138218019,0.155587518,0.03318182,0.031312103,0.232620418,0.246626369,0.038800394,0.108740276,0.07884353,-0.002546514,0.026776247,0.090366539,-0.010242175,0.038365977,0.841028383,3.567071728,-19.84800351,3.617049694,0.586106055,3.59609033,-4.26E-05,0.00212602,0.000458454,19.787417,11.391258
336,0.378611111,-0.12,-0.063288127,0.140744409,0.154380742,-0.166044892,-0.053923841,-0.037408945,-0.146989642,-0.018268086,-0.107276594,-0.043719051,0.496791637,-0.009641512,0.313218428,0.218404489,-0.045629681,0.310994137,0.116997728,0.215649245,0.122359723,0.031848285,-0.002059994,0.296047332,0.045657483,0.015214426,0.012556033,0.128055535,0.148688943,0.063297696,0.866615552,3.177167709,-17.07868014,3.229880333,0.637089198,3.22729155,2.85E-05,0.001040736,-8.12E-05,17.1019853,12.384562
337,-0.1225,-0.0612,0.184631382,0.167811179,0.050027139,-0.072605102,0.091913048,-0.020024728,0.02451349,-0.010980108,-0.073420829,-0.120704822,0.407631927,0.361729391,0.367569416,-0.015332883,0.197479179,0.171975342,0.099894417,0.373326439,0.250096415,0.201689604,0.218786589,0.00883005,-0.023244646,0.106437573,0.039017306,0.039062969,0.058529433,0.01075988,0.927611354,3.491125543,-19.90363911,3.547328234,0.677222301,3.52509004,3.68E-05,0.002019022,-0.000437728,19.8334425,13.048284
338,-0.104166667,-0.099,0.186613272,-0.094779216,-0.185660849,-0.15508912,0.019898875,0.044639824,-0.062821936,-0.067647904,-0.02602048,-0.013911114,0.023638753,0.307198244,0.201355441,-0.020150829,-0.014167495,0.298268887,0.31784545,0.343943074,-0.012462936,0.059232599,0.238054689,-0.031076893,0.080755312,0.094688935,-0.001413419,-0.039060844,0.090390104,0.073307941,1.085295432,3.916673068,-22.53855728,3.982838631,0.803442006,3.9396773,8.71E-05,0.002170055,-0.000192483,22.316515,13.124827
339,0.228888889,0.0648,0.11300273,-0.17504155,-0.086862744,-0.058818044,-0.143414531,-0.00515974,0.042922475,0.048614598,-0.069391603,-0.077103467,0.058337392,0.037549951,0.265465279,0.236072372,0.195883602,0.388023634,-0.023002705,-0.015436845,0.216103607,0.177600349,0.034218719,0.284073868,0.141329883,0.124610503,-0.010546404,0.052949979,0.081725925,0.002370834,1.028588059,3.850831805,-22.29056999,3.913202047,0.750808357,3.88234732,-7.26E-05,0.000894159,0.000421121,22.1269898,11.93694
340,0.296111111,-0.0864,0.118343066,0.12050893,0.156368947,0.154993681,0.102436584,-0.07316543,-0.167069751,0.009056299,-0.015097619,-0.133615943,0.206125156,0.431953699,-0.075248389,0.358925904,0.108518027,-0.058087226,-0.008042213,0.232528806,0.131583133,0.176439392,0.208314561,-0.012033053,0.00836175,0.15137832,0.069150098,-0.035509096,0.08940148,-0.004599065,0.798634455,3.42378135,-19.17269441,3.471151114,0.553226914,3.45515778,-4.23E-05,0.000807573,0.000294344,19.1381408,10.705375
341,0.338888889,0.258,0.057343868,-0.047269942,-0.06762131,-0.064676203,-0.065022891,-0.039933618,-0.067176073,0.01835258,-0.124234356,0.002590691,0.279735056,0.141387227,0.060635366,0.014341307,0.285147387,0.356984412,0.276717923,0.140603195,0.058886051,-0.021129907,0.110753095,0.134013072,0.074865005,0.028262562,0.045531826,0.125106094,0.015514588,-0.012303151,0.891003022,3.489967073,-19.55589695,3.543618917,0.640860477,3.51895236,6.57E-05,0.002188694,-0.000159571,19.4316282,11.743566
342,0.189166667,0.0396,-0.093265817,0.287256098,0.012301997,0.003688092,-0.097334659,0.063417305,-0.057655504,-0.09011962,-0.043049361,0.016613645,-0.06717488,0.114843207,0.449454182,0.357799659,0.199610871,-0.057098108,0.239531006,0.100483734,0.149244519,0.040601463,-0.017164112,0.184861934,0.108713324,0.110923247,0.162649667,0.016816919,0.145679438,0.00648844,0.844257544,3.648519896,-21.01148776,3.698524714,0.583646585,3.65491255,3.08E-05,0.00149803,-2.08E-05,20.7440967,11.469421
343,0.183055556,0.0186,0.109983948,-0.028783815,-0.115001354,0.097767926,-0.06584078,0.066912862,-0.103262062,-0.191500781,-0.054482183,-0.080780287,0.066885285,0.117943525,0.138349131,0.227301599,0.062253094,-0.00482997,0.266593321,-0.03920128,0.100261156,0.068267067,-0.016715837,0.150892432,0.087007264,0.011025423,-0.023802831,0.101563387,0.076339224,0.004937837,1.008642654,4.171244994,-24.51208523,4.231443405,0.707572042,4.16795933,0.000127501,0.002477564,-0.000592089,24.1330473,10.864993
344,0.115833333,-0.0948,0.106375313,0.118115254,-0.02486059,-0.184682349,-0.136327575,0.041125243,-0.136482441,0.013442485,-0.023122005,-0.019486093,0.156858162,0.05629493,0.016817882,-0.068199282,0.007028009,0.119069426,0.354889309,0.07685969,0.005671124,0.112968739,0.11919318,0.02607401,0.0590121,0.169636277,0.060425283,0.149943569,0.0663423,0.015674463,0.890905564,3.728049011,-20.7234806,3.781114101,0.625175853,3.750802,1.65E-05,0.002196506,4.50E-05,20.5610677,11.342984
345,0.369444444,0.2496,0.091045118,0.045907322,0.017249332,-0.140453833,0.109976757,0.049183294,-0.094209103,-0.052530177,-0.097135415,-0.010273075,0.199173488,0.09265151,0.114963606,0.148938036,0.211980511,0.370985348,0.220915839,0.174733868,0.133513791,0.211099653,0.249907613,0.120998534,-0.029383713,0.186300615,0.122857774,0.171690558,0.054338788,0.035010758,0.832517465,3.140545719,-17.1795229,3.19096899,0.606937751,3.1812678,5.34E-05,0.001736005,-0.000502398,17.1545786,11.961894
346,0.2625,-0.0024,0.031270134,-0.159627745,0.244713367,0.129560424,0.123087158,-0.065552672,0.00246155,0.034396496,-0.001845446,-0.115226832,0.049960386,0.340798958,0.318824905,0.389512977,0.310618928,0.228170041,0.0565263,0.261169554,0.006048429,0.242476486,0.214486927,0.073417666,0.039059503,0.165849434,0.067539446,-0.027199267,0.01752881,0.024597069,0.927159665,3.580627068,-20.90198448,3.636580229,0.668032768,3.59624239,-2.39E-05,0.002003099,0.000298424,20.70334,12.001604
347,0.3725,0.258,0.150555408,0.259598852,0.039214037,-0.176125151,-0.089305534,0.076818001,-0.162516003,-0.075914607,-0.138798031,0.026406306,0.024705297,0.163206298,0.149101166,0.039044542,0.338847179,0.042844239,0.054472472,0.384282933,0.216781917,0.074600762,0.056780217,0.27750971,0.196738372,0.076097276,0.07073366,-0.025018101,0.015647301,0.02062248,0.79007302,3.464999878,-19.83069396,3.51167202,0.542157354,3.46615709,0.000114482,0.000595271,-0.000420929,19.5716072,11.102248
348,0.29,0.0774,0.063339666,0.250477177,0.126765904,-0.041574604,0.021324981,-0.113055194,-0.090866687,-0.184536181,-0.130669807,-0.000523377,0.127745715,0.285404936,0.161341963,0.1592124,0.022719859,0.245755296,0.098655917,0.119397807,0.19768866,0.144746815,0.158523037,-0.01643207,0.048855186,0.004798686,0.102282171,0.079703894,-0.017319028,0.0409068,0.815488468,3.399558587,-18.92734741,3.448163033,0.572601823,3.42440549,0.000137014,0.00164657,-0.000604725,18.8391529,11.07171
349,-0.110277778,0.2832,-0.099635506,-0.049328226,-0.000192275,0.126515267,0.141370175,-0.105488988,-0.115808358,-0.017339963,-0.08631603,-0.042285676,-0.039448201,0.008176935,0.391510842,0.291428979,0.08314458,0.38427871,0.341998489,-0.022923423,0.016131117,0.011076255,0.13821071,0.101850807,0.021801988,0.032825579,-0.043521891,0.115309074,0.070468698,0.022741148,1.065787342,3.950023636,-23.09760016,4.014747143,0.779919763,3.9747334,-1.06E-05,0.000757612,0.000170014,22.8848473,11.780178
350,-0.143888889,0.3,0.02063359,-0.19237918,0.178792252,0.165885103,-0.139151189,-0.071994421,-0.081871012,-0.077118637,-0.056608197,-0.056841155,0.285370561,-0.0861843,0.183755191,0.060458397,-0.014974283,0.387389651,0.205847412,0.369675869,0.206221039,0.080327979,0.064547704,0.052938458,0.149926985,0.1001489,0.128194468,0.018049609,0.09965191,0.029347236,1.441634805,4.433267569,-27.69876078,4.523031712,1.1129718,4.43514582,0.000205123,0.002149526,-0.001360292,27.1529931,12.332671
351,0.302222222,-0.1032,-0.048910492,-0.134401041,0.087891853,-0.176798289,-0.000607077,-0.009775078,-0.127421556,0.004036496,0.00606017,-0.093625745,0.258408152,0.395242308,0.098587023,-0.022677993,0.325220995,0.236166574,0.008880899,0.056036036,0.157593476,0.074415166,0.026206328,0.094644613,0.107555157,0.068837528,0.006418744,0.069730576,0.087125766,0.092021187,0.915265489,3.683058018,-20.55997369,3.737931967,0.651083667,3.69838755,6.86E-05,0.000688039,-0.000467977,20.3659852,11.982915
352,-0.143888889,0.2118,-0.062646417,0.058570708,-0.242569475,-0.063071994,-0.034020783,0.008054004,-0.056249778,-0.138273385,-0.067657977,-0.052985702,0.405397791,0.392115843,0.241417922,0.033333981,0.159834806,0.002201944,-0.047923311,0.053550508,0.23361343,0.182194165,0.08457678,0.23630364,0.054957708,0.147571051,0.066079565,0.102827219,-0.009469089,0.055015444,1.056570159,4.075410793,-23.7259211,4.139185905,0.764686945,4.08969228,5.65E-05,0.000444512,-0.000601727,23.450629,12.3942
353,0.293055556,0.1152,-0.045993723,0.194060452,0.009207843,0.03321668,-0.069953339,-0.103390777,-0.080763459,-0.12350509,-0.030512978,-0.021775512,0.317185988,-0.011680539,-0.067114614,0.329757543,0.019029873,0.258207707,0.261651579,0.135877259,0.137260943,0.017743629,0.083914222,0.272212267,0.03387383,0.072082322,0.141200801,0.05770051,0.039633126,0.051607487,0.859113144,3.360916774,-18.712094,3.412658453,0.618537671,3.38366899,8.27E-05,0.001703482,-0.000295777,18.566992,11.547071
354,0.305277778,-0.0612,-0.076512919,0.103426295,0.064227469,-0.030456686,0.057390958,-0.045273383,-0.086157258,-0.002416125,0.018861996,0.017110406,0.211255992,0.334815538,0.101108786,0.115422101,-0.037414403,0.154387338,0.018466903,0.362972264,0.034357612,-0.018263971,0.003273688,0.055955037,0.146484457,-0.016900857,0.099957949,0.024556029,0.06914339,0.07211539,0.79248293,3.406439887,-18.75479477,3.453422785,0.549748975,3.43683493,8.82E-05,0.001800949,-0.000286584,18.6801691,11.371587
355,0.07,0.258,0.08632447,0.072166476,-0.173399693,-0.103205557,-0.062648975,-0.0816893,0.026288654,0.045126654,-0.101309415,-0.12314862,0.230350787,0.009100351,0.405269608,0.24513492,0.011896649,-0.03058431,0.383999933,-0.017532204,-0.034490909,0.114348107,0.115777009,0.259259372,0.181229572,0.164137083,0.101660205,0.023247065,-0.012286152,0.068532161,0.925802922,3.784167286,-21.63194507,3.839529991,0.653989431,3.80376172,-2.36E-05,0.001938126,0.000127803,21.4391668,11.878893
356,-0.058333333,0.0102,0.193309388,-0.083652554,0.204052798,0.15628114,0.138248926,-0.087580268,0.038516213,-0.058788595,-0.101551365,-0.129185847,0.050545204,0.464883989,-0.010272897,0.19323565,-0.049100398,-0.069710478,0.22420468,0.152680382,-0.027561858,0.235608883,0.202400856,0.086756367,0.089028141,0.061818995,0.022355907,0.103651477,0.040194353,-0.007764274,1.066893242,4.121656887,-24.62343017,4.186039448,0.768809965,4.12768488,0.000127443,0.002204989,-0.000606389,24.2979118,10.965936
357,0.213611111,0.2538,0.061538984,0.176766061,-0.216465961,0.022617891,0.136310007,-0.041560053,-0.040848253,-0.07478107,-0.149113617,0.028010402,-0.082143214,0.196765641,-0.051876192,0.055625323,0.226235191,0.296644436,0.15604426,0.298522494,0.096369225,0.107487388,0.056541583,-0.011548028,0.183028129,0.002869511,0.105863912,0.080743444,0.011192891,-0.018081415,0.806989518,3.478495672,-19.35062948,3.526314974,0.557626331,3.50027506,8.79E-05,0.002478892,-0.00032617,19.2578569,11.11903
358,0.335833333,0.1992,-0.012934475,-0.096643172,0.184759084,-0.084893547,-0.137583773,0.103705735,-0.133508115,-0.1164939,-0.121914609,-0.01750165,0.257834685,-0.048359574,0.336790721,0.088864423,0.059425695,0.221979822,0.265131904,0.049538613,-0.009028844,-0.017566869,0.159876827,0.273164106,0.063144484,0.127793524,0.061597245,0.013894795,-0.012534666,-0.004945912,1.022755957,3.895064958,-22.79862052,3.956920624,0.741388204,3.90001435,1.21E-05,0.002154321,-1.95E-05,22.4086103,11.230535
359,0.109722222,0.0732,-0.003608511,0.017624455,-0.146093089,-0.111159497,-0.107450733,-0.060363487,-0.022198621,-0.078416995,-0.063498027,-0.090640642,0.415662993,0.370302707,0.348633456,0.323768549,0.308960127,0.023559581,0.29080069,0.337970835,-0.021045825,0.158643883,0.219998918,0.138718661,0.163485126,0.139275854,0.175185287,0.149580668,0.068259777,0.037302438,0.998560538,3.719712024,-21.55268574,3.780307055,0.73230368,3.73642918,0.000226108,0.00180869,-0.002447663,21.3122402,14.071572
360,-0.027777778,0.048,-0.088981567,-0.04580078,0.179207822,0.025048753,0.141663993,0.018708593,0.009165502,-0.0994457,-0.048698368,-0.03140682,0.437613036,-0.084593037,0.227054057,0.180278721,0.306536466,0.194923508,0.175491574,0.288197178,0.103400073,0.181593844,0.068576619,0.199497992,-0.017924738,-0.012379568,0.198959382,0.014435651,0.002070962,0.098521867,1.011420175,3.655999803,-21.13486026,3.717647076,0.747441964,3.68016861,0.000165027,0.002765882,-0.000883808,20.9305765,12.227567
361,0.271666667,0.09,0.041598298,0.127627817,0.001716481,0.081864122,0.049461162,-0.092864053,0.047210118,-0.023077194,0.017865489,-0.02701104,-0.050954917,-0.013007229,0.131929334,0.371879241,0.048433588,0.331050338,0.078487226,0.223377573,0.262390618,0.014200849,-0.044972488,0.159074219,0.146082989,0.000817267,0.045068896,0.022751918,-0.029899059,0.042582747,0.807120174,3.405330789,-19.33867549,3.453337431,0.563137931,3.42522484,5.33E-05,0.001946237,-1.17E-05,19.2044506,11.084043
362,0.0975,0.0648,0.003748821,0.146144051,0.175778451,0.186434187,-4.70E-05,0.061951737,-0.080062684,0.026629649,-0.077349838,0.020812014,0.31331393,0.394897508,0.074837775,0.109688707,0.255608373,0.077336534,0.312652162,-0.059327389,0.288277959,0.00925214,0.194114011,0.163072731,0.100064343,0.134026381,0.039367461,0.192822505,0.056320779,0.040254431,0.868087372,3.393690549,-19.58380939,3.445978403,0.621832374,3.39962853,-9.64E-06,0.002273801,0.000370887,19.3098448,11.700642
363,0.299166667,0.2538,0.032807332,0.128666686,0.080528459,0.07886412,-0.023567884,-0.063766887,-0.152362996,-0.139533762,-0.029788907,0.00644999,-0.077317876,0.301744095,0.061999529,0.042640499,0.172742911,0.205255472,0.045544161,0.372345453,0.296379014,0.179204062,0.112947933,0.063214379,0.01829066,0.069873463,0.082243394,0.163219842,0.024388877,0.04892668,0.858297927,3.611563939,-21.0180706,3.662638187,0.60032443,3.61482469,-4.57E-05,0.001655779,0.000531952,20.7420103,11.195014
364,0.07,-0.0234,-0.00473626,0.146998633,-0.158700273,0.012264656,0.070916463,0.046288046,0.016552496,-0.188249565,-0.115574847,-0.130383537,0.227776691,0.488907419,0.065252065,0.020290788,-0.000992295,0.39197788,0.084587966,0.301938926,0.222615805,0.145687773,-0.011488055,0.191636014,0.07824628,0.058980543,0.054816886,0.067075821,0.012391991,0.09193938,0.921142124,3.573140515,-20.18576839,3.62869215,0.666872934,3.59359625,5.48E-05,-0.00047193,0.001054022,20.021169,13.005271
365,0.073055556,0.1236,0.198727755,-0.021167643,-0.154159306,-0.092445543,0.035114483,-0.072525592,-0.102471609,-0.175406984,-0.132346142,-0.125494767,0.341398583,0.096701531,-0.005211186,0.273340838,0.30683253,0.111480473,0.208624525,0.241107549,-0.031981145,0.108052308,0.230004487,0.010879363,0.192360882,0.124030653,0.119763043,-0.028221504,0.047161816,0.01390324,1.017443164,3.823568454,-21.90574495,3.88522768,0.743374543,3.85689515,4.91E-05,0.002416233,-0.00026805,21.7822833,12.176078
366,0.112777778,-0.078,0.182289424,0.00345881,0.028885045,-0.138731342,-0.104051514,-0.000844183,-0.13591147,-0.149625399,-0.049592113,-0.070182973,0.223081667,0.416514009,-0.097175174,-0.00183538,0.242484884,0.097620999,-0.007469415,0.245137898,0.015557234,0.007989166,0.189249269,-0.020177923,0.109925482,0.117497369,0.070288473,0.110558452,0.104491118,0.074186543,1.012445408,3.973335956,-22.86146091,4.034281731,0.727129704,3.99205803,8.80E-05,0.001570386,-0.000472666,22.6140276,11.412098
367,-0.015555556,0.0186,0.088981498,-0.037167359,0.186692225,0.014652007,0.088100267,-0.09051756,0.060278043,0.018897754,0.02712243,-0.084382439,0.220007382,0.199546209,0.299836793,0.255178906,0.18202618,0.107983105,0.241430389,-0.014301433,-0.003082701,0.22116881,0.096143988,0.202746992,0.032737884,0.133245531,0.175815032,0.17552571,0.109292198,0.008731021,0.978304583,3.751415593,-21.8145051,3.810520411,0.707692187,3.76109594,0.000117806,0.001878396,-0.000182389,21.5406512,11.798206
368,-0.04,0.1572,0.11666073,0.027908216,-0.189027842,-0.123154725,-0.11550608,-0.065641303,-0.063795302,-0.18680889,0.001058117,-0.012405775,0.201194297,-0.082970679,0.030183172,0.072181701,0.296796024,0.316167494,-0.058156409,0.337108127,0.052493271,0.123348754,0.151398167,9.95E-05,0.027473626,0.05095652,0.190319383,0.094638017,0.063797481,-0.008955761,1.13763969,3.878059415,-22.13819227,3.94797039,0.854225442,3.9164224,0.000162259,0.00450826,-0.000701303,22.0019226,11.572371
369,0.183055556,0.1068,-0.084757003,0.189261653,-0.156518193,-0.157227186,-0.080331478,0.049874657,-0.176487223,-0.026969953,-0.033370071,-0.108036315,-0.069872964,0.243373561,0.094452237,0.203627804,0.170073579,0.12170981,0.087401344,0.324487587,0.146417347,0.030090546,0.189807857,0.129496251,0.050391466,0.131148903,0.172584999,0.035084046,0.10078404,0.013045825,0.862036539,3.549430229,-19.64299584,3.600916624,0.609603046,3.57737423,4.72E-05,0.002085627,-0.000172212,19.5414112,12.066693
370,-0.098055556,0.2076,0.033819808,-0.053381064,0.011476155,0.037807801,0.113206813,-0.11375712,-0.154688181,-0.127476821,-0.07487812,-0.020203279,0.291574475,0.067241766,0.315285513,0.170151109,0.003066681,0.190009303,0.005761162,-0.024195787,0.088048003,0.071584079,0.245985317,0.076018846,0.062323639,0.009827487,0.148196502,0.076778931,0.120833812,0.077772352,1.087976858,3.891744204,-22.3878624,3.958157539,0.806318309,3.92598361,0.000101154,0.002131133,-0.00037829,22.2581025,11.22968
371,0.354166667,0.0984,0.111659613,0.060095226,0.166200906,-0.05380555,-0.125365436,-0.007394615,-0.093464266,-0.14848211,0.022460439,-0.140496631,0.135755316,-0.083314206,0.177964075,0.307463297,0.196952239,0.233322062,-0.030503592,0.044505531,0.139357641,0.080126107,0.144168654,0.144586962,0.003966883,0.135863664,0.06533332,0.193972206,0.029244558,0.046761831,0.944219353,3.63043045,-20.82644812,3.687452316,0.680531882,3.64667674,4.79E-05,0.003214216,-0.000446978,20.5866827,10.443474
372,0.29,0.2622,0.099594259,0.203759008,-0.116210555,0.17629014,0.085222295,-0.027138747,-0.175008733,-0.074355948,-0.084451739,0.023642541,0.319471428,0.143217074,0.090937618,-0.051700153,0.325929731,0.391152265,0.125961688,0.038668769,0.196046208,0.102503671,0.104293042,-0.03589839,0.056352521,0.023086541,-0.030016613,0.122566985,-0.007517326,0.034029112,0.807764613,3.136980589,-17.06042229,3.185685873,0.581819754,3.18119552,4.56E-05,0.001522623,-0.000136545,17.1044719,10.753685
373,0.247222222,-0.0066,0.129463861,-0.092593939,-0.003604198,0.165284618,0.034435801,-0.109769487,-0.05008346,-0.190807757,-0.055449772,-0.034844657,0.136565412,0.4267109,-0.085713165,0.249501407,0.214611386,0.106143331,0.009783627,-0.034307458,0.183279969,0.140740728,0.195285474,0.267302274,0.165994748,0.077833606,0.076977721,0.006125453,0.034481625,0.08058597,0.995084374,3.882492118,-22.74100777,3.942448139,0.715179809,3.89192299,1.68E-05,0.0014972,0.000369882,22.4477487,11.292301
374,-0.052222222,0.0942,0.086656862,-0.05394371,-0.058130228,0.023888543,0.03450658,0.027610313,0.029124839,-0.137775591,-0.005441728,-0.059353857,0.145688245,0.20832315,0.294085298,0.372641548,0.146413625,-0.022038676,0.050646468,0.155608363,0.056960022,0.217908074,0.137230014,0.161274247,0.013296012,0.188543852,0.087916448,0.186895581,0.029959599,0.040039295,1.059449942,4.14459708,-24.66347119,4.208404541,0.762024165,4.15095567,-4.44E-05,0.000217717,0.000332143,24.3254449,11.889736
375,0.299166667,-0.0696,0.163644182,-0.180393521,-0.21933633,-0.131722435,-0.061884631,0.09622624,-0.010525199,-0.172491877,-0.090273845,-0.061171046,0.335062031,0.125740584,0.145742185,0.223681726,0.239637042,0.081404821,0.184333717,0.149244669,0.047557452,0.029325155,0.040555568,0.06482558,-4.75E-05,0.149151889,0.071398963,0.160154023,0.093500012,0.055504483,1.05181958,4.089024737,-23.7018336,4.152435303,0.758645976,4.09693106,8.07E-05,0.002185154,-0.000309049,23.3858827,12.200598
376,0.375555556,0.0312,0.136290725,0.273514364,0.1606438,0.108752385,0.118155793,-0.080840981,0.050984166,-0.146664366,-0.110612084,-0.04901424,0.365620225,-0.087783458,0.4047744,-0.004256924,0.287399413,0.062590629,0.296726503,0.389424739,0.212814677,0.148269084,0.074358591,0.206463616,0.06417127,0.140340846,0.153082054,0.153687408,-0.009898379,0.021570747,0.770273763,3.120130573,-17.67556811,3.166261673,0.546125289,3.14101363,-2.08E-05,0.001688126,0.000415315,17.5583041,11.761736
377,0.134166667,0.0858,0.039913969,0.218786124,-0.186736879,0.132775553,-0.133683632,-0.017582853,-0.1707283,-0.041166046,-0.017393164,-0.024368049,0.315280094,0.271912458,0.068256842,0.004932081,-0.039131075,0.113330328,0.289213955,0.185314257,0.235292896,0.226568761,0.196858215,0.106146932,0.033027566,0.034046751,0.158661021,0.146441767,0.12042159,0.060983055,0.883902931,3.533532455,-19.85904455,3.586582899,0.632107332,3.55562582,7.60E-05,0.001586079,-0.000565947,19.7105303,12.272796
378,0.213611111,-0.057,-0.083515837,-0.004913418,0.066505164,-0.017379084,-0.030080781,0.032535412,-0.030291145,-0.020360083,-0.123001876,-0.033755638,-0.001649478,0.270845573,0.133656465,0.341405939,0.021706955,0.164872693,-0.00901066,0.045117139,0.169823122,0.190628264,0.07636707,0.012016548,0.147804663,0.147180974,0.174829501,0.178864578,0.053734289,0.098766611,0.912816092,3.703508034,-21.02943057,3.758161306,0.647044172,3.72891506,-2.67E-05,0.00109269,0.000160426,20.8797005,11.522189
379,0.219722222,-0.0066,0.084600099,-0.235441474,-0.02259624,0.112775935,-0.009007558,-0.085217578,-0.014595082,0.042914404,-0.033220191,-0.002556966,0.465435238,-0.080282435,0.023232018,0.146653858,0.124682768,-0.022926633,0.19494217,0.012810452,0.265712231,0.054659669,0.240923695,0.205763415,0.092349089,0.008721361,0.145149808,0.18792157,0.080280073,0.033681292,1.02270108,3.774324887,-21.6283046,3.836470842,0.751223519,3.80650341,6.72E-05,0.000748347,-0.000264445,21.4826445,11.511174
380,0.286944444,-0.015,0.029296412,0.094239765,0.105302087,0.139969691,0.11658899,-0.021808187,-0.025301291,-0.096221825,-0.018141099,-0.128275144,-0.071175244,0.415949265,-0.092865095,0.264428445,0.348212537,0.251549569,0.165062806,0.135190054,-0.022334002,0.085501444,-0.000323693,0.009821801,0.01530613,0.148178996,0.14499139,0.087709053,0.035830932,0.057234989,0.799096291,3.504046145,-19.73997178,3.551252604,0.54870851,3.5237759,4.17E-05,0.002284963,-0.001427063,19.6050462,10.8085
381,0.036388889,-0.1032,0.104639714,0.01597979,-0.211462044,0.076536729,0.075077208,-0.056720869,-0.096727193,-0.136634168,-0.084603525,-0.041621815,0.286822683,0.170534674,-0.041020087,0.219409027,0.043785562,0.296936872,0.09667176,0.359088705,0.107348832,0.242761726,0.061817833,0.079097732,0.061160189,0.115878277,0.04164107,0.148086087,0.146233239,0.089787219,1.003905807,3.719502918,-21.06636765,3.780471325,0.736228772,3.7526989,2.46E-07,0.003169746,6.79E-05,20.9708511,12.827673
382,-0.043055556,0.2664,-0.071271031,-0.162943243,-0.04457051,-0.062246412,0.047212025,-0.023453687,0.045400923,-0.17903849,0.001440329,-0.074408895,0.429970178,0.102970955,-0.097292216,0.181732401,-0.022760656,0.095762872,-0.073609384,0.05080064,0.008747369,0.007160249,0.269954653,0.21053764,-0.016730103,0.156996267,0.069182067,0.176387177,0.095979204,0.017267766,1.173608933,4.075180591,-23.66229246,4.147120476,0.877029824,4.09601832,6.85E-05,0.001928378,8.48E-05,23.3655079,10.927176
383,-0.04,0.2874,0.180765534,-0.078384752,0.201345843,-0.033495901,0.001098589,-0.096716372,0.062627987,-0.024131306,-0.116890996,-0.050456131,0.390210619,0.319641867,-0.057827332,-0.02685922,0.250390309,0.334238246,0.116258237,0.124182349,0.23806489,0.153153244,0.201567966,0.082343292,0.053878192,0.166348552,0.104082097,0.074437729,0.059965388,0.043820517,1.193859356,3.823662184,-22.93629642,3.897627354,0.911436293,3.83702263,0.000107809,0.002534762,-0.000562107,22.5886657,11.868897
384,0.002777778,0.006,0.127267516,0.023511244,-0.121999694,-0.109483147,-0.050274539,0.11542953,-0.072610073,-0.012845372,-0.019115501,-0.077704754,0.187218037,0.140467254,0.309765241,0.247389786,0.344394787,0.014243357,0.292301123,0.269126196,0.124646733,0.224547371,0.102948008,0.145915409,0.198905997,0.04793962,-0.020182687,-0.007120282,0.033364663,0.042987186,0.971985012,3.887081509,-22.7574938,3.94541502,0.693383863,3.89167474,9.21E-05,-0.000829259,0.00011762,22.4499792,13.015814
385,0.079166667,0.2622,0.074649661,0.145132425,-0.129024123,-0.100408857,0.027773675,0.069110644,-0.022376356,0.023421699,-0.092855962,-0.003688726,0.453559236,0.294069281,0.032805441,0.212628278,0.162756733,0.003539039,0.183364475,0.216923655,-0.027904755,0.035718709,0.18356843,-0.033133309,0.190944531,0.031799191,0.177683493,0.139954786,0.079891931,0.017061714,0.844154539,3.493060681,-19.4902561,3.543437004,0.594684351,3.50929957,0.000123309,0.001544744,-0.000702423,19.3307956,11.6098
386,0.2075,0.0522,0.079358453,0.113957872,0.213895862,0.137053267,-0.087248432,-0.106597533,-0.030436003,-0.09148841,-0.061240269,-0.016542955,0.081920535,0.049229446,0.358373219,0.210172501,0.28334799,0.153057012,-0.044962804,0.339026835,0.201381734,0.02122095,0.214063745,0.218289873,0.016370345,0.091706994,0.156280162,0.046913246,0.004576469,0.009853112,0.908038819,3.582608474,-20.88558853,3.637223005,0.650553931,3.59944937,9.68E-06,0.001189337,0.000226261,20.6847625,11.24193
387,0.250277778,0.0396,-0.028551149,-0.095712494,0.233057266,-0.12930958,-0.052714583,0.062497581,-0.145946842,-0.128711863,-0.069071973,-0.140156481,0.022112113,0.17239221,-0.056735435,0.250008409,0.198134965,0.285785072,0.397791693,0.075972473,0.095616095,0.229089171,0.123937708,0.227713164,0.080783784,0.080106624,0.155962252,0.030424182,0.079125139,0.042249875,1.028665502,3.817836635,-22.38854254,3.880292654,0.751873913,3.81377385,-3.15E-05,0.002074353,0.000546554,21.965551,12.264991
388,0.024166667,0.1026,0.023533429,-0.243769739,0.067525045,0.128040992,0.003218435,0.052723547,-0.035699537,-0.019322924,-0.058729859,-0.12570995,0.345613441,0.035995518,-0.03472665,0.179111987,0.228905163,0.26411299,0.104212234,0.197061636,0.201528054,-0.003928695,0.162852002,0.216846521,0.19377892,0.087173859,0.108457754,-0.005300217,0.108032523,-0.005784363,1.163180553,3.975924797,-23.59259879,4.047379017,0.874565766,3.98955524,7.74E-05,0.001075778,-0.00088493,23.2632516,12.137715
389,0.259444444,0.2664,0.151121394,0.10748526,0.019093297,-0.103757405,-0.026379875,0.010480613,-0.119592108,-0.174912982,-0.008339063,0.024693686,0.400919756,-0.020649443,-0.078018164,0.394577275,0.030741964,0.263183038,0.246709883,0.341101178,0.094474782,0.142836761,0.200417297,-0.038848448,0.09050789,0.12575048,0.073090009,0.188507466,-0.005834855,-0.007900538,0.931097457,3.470406097,-19.82555533,3.526902437,0.680170885,3.48426244,0.000147953,0.001428669,-0.000529659,19.5851674,11.812875
390,0.314444444,0.0564,-0.032600695,0.207836247,-0.095198287,0.181211532,0.146028062,0.057519356,-0.171726682,-0.161405633,-0.139017387,0.029863654,0.266996182,0.46041339,0.05793081,0.250772344,0.14500611,0.267796636,0.023492028,0.287765507,0.290441363,0.249289125,0.185873389,0.024766697,0.177664603,0.198024577,0.04315473,0.112948127,0.057420622,-0.000613779,0.84357524,3.118936875,-17.48963681,3.170184135,0.618123523,3.15327856,-1.79E-05,0.002290248,0.000229807,17.4408338,12.604746
391,0.354166667,-0.0234,0.181299147,0.130794762,-0.005433581,-0.034262213,0.139891411,-0.012749883,-0.084143469,-0.180180643,0.018568052,-0.032326603,0.180754602,-0.038829776,0.30079281,0.028532464,0.030094506,-0.00790544,0.046775898,0.316296227,0.172677583,0.128314409,0.128370575,0.209169233,0.187905092,0.05816515,0.112765473,0.081375705,0.140170078,0.034348269,0.824674125,3.44465169,-19.3885838,3.49378705,0.578056459,3.4593521,0.000107025,0.001818022,-0.000334194,19.2212754,11.110718
392,0.363333333,0.174,0.121872935,-0.1074618,0.169288699,0.113569481,0.092901995,0.102261579,-0.047845318,-0.031708947,-0.051048717,-0.093569655,0.411714244,0.284213065,0.181260843,0.197125659,0.087319222,0.094173168,0.067739322,0.199623532,0.238900831,-0.008328505,0.094444396,0.249537251,0.028652719,0.04032804,0.108944014,0.071419615,0.074807913,0.0473045,0.872207745,3.544567306,-20.65232022,3.596775055,0.617761981,3.55686305,0.000110623,0.001532586,-0.00077019,20.4026286,11.31061
393,0.296111111,0.1194,0.188465687,0.191660476,-0.049178786,-0.011922923,-0.100315196,-0.058865145,-0.172687869,0.027378677,-0.144465594,-0.064720971,0.272923498,0.478477713,0.111479241,-0.030207428,0.064158495,0.298517029,-0.03922154,0.110487845,0.015088964,0.185744264,0.221100087,0.265404879,0.169722668,0.001029909,0.055945998,0.06755034,0.13266191,-0.003572783,0.840072382,3.267750913,-17.87246024,3.318391323,0.605106566,3.30588715,3.18E-05,0.002748974,-3.57E-05,17.8534051,11.437447
394,0.293055556,-0.0402,0.180236289,-0.150604337,0.223052979,-0.022080365,0.011297675,-0.044801663,0.049852518,-0.156717269,-0.016157409,-0.003921911,-0.015088276,0.269297931,0.350788032,0.224723675,0.102706876,-0.056433477,0.336799942,-0.051157904,0.154873195,0.216769847,-0.047337407,0.040446055,-0.010140863,0.018590393,0.023951249,0.050589327,0.031096372,0.001085436,0.992602349,4.140046567,-24.83307101,4.199202061,0.693163105,4.12753055,2.62E-06,0.001371099,0.000176654,24.3830228,10.884377
395,0.308333333,-0.0486,0.037991826,0.086378571,-0.02172474,0.119265672,-0.078468574,-0.010424613,-0.02388038,-0.093894161,-0.148339756,-0.000908451,0.235860069,0.276986032,0.332762071,-0.036170946,0.173640568,0.241438279,-0.011717107,0.114506268,0.043029467,0.204478465,0.117191583,-0.021952304,-0.001754382,0.192379939,-0.031836075,-0.0109312,0.060094899,0.005088471,0.899037943,3.606972087,-20.36677985,3.660899401,0.639059705,3.63537284,-1.80E-05,0.002366825,0.000218252,20.2659547,11.142735
396,0.128055556,0.0438,-0.0771572,0.116355795,-0.221490782,-0.194694471,0.032556274,-0.032723508,0.05262233,-0.10776169,0.006656847,-0.021477351,0.289749917,-0.093089604,0.259506845,0.090575769,0.190584741,0.068143471,0.32059603,0.068101378,0.11804956,0.061756022,0.278024447,0.033323591,0.073998979,0.174351455,0.027280518,0.055585943,0.046099754,-0.003609997,0.901319339,3.650268155,-20.06154076,3.704249144,0.641326554,3.68045748,9.83E-06,0.000414733,-9.06E-05,19.9669523,12.20142
397,0.018055556,0.1488,-0.022422362,-0.186978708,-0.22654724,-0.196775365,-0.067351234,-0.052575917,-0.039935958,-0.138802101,-0.087462281,-0.048776089,-0.090059859,0.189105039,0.267494559,0.008800922,0.042747416,0.24543296,0.124748147,0.363619131,0.086652234,0.106745198,0.10723413,0.083826277,0.184346807,0.164774986,0.113247769,0.072972526,0.118857961,0.024724105,1.135133361,4.200799678,-24.71726676,4.269749641,0.831984593,4.20671017,0.000545517,0.003403602,-0.004248142,24.3530073,13.069253
398,0.320555556,0.2202,0.185668682,0.05339176,0.035415952,0.121107896,-0.103611882,0.096486149,-0.057157384,-0.009431008,-0.087016036,-0.063018607,-0.081617669,0.480448863,-0.068523082,-0.033903418,0.202088251,0.026652512,0.384500639,0.083509277,0.052796471,0.133775188,0.088561635,0.200582366,0.006498807,0.021371367,0.147274755,0.183983218,-0.010596154,0.057129003,0.90134534,3.570373875,-20.69239831,3.624551296,0.639391043,3.5855942,0.000131935,0.000513078,-0.000666938,20.466548,10.545457
399,0.015,0.0606,0.140671285,-0.161708078,0.03638836,-0.153512681,0.020522316,0.029137497,-0.00741995,0.025555893,-0.112715766,-0.071658765,0.097984701,0.101631402,0.102519812,0.392166035,0.054888529,0.0205834,0.293075675,0.256301191,0.144999567,0.000976071,0.052666881,0.190138047,0.047381143,-0.008931076,0.044546207,-0.004523358,0.03528356,0.046921259,1.045270394,4.102794088,-24.30797074,4.165714264,0.750256055,4.1079062,3.96E-06,0.001353946,0.000189265,23.9684564,12.102204
400,0.1525,-0.0192,0.053820098,0.098094967,0.189912351,0.002213714,-0.037003173,-0.094457958,-0.094766553,-0.147183959,-0.004960277,-0.006844309,-0.03524373,0.436992585,0.04462522,-0.056557393,0.149166407,0.227345262,0.360413484,0.073527264,0.277699216,0.155438408,-0.025095901,0.201416946,0.026900124,0.089651499,0.023728567,0.131985807,0.115402598,0.058900032,0.942261661,3.710821654,-21.72878826,3.767511129,0.673313925,3.7081776,4.37E-05,0.001922958,0.000143549,21.3578887,11.994329
401,0.381666667,-0.0528,-0.030358971,0.151466508,-0.113184054,0.115863538,0.014530243,-0.011539065,0.030800413,-0.19272579,-0.024676731,-0.115910789,0.009345112,0.02171319,0.385753622,-0.024737449,0.004564719,-0.02023461,0.379782554,0.088833077,-0.005580953,0.179959526,0.211248944,0.228624937,-0.009015194,-0.01830563,0.068390558,0.13457905,0.096278508,0.079033447,0.888170743,3.574567053,-20.09084387,3.627815247,0.629665014,3.59504851,0.000276184,0.003632891,-0.002068539,19.9250036,11.10032
402,-0.015555556,-0.0192,-0.067701258,-0.109223296,-0.066151756,0.039931642,-0.08356694,-0.098910184,-0.045558469,-0.119305606,0.008186694,0.026944123,0.385141406,0.13675623,0.260930915,-0.023282249,0.292124127,-0.066752696,0.039892445,0.067506469,0.135622022,0.055643033,0.080349173,0.066034544,0.160506454,-0.014279421,0.17609244,0.037693072,-0.026502701,0.062497731,1.084594938,4.271462772,-24.92588187,4.336715221,0.779145235,4.28317642,-3.57E-05,0.001047972,-9.14E-05,24.6217086,11.59673
403,0.115833333,0.2874,0.08824036,-0.011633729,-0.026202417,-0.052235749,-0.082867984,0.077267957,-0.168780492,-0.180822741,-0.082547091,-0.026372305,0.49267449,0.296794354,0.316485966,0.326356384,-0.018518856,0.139085803,0.321966061,-0.044633588,0.005394552,0.120814434,0.266653136,-0.02168484,0.042766378,0.064612066,0.133464416,0.032425317,-0.0143128,0.02688804,1.080897289,3.815049654,-22.30665873,3.881155968,0.804662335,3.83172035,0.00030504,0.001278716,-0.002319291,21.998332,12.093532
404,0.360277778,0.2832,0.162663187,0.043719603,0.159217862,0.178480998,-0.028852938,0.103008392,0.048014261,-0.122985735,-0.144978028,-0.145746551,0.088828898,0.160471838,0.212667396,-0.041666651,0.18647106,0.290685679,0.314109225,0.123697222,0.056253022,0.024760558,0.166451932,-0.023132366,0.164819862,0.18900752,0.120307766,0.089356548,0.131213254,0.041812119,0.888037433,3.590662561,-20.9924135,3.643862247,0.628264647,3.58673084,-4.47E-05,-0.002125504,0.000977679,20.6462574,10.721387
405,0.167777778,0.0984,-0.049814354,-0.249978996,0.024929651,0.012851581,0.037734383,0.063600993,-0.146801564,-0.011838047,-0.136389452,0.000923101,0.382019369,0.263829468,0.15735755,0.080119042,0.12827766,0.170677828,0.342877202,-0.02658812,0.290845385,0.17591032,0.213294553,0.197721395,0.122168618,0.11350493,0.150401144,0.08685613,0.146808065,0.020917716,1.062736475,3.77977493,-22.07744552,3.844700336,0.788725029,3.79395623,2.23E-05,0.000927607,-0.000260405,21.7781371,13.120609
406,0.250277778,0.2748,0.095593424,0.22297407,-0.056650438,0.160900051,0.095193011,0.033111332,0.028160878,-0.026664539,-0.053302559,-0.045877445,0.355409879,0.268053883,0.012409325,0.284335547,0.085980005,0.230098644,0.255917808,-0.061345192,0.291305399,0.116419407,0.293955604,0.069280688,0.004146505,0.065947711,0.091643546,-0.010391529,0.065151004,0.047033485,0.803780842,2.983486781,-16.41115423,3.032288074,0.587156265,3.0225791,0.000101097,0.001908851,-0.000587105,16.4126552,11.192992
407,0.366388889,0.2538,0.122880621,-0.006678182,-0.037043571,-0.073968821,-0.001241206,0.04492387,-0.118302305,-0.09436123,-0.098768833,-7.46E-05,0.185180794,0.316245495,0.29525115,0.101755931,0.264990435,0.33597201,0.387117686,-0.028374135,0.19821243,0.218988151,0.021022818,0.25553151,-0.020847224,0.092822878,0.004692166,-0.016413088,0.025848456,0.053104269,0.893371252,3.485837882,-20.14894813,3.539664984,0.641439156,3.49641691,-8.00E-05,0.002051144,0.000762596,19.8940403,12.380593
408,0.286944444,-0.0108,0.161561852,-0.188515839,0.092884615,-0.096715586,0.111043102,-0.006612298,0.041531515,-0.185675021,-0.138348289,-0.041780462,0.320635425,0.078611959,0.025967333,0.301677272,0.070249,0.338464919,0.177215807,0.154772993,0.140321744,0.02375949,0.217204033,0.259012646,0.084874575,0.130319877,0.013551704,0.12938778,0.082408928,0.040468575,1.003285298,3.612399633,-20.748556,3.673585653,0.743008645,3.63401033,0.000161351,0.001963666,-0.001046105,20.5066878,12.379862
409,-0.146944444,-0.0402,0.093727712,-0.193870015,-0.074944302,-0.003331827,0.110043623,0.09527204,0.031789865,0.049225086,0.024609284,-0.037634931,0.425529655,0.064113215,0.394263592,0.260506846,0.091704004,0.397525732,0.284827,0.157548679,0.287471063,0.002184098,0.17225951,0.274415587,0.185751443,0.15352104,0.09244931,0.193233627,-0.021437473,0.076196079,1.157433693,3.605390526,-21.06515664,3.677346468,0.895894328,3.63851516,4.91E-05,0.000925999,-0.000312098,20.8737951,14.372928
410,0.106666667,0.0018,0.172899561,-0.071098976,-0.109624527,-0.148412077,0.079684269,-0.066757307,0.058360614,-0.198501639,0.011764445,-0.122629266,0.045834532,0.12125063,0.154510742,0.21716556,0.067133339,0.253246674,0.193743857,0.09798746,0.058190625,0.06019358,0.173407804,0.047827912,0.118851185,0.101076499,0.08296375,0.063002266,0.13601694,-0.015895131,0.99088163,3.915795355,-22.42100117,3.975377083,0.711145364,3.92709594,0.000152025,0.001373128,-0.000929763,22.1654537,11.942344
411,-0.052222222,-0.0822,-0.01147112,0.111336293,0.242451048,0.178697835,0.118613739,0.071669809,0.044066979,-0.126480491,-0.044258938,0.002801494,0.459174887,0.380396463,0.211535411,0.065783869,0.020360734,0.350006509,0.244879737,0.192379165,0.092453699,0.139150912,0.297989638,0.286374768,0.054268733,0.168683216,0.114569646,0.145903036,-0.015861723,0.091429979,0.963285809,3.306612734,-18.87105685,3.365753412,0.724469872,3.32765424,-6.68E-05,0.000479981,0.000583316,18.6410754,13.031179
412,-0.0675,0.0438,-0.046765535,0.076021583,0.038672606,-0.083795134,-0.06306713,-0.050504988,-0.106619902,-0.059853218,-0.022028894,-0.13952081,0.417271825,0.090749502,0.022622904,0.023547568,0.190700118,-0.079167133,0.206646679,0.286293399,0.139770085,0.12703002,0.234832121,0.19378274,0.037714004,0.005945198,0.077252339,0.181036157,0.124321855,0.075659962,0.978119826,3.842119746,-21.99711907,3.900990725,0.702227948,3.85276019,0.000118627,0.002032529,-0.000357646,21.7275489,12.215282
413,0.271666667,0.1572,-0.079749224,-0.162261304,0.117209424,0.10187887,-0.092783773,0.050842607,-0.176719122,0.008667684,-0.061175647,0.012735357,0.346304743,0.317764412,0.436878115,-0.037468992,0.150684695,-0.041981112,0.015351755,0.250890387,0.116580581,0.101477121,0.101674804,-0.028057113,0.120162038,0.048649775,0.134403398,0.044976337,0.038502528,0.048612401,0.983854085,3.940180633,-23.27556743,3.999212742,0.700077453,3.93467249,0.000136928,0.001630849,-0.00049912,22.8978862,11.439672
414,0.027222222,0.027,0.099303533,-0.011926348,0.065646223,-0.183690178,0.120573385,-0.106924496,-0.107259375,-0.036127893,0.013590599,0.02594888,-0.014240519,0.313807763,0.1317743,0.133137575,-0.033243485,0.269224513,0.369888674,0.152842499,0.298270254,0.171266136,0.22255879,0.023445228,0.076226622,0.118324715,0.073515266,0.103254951,-0.009007144,0.002953331,0.946940553,3.625019911,-20.69050995,3.682244778,0.686946495,3.64639302,0.000624393,0.001451208,-0.006215628,20.5139777,12.900133
415,0.387777778,0.1656,-0.043076488,0.246906481,-0.192440567,0.098610129,0.111992695,0.028421916,-0.092229474,-0.140704982,-0.045411343,-0.030956778,0.095301944,0.304994741,0.437731982,0.336355583,-0.035083267,0.130512107,0.094558156,0.136470044,0.090457605,0.219356283,0.210057155,0.193113037,0.086138134,0.114544755,0.030260325,0.15766792,-0.024108264,0.085436535,0.766189391,3.257106458,-18.06476046,3.30261898,0.53373442,3.28028342,7.36E-05,0.002537913,-0.000280039,17.9772692,11.843458
416,-0.140833333,0.1866,0.009639351,0.067817909,0.170532931,0.009097131,0.04576547,0.106082041,-0.086124044,-0.064059594,-0.027549565,-0.053750609,-0.098808304,0.24752238,0.424545787,0.113597508,0.223275946,0.066485957,-0.065608195,0.212889324,0.284422767,0.048165066,0.253082538,0.128814913,0.025437108,0.014719407,-0.033606423,0.123006212,0.128438453,0.062329319,1.030360586,4.00895242,-23.97502216,4.071061134,0.741014604,4.01101041,-1.81E-05,0.001776137,0.000153759,23.6037501,11.29653
417,0.280833333,0.0438,0.076008566,0.06962414,0.195168865,-0.07324219,0.097209648,-0.040074831,0.053620955,-0.125880058,0.00257354,-0.132622599,0.155196455,0.430849323,0.305421197,0.128002329,0.171929348,0.184614508,0.294775092,0.026616012,0.003201348,0.136437055,0.24010379,0.239604255,0.130866126,0.082437063,0.196256995,0.188240106,-0.019810912,0.083208731,0.860478408,3.31028746,-18.6287021,3.362247705,0.622463696,3.33062624,-3.13E-05,0.002044394,0.000133691,18.4359115,12.107991
418,0.341944444,0.0564,0.012009171,-0.024084722,0.237424709,0.195637995,-0.129797709,0.020330592,-0.139508484,-0.035732334,0.013038608,-0.076702941,0.215885338,0.030150732,0.056573336,0.306867292,0.167987354,0.304698538,0.146596291,0.331247914,0.088256822,0.01651492,0.005004927,-0.034205182,0.097950016,0.081559937,0.078107831,0.036617488,-0.026323519,0.068143465,0.929918767,3.681204985,-21.57241176,3.737105608,0.664402603,3.68248032,7.49E-05,0.002332522,-0.000255712,21.2508186,11.083092
419,0.018055556,0.2832,-0.059230802,0.014558269,0.130252895,0.123358139,0.088783936,-0.084034239,-0.005262961,-0.104511698,-0.028041048,-0.091593914,0.383909997,-0.016723308,0.122078989,0.231163414,0.055957073,0.239157063,0.256627108,0.193577905,0.266353771,0.097533387,0.053716932,0.081253486,0.148957133,0.037579989,0.059198104,0.132273272,0.020777864,0.059890223,1.011054295,3.745603117,-22.12787991,3.807006598,0.740301365,3.76631487,4.44E-07,0.001670733,-5.95E-06,21.8722255,11.953691
420,0.308333333,0.1866,0.004798644,0.271917098,0.227992837,-0.003740579,-0.043576928,-0.107428535,-0.123726986,-0.0506262,-0.075248075,-0.138654804,0.015424622,0.364286568,0.227573275,0.161938586,0.184660283,-0.001364987,0.308725326,0.331136171,0.162065511,0.151378483,0.127781959,0.111365314,0.147943285,0.142029989,0.159042167,-0.00757956,0.03559721,0.089059513,0.797356949,3.360327068,-19.28396856,3.407762289,0.556741726,3.36844241,-5.61E-05,0.000842829,0.000332128,19.0504529,11.800841
421,0.167777778,-0.1074,-0.027347718,-0.005792175,0.108495164,0.197189883,0.033691338,0.07925112,-0.196648294,-0.005677383,-0.129888167,-0.07699777,0.356481186,0.467866529,0.422114892,0.045924737,-0.047914733,0.216455942,0.138085767,0.054493521,0.289262136,0.241549856,0.170705299,0.028124163,-0.008092063,0.036919053,0.069896248,0.055070529,0.142982633,0.010925185,0.914873685,3.534555518,-20.13446188,3.58976388,0.66148786,3.56453795,-9.66E-05,0.001212893,0.000617908,20.0116213,12.545503
422,0.216666667,0.1698,0.078362262,0.055403272,0.06303283,0.090043277,-0.038311146,0.03010167,0.040484775,-0.057877211,-0.127455034,-0.090365484,0.05390477,0.054699353,0.246277002,0.387953449,0.179901484,-0.024397866,0.271690749,0.262105651,-0.004285947,0.025468879,0.031019408,0.123879374,0.163727922,0.075328155,0.118049553,0.170772275,0.046741844,0.093560666,0.889789506,3.747579804,-22.04552415,3.800519466,0.620338211,3.74208647,0.00012184,0.001781751,-0.000341741,21.7023457,11.201454
423,0.280833333,0.1152,0.077050658,-0.060764829,-0.143832045,-0.010347323,0.128964793,-0.05222991,-0.028212323,0.024413909,-0.038635574,-0.136641569,-0.095121743,-0.09644793,0.252739748,0.011162062,0.227179988,0.00504385,0.031854611,-0.026054524,0.021604628,0.161567289,0.099897405,0.133830078,0.122645635,0.120579479,0.002363663,0.176427627,0.08251523,0.081103587,0.843219111,3.79404121,-21.18374683,3.843619108,0.572299077,3.82231027,-5.44E-05,0.00048021,0.000208743,21.1137654,9.953553
424,0.244166667,-0.0276,-0.051313999,-0.091637629,-0.047437859,0.079674832,-0.006974444,0.006706648,-0.052590631,0.045880258,-0.000551176,0.008060791,0.333630842,0.124395049,0.048303429,0.000203076,0.180798404,0.034189643,0.048472396,0.27619251,0.013777583,0.154798999,0.19997997,-0.026021793,0.072450178,0.118701626,-0.025283435,0.186009233,0.049858857,0.066284793,0.892421053,3.710889377,-20.82257494,3.764101982,0.627783501,3.73438458,-7.64E-05,0.001338093,0.00054758,20.6890998,11.266827
425,0.0425,0.2076,0.149502696,0.132385257,0.059044087,0.081189913,0.123942535,-0.082766018,0.014171447,-0.063433338,0.025996655,-0.034656741,0.033618447,-0.001800091,-0.002815813,-0.041321741,0.338287859,-0.077369462,0.332118953,-0.035483128,0.160928449,0.046505899,0.286173756,0.092060621,-0.004324243,0.03609311,-0.018682747,0.131401305,0.036864735,0.067811786,0.861620343,3.7235702,-21.36088762,3.774603367,0.594307688,3.74453556,-5.40E-05,0.002604703,0.000646058,21.2031942,9.803941
426,0.369444444,-0.0948,-0.018723568,-0.16864598,-0.067476251,0.07789845,-0.108700945,0.086833336,-0.155684977,0.034798425,-0.040374704,0.028739707,-0.053418901,0.203641422,0.093158027,0.343853355,-0.029913766,0.129769038,0.242341923,0.095533952,0.154216655,0.225438682,0.006457514,0.048693557,-0.022506897,0.15272209,0.090696978,0.082278153,0.047837081,0.077487339,0.956816682,3.902024063,-22.58648898,3.959263086,0.677111929,3.91551099,-4.79E-05,0.001889677,0.000514694,22.3449877,11.738488
427,0.024166667,0.0606,0.081554756,-0.154277929,0.204562334,0.124322231,0.032494279,-0.025833406,-0.160634567,-0.193933624,-0.144600014,-0.023416654,0.111151844,-0.006061646,0.222812603,0.232711454,0.176809199,0.37623046,0.283662337,0.360751608,0.000720625,0.233968283,0.059427389,0.007545805,0.067255783,0.032473559,0.049844433,0.155910968,0.138349726,0.088254415,1.153977963,4.135317398,-25.07126215,4.205741405,0.854009439,4.1336708,-3.59E-05,0.000680791,0.001280212,24.6332718,12.414962
428,0.143333333,0.0942,0.06090439,-0.076599967,-0.188250297,0.150255266,0.001538057,0.082676732,-0.000295877,0.021172785,-0.033659828,-0.107352418,0.113714241,0.382750473,-0.021493482,0.378723325,0.041461404,0.354894607,0.381922199,0.368563455,0.077276171,0.144367893,0.224015275,0.105171869,0.019997185,0.119571329,0.151108503,0.146396187,0.019874795,0.032315101,0.969643078,3.520039466,-20.22812464,3.579103708,0.717643574,3.54648789,2.50E-05,0.001915565,3.22E-06,20.0567718,13.457962
429,-0.064444444,0.2664,0.12340216,-0.165241093,-0.042589367,0.019320826,-0.027499716,-0.089845911,-0.121676683,-0.161677231,-0.020852726,-0.009432515,-0.030062586,0.224022161,0.222474212,0.310476577,0.103519994,0.043853735,0.07957865,0.392958446,0.281754901,0.215273977,-0.013210162,0.247998784,0.165533713,-0.004399249,0.018623516,0.099426117,0.129118234,0.09362124,1.258940234,4.443818676,-27.63153752,4.520812988,0.935545977,4.43185424,0.000116358,0.001522611,-0.000473386,27.0811374,12.623093
430,0.204444444,0.216,0.077613572,0.233374973,0.157362303,-0.001727002,-0.076289651,0.094317311,-0.011505661,-0.067384854,-0.027217363,-0.017036187,0.410958271,0.033358749,0.368675989,0.076517177,-0.034303205,0.252299758,-0.003546871,0.349854573,0.134011828,0.010252296,0.232333017,0.182932844,0.036823213,0.033651958,0.165030722,0.00664898,0.136469602,-0.017754268,0.873230879,3.186307454,-17.90243911,3.239459276,0.641739766,3.21998612,-1.13E-05,0.001706981,0.000136003,17.795324,11.241196
431,0.100555556,0.0984,-0.045263986,-0.190593043,-0.039167653,-0.192958628,0.066709398,-0.105648576,-0.053565894,-0.099800348,-0.014847445,0.003213357,0.242366309,0.041802114,0.046784195,0.16760096,0.105639217,0.372486289,0.247760663,0.399109378,0.046058038,0.249005724,0.135262274,0.065424395,0.089471533,0.117106022,0.151987345,0.144610939,0.035043954,0.072740087,1.045247563,3.756297144,-21.46992262,3.820059776,0.775017212,3.77256229,-9.48E-06,0.002682328,0.000195037,21.2280594,13.382429
432,-0.125555556,-0.0234,0.052576996,0.02518142,0.180877395,0.188739079,0.002233342,-0.015040596,-0.137927903,-0.093104189,-0.109630265,-0.089151625,0.040734237,0.429624058,0.427263917,0.163524915,0.208011274,-0.016181555,0.128688952,-0.06310783,0.099422064,0.054177549,0.276417659,0.243585762,0.193265024,0.011383919,0.008070966,-0.002563267,-0.01861467,0.005977881,1.045481948,4.11763845,-24.51273738,4.180537224,0.750080879,4.12501564,-1.95E-05,0.001862741,0.000121147,24.1808529,11.560862
433,0.134166667,0.1908,-0.016006754,0.253639966,-0.10279443,-0.093033404,0.114919568,0.108752268,-0.064596034,-0.148812533,0.010048632,-0.04959516,0.273870708,0.234723144,0.167096043,0.367786738,0.129906655,-0.0781049,0.286681,0.374580709,0.027931183,0.239716804,0.243357922,0.169669851,0.058471357,0.09487712,-0.00873176,0.014272191,0.051435877,0.036253735,0.820506839,3.487152783,-19.82130004,3.535893917,0.572125621,3.49804434,-2.86E-05,0.000601976,0.000363453,19.6015306,12.385175
434,-0.0675,-0.0864,-0.012457836,0.077640366,0.198687009,-0.145299858,0.130380988,-0.061507982,-0.038709426,-0.117889548,-0.134937614,-0.049968595,0.172955941,-0.070457431,-0.072351706,0.226163673,0.088752362,-0.03840312,0.169732906,0.092113836,0.241860469,0.070436716,0.000876175,0.111106363,0.138385487,-0.010830011,0.143399814,0.174816509,0.081214121,0.065921024,0.937668952,3.871797215,-22.09756259,3.927774191,0.660073403,3.89132882,0.000742767,0.002017707,-0.006369567,21.8874462,11.036871
435,-0.095,-0.0738,0.027183171,0.080548739,0.209810762,-0.15047659,0.087580433,0.058087172,-0.046926944,-0.081654773,-0.047062948,-0.007384437,0.212815457,0.321397267,0.378185558,0.103024962,0.050632587,0.341830727,0.253296157,0.137515737,0.018825143,0.178250637,0.090009802,-0.017957585,0.177237753,0.134637547,0.13684733,0.021710029,0.118388658,0.012221491,0.94838549,3.603118176,-20.59863908,3.660497189,0.689649831,3.61309125,0.000287424,0.002901675,-0.001929442,20.3364128,12.810094
436,0.149444444,0.279,0.199992892,0.171015126,0.198180937,0.067176924,0.029304592,-0.067656425,-0.059000773,-0.151248424,-0.113621171,-0.045563297,-0.06028057,0.052158053,-0.022525973,0.294870675,0.223773822,0.204334455,-0.064187404,0.059322736,0.219330744,0.215586275,0.211342114,0.126361536,0.18484311,0.13373614,0.062676843,0.033487957,0.083537942,-0.01423288,0.917510933,3.637856287,-21.37729219,3.692996979,0.654864266,3.65504886,0.000565402,0.002056388,-0.005349467,21.1616984,9.936109
437,0.094444444,0.1824,-0.068520757,0.068540408,0.110514386,-0.015847924,0.142870941,0.11031187,-0.0082038,-0.060621511,-0.060575113,0.012051303,-0.084603356,-0.034958125,-0.090166793,0.283182185,0.178599256,0.345545594,0.137131845,0.328334511,0.010131045,0.15966376,0.182945677,0.074617013,0.19645955,0.02946824,0.19263821,-0.014704503,0.071040237,0.063545801,0.886343452,3.463269085,-19.42603219,3.516660929,0.637502767,3.48725249,0.00028769,0.003053797,-0.002483277,19.2819209,11.163689
438,0.247222222,0.2034,-0.006461046,0.205839999,-0.019931911,-0.1165885,-0.025992864,-0.010930735,-0.180701778,-0.191076419,-0.04276715,-0.06751408,-0.044487388,-0.014493027,0.376435789,0.259257398,0.216869425,0.125382419,0.159140693,0.334103794,0.122058054,0.160007175,0.156362069,0.256221752,-0.000452383,0.065014632,0.011571324,0.107466952,0.079351795,0.07517265,0.880824423,3.657310647,-21.04843916,3.709844828,0.619475232,3.66758215,-1.29E-05,0.001145769,-0.000131041,20.7898581,11.901571
439,0.265555556,-0.0486,-0.015886187,0.271170498,-0.147382577,-0.021738956,-0.041025099,-0.115155363,-0.037784826,-0.189409837,-0.132717825,-0.098184745,0.322979853,0.04321641,0.242458566,0.330500866,0.164510881,-0.053976346,0.163219776,0.313100043,0.225526419,0.065716955,0.073802466,0.158581827,0.046430975,0.191107994,0.121234043,0.043853646,0.119535767,0.016816001,0.91224103,3.565178749,-20.28519816,3.62012887,0.656634015,3.60247288,-1.28E-05,0.001676153,0.00013323,20.2211483,12.410239
440,-0.1225,0.0816,-0.025910302,-0.215938419,-0.240307964,-0.0268807,-0.139910303,-0.057048341,0.06102661,-0.07647047,-0.02940299,0.00425336,0.030691952,-0.046762347,-0.075706785,-0.057792616,-0.028269386,0.15034899,0.375455676,0.164892471,0.235903219,0.036136736,0.092091322,0.210203419,0.140617991,0.188937822,0.031061286,0.150344898,0.098327662,-0.006756976,1.242806518,4.452844875,-26.5351244,4.528691769,0.921297744,4.45879002,-2.71E-05,0.001526033,0.000471281,26.1062731,12.579023
441,-0.128611111,0.2706,0.164427097,0.238694018,0.123002295,0.038734008,-0.121580611,0.108237767,-0.1264974,-0.181467792,0.028961243,-0.135326683,0.456986898,0.095779195,0.202405,0.07795887,0.248827791,-0.048516039,0.297560482,0.058330039,0.254886208,0.18478245,0.186576552,0.072913405,0.172315671,0.198714963,0.05745557,-0.029053152,0.146688357,-0.007165126,1.109433185,4.024176041,-24.51526016,4.091763496,0.814996262,4.01670694,-9.13E-05,0.000512029,0.000682889,24.0075818,11.603814
442,0.005833333,0.1236,0.085513394,-0.171091636,-0.139696625,0.061078327,-0.039511371,-0.064612019,-0.089968292,0.001533323,-0.084091256,-0.053555239,0.158692692,0.494024416,0.12119965,0.052899779,0.12163132,-0.027537282,0.357098452,0.347602131,-0.01659226,0.044772358,0.17434345,0.242892998,0.040412814,-0.010985637,0.128441835,0.093816794,0.139224619,-0.018495079,1.12700861,3.991657066,-23.63938822,4.060549736,0.83728461,4.01650772,1.03E-05,0.001939403,4.48E-05,23.3776698,12.876637
443,0.118888889,0.048,0.010040447,-0.248515292,-0.150533721,0.192978777,0.084921194,0.048021704,-0.02806109,-0.043951208,-0.083530799,-0.084855348,0.462890996,0.483691564,0.288957675,-0.003083264,0.192652962,0.356473157,0.359530146,0.330014915,0.049649707,0.141813952,0.261878445,0.275865246,0.082626805,0.079572401,0.143047897,0.051127038,0.112669941,0.045723029,1.092525178,3.578876001,-20.88514663,3.646368742,0.835202364,3.60947025,-2.97E-05,0.000911428,1.72E-06,20.6751269,14.525453
444,-0.033888889,0.2244,0.096317807,0.036558743,0.116271069,0.046360846,-0.035544427,0.078976014,-0.126073855,-0.144840256,-0.0408979,-0.115571541,0.01476124,0.461530549,0.325698387,0.341756845,0.008774281,0.08962188,0.316292771,0.356001611,0.240536643,0.20052447,0.206384636,0.052714715,0.003604332,0.173774685,0.053354462,-0.003226453,-0.011173475,0.008448235,1.108397565,4.009463392,-24.65057774,4.077014446,0.817520465,4.00803555,-5.74E-05,6.63E-05,0.000649997,24.2008337,12.937482
445,-0.082777778,0.0648,0.014475644,0.11992313,-0.190596527,0.167982139,-0.102742558,-0.042892256,-0.003202124,-0.084843219,-0.051716073,-0.147308804,-0.042413934,0.295260168,0.076341014,0.151177802,0.305018686,0.213233701,0.353615161,0.233200028,0.14549934,-0.027173073,0.216524395,0.059389933,0.059823325,0.138084614,-0.048232709,0.058224944,0.149403447,0.034789617,1.007213147,3.909252644,-22.86931021,3.969989538,0.726413425,3.92113085,0.000130314,0.001492392,-0.00052003,22.6047759,12.649818
446,0.286944444,0.1488,0.051520106,0.064547725,-0.063958807,-0.171795576,-0.042064986,0.051408599,-0.032313028,-0.053796808,0.005276469,-0.142860945,0.450770006,0.477166562,0.441864421,0.35447376,0.342690949,0.389133741,0.254437672,-0.047423222,0.270974618,-0.026628248,-0.046615058,0.029766591,-0.001163422,0.071591046,0.09904715,0.105407103,0.067868199,0.019599854,0.887331818,3.330353782,-18.83091248,3.384138346,0.647938136,3.35221874,6.58E-05,0.002064446,-0.000410656,18.6521463,13.321634
447,0.045555556,-0.036,0.167514552,-0.186369911,0.067208598,-0.178563173,0.077251099,-0.051787774,-0.116769145,-0.098636561,-0.008565096,-0.109870027,0.035757529,0.25809451,0.196931873,-3.32E-05,0.347548309,0.167196874,0.057067385,0.285583925,0.140864594,0.043922256,0.089685865,-0.024721773,-0.006768792,0.062645585,0.184690807,-0.017495405,0.061680888,0.033808452,1.051071267,4.014805662,-23.27742661,4.078344822,0.762770123,4.03380819,6.54E-05,0.005785692,0.000524338,23.0668952,11.903757
448,0.063888889,-0.078,0.040315079,-0.228695519,0.226737535,-0.132932878,-0.079599717,-0.068323429,-0.028784729,-0.164377821,-0.089538448,-0.137673413,0.372539535,0.425448353,0.397249756,0.068657825,0.294200616,0.350988601,0.302903697,0.11327314,-0.01828734,0.064675744,-0.049707452,-0.032363629,0.181661653,-0.011717065,0.096873313,0.199503162,0.050687191,-0.016902315,1.203237858,4.17870788,-25.07574774,4.252462387,0.900639507,4.18357922,-8.75E-05,-0.000480419,0.000996943,24.6322897,13.356689
449,-0.082777778,0.0228,0.19591108,-0.123593197,0.118735435,-0.115506771,-0.145110374,-0.051023978,0.054925662,-0.105973807,0.003717701,-0.054152605,0.00697281,0.350600968,-0.079659507,0.185205982,0.19625834,0.328310731,0.186484454,0.085583425,0.024782136,0.206153758,0.14995423,0.044386981,0.003154791,-0.000335576,-0.040583573,-0.001563281,0.108422906,0.052973219,1.215710051,4.359408928,-26.2799776,4.433593273,0.899427242,4.36318773,-1.63E-05,0.001629597,0.000406938,25.8282751,11.69544
450,0.256388889,0.2748,0.189182334,-0.169969796,-0.182280312,-0.005015592,0.081026269,-0.105187114,-0.025922062,-0.137239631,-0.105375336,-0.107873479,0.143240739,0.490136624,0.083315396,0.045484092,0.20116385,-0.072678042,0.140703474,0.072003553,-0.039043039,0.119795983,0.106891932,0.019100458,0.029447404,0.137662202,0.135263098,0.179646728,0.051768188,0.065415672,0.977685792,4.023240265,-23.41200327,4.081639767,0.688857549,4.049743,-1.59E-05,0.002666499,-0.000759882,23.2437927,10.946903
451,0.060833333,0.0312,-0.006834796,-0.218124505,0.056846407,0.169097982,0.059435458,-0.009329156,0.046333126,-0.037156459,0.020385731,-0.025115069,0.493524968,0.472794526,0.423337738,0.283379358,-0.013283397,0.10711945,0.119629031,0.367366764,-0.045148443,0.026449386,0.190832748,0.117544685,0.123507689,-0.008388604,0.03697041,0.094108061,0.132472286,0.073735696,1.090944974,3.869748865,-23.14774218,3.936422825,0.811298535,3.87806237,3.22E-05,0.000338416,-0.000144197,22.7879851,13.110157
452,0.280833333,0.2496,0.121127011,0.235698115,-0.060006743,-0.004357174,0.0423619,-0.049443425,-0.127697404,0.003022746,-0.081299137,-0.096144884,0.105368693,-0.043416044,0.243464549,-0.048494751,0.12443571,0.344733701,0.088371515,0.355455363,0.061591534,0.243400601,0.069008628,0.118354309,0.061835136,0.012680735,0.114037698,0.090410476,0.018976958,-0.015540863,0.774841992,3.230342775,-17.6334038,3.276524067,0.543485178,3.27352159,-7.62E-05,0.001389963,0.000419974,17.688499,11.014909
453,0.378611111,0.006,0.090967647,-0.101477179,-0.007323076,0.064367028,-0.109213611,-0.079649584,-0.054709345,-0.124937312,-0.03907214,-0.087528115,0.35826928,0.39931455,-0.031679707,0.190311268,0.086160382,0.011045366,-0.067757764,0.303741302,-0.011393926,0.125520895,0.289177715,0.06386985,-0.012358202,0.053814992,0.13567755,0.084727131,0.049477065,-0.006297231,0.971177151,3.805491273,-21.74828741,3.86396718,0.698204404,3.82912674,4.32E-05,0.001873565,0.000149306,21.5764506,11.202392
454,0.393888889,0.0648,0.193778953,-0.2166162,-0.193701144,0.087338834,0.05399715,0.037362665,-0.012180208,-0.151416595,0.016731224,-0.134917643,-0.043997031,0.454926065,0.395733583,0.051312681,0.224891614,-0.036366656,0.10296495,0.066322492,-0.016865578,0.229902759,0.289574515,0.234964133,0.149406718,0.115260334,0.161156576,0.040523478,0.00127089,-0.013276185,0.994999038,3.864857438,-22.51397139,3.924850464,0.71650016,3.87604738,-9.40E-05,0.001320602,0.00120167,22.2464557,11.625872
455,0.247222222,0.0018,-0.031394189,0.040991234,0.192782595,-0.03656358,-0.130590849,0.074130234,-0.070120166,-0.13166772,-0.043565432,-0.125138425,0.46337928,0.484432707,0.166676321,0.359762112,0.231730667,0.305709698,-0.015249273,0.359323575,0.126370789,-0.012358634,0.203767257,-0.006530167,0.063449763,0.017141492,-0.046160989,0.067720794,0.126544769,0.073511602,1.007041068,3.561172479,-20.67967813,3.622745275,0.747967106,3.5769359,7.73E-05,0.001403952,-3.66E-05,20.387723,12.782336
456,-0.070555556,0.279,-0.070564535,-0.167172744,0.248684177,0.084129431,-0.125923918,0.060740797,-0.059869794,-0.115272277,0.002231558,0.011231274,0.069928952,0.463822397,0.358317881,0.360947843,0.262883777,-0.005920199,0.262451243,0.31743469,0.26766238,0.196220603,0.147126125,0.215694407,0.102860753,0.047279259,0.011874673,0.118435762,-0.027177241,0.01937019,1.401874867,4.568979128,-29.33352078,4.655639172,1.06181209,4.53290335,7.87E-05,0.001026248,-0.000485816,28.5059874,13.204467
457,0.222777778,-0.0486,0.194404331,0.054846757,-0.129859981,-0.012711166,0.045343471,0.025543957,-0.137610726,-0.183818592,-0.061880608,-0.033258665,0.248376257,0.356862592,0.040812996,0.368625293,0.014701783,0.006820909,0.32672258,0.1884754,0.273218077,0.083718478,0.149162665,0.148043471,0.075365184,0.133617211,0.189107854,0.117219833,0.111216243,0.068782451,0.961464934,3.636474132,-21.05651561,3.694684267,0.699997325,3.66044372,-3.56E-05,0.000795545,0.000325678,20.855118,12.863457
458,-0.131666667,0.0858,-0.091050945,0.046252229,0.183368162,-0.06870206,0.07564061,0.034797054,-0.171298877,0.015648922,-0.001591094,-0.019707266,0.458567852,0.017818949,0.22632839,0.172460738,0.316074211,0.226435375,0.101883147,0.179410864,0.178677759,0.09249657,0.195651032,0.149490659,-0.002395104,0.179932265,0.019738907,0.049928529,-0.02043306,0.050195367,1.01287682,3.559227868,-20.31624107,3.621212482,0.754279987,3.58821302,5.60E-05,0.003533737,-0.000543442,20.1537728,12.386262
459,0.137222222,0.0396,0.135186297,-0.067880835,0.188017963,-0.027335705,0.135210393,-0.095024703,-0.156190921,-0.132508045,-0.041636341,0.028220479,-0.074362713,0.11106714,0.373474454,0.386187188,0.283101615,0.168157152,0.0321404,0.171956282,0.249390276,0.047624727,0.121189814,-0.014433552,0.036568135,0.189525056,0.00301996,0.001153212,0.06272027,-0.007385858,0.975056133,3.808431481,-22.56965947,3.867170811,0.700323937,3.83001046,8.45E-05,0.001757051,-0.000481891,22.3709675,11.476319
460,0.219722222,0.0396,-0.010091105,0.182543224,-0.123532726,0.193578437,0.012099212,0.02142548,0.017782091,-0.136869666,0.007511214,-0.137087728,0.393725119,0.383810182,0.353516059,-0.06270473,0.227897855,0.203546351,0.196315018,-0.009084071,0.152080954,0.040964849,0.176157134,-0.007612373,0.024133599,0.045983053,0.164891244,0.02371566,0.106425139,0.03073498,0.871869215,3.35202949,-18.59492261,3.404682636,0.631875303,3.37911229,9.84E-05,0.002400837,-0.000513476,18.5002003,11.751307
461,-0.15,0.1446,0.064898177,-0.16090348,-0.248012491,-0.19572546,0.070097448,-0.02218141,-0.079218412,0.024994839,0.00070985,0.017591415,0.029715935,0.161428235,-0.025371255,0.256022184,0.06549601,0.157004687,0.131414513,0.11415329,0.158667558,0.013858623,-0.037846785,-0.023932627,0.080086522,0.163265656,-0.045051487,-0.035773024,0.113785088,0.057821723,1.079610685,4.212384719,-24.47039477,4.277433395,0.77777678,4.23969592,-0.000143658,0.002415405,0.001722276,24.2826249,11.845202
462,0.259444444,0.216,0.188641478,0.212551908,-0.049060962,-0.076738085,0.112024056,-0.068988471,-0.193538327,-0.039810795,-0.023534367,-0.116201801,0.173139248,0.469301393,0.191650076,0.204576837,0.28725098,0.169524252,0.120065491,0.244678224,0.283463156,-0.024710398,0.226327205,0.136034277,0.074633533,0.024252326,0.139892994,0.033602977,0.03245846,0.060454627,0.789772071,3.187098156,-17.72630084,3.23442626,0.561700626,3.22324281,0.00011257,0.001983026,-0.000382495,17.7115811,12.193424
463,0.146388889,-0.12,0.175018758,0.018106462,-0.235472534,0.052044418,0.040335046,0.013664381,-0.070488734,-0.108159451,-0.073762299,0.022021434,0.141993221,0.039932114,0.398461455,0.331807808,0.11763598,0.271358784,0.121075783,0.289675799,0.159691458,0.153727994,0.067870252,0.060268086,0.176501277,0.187368455,0.193158108,0.13544012,-0.013667146,0.074386897,0.992050331,3.604166564,-20.61206054,3.664588928,0.732920837,3.63815331,4.49E-05,0.003302101,-0.000159221,20.5297412,13.053869
464,0.158611111,0.2454,0.132358821,0.127948829,-0.176327083,0.013733779,-0.101689232,-0.101348269,0.069961464,0.022907046,-0.063998957,0.01375461,-0.027285827,0.293798978,-0.074076682,0.005650668,-0.02544543,0.091997151,0.127394273,0.121692224,0.057816473,0.041515682,0.154595149,0.005496256,0.011470474,0.169952494,0.195447392,0.141500088,-0.0016702,0.053510015,0.876588582,3.703129323,-20.80776739,3.755256414,0.611109664,3.7300635,-3.19E-05,0.001510652,0.000365864,20.6937843,10.273723
465,0.0425,0.1446,0.169581391,0.241476907,-0.010404817,0.196007921,0.131559815,-0.009107141,-0.199366072,-0.130220889,-0.080685575,-0.005717772,0.471862517,-0.015555138,0.34465736,0.383969393,0.233603521,0.161855992,0.227525117,0.168352713,-0.026234692,0.198972953,0.288154095,0.237440509,0.133508314,0.12123203,0.178024724,0.085240676,0.120902599,0.09110177,0.876152912,3.236973246,-18.27066534,3.290205479,0.643039492,3.26830856,0.000102114,0.002632556,-0.000357694,18.1890437,12.214003
466,0.094444444,0.0312,0.066781857,0.091447908,0.202911042,-0.070082475,-0.041917571,-0.00573673,-0.09632806,-0.113142366,-0.103607288,-0.111739808,0.132713952,0.007811521,-0.051182207,-0.055027691,0.153986919,0.134231898,0.207887784,0.010491196,0.001259851,-0.005495673,-0.040197961,0.05040628,0.190632523,0.128613464,0.087325131,0.054016646,-0.008185275,0.067493172,0.90405648,3.896440903,-22.26797862,3.950013161,0.625581129,3.90273273,5.19E-05,0.001853888,-0.000134034,21.987011,10.04041
467,0.173888889,0.0774,-0.026797824,0.107904071,-0.14435199,0.182412483,0.052829157,-0.032389356,-0.009608882,0.033135501,-0.046560366,0.029403074,0.359710871,0.450137121,0.338175234,0.383045761,0.212121312,-0.023267249,0.001271209,-0.036909875,0.274357491,0.157750296,0.096936212,0.140640575,0.185866624,0.155015801,0.005837284,0.048873685,0.088397295,0.093921687,0.866744277,3.483269942,-19.98335543,3.535245895,0.616176079,3.50934539,-2.39E-05,0.001165891,0.000158226,19.8681423,12.122792
468,0.005833333,-0.0444,-0.077619057,0.042893004,-0.246253435,0.151140169,-0.073172796,-0.066826031,-0.077497191,-0.025993529,0.024332765,0.011683612,0.130950605,0.040054479,0.38378218,0.152124309,0.091155744,0.376935518,0.30062937,0.03946664,-0.041622265,-0.016332941,-0.007456432,0.058678739,0.090269933,0.178006869,0.187214242,-0.034559519,-0.029671026,0.057423553,0.984599207,3.737311756,-20.93273755,3.79689002,0.718752057,3.77810029,5.30E-05,0.001262845,-5.07E-05,20.8702905,12.333473
469,0.121944444,0.2076,0.185132932,0.229339013,-0.05713136,-0.158397087,-0.129259572,-0.017622713,0.067355536,-0.131310598,-0.042118177,-0.052564223,-0.059567215,0.396270645,0.128111179,-0.028609437,0.061674595,0.060778962,0.280693092,-0.021578725,0.214665028,0.189132023,0.061109069,0.290197221,-0.001376228,0.129677251,0.02920415,0.120110475,-0.01165611,0.092524435,0.932510756,3.745786014,-21.74926455,3.801710129,0.661172943,3.74533021,-4.71E-05,0.002234512,0.000380305,21.4112876,11.230266
470,0.225833333,-0.12,0.02414687,0.179134348,0.182833163,0.005405403,0.134394184,0.085885949,0.021894972,0.025953702,-0.148545521,-0.092347136,0.038013921,-0.032012995,0.252967827,0.357202773,0.269893752,0.29260466,-0.028007758,0.147813008,0.24525266,0.104615035,0.279384175,0.030974514,0.159817389,0.111916616,-0.020551776,0.034127897,0.109919123,0.078282066,0.822630092,3.061554015,-16.76951811,3.111479998,0.599689389,3.10568453,5.92E-05,0.003641751,0.000102098,16.8093927,11.356792
471,-0.0675,-0.0276,-0.0852838,-0.052897009,-0.100844963,0.021049847,0.107812423,0.088497243,-0.18237052,-0.158163298,-0.119621652,0.014415282,0.190064653,0.116407801,0.223584124,0.02220938,0.311839339,0.039097146,0.256990694,0.247629414,0.009423926,0.075373745,0.203646592,0.024197171,-0.02708589,0.191267712,0.054386398,-0.005063667,0.00738073,0.02700603,1.011494385,4.00668953,-23.05975,4.067487717,0.72477144,4.02741483,6.28E-05,0.000545129,-0.000159108,22.8507645,12.268171
472,0.219722222,0.195,0.012574803,0.247844163,-0.237182899,-0.14252685,0.009300166,0.046452468,0.034277205,-0.054232644,-0.06530419,-0.117677672,0.427581857,0.222039742,0.149566954,-0.005201024,0.022516941,0.132020784,0.092701945,0.098902206,0.295279894,0.220700561,0.070896689,0.152535304,0.00693538,0.067395109,-0.009643167,0.118994015,0.022001716,0.084876631,0.812684134,3.349149856,-18.31099094,3.397681475,0.573545433,3.37666329,6.53E-05,0.001855376,-7.37E-05,18.2442419,11.812421
473,0.351111111,0.2748,0.190215657,0.153407376,-0.073437653,-0.045077564,-0.035063448,0.06793046,-0.04603635,0.045461005,-0.052202221,-0.131138722,0.048994548,0.084846866,0.186643943,0.201038929,0.14130998,0.145047038,0.270643481,0.35710626,0.24392497,0.05534334,0.29677652,0.032963812,0.169019234,0.172196791,0.16833207,0.150940427,0.139835412,0.088067473,0.819847496,3.158148599,-17.84914846,3.207645178,0.59244615,3.17795026,3.99E-05,0.002162882,-5.09E-05,17.7033697,12.025364
474,0.238055556,0.2706,0.09712431,-0.196649948,0.173000809,0.172042591,0.06476022,-0.079126754,-0.197500474,0.01447418,-0.045883785,-0.077485449,0.379064787,0.231632675,0.306093941,0.151446916,0.065117171,-0.017462047,0.150372379,0.038095177,0.061404359,0.0889561,0.126085288,0.109653277,0.104914236,-0.009172287,-0.007614357,0.007349398,0.127511083,0.092332965,1.001735893,4.036522834,-23.97956907,4.096567631,0.71033701,4.0385701,-2.57E-05,0.000924346,0.000111955,23.6320517,10.764833
475,0.008888889,-0.0696,0.089545338,-0.12842714,0.114961489,0.145961287,0.017841537,-0.11620195,0.069381936,-0.034444227,-0.025277736,-0.011508247,0.063140506,0.277841093,-0.086334369,0.170597985,0.323777529,0.294947803,0.31953045,0.026120187,0.248151038,0.133088914,0.023249628,-0.00146331,0.063540844,0.098902943,0.176680243,0.048295922,0.000645068,0.085686143,1.075026275,3.943304099,-23.36097894,4.00868845,0.789441083,3.96278439,8.57E-05,0.002941486,-0.000724371,23.1015255,12.001378
476,-0.137777778,0.1278,0.108273323,0.213481709,0.22373891,-0.118538447,0.002534283,-0.082006041,-0.113278112,-0.111349443,-0.112291682,-0.010549905,0.344826034,-0.047555374,-0.04255074,0.139107474,0.271136291,-0.042530314,0.112765086,0.04996711,0.228629751,0.193386425,0.159015835,0.268419363,0.118679163,0.012285678,0.107153779,0.107183424,0.083892137,-0.00935368,0.986536909,3.81611678,-22.19078361,3.875638247,0.711067551,3.83581126,2.76E-05,0.000751638,-0.00019045,21.9552099,10.893502
477,-0.095,0.0606,0.143727311,0.049543271,-0.071685073,-0.081386651,-0.141834043,0.063195609,-0.009010273,-0.014837452,-0.140670627,0.007759297,-0.065269633,0.393219957,0.290710143,0.398213377,0.104677813,0.234359234,0.317157839,0.248542904,0.186936882,-0.003462424,0.299407782,-0.006763505,-0.021361404,-0.010159083,0.124000958,0.080006241,-0.022730762,0.094178369,1.073421513,3.807750633,-22.32534989,3.873353243,0.79837545,3.83316385,-2.23E-05,0.000461805,0.000929352,22.0987645,13.120904
478,0.250277778,0.0942,0.022398458,-0.030095822,-0.12686538,-0.191488967,-0.098808379,-0.047295888,-0.040612729,0.009531604,-0.147886267,0.019028455,-0.06141836,0.237539898,0.014467431,0.201641001,0.047819456,0.029078445,0.058532918,0.126086044,0.211656762,-0.027217607,0.075373954,0.078479703,0.024800117,0.078880003,0.138377312,-0.022641544,0.12823062,-0.00085929,0.916701156,3.921546601,-22.26964501,3.975939751,0.636135255,3.94109841,6.55E-05,0.001688381,-0.000130372,22.0755488,11.049219
479,0.351111111,0.1236,0.043233038,0.123061285,-0.062459454,0.016254725,-0.14471439,0.06971117,-0.033805604,-0.166470532,0.007945695,-0.014198233,0.403008953,-0.088389292,-0.018342523,0.053619802,0.102510769,0.160840313,-0.034984982,0.270791988,0.082611179,0.166685911,0.265165498,0.133390951,0.113442078,0.177569316,0.195297864,0.129761075,0.093898201,0.064188953,0.988572764,3.450039618,-19.29021486,3.510594845,0.736359287,3.47870113,-2.40E-05,0.001569984,-0.000236849,19.1150189,10.965456
480,0.363333333,0.0816,0.139472817,-0.058663917,0.176491136,0.145243696,-0.037755976,-0.106203314,0.059477107,0.021509965,-0.083959005,-0.051564585,0.159707612,-0.041160983,0.415934009,0.012747544,-0.009067395,0.270171042,0.327201293,0.222106555,0.292832863,0.104346485,0.194791617,0.127220599,0.185384888,0.176394374,0.122190535,0.194384392,0.040667675,-0.014447001,0.91702238,3.438246173,-20.09689312,3.493839025,0.669021945,3.45229981,-6.19E-07,0.002112821,0.00016001,19.8616002,12.149306
481,0.363333333,-0.0108,-0.011692191,-0.229977573,0.096042357,0.199440919,-0.128278342,0.042281803,-0.108615062,0.002895312,-0.058882208,-0.091951142,0.226167191,0.462443005,0.050085969,0.381457842,0.015974133,0.151697036,-0.013507256,-0.068101908,0.129068807,0.244082608,0.295616135,0.289322555,0.176893002,0.134859637,0.188198951,0.097197206,0.014213983,0.07966612,1.043913088,3.734809645,-21.85109994,3.798531532,0.773328177,3.74432562,-5.69E-05,0.002348054,0.000657916,21.5400208,11.894728
482,-0.030833333,-0.0864,0.045632952,0.085312088,0.104545924,0.141924687,0.004569821,-0.056066088,-0.165905108,-0.118150814,-0.096062392,-0.06265948,0.398013488,0.139542332,0.425655303,-0.043370075,0.290146943,0.173707733,-0.031934792,0.101123239,0.108580445,-0.005881387,0.012707421,-0.008929748,-0.011901266,0.167100492,-0.036228128,0.040241689,0.122580322,0.082490581,0.972365214,3.803928302,-21.7914399,3.862490892,0.69737801,3.82714737,8.95E-05,0.000841818,-0.00034661,21.6359786,11.270251
483,0.054722222,0.153,0.106750256,0.181592245,0.046919464,0.057691681,-0.029304143,-0.089014437,0.033051093,-0.095258448,0.023735914,-0.136200015,0.485277695,0.053616673,0.16780643,0.131196492,0.242888343,0.061627485,0.313147349,0.167745831,-0.028509986,0.051957071,0.20926179,0.049088005,-0.009707415,0.072839824,0.037097236,-0.000932389,-0.016409367,0.016558111,0.886103857,3.614537239,-20.61569956,3.667543888,0.627868321,3.63691602,2.98E-05,0.001399503,2.64E-05,20.4548934,11.216415
484,0.140277778,0.1404,0.151835221,-0.020011201,0.030556938,-0.089301402,-0.114424725,-0.062673802,-0.026304869,-0.167964436,-0.069978439,-0.056484792,0.149314182,-0.028722683,-0.099172812,0.069399296,-0.011599975,0.200181945,0.301828028,0.145912638,-0.048123324,-0.005194219,0.055507143,0.057924731,0.052987721,0.083445377,-0.014627764,0.018782477,-0.023404312,0.075363387,1.015000135,4.142881799,-24.17512986,4.203592777,0.717710614,4.14226366,-2.02E-05,0.000880806,0.000354467,23.7856909,10.539557
485,0.057777778,0.2916,-0.014683772,-0.102557103,-0.103780101,0.154325863,-0.077278126,-0.04330437,0.020445733,-0.130842656,0.012839787,-0.075806949,0.253449538,-0.027398094,-0.045009327,0.215168349,0.297925606,0.353734344,0.129213123,-0.042749997,0.265257403,0.152872113,-0.0208803,0.221504128,0.137167278,0.083281233,0.100565852,0.156929408,0.139050012,0.054896265,1.157730108,3.946904054,-23.57471569,4.018048763,0.869503894,3.9613829,-2.69E-05,0.001472211,0.000521112,23.2276086,11.680454
486,-0.082777778,0.1026,0.14492792,0.006449116,-0.20052786,0.054919016,-0.135427626,-0.025435711,-0.186615139,0.028435669,-0.017422175,-0.036936047,0.24913199,0.135789354,0.411384234,0.305572965,0.273694619,-0.001901215,0.229706013,0.108854483,0.08089466,0.21371277,-0.036656791,0.027676498,-0.023701296,-0.017933596,0.158167624,0.154052508,0.033729807,0.065332708,1.032488962,4.108253723,-24.10835848,4.170269012,0.738468491,4.13228255,-4.37E-05,0.001225067,0.000344277,23.9185963,12.179561
487,0.396944444,-0.0654,0.103294991,-0.033182225,-0.042417442,-0.098421889,-0.099991257,-0.057368369,-0.016602081,-0.160223613,-0.026201982,-0.122898991,0.036120064,0.169224066,0.030136428,0.290548501,0.115887248,0.203024605,-0.02667578,-0.027865084,-0.010156005,0.113894628,0.18832324,0.170810907,0.159740809,0.166126967,0.192166631,0.101977547,0.111620775,0.090589297,0.964365193,3.780369672,-21.27489865,3.838431597,0.693581,3.80321696,-2.96E-05,0.00113033,0.000115748,21.0862686,11.018697
488,0.375555556,0.1488,0.135737322,0.295298439,-0.11731852,-0.006110884,0.031245342,-0.020744367,-0.07325228,0.032228306,0.004059328,-0.097926921,0.061168299,-0.054424763,0.311906529,0.312525113,0.113413786,0.349588558,0.395935488,0.238978459,0.086420356,0.16437664,0.065849705,0.135598764,0.007671934,0.08628018,0.130046309,0.025048897,-0.008074034,0.029079796,0.72598166,3.079486096,-16.73921235,3.122626543,0.507014949,3.11876097,-1.98E-05,0.001522726,0.000305433,16.7686689,11.90007
489,-0.116388889,0.1824,-0.042441204,0.170727194,-0.135199084,-0.153297493,-0.072278338,-0.11879142,0.018760111,-0.001253414,-0.09135122,0.027108113,0.142394593,0.357534633,0.141975746,0.314790568,0.326540245,0.302111481,0.394115458,0.210042862,0.259270853,0.212652933,0.004516495,0.085604661,-0.004196362,0.130543528,0.079750185,0.023156067,0.111384832,0.030859116,0.990990608,3.719066916,-21.69800828,3.779135466,0.722746546,3.74057942,2.18E-06,0.000860462,7.34E-05,21.4876219,13.895477
490,0.091388889,0.0858,0.165704632,-0.232164296,-0.233169621,0.02053362,-0.094541023,-0.112769255,0.02079618,-0.09908532,-0.092249524,-0.027335502,0.034427972,0.219158873,-0.020707661,0.377894746,0.168565397,-0.055011229,-0.016050146,-0.030016527,0.280541085,0.088281255,0.008100886,0.298513197,-0.007622708,0.08285071,0.04037029,0.119586013,0.097401093,0.016314258,1.156484227,4.394031126,-26.29216073,4.463999748,0.838566951,4.4122722,-3.22E-05,0.001624574,0.000442086,26.0024676,11.281898
491,-0.000277778,-0.0528,0.081418109,-0.134871153,-0.090643097,0.148328681,0.027325519,0.039254673,-0.158646265,0.044402131,-0.016388046,-0.133958514,0.448058208,-0.092518848,0.109206202,0.046751529,0.027614672,-0.009429081,0.249774485,0.086004165,0.226037975,0.233281088,-0.036128406,0.067424861,-0.008861041,0.127546576,-0.047029628,0.139420211,0.042966957,0.052699099,1.033993715,3.98359038,-23.04116975,4.046014309,0.747150045,4.00400574,4.22E-05,0.002838937,-0.000124984,22.837705,11.576989
492,0.18,0.0984,0.163366666,0.157929853,0.112719694,-0.105087816,0.112804928,0.045349125,-0.014650445,-0.171738807,-0.039805565,-0.14589706,0.224983346,-0.055782759,0.00414929,-0.058778168,0.037871586,0.306904444,0.140981099,-0.064087484,0.231940611,0.043329731,0.108676703,0.136805862,0.054647729,0.137691066,0.198337437,-0.021970523,-0.007130794,0.050413518,0.872648499,3.315133028,-18.10533916,3.367930412,0.634647401,3.3555519,-2.47E-05,0.001112421,3.02E-05,18.0634294,10.265973
493,0.357222222,-0.0864,0.182913937,0.020242123,0.037399405,-0.19057204,-0.019057577,0.054362099,-0.160977771,-0.150686499,-0.010124557,-0.07847141,0.241922083,0.087229062,0.298938843,0.266924384,0.241714927,0.059817857,0.060299564,0.175489503,0.063861913,0.090016739,0.221904603,0.24979524,0.022716665,0.063158195,-0.002210206,-0.012382391,-0.013489101,0.002164505,0.89599765,3.718942881,-21.12166944,3.772385359,0.630427096,3.73660095,5.46E-05,0.001927176,-0.000255244,20.9264801,11.604629
494,0.155555556,-0.0318,-0.030780749,-0.242478381,-0.064177797,-0.078485172,-0.036014269,-0.04458938,-0.125661324,-0.046919303,-0.143492867,-0.124831703,-0.010699069,0.397015441,0.066803536,0.101599244,0.134102738,0.259239278,-0.012037565,0.028764953,0.244791088,0.147398854,0.069696549,0.234613447,0.117676682,0.038794993,0.014167636,0.186639626,0.060489817,0.088916798,1.065519444,4.084054882,-23.58739918,4.148433208,0.772115912,4.10648043,-4.26E-05,-6.94E-05,6.55E-05,23.3672982,12.40454
495,-0.000277778,-0.057,0.119696442,0.2194858,0.07500127,-0.141069851,-0.148538178,0.094535662,-0.001415897,1.77E-06,0.002041499,0.025356673,0.353056287,0.238546032,0.160444469,0.036825534,0.063793348,0.199926865,0.250698758,0.258506232,0.120706388,0.078094838,0.295267254,0.095225072,0.132592359,0.093621639,-0.036263583,0.138090539,0.129547107,0.091629533,0.911975926,3.525978455,-20.03516705,3.581005573,0.659762217,3.53924232,4.12E-05,0.002083704,-0.000165938,19.7828709,12.631294
496,0.308333333,0.2202,0.067310599,-0.111784814,-0.157199653,0.194171975,-0.064402511,-0.008650592,-0.112314045,-0.105572781,0.024294259,-0.120968876,0.469590845,0.130934037,0.194211307,0.097059837,0.057534044,0.224044178,0.235880055,0.195654267,0.26019363,0.042877775,0.2448086,0.07625407,0.154922356,0.096993828,-0.041538534,0.151823427,-0.005182936,0.015256483,0.997318307,3.665913536,-21.35342221,3.726552963,0.733721768,3.67550142,0.000101904,0.001420912,-0.000455119,21.0757667,12.464878
497,-0.006388889,-0.1032,-0.008837983,-0.055419965,0.089070008,-0.007187352,-0.068037898,-0.028433376,-0.104272779,-0.129009373,-0.009785468,-0.102833137,0.33640005,0.126895529,-0.084730139,-0.070039465,0.234107311,0.124336502,0.026506166,0.197803088,0.157042093,0.053919806,0.112328147,0.169404905,0.171377809,0.160934078,0.180031475,0.148428379,0.104252543,0.045218565,1.073473746,3.950273418,-22.86332108,4.015532494,0.788708484,3.965231,6.73E-05,0.002447443,-0.000321413,22.5826654,11.870508
498,0.235,0.2958,-0.005372524,-0.189377013,0.006793741,0.152750406,0.030560859,0.009355302,-0.053868637,-0.041505437,-0.015590319,-0.064914925,0.068092159,0.375147489,0.145367225,0.278767044,0.245585588,0.100057189,0.371095041,0.157975413,0.170862629,0.039913483,0.088091988,0.293742448,-0.011124241,0.185053139,0.131479475,-0.000571088,0.128796857,-0.000128122,1.01790173,3.863142879,-23.19312759,3.924737692,0.738691117,3.87047848,3.98E-05,0.001936033,-7.79E-05,22.8422654,12.367435
499,-0.055277778,0.1404,0.054546712,0.267002294,0.032443949,-0.056515443,0.046958536,-0.011793169,-0.019733986,-0.151870331,-0.135431494,-0.022109309,0.306849058,0.192483512,0.262771328,0.268763758,0.266476912,0.299992674,0.030185191,0.084057728,0.270672345,0.093655424,0.169021507,0.11222364,0.177957375,-0.019549726,0.141485349,0.079242672,0.129918097,0.087576812,0.919998749,3.406391236,-19.2967573,3.462269306,0.674509247,3.44174858,-4.11E-05,9.33E-05,0.000622674,19.2124634,12.275078
500,0.323611111,0.1152,0.087453559,-0.238933146,-0.080915165,-0.137624945,-0.124515052,0.118350619,-0.111766242,-0.174260659,-0.038109199,-0.071289908,0.037188964,0.372914312,0.033631501,-0.077916447,0.044835969,0.332649876,0.077021079,0.040271607,0.292172943,0.081595835,0.196531009,0.007027999,0.119673574,0.154068535,0.045967041,0.136948595,0.116558069,0.018350272,1.145782244,4.034137831,-23.72960441,4.104236603,0.849945192,4.03283191,3.90E-05,0.002665454,-0.000338656,23.2797246,11.952262
501,-0.058333333,0.0186,0.075285964,-0.048306954,-0.23344578,0.195078936,0.058792386,0.112042652,0.019839467,-0.016742432,-0.005250149,-0.149250779,0.424989602,-0.031685192,0.428581333,0.013457997,0.251207757,0.16428725,0.026371161,0.323522885,0.206732494,0.176910198,0.251043833,0.16252912,0.106802975,0.036282098,0.052862239,0.162288705,-0.002988675,0.092958909,1.040792921,3.676136604,-21.0673944,3.739783764,0.775840724,3.72303235,8.49E-05,0.003492289,-0.000943136,21.0311275,12.790521
502,0.235,0.2916,0.102413978,-0.064116337,0.225346281,0.041196311,0.065772167,0.045889202,-0.017692977,-0.06701785,-0.01226139,0.019993385,0.077421284,-0.062310796,0.002712292,0.26113337,0.298947377,0.041126921,0.303927124,0.102563194,0.119386648,0.057252145,0.109903776,0.239272777,0.130511387,0.089413983,0.140559984,0.12876674,0.057867687,0.062722168,0.943685092,3.802284748,-22.62085447,3.858850718,0.667990504,3.78719476,0.00012556,0.002540106,-0.000618315,22.1664144,10.534743
503,-0.134722222,0.069,0.124693273,-0.209106987,0.054584966,-0.149969443,0.040789559,0.014730127,-0.166681661,-0.065913552,-0.066072603,0.011780091,0.29289511,0.229120262,0.337837607,0.129030359,0.33355165,0.261355059,0.244347146,0.304320511,0.117404558,0.013111883,0.225216649,0.248679608,0.001899266,0.168363303,-0.006008461,0.136177525,0.030665893,0.042638213,1.196649159,4.096774046,-24.57309586,4.170268536,0.900767073,4.11238196,-1.42E-05,0.00138875,0.000283225,24.219403,13.815269
504,-0.079722222,0.2958,0.155788238,-0.086539166,0.214320865,0.082392281,-0.112675664,0.057094713,-0.15670555,-0.187286297,-0.142022922,-0.102510127,0.075268039,0.323383484,0.116206153,0.118062688,0.130077513,0.012563087,0.215201427,-0.00846416,0.103654872,0.198627418,0.287722777,0.091442272,-0.019883326,0.18048729,0.051720859,0.182547217,0.092205536,0.019905293,1.334991904,4.587115608,-28.55921405,4.669065952,0.997600069,4.57749623,-1.44E-05,0.001227721,-0.000597742,27.9655971,10.993338
505,0.030277778,-0.078,-0.070235712,0.26634729,-0.166108692,-0.164979977,0.000149601,-0.080418743,-0.187023828,-0.073155021,0.026672464,-0.107667416,0.460207503,0.459260426,-0.071202382,0.263529372,0.268470695,0.360263953,0.232255987,0.001857619,0.209417645,0.137234144,0.126629916,0.157497042,0.195666283,0.192772039,-0.025970756,0.040840322,0.120159845,0.047564237,0.947694639,3.216672121,-17.46573033,3.274944305,0.714610229,3.27166549,-1.37E-05,0.002334382,0.000330444,17.4937708,13.838915
506,0.390833333,-0.0654,-0.007935532,-0.229734635,0.045903298,-0.187134324,0.007605498,0.023794162,0.021431462,-0.165156238,-0.080008811,-0.122208245,0.371038977,-0.075852026,0.093485918,0.114596762,-0.01575056,-0.009743001,0.16106664,0.321534129,0.296710308,0.2353652,0.273887975,0.110223722,0.174612644,0.022868324,0.007190923,0.126290095,0.107162648,0.023658595,1.023860558,3.867047809,-22.36307658,3.929048777,0.746381155,3.88020606,1.05E-05,0.000738078,-0.000116832,22.0799027,12.500804
507,0.033333333,-0.057,0.017768964,0.245057548,-0.091207085,-0.050412102,0.083093421,0.017184611,-0.047088757,-0.097524107,-0.045155328,-0.039601107,0.076901608,-0.085733516,0.363339644,0.161451349,-0.049880586,0.375264792,0.125474616,-0.020111041,0.189708983,0.135333586,0.193121178,0.109215156,0.101689169,0.003932639,-0.041935824,0.135121057,-0.02299504,-0.014805057,0.854504163,3.360726648,-18.16055085,3.412147284,0.613821437,3.40515387,4.91E-05,0.002054613,-8.93E-05,18.2002918,11.574738
508,-0.076666667,-0.1158,0.14345867,0.08191369,-0.015983997,0.138540393,-0.016982707,-0.033075187,-0.099281429,0.039101638,-0.057941946,-0.025880403,-0.066381303,0.390894514,0.279637507,0.084073365,0.320604159,0.329124344,0.144014991,0.344359562,0.06757728,0.172444732,0.107670538,0.207756662,-0.016053815,0.102447421,0.09400445,0.06518114,0.079668519,-0.011754628,0.968108926,3.742301787,-21.64584405,3.800717592,0.699977634,3.76593845,0.000171801,0.000973596,-0.000859696,21.4914469,12.793527
509,0.186111111,0.2916,0.173930267,0.279767314,-0.245016305,0.151492626,-0.036596763,-0.077131793,-0.114986166,-0.197543006,-0.060671398,-0.073593875,0.183654916,0.289586222,0.205494028,-0.071364867,0.312684542,0.169794732,0.330397168,0.143903503,0.0973959,0.014862977,0.036499589,0.071127902,0.186946863,0.077510214,-0.022755998,0.163949952,0.044852883,-0.012087171,0.881532162,3.610004729,-20.81981592,3.662703514,0.622292488,3.62166065,6.23E-05,0.001515402,0.000354279,20.5928077,11.544457
510,0.2625,0.258,-0.087405898,-0.171314365,0.052270385,-0.03744361,-0.054965695,-0.064188324,-0.146333068,0.030752282,-0.102982593,-0.10892012,0.125505239,0.171317546,0.273684196,0.029335642,0.33020369,-0.015128672,-0.074484953,0.144456195,0.21778922,-0.012069731,-0.033229524,0.001428211,0.112169363,0.026935813,0.009709188,0.056232526,0.063410344,0.097695753,0.974112339,4.100317899,-23.99804676,4.158280373,0.679134737,4.10805542,2.56E-05,0.001941699,-1.81E-06,23.7051634,10.667842
511,0.308333333,0.2118,-0.020958464,0.053571006,0.230852721,0.135512724,-0.099106108,0.000804455,-0.139901647,-0.141682459,-0.078553901,-0.035470073,0.348518786,0.100326133,0.159161973,0.120694588,0.313457405,0.392319081,0.353212362,-0.078364742,0.066940337,0.028229513,0.033165103,0.019519645,0.127106691,0.042961718,0.127171845,0.130025479,0.027300748,0.061391655,0.947065905,3.558195372,-20.62152075,3.615591764,0.689955354,3.56821195,2.21E-05,0.001870996,3.31E-05,20.3067874,11.180905
512,0.381666667,0.216,0.192487559,0.243055179,-0.118115948,-0.045859696,0.065213649,0.088361284,0.057839989,-0.176994847,-0.149917818,-0.00516922,0.060721772,0.129131912,0.42049494,0.285153199,0.312346851,0.294147527,0.138842211,0.272847737,0.126143598,0.170644216,0.147516093,0.174205471,0.020580107,0.118170776,-0.024672729,0.190297886,0.019564931,-0.011155754,0.793149484,3.265437074,-18.57143447,3.312809944,0.558039658,3.28017593,1.45E-05,0.001875355,0.000201869,18.4097436,11.926504
513,0.3175,0.2412,-0.037179784,0.123871407,-0.172607384,-0.007699176,-0.093839857,-0.006079836,0.057958202,0.033981371,-0.047706816,-0.035739776,0.011183898,0.347955813,0.11803786,0.399796176,0.296474743,-0.064737197,-0.02052336,0.308802653,0.295783519,0.16302872,0.229267235,0.229212866,0.113143685,0.14242347,-0.011734283,0.032010151,0.098621711,0.058041477,0.86407695,3.476233139,-20.18702446,3.528040171,0.614401376,3.48686378,-5.11E-05,0.002570058,0.000405431,19.9672026,12.004017
514,0.076111111,-0.0444,0.082953624,0.164785834,0.143508291,0.144328861,-0.033306874,-0.058653551,-0.161455133,-0.010618135,-0.003663777,-0.057102682,0.432443115,0.097859923,0.361133196,0.12591231,0.051166309,0.395077839,0.163056228,0.373668987,0.187552648,0.07287185,-0.02626885,0.287380055,0.072995971,0.160243231,0.012176908,0.12899139,0.009428498,0.083448445,0.908448171,3.291790477,-18.7882457,3.347141981,0.670799149,3.3238386,3.42E-05,0.002083026,-8.89E-05,18.6741555,12.969145
515,0.213611111,0.069,0.123818212,0.291602628,0.084991639,-0.079876975,-0.018540223,-0.040417795,-0.158411695,-0.00622906,-0.000819706,-0.02236793,0.192547547,0.314125377,-0.053101966,0.340280731,0.159247281,0.240468729,0.234673831,0.218210836,0.040244976,-0.028934564,-0.045843671,0.167555022,0.160854296,0.091327071,-0.038557291,-0.032701259,0.084352667,0.027634822,0.759878499,3.33110909,-18.60318791,3.37600112,0.521936399,3.3395434,0.000117395,0.002154798,-0.000509791,18.4115563,11.518865
516,-0.110277778,0.0774,-0.090303698,0.029100235,-0.096251734,-0.16059105,-0.055068528,0.099036175,-0.088692058,-0.031501974,0.010663322,-0.089993539,0.228556451,0.418329844,0.40973402,0.233114157,0.258085139,0.359456015,-0.079119647,0.032452066,0.251265831,0.092831758,-0.025672414,-0.03448228,0.193904626,-0.00468527,0.128982695,0.072118881,0.041497162,0.047780382,1.02623921,3.752487581,-21.38808399,3.814933538,0.756158512,3.78180872,-4.64E-05,-0.000318731,0.001362494,21.2219425,12.93843
517,-0.049166667,0.153,-0.050420283,0.056823633,-0.142179361,-0.090651935,0.140713458,-0.072176755,-0.088281587,-0.009589347,0.004702495,-0.112538436,0.14469019,0.444170103,0.08353854,0.353717729,0.187612541,0.119409068,-0.069451885,0.107591158,0.093172787,0.078546793,0.006898848,0.141834641,0.122349036,0.143835795,0.110821957,-0.031511701,0.037192536,0.003452354,0.910472899,3.782022076,-21.34420764,3.836320639,0.640417459,3.81188165,-1.08E-05,0.000357244,2.90E-06,21.2470763,11.874453
518,-0.085833333,0.1698,-0.092585752,0.192856211,0.129509393,0.119976716,-0.088447609,0.099543492,-0.191096518,-0.004734133,-0.057827592,-0.022586279,0.054901857,0.290685744,0.11036255,0.118521296,0.033380351,0.225724566,0.154455916,0.230261181,0.008124848,0.135047779,0.292422011,0.143064838,0.033323082,0.006514495,0.060276948,0.04162772,0.08413183,0.019041556,0.932157359,3.684047668,-21.19847042,3.740097523,0.667038645,3.68976927,0.000126567,0.002234258,-0.000638758,20.9108856,11.429977
519,0.137222222,-0.0906,0.00668783,-0.113629621,-0.013106879,0.147821225,-0.105813997,0.082362559,-0.111812714,-0.177951049,-0.081378424,0.010405915,-0.021157621,0.443690355,-0.019817484,0.160688078,0.120825256,0.198091176,-0.048829012,0.250023133,-0.046289026,0.048935789,-0.029527015,0.125141037,0.007465477,0.049412239,0.047536471,-0.036021872,0.108726562,-0.004187606,1.080857984,4.326899804,-25.63955761,4.391756535,0.768598882,4.31506336,0.000122171,0.001633089,-0.000186202,25.1760154,11.06128
520,0.366388889,-0.1116,-0.06819578,0.119082762,0.17498636,0.133503932,-0.013041031,0.111429169,0.039653719,-0.199336372,-0.039360377,-0.07935413,0.428444202,0.48654883,0.329999373,0.048811913,0.300683545,0.179382469,0.325417529,0.222933612,-0.001742439,0.129285629,0.277489027,-0.02869306,0.13399418,0.005534786,0.024730193,0.102508568,0.089084796,0.082665273,0.911260576,3.407760857,-19.68272861,3.463026047,0.665035744,3.41491718,-7.31E-05,0.000686658,0.001028157,19.358864,12.648083
521,0.066944444,0.174,0.107439579,-0.227085801,0.217246652,-0.177683489,0.033153185,-0.086156505,-0.015206629,0.049165598,-0.03080476,-0.024692375,0.351231634,0.232622229,0.284946772,0.175076227,0.079975883,0.101696232,-0.062636711,0.312244717,0.017350809,0.165105196,0.26265707,0.179582747,0.068571255,0.181608971,-0.047447773,0.122133947,0.101023226,0.017829933,1.104851303,4.002923749,-23.79152952,4.070243359,0.81334905,4.01016986,-3.05E-05,0.002595723,6.41E-05,23.4459956,12.059958
522,0.314444444,0.2412,0.009283744,0.090855089,0.047857876,0.155526793,0.017388413,0.028137141,-0.188809136,-0.076933753,-0.141744854,-0.0613658,0.134491507,0.437953309,-0.001721188,0.147591317,-0.031836223,0.022405501,-0.01753942,0.158731471,0.142318622,0.104975936,0.254172136,-0.033310146,-0.014780835,0.054627558,0.048267898,-0.002937279,-0.026715056,0.039023532,0.828649186,3.575788541,-20.17385784,3.624881744,0.572586147,3.60103281,-6.45E-05,0.003864116,0.001463422,20.0738763,10.069743
523,-0.036944444,0.0564,-0.08758614,0.228412051,-0.102197906,0.052937561,0.057656966,0.009899931,-0.061098658,-0.013342025,-0.130842772,-0.046078591,0.213024439,0.178700385,-0.063261532,0.29681038,0.104659976,0.177266593,0.086286338,0.200303045,0.196303573,0.003244726,0.023625191,0.262616795,0.008250331,0.06224848,0.107054129,-0.009988117,0.085205541,0.096736263,0.85740117,3.534774275,-19.74737859,3.585973024,0.604361591,3.55897623,0.000126267,0.001868947,-0.000568354,19.6458304,11.774727
524,0.305277778,0.1362,-0.059906614,0.061129156,0.021539518,0.051531722,0.036428566,-0.002906966,0.024957517,-0.191898874,-0.030294105,-0.142207017,0.401970794,0.292042803,0.303024549,0.016860253,0.031334584,0.178023909,0.228593712,0.21952848,-0.037272586,-0.014820732,0.070548407,0.026856286,0.117565428,0.172642377,0.098528552,0.057328055,0.127876539,0.06069781,0.886985756,3.527379626,-20.18995163,3.580660105,0.633610159,3.53252448,0.000181401,0.003077932,-0.001543045,19.9026228,11.836114
525,0.268611111,0.027,0.013013038,-0.081056722,0.022515942,0.142910896,0.011800089,-0.042104348,0.064062935,0.037644257,-0.048994903,-0.074953543,-0.092723994,0.471576333,0.309353001,0.220054422,0.321911872,0.11554778,0.15532532,0.002663307,0.220004889,0.24974409,0.11486021,-0.000362136,0.079024873,0.165354972,0.018234837,0.169871498,-0.003216151,0.001563496,0.914826039,3.707337049,-21.67432463,3.762121201,0.64776439,3.72867098,9.37E-06,0.001002067,-3.10E-05,21.4924738,11.8238
526,0.354166667,0.0606,-0.019270479,0.298917619,0.109363639,-0.047839112,0.124390784,0.001334044,-0.13486609,0.005680088,-0.035376441,-0.13984378,0.406422517,0.456540577,0.403342782,0.293277425,0.090220541,0.085005981,-0.07033796,0.340775855,0.152467318,-0.002609515,-0.043244854,0.043368716,-0.003887091,0.116147528,0.078810418,0.012498558,0.125599671,0.011760596,0.71698534,3.103216756,-17.03141508,3.145671844,0.495231051,3.13797341,3.41E-05,0.001739223,-0.000150402,17.0271683,11.658205
527,0.311388889,0.1824,0.166492245,0.130128678,0.054097097,0.070910564,0.044878718,-0.033761385,-0.162663379,0.013202466,0.027834745,-0.03833982,0.270145995,0.001431661,0.063931048,-0.067802235,0.201449174,0.278265326,0.37353444,0.07824941,0.179687918,0.133925681,0.277209707,-0.030286985,0.106303108,0.142984288,0.02169378,-0.02110169,0.147935874,0.074726752,0.807611043,3.153680991,-17.34020136,3.202334881,0.580766284,3.18898979,-6.77E-05,0.002326934,0.000600713,17.2993674,11.13165
528,-0.076666667,-0.0822,0.157347227,-0.023178368,-0.004851842,-0.082449094,-0.09559978,0.017439047,0.035089344,-0.07780618,-0.149500931,0.025509145,0.176297297,0.360779373,-0.094530451,0.177343916,0.157854239,0.173108616,-0.010193176,0.104676192,0.142571783,0.103567194,0.071602561,0.126816508,0.079530762,0.088381142,0.088804823,-0.03734064,0.090843959,0.039463557,1.063292007,4.142993358,-24.19609262,4.207072735,0.765431154,4.15478874,-1.86E-05,0.000187496,0.000452028,23.8977039,11.647819
529,0.164722222,0.1824,-0.062297667,-0.042425457,0.224686558,0.166544558,-0.083213809,0.073310867,0.066928199,-0.111217138,0.019319813,-0.055561688,0.203580314,0.302727262,0.001790133,0.112718515,0.129049007,0.334483791,0.020155581,0.146844952,0.285289388,0.040271408,0.153579792,0.010383874,0.110694801,0.160415041,0.009462942,0.046459512,-0.004083999,0.081822903,1.094098391,3.825551258,-22.94697138,3.892552853,0.812024408,3.82829873,5.46E-05,0.002126621,-0.000393327,22.5343671,11.219007
530,-0.018611111,0.0732,0.173079737,-0.035726946,0.100756119,0.179870374,-0.085030416,-0.050006668,-0.11082207,-0.012421179,-0.105808543,-0.07220972,0.278399495,0.324222415,0.153483741,-0.007817692,-0.043370674,0.154479644,0.273046457,0.377246428,0.048262187,0.195626684,0.150185302,0.160284556,0.09980366,0.097692291,-0.040152174,0.168492302,0.121420976,0.080664386,1.085222429,3.966596352,-23.81767887,4.032635212,0.798859492,3.96939611,6.30E-05,0.002134835,0.000147659,23.4476344,12.470401
531,0.137222222,0.1236,0.176135603,0.019067155,0.074721553,-0.040790703,-0.123960795,-0.083102546,-0.169772758,0.005963048,0.02804317,-0.131457446,0.302567565,-0.057810903,0.244427802,0.36295702,0.213806198,-0.060198969,0.083856375,-0.079916936,0.209736036,0.139513957,0.264298899,0.212493702,0.097463185,0.055114377,0.067108666,0.093354844,0.074680739,0.096494945,0.952076889,3.797818476,-22.01143691,3.854980707,0.678352265,3.81421607,1.35E-05,0.000638115,-0.000162961,21.7849747,11.035574
532,0.216666667,-0.0192,0.12501473,-0.013752837,0.006487397,0.062718475,-0.133340273,-0.113527257,0.054385894,-0.01572296,-0.146887483,-0.106865114,0.232283249,0.387850927,0.269170831,0.15652312,0.192983884,-0.010928789,-0.046288185,0.174310251,0.224322789,0.146618898,0.251643696,0.194470823,0.065680922,0.088834092,-0.0074283,0.130706275,0.052993404,0.0002327,0.960259209,3.877420795,-22.61972269,3.934959888,0.68259975,3.89701187,-2.99E-05,0.001084493,0.000333588,22.4269861,11.908572
533,0.008888889,0.1278,0.17033628,-0.202373345,-0.164073533,0.171581646,0.144063657,0.043635812,-0.189735974,0.044791575,-0.096627985,-0.003095423,0.412495599,-0.052147171,-0.023605667,0.384614751,0.257635434,0.006059108,0.115493293,0.251682279,-0.019909057,-0.014307811,0.133019451,0.152694646,0.07004731,0.184805408,0.157505224,0.156689719,-0.007406479,0.035806184,1.067624772,3.924365565,-22.75109869,3.989279747,0.785797139,3.96753434,5.13E-05,0.002192856,-5.94E-05,22.6782933,11.517972
534,-0.0675,0.237,0.117240534,0.020828165,-0.075593108,0.106969225,-0.060783061,0.059505871,-0.15453913,0.010805655,-0.068866129,0.023235638,0.174477297,0.173507046,0.197744028,0.277123005,-0.01632937,0.047326387,-0.059326349,-0.052195754,0.023563185,0.168136718,0.234549052,-0.005714445,0.094095831,0.104359827,0.086488025,0.002750521,0.143493269,0.010350072,1.023550941,4.006541468,-23.20522557,4.068181038,0.735460985,4.02944041,-6.55E-05,0.001328487,0.000905367,23.0119753,10.304453
535,0.030277778,0.0564,0.128239721,0.292422763,-0.198038698,0.116919623,0.079075139,0.059901389,-0.04969576,-0.153948136,-0.14637074,-0.141145341,0.004522921,0.103500314,0.118292676,0.197708576,0.001816741,0.30922499,-0.071938319,0.23116403,0.211014787,0.164682494,0.189128141,0.018336688,0.034457072,0.059975103,0.134127401,0.003950138,-0.004441241,0.065133875,0.903747811,3.402263859,-18.64537613,3.457018375,0.658729192,3.46034583,-3.59E-05,0.000795046,0.000236952,18.7593521,11.059116
536,0.231944444,0.132,0.030217602,0.223230193,-0.12141144,-0.097593788,-0.14377173,0.096927783,-0.198106963,-0.19221172,-0.111735656,-0.033395897,0.455801235,-0.081967231,-0.050147062,0.269437831,0.292790031,0.311747121,0.356025505,0.186225216,0.220540146,0.005994245,0.280464803,0.082768769,0.077063553,0.059905852,0.081719017,0.031735226,0.056819217,0.011014164,0.977957919,3.354827372,-18.73409808,3.414874077,0.735186702,3.38268816,4.34E-05,0.000709854,-7.18E-05,18.5688394,12.586761
537,0.140277778,0.1698,0.007290845,-0.126432721,-0.072922534,-0.170785025,0.016379222,-0.074975025,-0.076566881,-0.063147604,0.029855131,-0.095343583,0.449377018,0.497318487,0.194704286,-0.079978528,-0.006763381,0.394268008,0.062856248,-0.078725904,0.023053962,0.046671874,-0.000800755,0.27236742,0.182470899,-0.019647751,0.194737013,0.174228122,0.08987289,0.077167191,1.024412497,3.553544882,-19.71834982,3.616348028,0.768048534,3.58373043,-6.96E-05,1.42E-05,0.000427361,19.5387481,12.417799
538,0.131111111,-0.015,-0.00969352,0.195661417,-0.125047668,0.022967952,0.103541385,0.007850657,-0.123950101,-0.154853582,0.020571285,0.023984474,-0.047509336,-0.05084893,0.443556311,0.09671168,0.264488195,0.086893058,-0.076964924,0.302941117,0.276403016,0.030302906,0.024453475,0.117057756,0.024856801,-0.006921235,0.066824726,0.167488235,0.022649849,0.045435075,0.861990197,3.646187913,-20.61168062,3.697435379,0.601943396,3.67153145,-3.76E-05,0.000308437,0.000175693,20.5146717,11.188726
539,0.4,-0.0402,0.196729632,-0.236491382,0.086728542,0.009830181,-0.070209555,0.090500396,0.029544958,-0.127834508,-0.070495953,0.00956458,-0.011845213,0.085715934,0.199987503,0.065193613,0.108784527,0.063733156,-0.010921625,0.032921536,0.111605965,0.205257068,0.235739766,0.112619756,0.144771113,0.02232403,-0.025594307,-0.007669738,0.019336528,0.071903685,1.028355148,4.180589571,-24.73214829,4.242140293,0.727035009,4.17412216,0.000124207,0.002793482,-0.000614506,24.3110762,10.264089
540,0.030277778,0.2454,0.075805152,-0.137660143,0.085682948,-0.161977575,0.10929187,0.048440666,-0.145249018,-0.187887667,-0.01795281,-0.103154993,-0.004578081,0.154106797,0.251615288,0.050109736,0.045953139,-0.047212515,0.011889809,0.399424471,0.165110492,0.058722962,0.117635589,-0.019109396,0.175535339,0.191632029,-0.023663834,0.076914501,0.064161356,0.080095837,1.124883909,4.210606067,-25.41697522,4.278817177,0.818461581,4.20537449,1.96E-05,0.003292267,-0.000798935,24.9494049,11.366908
541,0.256388889,0.2496,0.041271962,0.114898119,-0.136181951,-0.120246301,0.148803569,0.101854645,-0.173285861,0.001188222,-0.091935864,-0.119679358,0.154258474,0.211736262,-0.011149966,0.166626245,0.33611215,0.049313106,0.35127439,0.08197787,0.134666308,0.110740051,0.120297095,0.018402597,-0.013265188,0.182245595,0.084758644,0.06896736,0.133265481,-0.017460082,0.796158832,3.388233885,-18.80202318,3.43551755,0.552413704,3.40916777,0.000107712,0.002958411,-0.000515934,18.6943271,11.466073
542,0.235,0.2034,0.15805211,0.299474749,-0.167856795,-0.013749589,0.133229367,-0.006879909,-0.163863347,-0.013027938,-0.114855988,0.02151314,0.282515246,-0.021218372,0.104946648,0.021546417,0.318645216,0.237945999,-0.056183894,0.015672551,-0.040560207,0.093872219,-0.023551771,0.123672832,0.165426546,-0.001497933,0.010103236,0.021309576,0.143322218,0.070370334,0.763978178,3.204419444,-16.97472086,3.249906063,0.533199849,3.26051947,1.70E-05,0.001433833,2.53E-05,17.1104175,9.77318
543,0.332777778,0.2874,0.047070691,-0.221208637,0.113596809,0.174496303,0.028284369,-0.073948199,0.003160379,0.002128223,-0.050421755,-0.05478186,0.055205387,0.046124151,0.11407057,0.242395833,0.03525227,0.096628568,-0.02930722,0.212617636,0.123718831,0.191910252,0.045007104,0.011329394,0.197095953,0.157666407,0.078527381,-0.022394356,0.114364761,0.092788574,0.991309723,3.950168626,-23.52271602,4.009696484,0.704584881,3.95101736,-0.000116692,0.00171549,0.001266649,23.1894556,10.29748
544,0.085277778,0.0354,-0.041329083,0.134878397,0.171056971,-0.077588363,-0.082106306,0.062341394,-0.078873744,-0.177684086,-0.044757348,-0.105773494,0.162292135,0.303775273,0.390712181,0.026104644,-0.010667582,0.201060386,0.214360787,-0.051782296,0.14181815,0.194146971,0.060633964,0.140874714,0.12928286,0.170884968,0.18505502,0.098542582,0.123223569,0.028842082,0.976646328,3.826085689,-22.24207221,3.884892941,0.70103975,3.82863526,-3.64E-05,0.000125744,0.000170336,21.8733382,12.0031
545,0.146388889,0.0102,-0.086836037,-0.158412391,0.174001809,0.163518763,-0.059245835,-0.053308522,-0.163383126,-0.103552268,0.001645354,0.01958351,-0.064975682,-0.059784459,0.177730949,0.153206258,0.092806893,0.247144807,0.082666663,0.225837536,0.074206205,0.213371142,0.273489678,0.159860873,0.11571852,0.131766631,0.164212984,0.117163814,0.130785782,-0.012496731,1.074833187,4.013448554,-23.60409139,4.078648567,0.786385462,4.02534965,-0.000113217,0.000889159,0.000771042,23.2882928,11.555386
546,0.036388889,0.2496,0.187275225,0.173333684,-0.213509943,-0.064502613,-0.053404092,-0.055242957,0.018460577,-0.111872732,-0.039911218,0.012407515,0.309008298,0.175807178,0.294912198,0.047710358,0.058262747,0.172566857,0.192840632,0.289106435,0.013516409,0.187587441,0.259669934,0.273755977,0.129817752,0.177848149,0.055663367,0.133618692,-0.02497688,0.026246691,0.943101747,3.625624381,-20.78127977,3.682579994,0.682795734,3.64357847,-6.64E-05,0.001330634,0.000441855,20.5701895,12.558294
547,0.128055556,0.2286,0.094165179,-0.044552646,0.059994212,-0.141868107,-0.128992589,0.050415029,-0.143461827,-0.171036673,0.026375977,-0.096565277,0.210041142,0.123245223,0.430450298,-0.052211495,0.254547643,0.371327898,0.164556966,0.2067113,0.223052541,-0.025839602,0.284698848,0.093979405,0.057161085,0.019304136,-0.042356496,0.010638447,0.135096243,0.076914934,1.12424166,3.900963336,-23.16114738,3.969883919,0.838345828,3.89663483,0.000107057,0.001574491,-0.000462609,22.7118513,12.484739
548,0.140277778,0.1362,0.132976235,0.278030195,0.182497247,-0.107261926,-0.013711699,0.047105174,-0.122748542,-0.169450498,9.21E-05,0.00858618,0.340515934,0.191039032,0.381705331,0.058357973,0.339685123,0.327344156,0.139280832,0.011976954,-0.026789454,0.152407558,-0.048633114,0.164656255,0.178731606,0.142505084,0.035053861,-0.011873724,0.062054463,0.009329635,0.861278628,3.486340896,-19.94657119,3.537928104,0.610354725,3.49627453,-4.54E-06,0.002016248,-0.000129553,19.678132,11.331958
549,0.018055556,0.195,-0.08963202,0.121303731,0.106387112,0.158697112,-0.068903911,-0.083709733,-0.025754915,-0.122866055,-0.0582979,-0.110245429,0.23397762,0.168372798,-0.080241662,0.039773769,0.290769709,0.341161232,0.248265098,0.103304692,0.051865411,0.045452302,0.28888878,0.145062823,0.109792006,0.092185347,-0.027960126,-0.039525277,0.137229818,0.079475924,0.988229559,3.660181386,-21.1094743,3.720200777,0.724417624,3.67840461,1.21E-05,0.002341132,3.35E-05,20.8565938,11.560851
550,0.048611111,0.216,0.184417127,0.269125592,-0.071531551,0.066198648,0.14546606,0.026635278,-0.04209228,-0.02465762,-0.023847652,0.005161003,-0.05818848,0.250895068,-0.040006598,-0.074745166,-0.018716194,0.074900475,0.035103326,0.381269338,0.21408803,0.079268732,-0.021865891,0.165361349,0.09440408,0.010337535,0.155012522,0.057158101,0.144817421,0.038938261,0.779973634,3.508483888,-19.8229655,3.554345608,0.529497629,3.52133609,5.55E-05,0.002630615,-0.000113681,19.6725565,10.34285
551,-0.046111111,0.09,-0.021163137,0.144417711,-0.052630457,0.075946822,-0.028129808,-0.034281579,0.04351176,-0.153352839,-0.108984505,-0.018318575,0.043279673,0.291622864,0.277039777,0.083338498,0.206996573,0.103321961,0.291612696,-0.063389054,-0.034915576,0.145105861,0.19203541,0.264183181,0.075424397,0.087029956,-0.03131864,0.083580605,0.069800369,0.05585031,0.977938239,3.864178592,-22.45245882,3.92298317,0.697953256,3.8712268,6.66E-05,0.002834591,-0.00027984,22.1493807,11.646949
552,0.338888889,-0.0192,-0.032221043,0.282097027,0.161263428,0.068354454,-0.026665046,-0.062882381,-0.09132981,0.035578938,-0.143322335,-0.020693463,-0.045320431,0.261808068,0.02473633,-0.045619261,0.01047284,0.084733322,-0.06344387,-0.025525059,0.269682953,0.034543031,-0.03121121,0.103825722,-0.005089646,0.061322945,0.15361537,0.030276736,0.006793145,0.079981742,0.728334286,3.465166583,-18.9562878,3.507531643,0.481112679,3.49130193,-4.61E-05,0.001013314,0.000340863,18.9019754,9.25006
553,0.3175,-0.1158,-0.054627453,0.161589437,-0.124225616,0.03638779,0.010848231,-0.11112514,-0.071177484,-0.056331896,-0.127756296,-0.074187918,0.017965255,0.282590577,0.270341822,0.032407005,0.267820118,-0.043882878,0.217498702,0.184729802,0.194224184,0.13769964,0.026769125,0.233366729,0.120364134,0.122252325,0.014045131,0.185689881,0.018016231,0.077295634,0.871910602,3.572932142,-20.07991496,3.625050068,0.614450007,3.59342511,3.43E-05,0.003094823,5.25E-05,19.9528493,12.177423
554,0.323611111,0.1488,-0.019988488,0.253080011,0.158196341,-0.111777878,0.063980238,-0.104258999,-0.160235104,-0.004274748,-0.076897192,-0.103321682,-0.056923569,0.153734497,0.254313094,0.070994507,0.161158649,-0.034364033,0.272397247,-0.041175301,0.221666197,0.021904906,0.051976501,0.204512941,0.060434975,0.12640961,0.089279048,0.120797872,0.010958323,0.094232766,0.751030486,3.386773027,-18.73469254,3.430912256,0.506792458,3.40013911,3.52E-05,0.002237521,0.000266365,18.5830059,10.525185
555,0.265555556,0.048,0.100134753,0.183634083,0.230631369,-0.039622504,-0.070515866,0.005505734,-0.131329668,-0.002842698,-0.10858718,-0.069410137,0.209969887,0.259174625,0.356231557,-0.049604881,-0.036098746,-0.058503878,0.259726886,0.02449946,-0.015766745,0.002705733,0.054535073,0.058066522,0.133247442,0.190037812,0.118804561,0.156260802,0.095093923,-0.010448152,0.79862884,3.530029297,-20.01736232,3.577139854,0.544935883,3.53338489,5.84E-05,0.001469405,-2.08E-06,19.766437,10.469975
556,0.024166667,0.0816,0.134840445,-0.02931858,-0.227244455,0.071982494,-0.114792981,0.077950843,0.036400755,-0.00038764,-0.080318523,-0.059410046,-0.072663844,0.000249695,0.04535788,0.108453377,0.016970495,0.362367635,0.344301381,0.227619217,0.217517557,0.108973257,-0.032374321,0.075254837,0.100925926,-0.00301741,0.03606914,0.05383641,0.130433522,0.005507817,1.00897707,4.014615875,-23.42651595,4.075219154,0.72183491,4.02536352,6.59E-05,0.002122567,-0.00021134,23.1542168,12.083533
557,0.354166667,0.0144,0.138913398,0.038057508,0.194029444,-0.07464893,0.039262005,0.056172976,-0.18398046,-0.100874851,0.029384282,-0.146570848,0.350074556,0.336933062,0.319363129,0.218220491,0.125686259,0.069623829,0.338533332,0.214333655,0.168876999,0.187445135,0.057646732,-0.027365744,0.017398128,0.10201969,0.18388237,0.172869269,0.095578801,0.054220654,0.848254437,3.477484869,-20.06140224,3.528185129,0.599008561,3.47800229,1.49E-05,-0.000519765,0.001231023,19.7705339,12.401486
558,-0.021666667,0.09,0.147312004,-0.077492439,0.048930656,0.173264965,0.066139858,-0.077223049,-0.117903627,-0.068804506,-0.116171645,-0.135884017,0.327394347,0.279587639,0.308672843,-0.066330152,0.098561153,0.022329459,0.333721847,0.012244498,-0.006734288,0.099246337,0.193522872,0.184100591,0.162971216,0.051966593,0.184336237,-0.013837325,-0.025367088,-0.005444367,1.079954533,3.923694107,-23.0297296,3.989470005,0.797145102,3.95352127,7.46E-05,0.002283983,-0.000416747,22.8434193,11.681884
559,0.198333333,0.027,-0.015236995,-0.12480032,-0.249276104,-0.128449162,-0.111186438,-0.115744433,-0.064388336,-0.105162121,-0.115940362,-0.148005851,0.025052278,0.074002263,0.305105009,0.202962644,0.147731178,0.079487616,-0.046945339,0.294686863,-0.020658772,0.134709831,0.151181831,0.218804088,0.052572297,0.080802923,0.037576468,0.170904224,-0.003859431,0.043500688,1.033133391,4.095011516,-23.41239196,4.157104015,0.740033902,4.12106633,5.69E-05,0.002799678,-0.000982426,23.238761,12.139285
560,0.265555556,0.1992,0.017080722,-0.211360304,-0.053358555,-0.060081114,0.14201625,0.10783029,-0.01817196,-0.082023987,-0.031139421,0.015119496,0.436284347,0.312960567,-0.043672393,0.279779518,0.245072825,0.180359436,0.044228625,-0.056039457,0.090747617,0.199785294,0.116671719,0.178287171,0.059681298,0.084164675,-0.037595187,0.131032356,0.102766952,0.012172127,0.963831947,3.641219124,-20.85972619,3.699582815,0.701041888,3.66134137,2.41E-05,0.002437055,-0.000142169,20.6323882,11.554313
561,0.314444444,0.1614,-0.098008959,-0.132006387,0.03476153,-0.191021125,-0.056923676,0.038529948,-0.048492842,-0.071797662,-0.13930539,-0.11140452,-0.046635504,-0.037363712,0.208406435,0.086837365,0.345303023,-0.013568913,0.345522306,0.12907788,0.170227785,0.186154968,-0.008607084,0.016237129,0.005885811,0.105288526,0.095847261,0.018952298,0.00793369,0.065793167,0.963717557,4.055650879,-23.62456775,4.112997055,0.672161985,4.0588259,-0.000110165,-0.000627005,0.001213039,23.29682,11.387253
562,-0.091944444,0.1572,0.131918594,0.149291654,0.216117941,-0.1305701,0.080104917,-0.022688382,0.006352196,-0.12449394,-0.067154726,0.000191318,0.470978473,0.145259642,0.372929669,0.230134666,0.165956504,0.259179308,-0.072591278,-0.004201651,0.108795291,0.115951123,0.1477607,0.20988085,0.040572981,0.192080419,0.016070878,0.191284928,0.01713066,0.097120249,1.006884621,3.503248676,-20.08560714,3.564951658,0.750456655,3.52629521,4.80E-05,0.002796443,-0.000196175,19.8858234,11.56582
563,-0.113333333,0.237,0.149066434,-0.144907913,-0.224488226,-0.050723029,-0.146233639,-0.09391008,0.049218583,-0.086860285,-0.014249651,-0.070989203,0.08269672,0.24249565,0.123774087,0.35310155,0.040388898,0.195902926,0.055242181,0.022191871,0.235050887,0.183409244,-0.035264339,0.007611867,0.141353555,0.093735377,0.031839851,-0.018208056,0.068532651,0.050345268,1.225204991,4.498535574,-27.29840655,4.573043346,0.900714509,4.5038313,0.000112382,0.002160951,-0.000555917,26.8986749,11.977386
564,0.063888889,0.0648,0.183270337,0.214359475,0.168678496,0.12893038,0.144694418,-0.044207972,-0.140441439,-0.091901384,-0.127005472,0.021082791,-0.006662356,0.138473623,0.176089932,0.097611722,0.253267947,0.202334474,0.21284682,0.369393722,0.192845562,0.22786593,0.185242741,0.142452555,0.14315476,-0.015061268,0.006815836,0.124771296,0.080421586,0.098299975,0.851195318,3.51037127,-20.3752724,3.561196566,0.599304346,3.52461964,4.37E-05,0.000900847,-0.000344256,20.1772401,11.748744
565,-0.015555556,0.1446,0.046723221,0.010612515,0.152376279,-0.038592183,0.1080861,-0.118281772,0.051121446,-0.034828056,-0.109314461,0.008143414,0.396136402,0.174195541,0.067084126,0.084909869,0.224420553,0.174964862,0.017556103,0.096036957,0.293872958,-0.018611253,0.291374788,0.265871398,0.173159217,0.182760039,0.107765922,0.182296114,0.032157267,0.050825477,1.024859404,3.511708094,-20.24482247,3.574644327,0.768088725,3.53498961,1.66E-05,0.002181226,0.000140075,20.0334948,12.023049
566,0.100555556,-0.015,-0.033134701,-0.043390021,-0.182591677,0.016818009,0.003522257,0.097334877,-0.087186091,-0.133243812,-0.086427733,-0.128004278,0.256654794,0.164589877,0.072907646,0.077303706,0.229946527,0.286441973,0.110529867,-0.0467987,0.165571665,0.154256242,0.165431241,0.227453891,0.041708222,0.005279485,0.118596992,0.005810932,0.037721267,-0.0197689,0.998388967,3.685732854,-20.6361562,3.746398687,0.733723334,3.71604655,7.04E-05,0.002493997,-0.000295064,20.5068586,12.04655
567,0.345,0.0816,-0.007329415,-0.152011005,0.055365949,-0.089449815,0.086544767,0.116948712,-0.077688771,0.010366408,-0.099115201,-0.098848243,0.264078865,0.022590215,-0.065968524,0.148124527,0.08088816,0.092839405,0.057652538,0.029774677,0.239923877,0.120091037,0.017432797,-0.004136168,0.095272669,0.035362433,0.18075851,0.164827371,-0.016142023,0.039781768,0.879152813,3.619426415,-20.21805385,3.671936274,0.619780253,3.64367109,2.00E-05,0.001757979,0.000231721,20.0773834,10.549123
568,-0.073611111,0.2286,0.07858802,-0.13591037,0.164135426,0.160013992,-0.025359741,-0.05461233,-0.085271153,-0.062811612,-0.141461698,-0.110920847,0.482987019,0.421879611,0.392766619,0.100275984,0.028551694,0.38481614,-0.021696277,0.180783976,-0.033229321,-0.00878111,0.073647552,0.214270602,0.099465959,0.171980702,0.1975926,0.09504919,0.046928599,0.036583554,1.249042682,3.972479952,-23.91596615,4.049932003,0.958275035,4.0031756,-2.69E-06,0.000397989,0.000483932,23.6325781,12.381293
569,0.082222222,0.0816,0.198014728,0.200112852,0.162170431,0.134494921,-0.011708115,0.055788782,-0.034304879,0.040255737,0.023454626,-0.046640982,0.342884883,0.266770752,-0.015922481,0.242892763,0.235330442,-0.07964584,0.066308111,0.269932718,0.020569679,0.11140163,0.281265208,0.263628982,0.06599937,0.025565437,-0.000861387,0.001429723,0.087301112,0.01490936,0.813742161,3.529460032,-20.29999451,3.577626228,0.561021361,3.52996247,0.000165148,0.001733196,-0.000619917,20.0304394,10.668226
570,0.384722222,-0.036,0.153445333,0.221703994,0.073836097,-0.095093892,-0.038897796,-0.035942543,-0.075465296,-0.00313141,-0.100033425,0.027555169,0.165671363,0.345382277,0.017361989,0.119747691,0.012654272,0.36572901,0.162055466,0.082713962,0.167076021,0.163225965,0.22163914,0.161103854,0.027700273,0.16120624,0.15410202,0.164563044,0.147704102,0.062829612,0.799207115,3.051520785,-16.42548624,3.099837303,0.579090939,3.08474693,3.82E-05,0.002765629,6.37E-05,16.3814212,11.831412
571,-0.055277778,0.1866,-0.057408424,-0.177894856,-0.228859353,0.162951116,0.138919189,0.052005082,0.001940623,-0.173580039,-0.090746973,-0.075239698,0.357213889,0.200157959,0.28819581,0.057049455,0.059320418,0.383251467,0.106544063,0.110239405,0.043890312,0.08410344,-0.039278232,0.022289845,0.09470476,0.094280368,-0.002811519,0.047575224,0.054271613,0.023823971,1.112516891,4.048802625,-23.59808495,4.1165452,0.821778467,4.07562774,-0.000265942,0.001026202,0.00219303,23.3815656,12.279761
572,0.109722222,0.0438,0.059635587,-0.079169265,-0.20723831,0.056939851,0.139227129,0.095089024,-0.185857719,0.005012772,-0.050260085,0.01322638,0.265909331,0.190455105,0.035928534,0.376011708,0.230922891,-0.008227093,0.277441413,0.108041777,0.044774473,-0.01984307,0.22338987,0.191926531,0.167036279,0.05164135,0.057877372,0.138643058,0.059410414,-0.012627897,0.91665351,3.656520303,-20.66890666,3.711555719,0.654686969,3.67284126,0.000135604,0.002092661,-0.000645512,20.4848853,12.202223
573,-0.061388889,0.0942,-0.044670729,-0.079879319,-0.194590437,0.033904188,-0.051174472,-0.028122689,-0.169146303,-0.00404022,-0.100841011,-0.081291062,0.243299215,0.31092266,0.12467039,0.256808011,0.261503343,0.066213277,0.24025695,0.186625951,-0.049954312,-0.028305738,0.007580279,0.298262548,-0.005505827,0.032298208,-0.027339891,0.161377478,0.147439629,0.045907399,1.057533443,3.999800547,-23.16477559,4.063827038,0.768325007,4.02366632,0.000136607,0.002808932,-0.000518882,22.9693269,12.641263
574,0.326666667,0.2244,-0.031964082,-0.207995691,0.029950821,0.036916272,-0.12422788,-0.097694634,-0.138712911,0.023215979,0.009858864,-0.10600891,0.295932305,0.207851727,0.214508097,0.208250548,0.169307263,0.289753069,0.143805653,0.141515949,0.039711399,0.1912041,0.029339456,0.051034424,0.198566505,0.025369923,-0.034290726,0.127074656,0.114270496,0.064404332,0.99814863,3.860607884,-22.5206592,3.920830965,0.719595317,3.87279307,-0.000104617,0.000761857,0.001082662,22.2332449,12.116229
575,0.283888889,0.1194,0.023394132,0.295635254,0.221107737,-0.14451428,-0.13652388,-0.076368132,-0.195655262,-0.114558744,-0.108183736,-0.055913847,0.100617712,-0.098274003,0.407405336,0.034442631,0.216253382,-0.004327256,0.209151531,-0.046304258,0.07608085,0.22670432,0.207717179,0.113753911,0.095936899,0.097803523,0.000307467,-0.013225952,-0.000361925,0.086057575,0.816809191,3.637760281,-20.56566288,3.685876608,0.556891166,3.64801252,-8.83E-05,0.000779361,0.000734669,20.3542001,10.294527
576,0.045555556,0.1488,0.035385873,-0.214569145,-0.11900363,-0.028201705,-0.001723985,-0.034423033,0.008124081,-0.005264887,-0.110737086,-0.127567065,0.310667588,0.195145019,0.314146464,-0.060791354,0.071528828,0.323613629,0.153851669,0.057233921,-0.014117014,0.169471824,-0.015425437,0.223431708,0.092772677,0.085343448,-0.015011297,0.113385177,-0.015495877,0.039322231,1.087470386,4.020776941,-23.31358777,4.08684063,0.798732019,4.04599316,-5.04E-05,0.00080498,0.000396027,23.0962194,12.267935
577,0.076111111,0.132,0.159447252,0.148517612,-0.223067121,0.062142557,-0.054429167,-0.108517489,-0.180518372,-0.197327044,0.000486885,-0.03725793,0.012508606,-0.017421713,0.140422357,0.040547711,0.275980469,0.109554565,0.337524521,-0.065831699,0.148095551,0.089062145,0.264680584,-0.018764195,0.011350422,0.001272301,0.122945731,0.182809799,0.107492687,0.055262245,0.981554738,3.868082642,-22.05182841,3.927129984,0.703981661,3.89656412,-3.69E-05,0.001348495,0.000413385,21.9109322,10.993052
578,0.057777778,-0.099,-0.080657413,0.007807935,0.040216518,-0.110279604,-0.03498188,0.01931155,0.015191822,-0.023562598,-0.002331542,-0.046351797,0.486203228,0.389166468,0.103271341,0.162745865,0.039972429,0.223693068,0.267892978,0.388275936,0.082409914,0.21163131,0.268141781,0.128103907,0.051564502,0.184078202,0.028413557,0.000465844,-0.002497706,0.056887695,0.96290656,3.547053716,-20.10502053,3.605582237,0.709926794,3.56965263,-0.000122663,0.000316574,0.001014325,19.9069129,13.946057
579,0.0425,0.2286,0.068286291,0.030690115,0.172368968,-0.197731709,0.038826282,0.022802696,0.067935995,0.04968129,-0.031865559,-0.029128992,-0.075189095,0.223024188,0.269524005,-0.035468402,0.233035255,0.282051701,-0.024883188,0.051215384,0.210194898,0.118175949,0.248227448,0.244273685,0.02243495,0.15812594,-0.013435514,0.066396324,0.056482882,0.014335513,0.939588572,3.699769324,-21.28153233,3.756299257,0.672654601,3.71336823,-8.58E-05,0.001371074,0.000534495,21.0439789,11.101549
580,0.345,-0.0108,0.057845581,-0.217558258,-0.133943625,-0.180027359,0.101529735,0.10506898,-0.073971571,-0.060841728,-0.007812414,0.000803707,-0.008813622,0.112547417,-0.038349002,0.054762181,0.155188364,-0.066044826,0.364607257,0.042658443,0.132905491,0.228625183,-0.003838459,0.285555401,0.090765907,0.107987142,0.075236411,-0.023810301,0.037404467,0.089944196,0.931423605,3.874642343,-22.03744582,3.930176735,0.653526511,3.89581874,-4.74E-05,0.000828222,0.000382865,21.8352284,11.538254
581,0.076111111,-0.0696,0.126489266,0.194932695,0.106926569,-0.145629768,0.115419214,0.061575399,0.059039002,0.010844947,-0.128311913,-0.039268593,0.096181801,0.309603732,0.207126006,0.191145785,-0.005860491,0.183390375,0.014402499,0.282101267,0.195526486,0.022419787,0.272496895,0.138110559,0.041412301,0.031280458,0.179330333,0.157420748,-0.022209214,-0.017144337,0.824659,3.253395247,-17.81501843,3.302995443,0.59082652,3.28547225,0.00014166,0.00163444,-0.000619035,17.7767492,11.805824
582,0.015,-0.0612,-0.034187594,0.277489938,-0.175349967,-0.088612907,-0.015519202,0.079695748,-0.075232747,-0.101266562,-0.003471712,-0.03842765,0.089118973,0.332513091,0.127205124,-0.030973001,0.256418535,0.071026077,0.081879691,0.392618999,0.25906278,0.240683882,0.199401515,0.253164707,0.188492003,-0.000883122,0.033629846,-0.029483689,0.071715301,-0.009669055,0.902878121,3.605449041,-20.37909207,3.659647942,0.645618845,3.62155765,0.000123205,0.000508014,-0.000454069,20.1843945,12.880804
583,0.345,0.2244,-0.047603824,-0.074008663,0.235465649,-0.198276582,0.090741047,-0.004778341,-0.122270824,0.035002179,-0.012345332,0.013998556,0.106019381,0.385264764,0.092251172,0.067288063,0.0242043,0.320579301,0.249486616,0.387740005,0.227714364,-0.022756935,0.103691645,0.017457071,-0.012976497,0.013633178,0.021100884,-0.019759209,0.013994055,0.061051122,0.862759923,3.472312651,-19.79358271,3.524037361,0.613108241,3.47565852,3.59E-05,0.000484824,5.80E-05,19.5147217,12.074281
584,-0.021666667,-0.1032,0.165442981,-0.039942469,-0.178805411,0.03038812,-0.146982859,0.011547199,-0.008394305,-0.143860844,0.027451519,-0.097296955,0.478666885,0.214691961,0.406036976,0.199883146,0.060240783,-0.018198267,0.191710016,0.325425833,0.114824562,0.117136687,0.005705823,0.065166403,-0.021704019,0.014020638,0.152379963,0.004209187,0.077035074,0.078908677,1.140892756,4.250551254,-25.31177936,4.31978178,0.835528345,4.25843226,-6.75E-06,0.001639903,0.000129391,24.9422554,12.955863
585,0.348055556,0.09,0.004178034,-0.164745271,0.028099539,-0.155474225,-0.052081802,-0.090021979,-0.17859831,0.029902392,-0.115411129,-0.078794122,0.237102207,0.288435555,0.079066065,0.335207573,-0.042370729,0.176241439,0.360948598,0.336447669,0.130314788,0.03307587,0.180111916,-0.037415833,0.128430357,0.093128865,0.081226632,0.194511417,0.049753485,0.031563872,0.957364323,3.656931584,-21.01090629,3.714805841,0.694607752,3.67720393,8.35E-05,0.002279487,-0.000363711,20.790165,13.167599
586,0.366388889,0.0942,0.166967029,-0.008499671,0.063442888,0.044938549,-0.071502737,-0.064850343,0.055158286,-0.14434545,0.005099755,-0.065558974,0.128452513,0.188301167,0.000214942,0.364477579,0.18700053,0.149425799,0.192476263,0.307044234,0.038987396,0.009112524,0.155632534,0.266207502,0.174898413,0.044791675,-0.026478865,0.121018337,0.003544647,0.012786864,0.935200001,3.742258883,-22.01638223,3.798379183,0.665710748,3.74154788,3.21E-05,0.00112121,4.55E-05,21.6585998,11.586082
587,0.167777778,-0.0738,0.176880059,-0.01636213,-0.10915083,-0.129354853,0.030214035,0.020723626,-0.06254915,-0.143574261,0.014667371,0.019374102,0.140858595,-0.010447994,0.399953919,0.179877438,0.080325053,0.018783408,0.118141086,0.31779355,0.094733067,-0.009237741,0.044060829,0.012666523,0.015930082,0.158925107,0.051088637,0.065589624,0.011543962,0.06902502,0.95931053,3.910671195,-22.61126112,3.968063116,0.6798966,3.93261404,2.19E-05,0.001370852,0.000287091,22.416175,11.677925
588,-0.098055556,0.1026,-0.081199691,-0.017501539,0.211772603,0.096879002,0.137471091,0.019993756,-0.038058602,-0.116712983,0.014830107,-0.083592472,-0.096469315,0.042390659,0.209910376,0.229188248,0.342118447,0.220164978,0.111336478,0.249578854,0.161337002,0.036540406,0.031793062,0.084653511,0.127979701,0.144520261,0.139466308,0.137443454,0.134934106,0.066876014,1.044107426,3.969743376,-23.71839631,4.032906532,0.757951868,3.96946747,1.06E-05,0.001579724,0.00020562,23.3296477,11.636453
589,-0.101111111,0.0732,0.191301216,-0.211523139,-0.204584278,0.109417734,-0.005314621,0.013566662,-0.072142665,-0.155347644,-0.046438725,-0.082815374,-0.019555784,0.406889011,0.413267651,0.240520074,-0.026496262,0.087302561,-0.024182472,0.125474573,0.051061556,0.112346895,0.012130149,0.225723194,0.150744127,0.169110478,0.137645671,-0.032025133,0.10223318,0.034989066,1.224557772,4.539136395,-27.47862332,4.613500118,0.899355046,4.54389382,-1.48E-05,0.003792881,-0.000260417,27.0641475,12.167709
590,0.250277778,0.0984,0.034579809,-0.002852894,0.143204051,-0.147092275,-0.039419864,-0.074591778,-0.151121076,-0.017568101,-0.106688222,-0.072727958,0.062075522,-0.056341264,0.0213981,0.074996511,0.044608037,0.249354859,0.311284953,0.385573012,0.017837586,0.22734238,0.00287357,0.267800627,0.168792281,0.199816983,-0.038792294,0.092856188,0.077360607,0.022936806,0.915998071,3.686872151,-21.11743323,3.74178791,0.65064063,3.68965195,-3.02E-06,0.000941675,3.77E-05,20.8235212,12.080914
591,-0.018611111,0.1068,0.091961618,-0.12110904,0.210897742,0.072510861,-0.074479586,0.119372741,-0.136654171,-0.181878033,-0.089342777,-0.082761946,0.039314316,0.197408874,-0.029911922,0.233842675,0.069423477,0.001235685,0.196838071,0.396722763,0.1499373,0.208625551,0.154997609,0.173942784,0.166384064,0.196834719,0.13634918,0.022248676,-0.000940194,-0.01944069,1.242698923,4.42601309,-27.45696683,4.501917839,0.920428906,4.40208085,3.54E-05,0.001536606,0.000212614,26.8151152,11.955632
592,0.164722222,-0.0654,0.032122463,-0.05981729,-0.046316837,-0.132263372,0.008160692,0.0867226,-0.10323814,-0.001241197,-0.10634934,-0.114857312,0.446750078,0.473270625,0.445694559,0.375661964,0.346386922,0.276219086,0.134076607,0.314548101,0.100805119,0.225934351,0.087442686,0.247135579,0.06774389,0.173120412,0.167384708,0.019605535,0.096570984,-0.0189239,0.960235465,3.478186721,-19.96603867,3.536696672,0.71094562,3.50137204,0.000123651,0.002525827,-0.000623901,19.7883801,14.651516
593,0.060833333,0.2118,0.175624175,0.288101412,-0.208880955,-0.01505829,-0.080627936,-0.117391041,-0.183733658,0.006593419,-0.041161747,0.020566862,0.02717464,0.305522121,0.385883574,0.280374136,0.017551665,0.007625032,0.237750147,-0.073384749,0.046910352,0.183151807,0.160748224,-0.013792366,0.093638477,0.000150003,0.072512787,0.158932644,0.134535755,0.05369918,0.838898844,3.653119429,-20.58261052,3.702739239,0.578022464,3.68123352,3.95E-05,0.002510895,-0.000155465,20.5036677,11.17948
594,0.256388889,0.0228,0.170966428,-0.204768445,0.233973861,-0.037128418,0.013794369,-0.033511,0.0685818,-0.134255059,-0.028484655,-0.004738347,0.166356555,0.422247782,0.190795846,0.272493919,0.243763818,0.291280475,-0.041355466,0.138410549,0.089672057,0.09993849,0.239105882,0.029566826,-0.002745703,0.100999997,0.126789362,0.063759567,0.05929802,0.007374108,1.071701839,3.806305668,-22.32303939,3.87179184,0.795144588,3.82808193,-6.58E-05,0.000947463,0.000449134,22.0694947,11.605159
595,0.244166667,-0.099,0.01499983,-0.03485632,0.019598175,-0.067097502,-0.004030957,0.107009743,-0.104987303,-0.180923308,-0.019275453,-0.105315132,0.305953185,0.133090117,0.104257089,-0.039763873,0.244440035,-0.061837114,0.199854016,0.149835942,0.299176449,0.125372881,0.178993947,0.153360859,0.179686006,0.152153282,0.117405557,0.149112027,0.045357086,0.007949282,0.989176163,3.819142005,-22.12987108,3.878840208,0.714071345,3.81867349,0.00012862,0.0019509,-0.00073113,21.770232,12.177873
596,0.030277778,0.069,0.051427274,-0.065466602,-0.027582325,0.161617616,0.041616992,-0.04798307,-0.042835412,-0.168816468,-0.032520045,-0.047887123,0.042535022,0.311773362,0.164988705,0.177920672,-0.041095482,0.34722448,0.157351082,-0.067219702,0.221193308,0.080930005,0.202805916,0.116658464,0.095480172,-0.011460346,0.084095818,0.042469529,0.096894625,0.098902099,1.050394561,3.905995539,-22.74769082,3.96975255,0.769105919,3.92984456,-9.15E-05,0.001338581,0.001005642,22.5182274,11.794832
597,0.222777778,0.027,0.011585249,0.089209926,0.005530468,-0.196515214,0.108669305,0.055536138,0.06089086,-0.022610149,-0.064833548,0.004949306,-0.005204813,0.011789072,0.285794576,-0.021886474,0.026845889,0.319358853,0.076077917,-0.000478671,0.166843123,0.177728843,0.285347921,0.148305128,0.01402476,0.029641828,0.046440314,0.073964722,0.002167289,0.009078843,0.824670678,3.315247114,-17.72073025,3.364697456,0.587861809,3.36045612,-4.81E-05,0.001913685,0.000586091,17.7501904,11.045022
598,0.048611111,0.237,0.0726756,-0.003851128,0.190458718,-0.016049534,-0.086865163,-0.030279738,0.031702241,-0.159858364,-0.006094786,-0.060667535,0.31140196,0.493650535,0.01949013,0.081011808,0.185564176,0.069020416,0.348059649,0.27558083,0.093739026,0.031477704,0.047485542,0.015886003,0.087488804,0.113891652,0.191418145,0.069317365,0.139580235,0.020300303,1.111442391,4.087976376,-24.91910392,4.155548573,0.814075009,4.07473915,-5.01E-05,-0.000394015,0.001349355,24.3672084,12.139899
599,0.332777778,0.0144,0.00272741,-0.136453414,-0.131976948,-0.061594732,0.060711978,-0.098040718,-0.147390809,-0.082853052,-0.032970511,-0.073145615,-0.022989894,0.427127757,0.307560085,0.030834281,0.200095617,0.266475479,-0.042926513,0.151531008,-0.040062689,-0.015262779,0.275871585,0.151385053,0.173174174,0.155765198,0.148449438,0.028652632,-0.028235464,0.059498033,0.941010248,3.588038864,-19.79492425,3.644940138,0.683703718,3.62886484,7.33E-05,0.002065299,-0.001517772,19.7581226,12.033997
600,0,0,0,0,0,0,0,0,0,0,0,0,0,0,0,0,0,0,0,0,0,0,0,0,0,0,0,0,0,0,9.01E-01,4.11823,-26,4.13,0.609,4.137899,0.00E+00,0,0,23.2,9.067697
