<ID> ,ratio[0]                ,ratio[1]                ,ratio[2]                ,ratio[3]                ,ratio[4]                ,ratio[5]                ,ratio[6]                ,ratio[7]                ,ratio[8]                ,ratio[9]                ,ratio[10]               ,ratio[11]               ,ratio[12]               ,ratio[13]               ,ratio[14]               ,ratio[15]               ,Cx,CY,CZ,CMx,CMY,CMZ
0,-0.083986806,-0.03338093,-0.044506955,-0.159917814,-0.1197912,-0.054714842,0.011256773,0.007119442,-0.113494083,-0.060738903,-0.008975809,-0.002390127,0.004998701,-0.005391213,-0.026809675,12.99694452,0.015820083,0.073376253,-0.023463936,-0.012013233,0.017625304,0.049287743
1,-0.098720458,-0.043625595,0.028139985,-0.1591204,-0.147642921,-0.050855123,0.019456962,-0.058656328,0.014280364,-0.027139908,0.005426916,-0.016589616,0.002523843,-0.053377117,0.006578205,10.49948881,0.016210875,0.075635778,-0.023686802,-0.012916631,0.018020922,0.051451645
2,0.037273249,-0.199294067,-0.141447837,0.03024756,-0.063440477,-0.047699089,0.003631084,-0.097472442,-0.035521517,-0.036253909,0.010142245,-0.079126545,-0.004534831,-0.018747655,-0.04653496,16.39130845,0.016426581,0.073918825,-0.025039302,-0.011948184,0.018683494,0.049146607
3,-0.082158281,-0.132178514,-0.115098949,-0.038638381,0.020860318,-0.103361887,-0.069409317,-0.001062418,-0.081590952,-0.024685427,0.004759662,0.000990918,-0.034073658,0.010666678,-0.000598296,5.984170931,0.017943132,0.081911256,-0.025436369,-0.015180608,0.01995949,0.056417985
4,0.027740889,-0.078629666,-0.128205931,-0.157313806,-0.079508462,0.012262322,0.01388933,-0.024908421,-0.105128224,-0.077253867,0.013779202,-0.024882408,0.001789717,-0.025218425,-0.01095214,18.44497249,0.014775035,0.068495895,-0.022611286,-0.010197373,0.016559214,0.044881885
5,0.003020457,-0.07199786,-0.18057721,-0.12453698,-0.181396263,-0.130908679,-0.098260643,-0.025320305,0.019952,-0.050110955,-0.025711379,0.016609163,-0.016176118,0.013349073,0.015847799,14.48153133,0.016568935,0.071654832,-0.023232322,-0.011406362,0.016868425,0.046519988
6,-0.175940573,-0.147458879,-0.186753604,0.013682743,-0.09929218,-0.091027488,-0.104208324,-0.065268779,-0.082587487,0.011828556,-0.016663887,-0.066104332,-0.007102519,0.007795853,0.016436055,7.489497787,0.017987782,0.080084621,-0.025566727,-0.014998702,0.019520298,0.0540908
7,-0.147653976,-0.030988945,-0.114747113,-0.190666897,-0.092592069,0.01363252,0.002772931,-0.000151889,-0.01260568,-0.058211972,0.002610087,-0.015611659,0.006251634,-0.028349673,-0.057294691,7.729657447,0.016997519,0.077166735,-0.023997705,-0.013906521,0.018588515,0.052793989
8,-0.032530568,-0.11402206,-0.149181921,-0.13967422,-0.151374288,-0.102101506,-0.092923699,-0.030428547,-0.045108665,-0.014040491,0.000176008,0.01243344,-0.035110379,-0.009010074,0.014693606,4.186494887,0.01863806,0.082250538,-0.025006252,-0.015713346,0.019142705,0.05543057
9,-0.185097384,-0.120247136,-0.080548585,-0.077714767,-0.114281325,-0.068996911,0.016325417,-0.030135045,-0.116593171,0.017695782,-0.015290755,-0.074864783,-0.03951401,-0.034870376,-0.021457986,19.44031534,0.014570424,0.065999739,-0.02241295,-0.009841391,0.01614021,0.042859024
10,-0.06914442,-0.020128271,0.01650533,0.03925759,-0.113410926,-0.107286787,-0.074872597,-0.051808863,-0.086532831,-0.004427029,0.01976624,0.019556769,-0.030302864,-0.006333671,0.008382883,1.646437609,0.019283457,0.089031512,-0.025596589,-0.017337222,0.020625247,0.062316127
11,-0.01751416,0.045714392,-0.191348659,-0.044601106,-0.114822575,-0.001709041,-0.029322452,-0.101543203,-0.039852875,0.002957954,-0.024588155,-0.071331411,-0.006570203,0.012739272,-0.015310111,17.31992564,0.015561772,0.0718833,-0.023614008,-0.011079329,0.017639263,0.047790884
12,0.001370119,-0.190003247,-0.107866163,-0.104174325,-0.155025438,-0.072027873,-0.042360094,-0.11940577,-0.103307664,-0.064110926,0.009938926,-0.042253942,-0.034326478,-0.022226486,-0.016523003,13.35310924,0.017047744,0.073245653,-0.02475605,-0.012012533,0.018140837,0.047555941
13,-0.169062467,-0.15652343,-0.083509953,-0.143216947,-0.085107843,-0.094883262,-0.051645526,-0.115308281,-0.000850524,-0.031078304,-0.043988357,-0.079508082,-0.026202818,-0.018978874,-0.051077696,16.53992359,0.015382447,0.066824778,-0.02327769,-0.010342556,0.016781211,0.043118852
14,-0.076152575,0.041452208,-0.156087697,-0.026875722,-0.037442882,0.037642292,-0.013687906,-0.044909448,-0.025207186,-0.021162211,-0.077656205,-0.053199607,-0.018507978,-0.048632928,-0.016665754,15.79811463,0.015570732,0.072681866,-0.024420223,-0.011307638,0.018703851,0.049115017
15,-0.020085964,-0.100284355,-0.052794621,-0.09417405,-0.146434412,-0.140000424,0.01770271,0.010247655,-0.116433313,-0.028662277,-0.037294441,0.014915598,-0.014142653,0.000115679,-0.039779218,15.39671906,0.015813611,0.072766613,-0.023581359,-0.011715987,0.017355342,0.048211425
16,0.041535208,-0.164651713,-0.054237667,-0.11790568,-0.029087836,-0.037661205,-0.050264533,-0.054341757,-0.025564228,-0.044073237,-0.053925279,-0.074027517,0.014829982,0.014560113,0.017874034,5.376111044,0.018301084,0.083969046,-0.025817454,-0.015808065,0.020244903,0.05759541
17,-0.034876607,-0.06794968,-0.060071038,-0.09706733,-0.130694284,-0.172031269,-0.119652944,-0.079249741,-0.044601418,-0.061093693,-0.05962509,0.002790658,-0.022400951,-0.057888572,-0.000941605,18.82629169,0.015633617,0.067155259,-0.022687331,-0.009609279,0.016285646,0.042759037
18,-0.05219204,-0.00570416,-0.137874705,-0.129690715,-0.194068044,-0.133618637,-0.069672371,-0.08174584,-0.004306001,0.002696778,0.004623439,-0.039227908,-0.011838806,-0.036926282,-0.028617391,1.9840261,0.019688456,0.086628439,-0.025023708,-0.017352557,0.019661415,0.059088387
19,-0.008443586,-0.109584694,-0.021952549,-0.074341454,-0.000526235,0.020945174,-0.011984704,-0.022373284,-0.119938511,-0.066113656,-0.054881093,-0.078164084,-0.006866795,0.007254837,-0.057605867,6.258279352,0.019379124,0.085326622,-0.026282224,-0.015797404,0.021570965,0.059537241
20,-0.080018468,-0.097030964,0.015306196,-0.128999598,-0.036232158,-0.18455609,-0.027432363,-0.07417817,-0.092814559,0.011172177,-0.007017508,-0.030244253,-0.009728085,-0.044170561,-0.027018279,16.49653234,0.015502724,0.071144919,-0.023138568,-0.011009182,0.01703071,0.047189265
21,-0.061404968,-0.014674137,0.035191858,0.035520905,0.046038783,0.03320103,-0.01555731,-0.113927803,-0.084529808,-0.037010199,-0.023823151,-0.054380051,-0.047368807,-0.033624407,-0.018101388,15.33322026,0.016252669,0.075704951,-0.024769177,-0.011558879,0.019505108,0.052368846
22,-0.096372211,-0.101800429,-0.164619916,-0.059516611,-0.154870201,-0.06768265,-0.023040918,-0.039584796,0.007703205,0.018085953,-0.065622679,-0.031389179,-0.052388139,-0.055337628,0.008008262,16.89776971,0.015333994,0.06880955,-0.022939992,-0.010728294,0.016699424,0.044657644
23,0.032344176,0.026661956,-0.150090035,-0.011072882,-0.19797112,0.040720426,-0.010411096,-0.010141289,-0.086860165,0.003840794,-0.04915023,-0.047177267,-0.017443842,-0.011512086,0.009821474,6.834458722,0.018523192,0.085024434,-0.025758504,-0.015775641,0.020395871,0.058693852
24,-0.14834333,0.01540007,-0.096636618,-0.039094022,0.048703766,-0.107925492,-0.004391773,-0.071064132,-0.097636279,-0.008761597,-0.01980326,-0.00301166,0.016391675,-0.016245916,-0.014368155,14.31792645,0.016276277,0.075130607,-0.024415483,-0.012110137,0.018626828,0.051410869
25,-0.085119336,0.017709036,-0.162498871,-0.076548209,-0.026985861,-0.036764782,-0.088888633,-0.11054254,-0.024572652,-0.056454826,-0.01919972,-0.012656951,0.006773617,0.002971306,-0.059695471,0.456782853,0.020209591,0.088337418,-0.026622498,-0.017737567,0.021624398,0.061240596
26,0.032868225,0.04206601,-0.040311978,0.044071779,-0.149723244,-0.042884312,0.005898195,-0.046912,-0.019913978,-0.062880679,-0.012959368,-0.036236085,-0.038943894,-0.010322237,-0.021856884,17.96232761,0.015502203,0.072468188,-0.023841957,-0.010775384,0.017908358,0.048529331
27,0.004888102,-0.080076465,-0.038515977,-0.099747995,0.006231948,-0.027190919,-0.047716777,-0.006181167,0.001774346,0.015204031,-0.057174089,0.001885244,-0.025399981,-0.040037802,0.011265969,5.4218869,0.017899394,0.083864169,-0.025269813,-0.015606795,0.020218088,0.058590906
28,-0.081656945,-0.143306746,-0.12085705,-0.196496032,-0.012659015,-0.092354641,-0.026895265,-0.011440075,-0.033724738,-0.024803849,0.015316702,-0.010543403,-0.03053,-0.021039236,-0.047099077,15.40450349,0.015193314,0.069010175,-0.023131563,-0.010904552,0.016912118,0.045429302
29,-0.169998105,-0.192369609,-0.095153991,0.027956293,-0.115689496,-0.013833599,-0.107326773,-0.036357763,-0.084248865,-0.063882785,-0.023685422,-0.022355304,-0.012728133,-0.011015124,-0.002511548,17.73958933,0.014875347,0.066935172,-0.022938436,-0.010075639,0.016505738,0.043367062
30,-0.018495576,0.003474533,-0.029222478,-0.003461961,-0.127137891,-0.075425627,-0.098959665,-0.035169543,-0.038413269,-0.044884836,-0.013340717,-0.078329996,-0.031866009,0.005359186,-0.056636942,4.470027319,0.019719395,0.086596095,-0.026118692,-0.016332067,0.021212461,0.059898409
31,-0.166899595,-0.074305755,0.034909149,-0.080169002,-0.094149411,-0.053092197,-0.049306053,-0.020072775,-0.023028457,-0.02270443,-0.048720887,-0.001612662,-0.03581348,0.017983714,0.005080054,0.382834947,0.019008074,0.08613115,-0.025219394,-0.017105502,0.020244737,0.060066657
32,-0.16560961,-0.045346195,-0.011670466,0.022220973,-0.08082827,-0.061853441,-0.021134146,-0.01846168,0.012189936,-0.01099996,-0.021023486,-0.055403687,0.001839626,0.003721331,0.012734372,7.081274073,0.016925347,0.081156384,-0.024297144,-0.014914863,0.0190809,0.05661752
33,0.005644592,0.012766968,0.01370831,0.000517278,-0.112900843,-0.100108886,-0.112666485,-0.060480884,-0.058926537,0.008485726,-0.043522212,-0.034724792,-0.028594106,0.002691155,-0.01178064,5.656901398,0.018648079,0.08579411,-0.025536832,-0.015742431,0.020277816,0.059306056
34,-0.174347348,0.01381463,-0.055826047,-0.014994265,-0.17719856,0.029333154,-0.001451404,-0.018149071,0.004574324,-0.03178096,0.014158513,-0.032563703,-0.033669732,-0.01738245,-0.030751714,2.808558504,0.018315343,0.084471517,-0.024762646,-0.01638027,0.019916671,0.059099923
35,0.029775021,-0.126102672,-0.046908711,-0.181867555,-0.117060657,-0.011032031,0.008572627,0.011835321,-0.033089659,-0.051932837,0.010611123,-0.01447723,0.010037487,-0.000336374,-0.054894279,14.68304899,0.015624807,0.072484171,-0.023271995,-0.011689156,0.017419243,0.048486476
36,-0.180230871,-0.012264292,-0.131600771,-0.170913127,-0.170829349,-0.065010971,-0.055397382,0.00593606,0.016681302,-0.066840438,-0.015026766,-0.000293874,-0.029435586,-0.045882045,-0.027487127,15.98909887,0.015203309,0.066090593,-0.022648716,-0.01003813,0.016350592,0.042771311
37,-0.040134599,-0.0480283,-0.193443552,0.039762074,-0.186863843,0.019767493,-0.046729794,-0.007767868,-0.038795349,-0.041190987,0.017437012,0.013716351,-0.013440528,0.019961547,-0.050391132,17.77682167,0.015303482,0.070366341,-0.023400425,-0.010861142,0.017216197,0.046469245
38,-0.045832551,-0.058254328,0.010873028,-0.062698874,-0.07006595,-0.195284262,-0.086132419,-0.071946168,-0.057479733,-0.06130988,-0.014224579,-0.072745421,0.003701273,0.0057012,-0.029529622,5.643008708,0.019162996,0.084343689,-0.025753188,-0.015653547,0.02035181,0.057715065
39,-0.0144246,-0.092658281,-0.031296561,-0.143992808,-0.004627581,-0.14367408,0.013018798,-0.003132649,-0.075821235,-0.074044798,0.016841581,-0.044789457,-0.054331843,0.016145092,0.006328968,12.17014542,0.016849089,0.075797914,-0.024714835,-0.012524289,0.019044143,0.051267284
40,-0.187097475,0.037355556,-0.10247692,0.007140507,0.036044905,-0.020004078,-0.017758372,-0.080046377,0.002767086,-0.062453092,-0.018106858,-0.056717695,-0.009276511,-0.056669428,-0.018932344,8.485969381,0.017439732,0.079458714,-0.025416819,-0.013871064,0.020198427,0.055197317
41,-0.121718033,-0.188290427,-0.165929551,-0.032363572,-0.02158748,0.002636147,-0.107650189,-0.077561157,-0.020760437,-0.047509274,-0.006914399,-0.018832093,-0.051338302,-0.044856034,-0.012546622,15.27668981,0.01536895,0.068948044,-0.023710857,-0.010761395,0.017470035,0.045059935
42,-0.125324011,-0.177836801,-0.075786932,-0.040989835,-0.162901877,0.027461245,-0.061101484,-0.097071143,0.012481039,-0.036066173,-0.066641512,-0.033495877,-0.000433334,0.001601263,-0.025647055,7.039652639,0.01833965,0.079673075,-0.026268357,-0.014758096,0.020317994,0.053865396
43,-0.02687414,-0.087478147,-0.065561029,-0.015242342,0.002207963,-0.153540957,-0.003917478,-0.07791261,-0.024263521,-0.070365978,0.017614403,-0.00062573,0.013482471,0.012061283,-0.03377105,1.175164839,0.01956126,0.089392578,-0.025447564,-0.017782011,0.020547497,0.062484667
44,-0.171148212,0.048491864,-0.152469799,-0.091364076,-0.02413243,-0.069923101,-0.095990164,-0.052396152,-0.034206257,-0.0369256,-0.052238936,-0.023333306,-0.001712627,-0.002832805,-0.010101135,12.71646056,0.016104741,0.072771669,-0.024239154,-0.011773136,0.018170628,0.048856995
45,-0.031825724,-0.106111587,-0.008741232,-0.06339389,0.008731575,-0.047443591,-0.036057159,-0.070191235,-0.064215556,-0.006701347,-0.03873509,-0.0429231,0.015705448,0.004146993,-0.023607972,18.78741876,0.014675492,0.069713524,-0.023035816,-0.010335266,0.017170733,0.046626491
46,0.010263265,-0.148142483,-0.019708366,-0.033257561,-0.134614025,-0.144205578,0.018746831,-0.102430689,-0.109079635,-0.062533953,-0.066316761,0.004529517,0.008927508,0.0172291,0.00550954,0.400188524,0.021475084,0.091975757,-0.026992634,-0.018664359,0.021726402,0.063295425
47,-0.111916913,-0.124535137,-0.052262989,-0.121038933,-0.053554016,0.049132437,-0.065165894,0.013062167,-0.083488178,-0.022349793,-0.067551205,0.018122758,-0.037051012,0.017668036,-0.005169826,4.405575536,0.018283935,0.081756151,-0.025174079,-0.015376283,0.020004596,0.056452095
48,0.007698303,-0.035309338,-0.067609318,0.003661235,-0.125829247,0.024688513,0.005468733,-0.090256158,-0.06750197,-0.06047421,-0.028617288,-0.001811454,-0.056360683,-0.008901137,-0.01223261,11.54409859,0.01701054,0.07775059,-0.02531741,-0.012962069,0.019587479,0.052685894
49,-0.010349979,-0.117942974,-0.181178052,-0.157938957,-0.107104313,-0.065990043,-0.091885859,-0.114537516,0.015112898,-0.054952026,-0.018873935,-0.024097138,-0.035500134,-0.051612392,-0.038057837,16.20679136,0.015965079,0.068409255,-0.023456984,-0.010409394,0.01694934,0.043694509
50,-0.156367028,0.011021031,0.012476953,-0.190140957,-0.088519612,0.029942169,-0.076526898,-0.074743829,-0.090511591,-0.007567595,-0.003034846,-0.021792852,-0.01485226,0.004449052,0.008888107,14.42526156,0.015531475,0.070082812,-0.02360226,-0.010819153,0.017585464,0.047145098
51,-0.042696521,-0.149322105,-0.19934289,0.01816106,0.040168696,0.042361934,-0.05689086,-0.051427479,-0.063944016,-0.046192551,-0.008095765,0.009425947,-0.009027432,-0.021493855,-0.008247447,11.23839803,0.016271774,0.076852034,-0.024863294,-0.013123103,0.019113378,0.052374075
52,-0.02411136,-0.13699568,-0.058556037,-0.06696803,-0.105940954,-0.199847443,-0.093650518,-0.081090292,-0.058235309,0.009338147,-0.014593742,-0.049569035,0.00122997,-0.033829026,-0.044184508,2.856377453,0.020343946,0.08846223,-0.026467063,-0.017713689,0.020978949,0.060535143
53,-0.093001584,-0.094725679,0.006183474,0.040646495,-0.10928142,-0.006532731,-0.048625086,-0.108301397,-0.036766488,-0.01390612,0.010493336,-0.016817615,-0.023615185,-0.048892191,-0.048005032,18.02171205,0.015183761,0.06998658,-0.023095259,-0.010436372,0.017274131,0.046606032
54,0.039144992,-0.178303875,0.044609394,0.023450541,-0.166638362,-0.169798116,-0.087331638,0.004465736,-0.105722277,-0.018169727,-0.000381148,0.01387572,-0.059119501,-0.014031037,-0.020454452,17.19344848,0.016163143,0.072266326,-0.023921992,-0.011008335,0.017337872,0.047512293
55,-0.161230189,-0.083969636,0.009346933,-0.108082175,-0.003087726,0.032088874,-0.110228736,0.007041881,-0.025026357,-0.065165678,-0.045914662,-0.026769314,-0.020267736,0.009078552,0.005659457,14.21719061,0.015676311,0.069859497,-0.024273091,-0.010754008,0.018396852,0.047223758
56,-0.176367853,-0.016301,-0.193858807,-0.14215194,-0.061459455,0.013900217,-0.085090474,-0.098597831,-0.104269124,-0.039145567,-0.03180351,-0.040586481,-0.040542738,-0.00795854,-0.010474704,4.609335579,0.018775878,0.080442335,-0.025976482,-0.015049653,0.020266588,0.054375156
57,-0.199175416,0.034780098,-0.033830434,-0.012208343,-0.005390325,-0.191773136,-0.058497402,-0.114393696,0.0001835,-0.051040735,0.001495225,-0.026525465,-0.04187511,-0.058069958,-0.055206454,14.10807066,0.016563297,0.073287566,-0.023954623,-0.01149271,0.018119355,0.049321724
58,-0.074328731,0.047655675,-0.071377131,-0.180779813,-0.160846844,-0.118620117,-0.084964844,-0.075149548,-0.03055132,-0.040558715,-0.056233543,-0.009246161,-0.058066238,0.010079105,-0.001660886,6.526398708,0.01821716,0.078571557,-0.024772181,-0.014009452,0.01905619,0.052630117
59,-0.17870303,-0.19062829,-0.027378239,-0.008233721,-0.09458716,-0.051884795,-0.028047925,-0.005451588,0.010778961,-0.071446386,-0.033557417,-0.043415399,-0.057970144,-0.017123251,-0.036372117,7.556391626,0.017395934,0.077502924,-0.024993957,-0.013882809,0.019314617,0.052599302
60,0.034167392,-0.152473006,-0.17210971,0.030908147,-0.182313388,-0.145641807,-0.040954512,-0.002033289,-0.011535298,-0.040248806,-0.078857039,-0.078645541,0.00323582,0.012243731,-0.00585336,12.47796909,0.017724242,0.078011068,-0.025531183,-0.013424988,0.018932898,0.051756021
61,-0.089354657,-0.005203699,-0.099747849,-0.184377209,-0.065246939,-0.195802068,0.000411994,-0.007030233,-0.112697524,-0.034347563,-0.062697574,-0.041064561,-0.000791002,0.008404789,0.019774125,15.88522484,0.016048916,0.071170365,-0.023560684,-0.01110341,0.01733184,0.046962747
62,0.040342624,0.045073412,-0.109459458,0.010011457,-0.108682942,-0.034904218,0.019036453,-0.042295583,-0.040389672,-0.041821823,-0.006462181,0.014351207,-0.01224835,-0.027913095,0.006653145,18.56253664,0.015182936,0.071796147,-0.023658694,-0.010668772,0.017637197,0.048078243
63,-0.196423542,-0.018040554,-0.131941736,-0.100375086,0.041971921,-0.075940726,-0.036372519,-0.05993139,-0.016611821,0.006231608,-0.002871701,-0.02251645,-0.02341373,-0.024641555,-0.052492324,12.41095779,0.016000106,0.073558088,-0.024100254,-0.012252984,0.018293388,0.050062158
64,-0.066032527,-0.054401687,-0.084810059,-0.198993195,0.019172834,0.011618574,-0.031443155,-0.049097259,-0.000382527,0.005991067,-0.050987428,-0.054741287,0.010261444,0.013188503,-0.027682979,17.37031098,0.01476878,0.068573889,-0.023219454,-0.01038523,0.017341814,0.045876587
65,-0.050412924,-0.076518285,-0.127427156,-0.131138882,-0.014198905,0.045553649,-0.026103972,-0.03626307,-0.079362079,0.007857498,-0.060216779,-0.061414458,-0.049691366,-0.039294202,-0.050671778,19.89014465,0.014576698,0.066843878,-0.023046372,-0.009640062,0.017121173,0.043875819
66,0.016229618,0.01717129,-0.195261461,-0.026357366,-0.018306183,-0.138158841,-0.10652445,-0.038142636,-0.111893882,0.012581762,0.001081012,0.003099467,0.019438327,-0.057379486,-0.02591975,10.13062593,0.018483878,0.081840363,-0.026219578,-0.014262017,0.020410136,0.056040559
67,-0.119407135,-0.16314476,0.00044727,0.049499533,-0.073152383,-0.085011922,-0.111377573,-0.073086001,-0.1121448,-0.070731197,-0.070505748,-0.053421229,-0.015665376,-0.000834899,-0.031101784,0.528368351,0.021549252,0.089869593,-0.027584231,-0.018050024,0.022605526,0.06184177
68,-0.077014632,0.030901428,-0.041886334,-0.122500455,-0.001402741,0.043987312,-0.000990269,-0.054727578,-0.047983458,-0.020994012,-0.067093016,-0.021128467,-0.01251384,-0.026796384,0.01445631,18.94674577,0.014526957,0.06805541,-0.023407282,-0.009722519,0.017637517,0.04577895
69,-0.177967696,-0.061746542,0.037515454,-0.16441036,0.028146031,-0.134189715,-0.071552633,-0.109950845,-0.01616071,-0.028043856,-0.038993255,0.019296657,-0.028706099,-0.023650653,-0.049260504,1.103987688,0.019747068,0.085297598,-0.02627998,-0.016794865,0.021049969,0.05922092
70,-0.166063991,-0.098049182,0.013775538,0.018099737,-0.021121703,-0.15471186,-0.038508576,0.008993503,-0.059512197,-0.033928255,-0.063586797,0.01598414,-0.016629263,0.000368562,0.019845398,19.7505808,0.014435378,0.067605974,-0.022427267,-0.009832713,0.016413999,0.044850376
71,-0.041022391,0.032963201,0.036451109,0.00668635,-0.071702662,-0.15516429,-0.024498547,-0.059730645,-0.045065431,0.005650219,-0.012332505,-0.031676035,0.019188917,-0.044226808,-0.026648706,1.46388359,0.019864745,0.090961313,-0.025629325,-0.017880149,0.021073252,0.064221505
72,-0.157276043,-0.071809088,-0.048267709,0.018782039,-0.010657023,-0.00963857,-0.091199482,-0.026338629,-0.085871485,-0.037365857,-0.069703887,-0.002207683,0.00039804,-0.004935367,0.011747645,17.26205677,0.014805349,0.069500736,-0.022958014,-0.010451931,0.017212596,0.046589195
73,-0.132236397,-0.144250047,-0.134359698,-0.035571725,-0.007652371,-0.060613869,-0.091327275,-0.023539732,-0.042539218,-0.009735772,0.011542882,-0.065862007,0.019770973,-0.052746438,-0.021736336,3.861285077,0.018778045,0.084751222,-0.025440354,-0.016744668,0.020306448,0.058714078
74,-0.093266384,-0.060500044,-0.130669851,-0.187007503,-0.139987873,-0.14470932,0.007845656,-0.076735493,-0.084685049,-0.033241026,-0.06796042,-0.015149508,0.018634539,-0.033113472,0.015299436,15.0421808,0.015974198,0.070454898,-0.023203878,-0.011283368,0.016833609,0.045728791
75,-0.139169055,-0.112040359,0.01962056,-0.13827727,-0.109448853,-0.1507697,-0.078899224,-0.096479603,-0.042033012,-0.001646596,0.010764931,-0.013139939,0.015816422,-0.002502905,-0.017392086,7.958451889,0.017123572,0.078219658,-0.024009609,-0.014196317,0.018048896,0.053000543
76,-0.015873839,-0.075970111,-0.044007254,-0.17800604,0.040650399,-0.064357168,-0.025735641,-0.018579822,-0.082219448,-0.073638231,-0.011029161,0.007508691,-0.015052533,-0.058808516,-0.03508666,13.46581855,0.016067764,0.073475225,-0.02433073,-0.011683396,0.018559927,0.049513854
77,-0.13327338,-0.036857391,0.012585516,0.009682907,0.048055287,-0.120560772,-0.001029825,-0.066786914,-0.107586198,0.006439384,-0.029325699,-0.027269157,-0.046211929,-0.019787765,-0.023246739,19.14901821,0.015314439,0.070899469,-0.02290813,-0.010378469,0.0172849,0.047936581
78,0.041232506,-0.050783315,0.014496824,-0.170378714,-0.11012498,-0.010441699,-0.025110983,-0.064290866,-0.064958004,-0.00458351,0.00390159,0.005283416,-0.050825587,-0.039167983,-0.021184598,13.64280437,0.015727724,0.073638768,-0.023791713,-0.011703346,0.017969057,0.04944991
79,-0.13580745,-0.137752758,-0.187830548,-0.117438719,-0.085918437,-0.197077052,-0.009761259,0.000271247,-0.02757382,-0.019534227,-0.056795744,0.003426375,0.014009583,-0.014495752,-0.010305489,14.95185288,0.015663753,0.070265862,-0.023208025,-0.011520019,0.016735981,0.045946208
80,-0.184856188,-0.098752216,-0.178972003,-0.105175885,-0.134259724,0.026056591,-0.019585268,-0.046712153,-0.074969083,-0.078590084,-0.074159239,-0.020962529,-0.01442228,-0.034022367,0.013560899,3.107049866,0.019274747,0.081966061,-0.0258532,-0.015962808,0.020445354,0.055459558
81,-0.094896828,0.019931997,-0.144921582,-0.149818704,-0.196230022,-0.092600971,-0.072944,-0.099860875,-0.098561156,-0.013512514,-0.043048705,-0.057829456,-0.005440796,-0.013065281,0.00258117,10.05965343,0.017560881,0.076637963,-0.024522673,-0.013318496,0.018404138,0.050716873
82,-0.005589605,-0.196145359,-0.159885224,-0.079088967,-0.106324925,-0.159766113,-0.073571942,0.008005511,-0.005300507,-0.062167511,-0.020314803,-0.025975316,-0.050724504,-0.032608212,-0.004703403,10.52294321,0.017355926,0.075468681,-0.024875217,-0.012964167,0.018428863,0.049675319
83,-0.112951157,-0.063741181,-0.173418349,0.046604009,0.043681046,0.026516868,-0.007344634,-0.101002881,-0.037357732,-0.067160225,-0.041760405,0.017851301,-0.006660224,0.014264791,-0.053459367,5.281545157,0.018475299,0.084345846,-0.025933328,-0.01575328,0.020925025,0.058781217
84,-0.100015644,-0.108051316,-0.187392811,-0.058737837,-0.060718507,-0.037321014,-0.044063749,-0.068534306,-0.004771431,-0.070093729,-0.021703405,0.014746554,0.006802722,-0.057021801,-0.04559086,8.141532333,0.017446377,0.078029102,-0.025131243,-0.014022338,0.019372746,0.052612471
85,-0.014049298,-0.193460985,-0.036890806,-0.128597763,-0.033330928,-0.136030766,-0.116248274,-0.031847554,-0.02374685,-0.014834432,-0.068516237,0.015381704,0.018975809,-0.052200626,-0.043112271,9.848676279,0.017468137,0.077142604,-0.025057833,-0.013540441,0.019127892,0.051749929
86,-0.155005071,-0.029674556,-0.17705708,-0.041533962,-0.090704576,-0.011301208,0.018414656,-0.028234068,-0.060308639,-0.079020034,0.00932532,-0.046209921,-0.048012933,-0.05986726,0.018649697,7.943093226,0.017565546,0.078217584,-0.025024854,-0.013919859,0.01959716,0.053130555
87,0.013656714,-0.180063268,-0.168764665,-0.175047141,-0.176062636,-0.174741654,-0.054121538,-0.098794304,-0.051973897,-0.034535242,-0.051205755,-0.022786513,-0.004919462,-0.041761878,-0.006964623,13.85025542,0.017192474,0.072127103,-0.024320003,-0.011821216,0.017397918,0.046027193
88,0.033452366,0.005482902,-0.133178327,-0.164111793,-0.074146996,-0.108429731,-0.061465562,-0.096627049,-0.078604374,0.005042976,-0.022138601,-0.076719812,-0.002871495,-0.050087825,-0.033991812,4.584878228,0.020093766,0.086966952,-0.026456855,-0.016736628,0.021252382,0.059612197
89,0.047475785,-0.146452705,-0.005525832,-0.050231134,0.00684102,-0.171387613,-0.057576151,-0.061828247,-0.037575156,-0.026652857,-0.014773321,-0.00977151,-0.035683938,-0.032417303,0.019365912,9.163329112,0.017430586,0.08053975,-0.025240214,-0.014021036,0.01938199,0.054880523
90,0.012702175,-0.183938688,-0.003652764,-0.068537603,-0.011298283,-0.000139932,0.002204363,0.018738181,-0.005684716,-0.009764568,-0.072816062,0.00508401,-0.048837344,0.004647136,-0.056810717,0.217639557,0.019579059,0.089709351,-0.025316397,-0.018014279,0.020864291,0.063290748
91,-0.026086602,-0.134601577,-0.017726663,-0.139238846,-0.084790368,0.023898058,-0.020256673,-0.114858584,-0.012538995,-0.013391837,0.001630463,-0.076174258,0.017111911,-0.042202122,-0.017086087,2.632601548,0.019748115,0.087119888,-0.026695891,-0.017390341,0.021698666,0.060588233
92,-0.013627018,-0.088776148,-0.157608486,-0.02043516,-0.144818001,0.000149207,-0.028826972,-0.041476574,-0.101694204,0.014243248,-0.048429584,0.006819393,-0.003362607,-0.005968644,-0.003560477,2.391295718,0.019374153,0.088054687,-0.026014025,-0.017506749,0.020681291,0.060782513
93,-0.027808149,-0.198505022,-0.021452729,-0.024887352,0.011396872,-0.055993863,-0.047491548,-0.00942418,-0.096873536,0.008082616,-0.011724065,-0.045693966,-0.00847994,-0.014340337,-0.025092568,19.2051055,0.01480667,0.069661631,-0.022976254,-0.010453008,0.017023743,0.046452985
94,-0.051690866,-0.048674544,0.045360212,-0.06085265,-0.099498088,-0.165304059,-0.041627385,-0.112098138,-0.018680841,-0.009487375,-0.030393334,-0.016319702,-0.008077396,0.013769168,-0.003977997,10.74056191,0.016738012,0.078193126,-0.024032486,-0.013351263,0.018238897,0.053081529
95,0.01163587,0.00979164,-0.020449285,-0.158717749,-0.142596043,-0.013313189,-0.106244613,0.005160517,-0.047896777,-0.057074106,-0.05261279,-0.035221356,-0.043539695,-0.046385426,0.007558198,11.28298582,0.016869178,0.074747467,-0.024644289,-0.01210956,0.018901364,0.050027621
96,-0.021943005,-0.152550718,0.031918393,-0.00492811,-0.189149618,0.033090874,-0.057798559,-0.070934109,-0.090933471,-0.076807644,-0.004304174,-0.053820426,-0.030754854,-0.059425215,-0.001476495,16.56705274,0.016263451,0.070696149,-0.025029365,-0.010604722,0.018644362,0.046502572
97,0.039514915,-0.113723046,-0.097839387,-0.151428718,-0.14333329,-0.025688435,0.017950451,-0.082373949,-0.038819193,-0.059847345,0.017100354,-0.064158318,0.011476191,-0.051477052,0.002059797,1.01409195,0.020175919,0.089091656,-0.026112054,-0.01803155,0.0209981,0.061244527
98,-0.157772591,0.000281422,-0.059369919,-0.155892682,-0.055598291,-0.091803089,0.001891378,-0.054907039,-0.018917507,-0.016853366,-0.046874175,-0.059905244,-0.008654307,-0.0493844,-0.042790842,4.68418311,0.018692798,0.08291561,-0.025301022,-0.015862169,0.020225409,0.057290882
99,-0.044069542,-0.069230502,-0.066723261,-0.177142906,-0.016272589,-0.081441046,-0.079619698,-0.067418905,-0.021159894,-0.027837626,-0.017218841,-0.021611045,-0.035310169,-0.013448308,-0.033092506,6.10362503,0.017684222,0.079871561,-0.024980849,-0.01455351,0.019397165,0.054353762
100,-0.068357889,-0.139139842,-0.024370599,-0.171947868,-0.137525933,-0.168549109,0.01674252,-0.107970402,0.015492539,-0.06186781,-0.040679844,-0.043021439,-0.00949877,0.003162506,-0.058528267,4.548880893,0.019262059,0.083057719,-0.025431001,-0.016036361,0.019898271,0.056205178
101,-0.033474267,-0.026122286,-0.177506492,-0.037063429,-0.090198776,-0.183684479,-0.059807503,-0.029223426,-0.068820155,-0.078873969,0.016693049,-0.036964051,-0.042240073,-0.050660398,-0.024009771,3.518471969,0.020490844,0.086066036,-0.026962421,-0.016323073,0.021478752,0.058582712
102,-0.125850649,-0.091853864,-0.163849478,-0.119676294,-0.100859406,-0.044709138,0.012952658,-0.081994997,-0.098691983,0.007669256,0.01472721,-0.074381862,-0.042734231,0.000447487,-0.029874148,10.85576771,0.017185752,0.076444963,-0.024897544,-0.013532167,0.019048077,0.051446264
103,-0.161790853,-0.172499216,-0.018811923,-0.057213639,0.031537381,0.039354384,0.001724055,0.003121652,-0.054004551,0.008754891,-0.057695883,-0.066970448,-0.017058708,-0.047413725,-0.011395401,3.232902783,0.019316392,0.086256003,-0.025583997,-0.016957601,0.02110008,0.060952625
104,-0.127077813,-0.161842923,-0.009222762,0.012866548,-0.066050721,-0.016581569,-0.075526643,-0.065689721,-0.045716375,-0.015926666,-0.035139518,-0.052699548,0.005431119,-0.044713898,-0.026099659,17.44098848,0.015074973,0.069489204,-0.023317952,-0.010570118,0.017348503,0.046140123
105,-0.032077358,-0.037189885,-0.096991174,-0.147407786,-0.195418031,-0.078148437,-0.103238284,-0.115713349,-0.09601693,-0.046954531,-0.041418882,-0.026277409,-0.047419083,-0.050346583,-0.008082985,15.92741989,0.016320842,0.069237236,-0.02339992,-0.010422414,0.016980239,0.044190527
106,-0.195417987,-0.123520249,-0.031875781,-0.022892325,0.000925006,-0.086993498,-0.117720547,-0.033699485,-0.027074605,-0.073242206,-0.078667148,-0.019193113,-0.056412576,-0.046636866,-0.043877073,15.68754888,0.015491689,0.068447139,-0.023806016,-0.010362086,0.01774894,0.045073795
107,-0.104781425,-0.159950255,0.002493176,-7.96E-05,-0.096974691,-0.170588572,-0.00197368,-0.117816329,0.002044746,-0.053625654,-0.073938704,-0.03302738,0.000814091,-0.035060899,0.002652706,1.520235091,0.020702522,0.08898505,-0.026670727,-0.017930917,0.021519198,0.061242554
108,-0.011419218,-0.19961695,0.041260612,-0.096034566,-0.084022861,-0.094048266,4.01E-05,-0.09907869,-0.034659767,-0.003705894,-0.011295122,-0.004816285,-0.000883018,-0.000474021,-0.043732248,11.55996706,0.01657104,0.077143287,-0.024545806,-0.013297759,0.018488187,0.052233876
109,-0.007768833,-0.121088388,0.04436118,-0.036198546,0.039473191,-0.194757145,0.001223412,0.018502368,-0.072264883,-0.04212441,-0.04876308,-0.016074778,-0.024672341,-0.028550432,-0.051247749,0.710211127,0.020542787,0.091378032,-0.026212395,-0.018152342,0.021662902,0.064434174
110,0.021918113,-0.028266307,-0.001883661,-0.173957904,-0.1756035,-0.139489847,-0.083460838,-0.092577738,0.012945902,0.000616748,-0.035276857,-0.028006122,-0.045858423,-0.023085768,0.001354722,0.14372098,0.020377183,0.088531617,-0.025452634,-0.017788339,0.02036677,0.060599815
111,0.006940702,0.018686979,-0.070585392,-0.097503415,-0.09834562,-0.152347209,0.015834,0.019308583,-0.05669077,-0.01632448,-0.058020414,-0.007443707,-0.052095959,-0.032907725,-0.051574422,9.464333685,0.017582836,0.080270324,-0.02471151,-0.013977904,0.019235472,0.054793661
112,-0.100672709,0.025557753,-0.161670684,0.046166673,-0.183402799,0.016053675,-0.026998921,-0.056030656,0.009916128,-0.064827463,-0.064107153,-0.000123986,0.013079325,-0.036033459,0.00031667,5.084678664,0.018881648,0.084215498,-0.025929345,-0.015914172,0.020700326,0.057999055
113,0.018999446,-0.164328173,-0.121541863,-0.086779372,0.037673582,-0.039154814,-0.117950387,-0.106515394,-0.003666258,-0.068744096,-0.040063173,-0.046765693,-0.033348837,-0.056574657,-0.032797905,17.49866287,0.015372105,0.068849799,-0.023787315,-0.010166988,0.017534119,0.04479395
114,-0.159508097,-0.110163676,-0.145328607,0.028685704,0.012783971,-0.121503491,0.006869282,-0.021480281,-0.106385786,-0.051634846,0.008278629,-0.018617865,-0.00502259,-0.031512278,-0.043538678,9.603081493,0.017610352,0.079479386,-0.025473939,-0.014162888,0.019811589,0.054513041
115,0.023650797,-0.13339591,0.004926549,-0.093367325,-0.101490163,0.023635268,-0.037501724,-0.03325281,-0.053563546,-0.029455671,-0.063276876,0.014186873,-0.029753385,-0.054916363,-0.005339725,10.30713242,0.017210527,0.077823092,-0.025360364,-0.013222788,0.019697995,0.052823661
116,-0.194581849,0.002346999,0.024441442,-0.126330124,-0.116742613,0.034226035,-0.0767591,-0.003856365,-0.089031343,-0.050965263,-0.075997349,-0.037626821,-0.003942889,-0.048509599,-0.022415006,7.548200852,0.018114687,0.078008139,-0.026095285,-0.013719757,0.020558427,0.053565917
117,-0.193382381,-0.121591211,0.041108486,-0.054998177,-0.068977124,0.016849253,-0.118613078,-0.047921917,-0.051671693,-0.054340756,-0.028235465,-0.032076722,0.003499952,-0.050943407,-0.018608466,19.72399384,0.014637898,0.064814753,-0.022730506,-0.008992965,0.016665095,0.042471667
118,-0.0766686,-0.065656394,-0.154950709,-0.150738828,0.022465077,-0.160525576,-0.025159721,-0.088597412,-0.106268979,-0.053098579,-0.049835246,0.010871115,-0.010668524,0.007115289,-0.044911743,19.26834015,0.015406049,0.067490324,-0.022861565,-0.009831156,0.016526824,0.043764378
119,-0.123096375,-0.01852562,-0.123136467,-0.075550325,0.017893347,-0.048933984,-0.050552312,-0.001479961,-0.020353078,-0.010582559,-0.044964938,-0.029085941,-0.053229554,0.008997613,-0.055933103,13.69571037,0.015686636,0.072935819,-0.024188556,-0.011784942,0.018439546,0.049468099
120,-0.087942753,0.027132135,0.047195561,-0.166650181,-0.184103163,-0.175550383,-0.002857058,-0.031566475,0.011923653,-0.035198533,-0.049399387,0.005795619,0.0020876,-0.038788563,-0.014095881,9.141084877,0.016967099,0.077433693,-0.023579564,-0.013480969,0.018010724,0.052525276
121,-0.117445577,-0.161999319,0.033190482,-0.051543856,-0.127914137,-0.151421685,-0.032997494,-0.011058079,-0.099014169,-0.011738187,-0.062994505,-0.00338421,-0.037891656,-0.025485769,-0.014979671,1.202853705,0.019873673,0.08771731,-0.02567966,-0.017617987,0.020515615,0.06046437
122,-0.154453173,-0.065605096,-0.072316501,-0.082394683,-0.148422136,0.028264011,0.006265935,-0.110750157,-0.061381893,-0.000547323,-0.030838358,-0.060062194,-0.028072189,-0.010139575,-0.054210285,2.412634475,0.020045244,0.086479932,-0.026670889,-0.017392674,0.021753776,0.05988862
123,-0.155862494,0.00833,-0.190410803,-0.084832286,0.005474151,-0.128621092,-0.090718141,0.010020594,-0.115369194,-0.069189158,-0.078120547,-0.062684586,-0.021460108,-0.029278815,-0.032586114,2.999301281,0.021270822,0.085947174,-0.027892673,-0.016528657,0.022610235,0.059048045
124,-0.053541448,-0.167382607,-0.091856633,-0.092135348,-0.038005358,-0.136376847,-0.088103999,-0.013390869,-0.036226236,-0.010475945,-0.004989485,-0.009597674,-0.04614039,0.011854,0.013225471,10.61954711,0.016504296,0.075575787,-0.024286552,-0.012961462,0.018167663,0.05063057
125,-0.086544474,-0.056734441,-0.171107036,-0.098521557,-0.015299883,0.001965509,-0.100160737,-0.116004372,-0.032423663,-0.073314754,-0.032372889,-0.048392094,-0.053551593,-0.018531503,-0.024884811,12.57062245,0.016390481,0.072150683,-0.024747353,-0.01156696,0.018693546,0.04766159
126,0.014238341,-0.124233321,-0.11424876,0.042681037,-0.166170643,-0.093738497,0.009827177,-0.017310302,-0.061634286,0.010836667,0.006005833,-0.0245966,-0.013055193,-0.045110105,-0.03130682,1.700499912,0.019925172,0.090293203,-0.026021377,-0.018242927,0.020720232,0.062789214
127,-0.131561616,-0.195437162,0.02610991,-0.102424462,-0.088025333,-0.024136267,-0.01584472,-0.069730905,-0.048683854,-0.066721291,0.005935649,-0.012801461,0.014658272,0.00660143,-0.006209846,17.14792211,0.014834156,0.067662623,-0.022886846,-0.010235417,0.016602665,0.044604863
128,-0.00182967,-0.049461119,-0.104676662,-0.132241212,-0.132208774,-0.199367886,-0.023303776,-0.078033879,-0.00132383,-0.057328919,-0.00272473,-0.058499654,-0.00224489,0.015001781,0.003907408,19.07876682,0.015298715,0.06794866,-0.022257691,-0.010010289,0.0158932,0.043687883
129,-0.018929553,-0.067036778,-0.170176634,-0.189590156,0.027108604,0.02196429,-0.003228777,-0.037174366,-0.01564825,-0.015476169,-0.008364295,0.019139179,0.005683097,-0.04027916,-0.009179607,3.323117097,0.018002188,0.084191459,-0.02468779,-0.016348999,0.019696641,0.058720117
130,-0.149035782,-0.052540727,-0.095877528,-0.045938237,-0.180881547,-0.019391767,-0.051098568,-0.082976778,-0.011309415,0.000371208,-0.04663839,-0.034989202,0.012535107,-0.03203802,-0.000796035,15.2144394,0.015540134,0.070586823,-0.023394853,-0.011263305,0.017246482,0.046551299
131,-0.036208003,-0.116873237,-0.120352087,-0.027612415,-0.190533303,-0.045826043,-0.00672171,-0.08588604,0.016450087,-0.068867921,-0.055300493,-0.057324977,-0.013385096,0.008627591,0.009606854,10.19328456,0.017561128,0.077654655,-0.025231367,-0.013563418,0.01911196,0.051780825
132,-0.017271124,-0.025258095,0.003543315,-0.194712881,0.008045239,-0.152640977,-0.097314953,-0.053253332,-0.07819196,-0.029241562,0.018007955,-0.017823662,-0.009995988,-0.016175213,-0.046845473,7.660203562,0.017860565,0.080271878,-0.024950596,-0.014181983,0.019410641,0.054984762
133,-0.141756653,-0.026853781,-0.198736197,-0.134014048,-0.045870752,-0.173664227,-0.06448196,-0.014503386,-0.023777084,-0.024278915,0.019096191,-0.072754772,0.00450399,-0.009775807,0.015764944,7.620567832,0.017910562,0.079008268,-0.02461244,-0.014447063,0.018811625,0.053660572
134,-0.087441415,0.0368593,-0.181578919,-0.151999726,0.032025876,-0.059680072,-0.074414117,-0.088108119,-0.041208146,-0.006890854,-0.069873774,0.004168634,-0.029395824,-0.038841773,-0.011402523,10.22932092,0.017297222,0.076617102,-0.025576821,-0.012964834,0.019683955,0.051890249
135,-0.158128098,0.024097832,-0.024498015,-0.089324457,-0.002238472,-0.01919483,-0.109597192,-0.021900726,-0.076112291,-0.074371618,-0.061828963,0.006229379,-0.015210676,0.018165915,-0.006018115,4.731471651,0.018727165,0.081749431,-0.026359818,-0.014848761,0.021027869,0.056676438
136,-0.057294296,-0.001126346,-0.192220333,-0.009488695,-0.150252672,-0.030260252,-0.053010831,-0.016194845,-0.104224137,-0.005892482,-0.042884798,-0.048843569,-0.036844251,-0.044453373,-0.000369851,9.312775193,0.017829441,0.080017718,-0.025335777,-0.014165842,0.019615576,0.054108927
137,-0.060907484,-0.122414115,-0.165285317,-0.185638728,-0.019359441,0.010693175,-0.119646914,-0.090981303,-0.077822548,-0.065340494,-0.079006347,-0.033938555,-0.049898315,-0.026207968,-0.009640975,18.53013752,0.015097574,0.064731699,-0.023094686,-0.009210038,0.016651301,0.041118542
138,-0.180824454,-0.018907708,-0.199636778,-0.195265389,0.009499216,-0.124932866,-0.070730369,-0.008662807,-0.103678834,-0.00859437,0.013445938,-0.010266176,-0.055358733,-0.017751469,-0.019214902,3.155103328,0.01952534,0.082412587,-0.026319726,-0.015856592,0.020631008,0.056515333
139,-0.144685746,0.049511665,-0.105979421,0.007917625,-0.062407112,-0.145038524,-0.087516282,-0.035528518,-0.063031246,-0.019002035,-0.020893091,-0.029751308,-0.034624872,-0.029900463,0.017049233,8.920367309,0.017632614,0.079557341,-0.024991447,-0.013782782,0.019328344,0.054284104
140,0.017235442,0.046445986,-0.196197279,-0.073304675,0.036297948,-0.040459596,-0.079250837,0.015038999,-0.013742205,0.009669362,0.014872777,-0.059058782,-0.051781315,0.006536716,0.00336023,13.12085273,0.016676737,0.076539963,-0.025401398,-0.012499071,0.019641322,0.052660094
141,-0.04973603,-0.105505724,0.001594691,-0.090585877,-0.057639434,-0.104758975,-0.098376897,-0.003613635,-0.070022913,-0.043224727,-0.001092174,-0.043916998,-0.029099665,-0.010544958,0.012505906,11.83535843,0.016359367,0.074826092,-0.024394,-0.012321437,0.018454392,0.050337541
142,-0.077635806,-0.194907768,-0.087065881,-0.084185436,-0.153573785,0.034897076,-0.013103212,-0.077131097,-0.041567182,0.016239266,-0.006671687,-0.005943008,-0.05544668,-0.023288822,-0.020953542,5.913849579,0.017959756,0.081056967,-0.025362833,-0.015288468,0.019556832,0.055124646
143,-0.079857923,-0.055031682,-0.102557094,-0.032751344,-0.092183979,-0.121889282,-0.067437129,-0.100164261,-0.01111879,-0.026897821,-0.057911545,-0.010155353,-0.051446388,0.014868433,-0.047346973,6.323020324,0.018485655,0.081731117,-0.025567626,-0.014996032,0.019944067,0.055358057
144,-0.138212665,0.048808053,-0.186217406,0.000906258,-0.12473046,-0.031247946,-0.004660816,-0.091697878,-0.117413413,-0.035783396,-0.037959081,-0.007585807,-0.044265395,-0.034696727,0.00371311,0.297331045,0.020873852,0.089645995,-0.026614033,-0.017934558,0.021758674,0.061947649
145,-0.006723679,-0.103871012,0.006566428,-0.16237883,-0.135409515,-0.062674587,-0.041311381,-0.020372638,-0.091573105,0.017106129,0.003661608,0.002170222,0.019289915,-0.054798668,-0.019532414,12.32264703,0.016283365,0.07554818,-0.023878617,-0.012694914,0.01800811,0.050896153
146,-0.091128594,-0.11558354,-0.152674155,-0.140547215,0.042869368,-0.161123394,-0.012380277,-0.068953399,-0.017350464,-0.003290502,-0.025419243,-0.044546673,-0.034922039,-0.0080699,0.006096393,1.429632992,0.019230215,0.086418013,-0.025502441,-0.0172486,0.02021828,0.059585371
147,-0.075352888,-0.10737522,-0.000272386,-0.136032368,-0.169945971,0.009971695,-0.077238386,0.006492534,-0.101237923,0.003719513,0.019701455,0.000689045,-0.020066055,0.00116601,-0.024377275,2.911004865,0.018827421,0.084665935,-0.025517239,-0.016521774,0.020187172,0.058647018
148,0.001146269,-0.02449407,-0.106823714,-0.077367603,-0.078111095,0.007125278,-0.066958588,0.01271097,-0.064645693,-0.035469995,-0.003874268,-0.070115584,0.001140508,-0.002777093,-0.056125469,3.967524585,0.019484749,0.086884834,-0.025898745,-0.016835797,0.021171485,0.060683117
149,-0.002898129,-0.045894992,0.029803571,-0.182753379,0.032784887,-0.106413772,-0.08590659,-0.042719761,0.004120425,-0.05607446,0.002193402,-0.071729206,-0.027789257,-0.05966793,0.005993393,13.8165321,0.015961005,0.072675913,-0.024131895,-0.011314773,0.018335022,0.048991459
150,0.008976672,-0.002073931,0.032759617,0.001965011,-0.040470233,-0.167584957,-0.082730659,-0.031211447,0.005119545,-0.078030792,0.018485609,-0.068964414,-0.05615394,-0.003539088,-0.026500717,9.739776241,0.018004559,0.080519939,-0.025458027,-0.013586936,0.020062594,0.05539438
151,0.006741331,-0.013616436,-0.16071361,-0.072483515,0.044864113,-0.149822618,0.007739454,-0.104561804,-0.114330083,-0.0240684,-0.064806925,-0.040253258,-0.02731815,-0.030470826,0.007381097,12.6694081,0.018052085,0.078915688,-0.025883387,-0.013085082,0.020002359,0.053437384
152,0.030924552,-0.081528911,-0.000728997,-0.13496073,0.026793457,-0.070606122,-0.045254622,-0.029659221,-0.069510939,-0.029507738,-0.055727452,-0.019502423,-0.017976381,-0.006628692,-0.048558974,5.339315072,0.018387546,0.084462204,-0.025797224,-0.015607426,0.020626959,0.058616023
153,-0.003497223,-0.007028978,-0.025016955,0.019418175,-0.003878498,-0.011951876,-0.009471816,-0.060642689,-0.039415916,-0.045990446,-0.047109886,-0.079838912,-0.032015585,-0.012320976,-0.034089635,19.37639395,0.014956509,0.070999238,-0.023802162,-0.010300449,0.01815281,0.047973097
154,-0.192264685,-0.094116524,-0.154017899,-0.115735863,0.003517703,-0.063730252,-0.093832867,-0.078399347,-0.063548978,-0.06822587,-0.034861456,-0.058043904,-0.000272587,0.006895373,0.004756497,6.63288413,0.017816099,0.077966612,-0.025451099,-0.014207485,0.019509722,0.052558858
155,-0.14282223,-0.186167202,0.001021187,-0.00926551,-0.027678589,-0.022457364,-0.099968959,-0.116701326,-0.100969215,-0.077920308,-0.041186119,-0.060523789,-0.012817182,-0.056242281,0.016610716,4.357331373,0.019769064,0.083339047,-0.026753772,-0.015627984,0.021480682,0.056828384
156,-0.064191568,0.047096652,-0.148639889,-0.082930057,-0.064564791,-0.097833431,0.003194099,0.001642806,-0.008581755,-0.058501401,-0.030132233,-0.065116062,-0.044701977,-0.055882961,-0.008472747,19.16684335,0.014868162,0.068271388,-0.02305036,-0.009909393,0.016987116,0.044898159
157,-0.179113847,-0.182788005,0.021999465,-0.175765092,0.00042633,-0.017721216,-0.048281652,-0.075954253,-0.041778648,-0.01287551,-0.014496843,-0.047761916,-0.048356298,0.014063917,-0.01601733,11.48836175,0.016307032,0.072579138,-0.024360111,-0.01204654,0.018327308,0.048940897
158,-0.193956534,-0.06970981,-0.030644122,-0.168386986,-0.129642924,-0.137553875,-0.021478034,-0.103132121,-0.077509266,-0.063410771,0.012729272,0.011550634,-0.024475047,0.00076079,-0.03682545,13.7833403,0.015756654,0.069600319,-0.022887322,-0.011162082,0.016547275,0.045585352
159,-0.046638499,-0.138576214,-0.092521345,-0.186407948,-0.075573198,-0.068267134,-0.105389027,-0.040915415,-0.108140971,0.019034444,-0.061581203,-0.045222331,-0.026671358,-0.01918332,-0.021302572,4.844734602,0.019132341,0.082955907,-0.025955711,-0.015913116,0.020290156,0.056188815
160,0.023028293,-0.035720247,-0.068593078,0.040584166,0.034603913,-0.13182757,-0.008453893,-0.107358359,-0.043657523,-0.006198588,-0.047772816,-0.019943075,-0.010277498,-0.04999339,-0.032075938,7.769090282,0.019013129,0.085930673,-0.026536038,-0.0155799,0.02128181,0.059854979
161,-0.036316962,-0.175809734,-0.055266062,-0.075878478,-0.179511729,-0.055468923,-0.018611762,-0.006396743,-0.008057594,-0.058486167,-0.000946279,-0.079478866,0.007991123,-0.005168348,-0.006425542,8.03655325,0.017719309,0.079872724,-0.024797392,-0.01463819,0.018978694,0.054116654
162,0.042189963,0.035148995,-0.081190122,0.038670773,-0.022785039,0.005877453,-0.056306901,-0.079679589,0.01941465,-0.041463323,-0.060268188,0.000159043,0.006583478,0.016866413,0.012272132,15.83333445,0.015719343,0.07499561,-0.024556114,-0.011585226,0.018883154,0.051341513
163,-0.196023667,-0.150513881,0.043033888,-0.010184516,0.035062304,-0.077443173,0.009156123,-0.065893063,-0.010112912,-0.076682545,-0.05870972,-0.05604815,0.00317757,-0.011388193,-0.041119204,13.96808471,0.015851113,0.073137364,-0.023986734,-0.011788434,0.018354358,0.049778526
164,0.029103909,-0.034194892,-0.125917383,-0.001128603,-0.09795939,-0.021219909,0.011014846,-0.063654634,-0.040700743,-0.071175071,-0.054238732,-0.013317691,-0.059460849,-0.006096012,-0.055645957,11.16093188,0.017365682,0.078687594,-0.025481987,-0.013280579,0.01973981,0.05320287
165,0.002243356,0.028884004,-0.057834767,-0.02329133,-0.029777786,-0.113430303,-0.0549655,-0.062933558,-0.107892451,-0.023748724,0.009065962,-0.061201141,-0.016888204,-0.039939659,-0.04950357,10.26806581,0.018192224,0.081922589,-0.025793867,-0.014100517,0.020401721,0.056463515
166,0.021027071,-0.191464162,-0.168274037,0.048412305,-0.167748137,-0.095341497,-0.100790243,-0.075823361,-0.11118028,-0.030849523,0.011245725,-0.032984631,-0.008351796,-0.028646734,-0.036596471,12.92207061,0.018063834,0.077392493,-0.025915088,-0.013076372,0.019160218,0.050975039
167,-0.000408842,0.035728173,-0.143952304,-0.127044125,0.049093551,-0.096783099,0.008128139,-0.059072818,-0.054896086,-0.023317841,-0.003440149,-0.063060898,-0.013781314,-0.010616425,0.009271804,13.72358689,0.016429535,0.076172432,-0.024931544,-0.012329468,0.019084235,0.051968725
168,-0.084494162,-0.05610604,-0.010626893,-0.053209389,-0.039484892,-0.113027696,-0.112365311,-0.023879643,-0.102554308,-0.02013448,-0.044268758,-0.063594908,-0.041458974,0.013951409,-0.056249989,17.89268147,0.0155025,0.070007165,-0.023262337,-0.010430169,0.017409825,0.046434001
169,-0.127652734,-0.096250521,-0.074936611,-0.069419515,0.031060268,-0.000961924,-0.086520529,-0.06639077,-0.106886512,-0.045686054,-0.027202434,-0.006468905,-0.028919183,-0.020459252,-0.008618928,0.076039697,0.019971822,0.087698744,-0.026456104,-0.017468221,0.021575513,0.060968384
170,-0.146676631,-0.192842398,0.018238127,-0.106614859,-0.152392775,-0.127414718,-0.005983265,-0.043924281,-0.052552408,-0.003080866,-0.074660138,-0.073445829,-0.00585344,-0.052583114,-0.037935986,11.97757862,0.017173526,0.074615157,-0.024933495,-0.012879562,0.018766334,0.049712483
171,-0.035593144,-0.197647864,-0.081842686,-0.005844776,-0.044346722,-0.083105941,-0.014665418,-0.029967735,-0.069050087,-0.032145862,-0.022709638,-0.030861496,0.017570101,-0.022560804,-0.046052904,2.747783706,0.019315892,0.088306642,-0.026115812,-0.017641433,0.020872156,0.061258324
172,0.01511608,-0.010280965,0.040160428,-0.012765032,0.049920451,-0.026503596,0.012635862,-0.116203204,0.013135162,-0.057816181,-0.009855841,-0.03855075,0.012774574,-0.030909179,-0.019870654,13.22474711,0.016281853,0.078046685,-0.024647362,-0.012587562,0.019458946,0.05438256
173,-0.181587325,-0.132627627,-0.118921093,-0.071337083,-0.191257293,-0.130002427,-0.008978675,-0.10193396,0.003759939,-0.009134654,-0.033133605,-0.077561257,-0.051061176,-0.013373866,-0.057185117,13.16471426,0.016774557,0.072290796,-0.024203583,-0.012255188,0.017820294,0.047346489
174,-0.03774143,-0.127547343,-0.064464098,-0.080882498,-0.164881409,-0.115428506,-0.044485022,-0.057906981,-0.044366938,-0.077049918,0.007696163,-0.012480577,-0.038026533,-0.053745664,-0.042800342,9.969509691,0.017384936,0.076292575,-0.024765267,-0.013129545,0.01864859,0.050527212
175,-0.186264837,-0.093422384,-0.140865266,0.047746668,-0.030242205,-0.170852886,-0.019004248,-0.070324791,-0.094602566,-0.047753054,-0.051258864,0.011160189,-0.043641648,-0.058465147,-0.044603162,10.02100013,0.018091126,0.078288792,-0.025690148,-0.013647843,0.019845411,0.052725385
176,-0.060609426,-0.110810078,-0.105577554,-0.033908025,-0.156980656,0.043727522,-0.088711051,0.016380613,-0.003346355,0.014546379,-0.034519603,-0.067555471,-0.059651232,-0.007173516,-0.048746676,16.63683497,0.015536844,0.070366236,-0.023508634,-0.010946678,0.017541936,0.046603515
177,0.037829144,-0.169966808,-0.090515085,-0.1129199,0.001343156,0.006668294,-0.016998469,-0.003080705,-0.008799699,-0.07972855,-0.026450405,-0.03181413,0.009861539,-0.029019355,-0.013741902,3.829684635,0.018435287,0.084613059,-0.025339838,-0.016176355,0.020224888,0.058597497
178,-0.124493786,-0.004113297,-0.169531503,-0.062069425,0.041296558,-0.062454632,-0.064764148,-0.097667158,-0.060997717,0.008527802,-0.038116905,-0.004611804,-0.047964069,-0.049162612,-0.007030438,0.871443774,0.019919747,0.087971653,-0.026524703,-0.017435655,0.021524929,0.061165722
179,-0.134959932,-0.162783571,-0.143670231,-0.108357098,-0.186914949,-0.168858111,-0.078604313,-0.055695558,-0.017490287,0.000108882,0.004071237,-0.066309056,-0.041137091,0.012431903,0.01828979,18.11949367,0.015419528,0.066112458,-0.022289628,-0.010038232,0.015515241,0.041874174
180,-0.039077178,-0.165530597,-0.133039876,-0.029130383,-0.041913218,-0.041875008,-0.10054669,-0.089197518,-0.006632345,-0.000463006,-0.04169677,-0.039365562,-0.021942132,-0.041180768,-0.017954482,12.88611993,0.016309311,0.074463928,-0.024450682,-0.01238002,0.018340713,0.049532726
181,-0.041930029,-0.010857236,-0.178729997,-0.025519375,0.02877161,-0.102580659,-0.099128264,-0.032806222,-0.022595779,-0.040444182,-0.036192311,-0.053571769,0.003819991,-0.015899708,-0.036696726,8.835541374,0.017815474,0.08078877,-0.025780622,-0.014245794,0.020108975,0.055375879
182,-0.048198768,-0.044468194,0.016041004,0.03381228,-0.006158823,-0.134571531,-0.110622092,-0.047485853,-0.07650162,-0.076388265,-0.032043835,-0.03791706,-0.033542896,-0.043366849,-0.054797133,2.548570088,0.020554176,0.088352994,-0.027024646,-0.016753655,0.022209807,0.061330311
183,-0.07320495,-0.030276783,0.030856394,-0.079657245,-0.038521873,-0.088679478,-0.026219976,-0.05137946,-0.067932049,-0.073780949,-0.029007262,-0.062996502,-0.053835031,-0.026018927,-0.01197556,14.88723693,0.015796748,0.072487975,-0.023970872,-0.011112416,0.018191358,0.048638591
184,0.043307067,-0.117010258,-0.089895517,0.016686209,-0.172670316,-0.083716614,-0.011117233,0.017334748,-0.09413281,-0.021818747,-0.069382742,0.01603044,-0.025071593,-0.027418395,-0.002102923,7.385982031,0.018659712,0.083937837,-0.026175978,-0.015484386,0.020326326,0.057313403
185,-0.172298086,-0.087919157,0.021340804,-0.179993606,-0.033845983,-0.009054211,-0.097738436,-0.119899095,-0.102258258,-0.049919658,0.017760732,-0.001229272,-0.01468224,-0.015754793,0.015063792,14.55173734,0.015767619,0.06887622,-0.023643437,-0.010516215,0.01745424,0.045740225
186,-0.128444711,0.043166825,-0.108971341,0.024128804,-0.167036127,-0.039489187,-0.087054658,0.002356619,0.002434994,-0.026319809,-0.028463134,-0.069756169,-0.05754692,-0.042618518,-0.03534401,6.071123891,0.018428319,0.082127789,-0.025031337,-0.015024965,0.019875312,0.056359314
187,0.016515737,-0.136137701,-0.110368984,-0.056304691,0.045406832,-0.126725664,-0.054319523,-0.093152642,-0.102964301,0.009187276,-0.06058411,-0.01098629,-0.019786264,-0.015062308,-0.028340884,19.69801604,0.015385591,0.06994043,-0.022905571,-0.010290364,0.016790129,0.045909525
188,-0.082699164,-0.180676224,-0.076449455,0.02550122,-0.054496682,-0.185897073,-0.081443806,0.015602734,-0.014736074,0.016612165,-0.01737945,-0.018050775,-0.030026511,-0.017809489,-0.002690844,18.47627298,0.014861065,0.069143018,-0.022902191,-0.010607891,0.016532593,0.045460719
189,0.03837571,-0.024206055,0.039775921,-0.124006426,-0.126486581,-0.058919667,-0.066323964,-0.015065537,-0.088661567,-0.050532464,-0.053083417,-0.023906939,-0.025999999,-0.004294729,-0.055158312,8.365875966,0.017809195,0.080602999,-0.025232323,-0.013991571,0.019778454,0.054961256
190,-0.13741149,-0.040872488,-0.062340385,-0.120090979,-0.160527805,0.004339294,-0.072241924,-0.056763549,0.015821497,-0.071977469,-0.036688836,0.001216153,-0.031322497,0.011695365,-0.05329266,11.65567143,0.016496599,0.072078759,-0.024323802,-0.011861626,0.018373344,0.048020211
191,0.005242553,-0.174469596,-0.125620033,-0.171320994,-0.199777538,-0.053454519,-0.068054472,-0.043514377,-0.056307878,0.012122178,-0.054318464,-0.050562943,0.00721617,-0.004621212,-0.053043289,14.93297135,0.016671091,0.07151278,-0.023812406,-0.011710017,0.017364425,0.046357811
192,-0.15320949,-0.189371241,-0.006561895,0.037796286,-0.190789441,-0.117595317,-0.071789717,-0.00224228,-0.006473006,0.004150009,-0.074765623,0.010202648,-0.027021328,-0.04064969,-0.007386056,15.64762939,0.015740503,0.070594654,-0.023600798,-0.011235088,0.017197297,0.046393587
193,-0.152534554,-0.014047214,-0.088498638,-0.089591831,-0.047925038,-0.002430753,-0.052313698,-0.024114361,-0.072001583,0.014407943,-0.067327182,-0.047732006,0.016056116,0.010523335,0.013701412,6.88165193,0.017524532,0.081189755,-0.025112131,-0.015045725,0.01976001,0.056296539
194,-0.160608175,-0.01966044,-0.142993968,-0.169264349,-0.025142242,-0.186496179,-0.007145606,-0.092236593,-0.047032835,-0.002886155,-0.046235618,-0.050122786,0.008279656,-0.013823981,-0.038672607,18.30523158,0.015343419,0.067315113,-0.022984162,-0.01010909,0.01659423,0.043835228
195,-0.071403626,-0.112642145,-0.157324202,-0.114995166,-0.198173167,-0.056397032,-0.114560412,-0.089719022,-0.015989155,-0.047085109,-0.027446957,-0.023233494,-0.041332307,-0.027320625,-0.032958766,11.05783822,0.017351457,0.07339863,-0.024435856,-0.012348168,0.018027033,0.047665685
196,-0.174405352,0.044771481,-0.073700948,0.049149851,-0.15103635,-0.023481055,-0.07104332,-0.01208491,-0.119293877,-0.075224275,-0.055005646,-0.041996328,-0.007546302,-0.057475852,-0.037424246,8.26608981,0.01823776,0.080295451,-0.025690794,-0.014111816,0.020339164,0.054811115
197,-0.124144279,-0.053340039,-0.047817654,-0.179197246,-0.080464457,-0.167104885,-0.028479781,-0.08263081,-0.118602489,-0.051477643,0.007483655,-0.052989695,-0.057216098,-0.043678806,-0.041228021,3.026400129,0.020153172,0.084153888,-0.026321251,-0.016201172,0.020984102,0.057199437
198,-0.090605444,-0.020862359,-0.039622556,-0.100834453,-0.074749297,-0.045562097,-0.07322158,-0.020916607,-0.002644601,-0.010175711,-0.016068979,0.016482666,-0.019158946,-0.012471163,0.007031313,4.905306528,0.017542464,0.081806872,-0.024493689,-0.015260366,0.019262531,0.056721421
199,-0.115062653,0.004602228,-0.083062206,-0.019787126,-0.072153734,-0.154057349,-0.031911619,-0.086564796,-0.09546092,-0.026107558,-0.058259642,-0.02201209,-0.040228365,-0.030089434,0.018943618,15.74796348,0.016206689,0.072652014,-0.023887498,-0.011266256,0.017831891,0.048186562
200,0.027323314,0.039160959,-0.13860683,0.01103548,0.046959131,-0.046269451,0.007065933,-0.005157383,-0.026395337,-0.036705667,0.000297712,-0.076343735,-0.033036981,-0.009994894,-0.033497702,19.47020035,0.015412724,0.072534386,-0.024848449,-0.010783218,0.018978073,0.049511693
201,0.021827594,0.033384928,-0.176827882,-0.007513923,-0.178471631,-0.017147317,-0.108890068,-0.119015466,-0.007238146,-0.055876886,0.009601591,-0.042043456,-0.011752426,0.008313075,-0.052185347,12.29062067,0.017884803,0.07761333,-0.024923427,-0.012870827,0.019070561,0.051884449
202,-0.199387847,-0.194016876,-0.12924559,0.037454885,-0.025808254,-0.14720245,-0.020713643,0.002083613,-0.053316736,-0.059580899,0.014485632,-0.073646512,-0.056856382,0.002429355,-0.038340601,7.18616561,0.018558123,0.080365978,-0.025890008,-0.014937994,0.020329083,0.054872231
203,-0.052752276,-0.023326401,0.048266562,-0.110149627,-0.15982058,-0.099226666,-0.010753434,-0.041781141,-0.090107479,0.006624895,-0.076647431,0.011916644,-0.026155791,-0.048353865,-0.055486705,15.17767948,0.015963613,0.07274408,-0.023835927,-0.011418741,0.017964211,0.048522009
204,-0.190902561,0.019010258,-0.005991078,-0.183662167,-0.163210111,-0.032277408,-0.049153743,-0.118039316,0.008673067,-0.034987095,-0.007626763,0.012812767,-0.018704471,-0.001678841,-0.030306236,8.780908778,0.017098695,0.075079359,-0.02439113,-0.013033643,0.018446306,0.050793229
205,0.023817413,-0.129889139,-0.039349735,0.031748492,-0.008226674,-0.182170805,-0.039387926,-0.045874779,-0.051381669,0.001791736,-0.079529826,0.000336207,-0.051954467,-0.003850168,-0.003373325,19.59894743,0.015440033,0.070776038,-0.023657397,-0.010419895,0.01736305,0.046719393
206,-0.0163359,-0.090082321,0.026759291,-0.092566711,-0.171899494,0.04651935,-0.061882592,0.01197062,0.005736072,-0.016154892,-0.040365566,-0.004297809,-0.026820628,-0.043179742,-0.012762514,1.932184985,0.019435938,0.086772296,-0.025934103,-0.016903238,0.02101706,0.060553447
207,-0.079116164,-0.130235842,0.02735063,-0.101703143,-0.136875328,-0.101052689,-0.099555241,-0.056594026,-0.058024901,-0.048276197,-0.001677421,-0.008219888,-0.020630417,0.009306946,-0.026210219,18.66381067,0.014959251,0.066554407,-0.022412301,-0.009587985,0.016054126,0.043030228
208,-0.099704589,-0.032528529,-0.126862358,-0.021353445,-0.188006052,-0.159304993,-0.080614031,-0.009211654,-0.070753228,-0.018503328,-0.071576834,-0.034241198,-0.014249844,-0.001940808,-0.051776486,19.62484991,0.015310095,0.067349772,-0.02237219,-0.009928029,0.01606694,0.043205567
209,-0.192983139,-0.004643502,-0.139503991,0.006008505,-0.096589219,-0.121143367,-0.072567555,-0.067852258,-0.043918136,-0.007088409,-0.040840449,0.00825389,-0.05419414,-0.052885815,0.010603726,13.51881475,0.016250162,0.07271186,-0.023780414,-0.011780793,0.017819721,0.048303847
210,-0.197518044,-0.160970737,-0.111540291,-0.146721018,-0.14066375,-0.113964603,-0.004942492,-0.007594897,-0.109788516,-0.075324744,-0.059013164,-0.06704,-0.03666282,-0.055678951,-0.058355009,17.20669275,0.015543594,0.06611176,-0.02305613,-0.010133416,0.016464198,0.042163796
211,-0.106324758,-0.170002792,-0.189890413,-0.172912135,-0.128436912,-0.005951572,-0.034913017,-0.062103439,0.014859097,-0.008203591,-0.047481856,0.005685206,-0.033943852,-0.002265805,-0.047434956,12.38096883,0.016156985,0.071221051,-0.023497751,-0.012054081,0.017239427,0.046708355
212,-0.10974037,0.041212812,-0.094836215,-0.141518003,-0.139082348,-0.051603131,0.012214661,0.003336562,-0.088398874,-0.050333233,-0.061319935,-0.0564268,-0.027801122,-0.022746771,-0.010620834,13.9241152,0.01588742,0.072420691,-0.023446032,-0.011612517,0.017622537,0.048290923
213,-0.146152178,0.016410833,-0.013398998,-0.111485835,0.010644244,-0.161884491,-0.103188894,-0.017634015,-0.029718792,-0.053335843,-0.065299968,-0.008840657,0.009148399,-0.056016786,0.000454687,18.89955143,0.015084537,0.066917376,-0.023189333,-0.009504561,0.017049336,0.044196602
214,0.044572309,-0.130638806,-0.101811191,-0.049554999,-0.057020489,-0.082160545,-0.080923332,-0.011788928,-0.105477249,-0.020455602,-0.032608568,-0.071884023,-0.010503639,-0.054298686,-0.014437345,17.01560278,0.015954392,0.072315415,-0.024175921,-0.011209748,0.017950279,0.04770815
215,-0.118884447,-0.154488537,-0.015651463,-0.152941539,-0.041622941,0.017489098,-0.094333656,-0.11747929,-0.01447964,-0.052429594,-0.064552377,-0.007102394,-0.010049658,-0.037337342,-0.047877269,0.998861072,0.020693064,0.085457575,-0.027764632,-0.017076907,0.02256462,0.05873061
216,-0.007186466,0.021033967,-0.014774491,-0.018897376,-0.071023825,-0.079723998,0.014169637,-0.04543731,-0.030910054,0.012913998,-0.026123687,0.01710883,0.018542482,-0.015289202,-0.017403425,3.450277254,0.018423202,0.087803962,-0.025019945,-0.016815397,0.020210243,0.061991894
217,-0.118717878,-0.046335775,-0.147518705,-0.12550246,-0.046933803,-0.007321914,-0.11014427,-0.064399254,-0.087580707,-0.066484232,-0.010219024,-0.044211831,-0.024907996,-0.020610996,-0.035748082,13.55079335,0.01600395,0.070864881,-0.024069797,-0.011248975,0.017973661,0.046749213
218,-0.059040936,0.032064001,-0.115705185,-0.030425741,-0.115089846,-0.115719786,-0.105706455,0.008481269,0.017946048,-0.032792861,0.019362422,-0.025185861,-0.044979858,0.01590663,-0.011014903,2.205142192,0.019579786,0.086629861,-0.025357942,-0.016756255,0.020315763,0.060170321
219,0.003214502,-0.042544041,0.020492483,-0.056094115,0.015672217,-0.073660342,-0.088303756,-0.01937119,-0.002984616,0.00107781,0.000686324,-0.069328889,-0.011211575,0.012964189,-0.030585694,0.679090883,0.019831665,0.090563114,-0.02572762,-0.018032918,0.021359681,0.064323011
220,-0.103865118,-0.031954567,-0.027811215,-0.054307706,-0.173347938,0.035691534,-0.045019027,-0.045491617,-0.060626323,0.0157749,0.000839426,-0.077450441,0.007696823,-0.042951233,-0.013208366,11.92730514,0.016708293,0.07660958,-0.024821327,-0.013062515,0.019204464,0.052283549
221,-0.056216359,0.001711421,-0.192675596,-0.045308839,-0.055713567,-0.078991691,-0.112149284,-0.036715315,0.019266324,-0.038361545,-0.071207187,0.015210146,-0.040956163,0.005541707,-0.003691315,9.064955568,0.01767391,0.077971208,-0.025330247,-0.013474449,0.019536043,0.052703642
222,-0.120846041,-0.009201342,-0.050574373,-0.197456128,0.002919484,-0.049396102,-0.060735846,-0.040574913,-0.021767385,0.007482122,-0.005550309,-0.019474335,-0.015826293,-0.021867034,-0.007534847,8.978186246,0.016563222,0.076744637,-0.024362565,-0.013340362,0.018654485,0.052683433
223,0.04908951,-0.118511019,-0.059928358,-0.05301751,-0.185183589,-0.112456009,-0.019933187,-0.025733951,-0.055338102,0.004433755,-0.035609721,-0.051800101,-0.011490641,-0.036650526,0.011024966,2.760875726,0.019896161,0.089052542,-0.026003959,-0.017754094,0.020586577,0.061246232
224,-0.17162146,-0.128855523,-0.124505469,-0.109848747,-0.125017534,-0.124220544,-0.042989329,-0.111853618,-0.029072331,-0.025200976,0.003352936,-0.026181204,-0.048661446,-0.053423769,0.019036076,14.64705921,0.01570212,0.068817352,-0.0229984,-0.011003192,0.016535259,0.044485636
225,0.000578931,0.020314922,-0.012620267,0.00399701,-0.052026705,-0.005288823,-0.051032895,-0.049448148,-0.018156122,-0.072976289,-0.02240107,-0.063375152,-0.054815164,0.015531452,-0.015997513,1.664041999,0.02002571,0.088925439,-0.026714605,-0.016968573,0.022192718,0.062442442
226,-0.037181453,-0.141176567,-0.153637727,-0.070578389,-0.058654221,-0.191995324,-0.062144929,-0.069299945,-0.01516757,-0.031433411,-0.066031004,0.008770284,0.018092204,0.003321045,0.012807535,17.07011113,0.015638857,0.070039958,-0.023362181,-0.010861311,0.016796358,0.045487355
227,-0.188182754,-0.038198999,-0.09433527,-0.042349481,-0.104810688,-0.187085515,-0.030868598,-0.019744231,-0.001757751,-0.025833362,-0.005971289,-0.038875237,0.011213489,-0.047747433,-0.052206295,4.311735546,0.018646874,0.083716488,-0.024725611,-0.016289852,0.019441899,0.057692324
228,-0.101308063,-0.062120406,-0.081893131,-0.099332304,0.021723178,-0.111517015,0.011798799,-0.028789586,0.001301059,-0.042969814,-0.013189974,0.009596312,-0.001900737,-0.05550303,0.010133397,15.0822943,0.01521098,0.071377205,-0.023542093,-0.011316978,0.01772191,0.048084395
229,-0.001237882,-0.136773824,0.049994054,-0.047773551,-0.140594582,-0.177379157,-0.089746349,-0.000922515,-0.028673933,-0.023238399,-0.077268446,-0.07455464,-0.040738694,-0.046103586,-0.04179103,7.106295211,0.018999456,0.082576652,-0.025866533,-0.015039903,0.020251072,0.056023737
230,-0.13268994,0.038460225,-0.015212033,-0.081775361,0.023064349,0.008142357,-0.073954598,-0.09141696,-0.054527532,-0.052739501,-0.017592077,0.003603834,0.015293412,-0.020813549,-0.0244513,12.84865882,0.015979412,0.074108166,-0.024501797,-0.011753034,0.018873446,0.050888513
231,0.026316551,-0.027333117,-0.023273164,-0.026140774,-0.105400463,-0.191152893,-0.034444046,-0.084624537,-0.119610651,-0.030249844,-0.033995733,-0.075844023,-0.01116802,-0.049521986,-0.030917838,13.32052494,0.017965083,0.078914829,-0.025435673,-0.013013323,0.019526294,0.053022174
232,-0.117581437,0.002681947,-0.163713385,-0.133647926,-0.118532754,-0.054166357,-0.037967729,-0.092823637,0.008071989,-0.075721015,-0.059964516,-0.029357861,-0.045074333,-0.004592277,-0.025570284,6.795527945,0.018212124,0.077995555,-0.025367189,-0.013998948,0.019660023,0.052267097
233,-0.116214335,-0.176857745,0.034358249,0.004578379,0.033489835,0.003659392,0.013502536,-0.099371812,-0.080290565,-0.017930278,-0.042588463,0.009760437,-0.050092723,-0.003265971,-0.041524275,18.07310113,0.015044426,0.06995573,-0.023273491,-0.010376991,0.017579276,0.047135147
234,-0.17332743,0.022864572,-0.185157716,-0.083557155,-0.194405286,-0.048497212,-0.10444413,-0.093777283,-0.096450737,-0.046469181,-0.000691672,-0.058582131,0.002667851,-0.018085642,-0.025352095,5.593079899,0.01902322,0.081061508,-0.025623285,-0.01525604,0.019840993,0.054486891
235,-0.054156489,-0.158798574,-0.172868268,-0.085757558,-0.123801843,-0.043196281,-0.032825141,-0.008198745,-0.108611736,-0.061544698,-0.013608598,-0.00621954,-0.004629007,-0.058335609,-0.02276405,11.71618759,0.016673316,0.074586898,-0.024649448,-0.012715003,0.018369843,0.049306239
236,-0.054785542,0.025731216,0.008312378,-0.191650953,-0.032011975,-0.002829611,-0.115740039,-0.027947783,-0.031184571,0.0173295,-0.070039129,-0.054220554,-0.023079038,0.015740978,-0.04665811,5.847745441,0.018659124,0.082254596,-0.02631214,-0.015165427,0.021164295,0.057327255
237,-0.153819555,-0.175148097,-0.022957833,-0.13748208,-0.043443311,-0.057263029,-0.055745832,0.003884751,-0.059963245,-0.004083001,-0.054603762,0.012713466,0.012055646,-0.024059281,-0.015751304,6.921162946,0.017299451,0.078690482,-0.024707491,-0.014589459,0.019033857,0.053880749
238,-0.097031245,-0.155658181,0.022862583,-0.074423936,-0.040641142,-0.027767942,-0.116722106,-0.084929444,-0.076817549,0.01157391,-0.071252928,-0.039738048,-0.013914061,-0.037670411,-0.056428761,13.41577914,0.016549746,0.073798556,-0.024679098,-0.012005958,0.018854441,0.049535571
239,-0.166327445,-0.165655279,-0.145779772,-0.018269161,-0.148852025,0.010273658,-0.064309471,0.015971558,-0.057217406,0.002131348,-0.070392013,-0.077800621,-0.001387647,-0.006489141,-0.059850126,0.756304953,0.021008787,0.088833214,-0.026324395,-0.018706004,0.021687125,0.061582513
240,-0.116490472,0.038039554,-0.091927644,-0.143123023,0.010095965,-0.176012069,-0.081518774,-0.107681111,-0.043184239,0.003149601,-0.076391922,-0.057247705,0.011948646,-0.052157821,-0.023598628,0.158716433,0.022154339,0.090819217,-0.027767913,-0.018680881,0.023090392,0.063190069
241,-0.033988488,0.015897183,0.027901142,-0.065916006,-0.020283748,0.035298811,-0.043515746,-0.073940062,-0.055098892,-0.064503749,-0.001837658,0.007933018,-0.039051721,-0.035207366,-0.058633952,8.329245772,0.017462417,0.080069098,-0.025560569,-0.013630511,0.020480401,0.055700444
242,-0.163728754,-0.073265039,-0.06364275,-0.145688679,-0.121764261,-0.161828752,-0.027929741,-0.111136373,-0.032016766,-0.018902831,-0.010806183,-0.052099961,-0.031762582,-0.046496688,0.013176032,6.964835049,0.017793177,0.078342591,-0.024745547,-0.014360974,0.018767721,0.052543284
243,0.046339039,-0.179360173,-0.136208422,-0.19344708,-0.010452888,-0.193224861,-0.09686971,-0.098121736,0.017813743,-0.025710749,-0.012556607,-0.002905755,-0.042810995,-0.005775145,-0.01296496,4.044891941,0.019323011,0.083128795,-0.025804741,-0.015786536,0.019773524,0.05591673
244,-0.164895198,0.006180993,-0.009972134,-0.005167719,-0.158529865,-0.072863519,-0.066516408,0.004943966,-0.028432553,-0.070938286,0.002317617,0.010499126,-0.018984896,-0.034418766,-0.049702722,5.160687748,0.0181085,0.081521838,-0.025035389,-0.015055247,0.019820717,0.056220734
245,-0.038514955,-0.17077962,-0.088934464,-0.180483638,-0.163839492,-0.029044407,-0.003597085,-0.083798667,0.010355721,-0.048143166,-0.073418397,-0.046605356,-0.050473847,-0.031974152,-0.016344726,2.142767957,0.02034138,0.084486034,-0.02643295,-0.016680431,0.021038773,0.057023385
246,-0.041853878,-0.011467358,-0.034762344,-0.144442125,-0.143866741,-0.041371167,-0.053743901,-0.013121164,-0.107330682,-0.032309761,0.006267558,-0.003851006,-0.058337421,-0.020023004,-0.009302626,10.83809877,0.016610984,0.075348743,-0.024314103,-0.01253629,0.0185534,0.050630029
247,0.020304047,0.029959861,-0.167321057,-0.163437908,-0.157721844,-0.198635893,-0.03526652,0.007534294,-0.114607111,-0.064351234,-0.006002126,-0.05120513,0.005008786,0.017579317,-0.027908924,1.858960869,0.021529804,0.089537672,-0.026551018,-0.017740139,0.021402725,0.061383852
248,-0.061916666,-0.16778541,-0.183719959,-0.113939355,-0.170375392,-0.190471329,-0.008050656,-0.023384342,-0.110436384,-0.03782066,-0.052399832,-0.055581273,-0.03924907,-0.011623094,-0.036144147,1.06939513,0.021618904,0.08856211,-0.026888264,-0.018123095,0.021342533,0.059834487
249,-0.065347921,-0.12659464,-0.124151432,-0.189049043,-0.135865789,-0.142539362,-0.046409992,-0.052554967,-0.093338084,-3.55E-05,-0.049702933,-0.047263097,-0.020829753,-0.053160939,-0.02079107,3.273177388,0.019943702,0.084855043,-0.026112178,-0.016812906,0.020476649,0.057229278
250,0.026189472,-0.089816463,0.031532845,-0.188260592,-0.18041018,-0.156046832,-0.111061691,-0.117055121,-0.065744249,-0.059108772,-0.051507542,-0.067280085,-0.031452091,-0.022127653,-0.03229846,9.449098887,0.018566607,0.077354128,-0.025582123,-0.013183893,0.019360238,0.050851664
251,-0.02555407,-0.084880196,-0.100937554,-0.017175828,-0.13831453,-0.163916094,-0.063266357,-0.039410345,-0.00164,-0.014378192,-0.004006883,-0.033578621,-0.044525889,-0.045283125,-0.004989273,4.138130659,0.019009273,0.085055476,-0.025287944,-0.016265651,0.019709773,0.058025968
252,-0.098873627,-0.153627041,0.010603791,-0.131735822,-0.059978714,-0.007654814,0.010390074,-0.005685203,-0.056075809,-0.011026127,-0.021357055,-0.056797754,-0.016416556,-0.013739884,-8.40E-05,19.97070164,0.014110378,0.065640394,-0.02241906,-0.009436726,0.016331662,0.043166926
253,0.045305873,-0.187991819,-0.137097316,-0.055588275,-0.082985919,-0.150004464,-0.067557015,-0.100480649,-0.050277764,0.011309559,-0.056544709,-0.055903676,-0.057727688,0.019225265,-0.037627184,3.642400461,0.020639812,0.087870657,-0.02742495,-0.01727018,0.021616129,0.059590421
254,-0.011003777,-0.125094044,-0.116652025,-0.088485975,-0.122076697,-0.163542448,-0.080442805,-0.034414866,-0.039530683,-0.060875597,-0.07518168,-0.009458532,-0.032459371,-0.041887205,-0.048897009,7.211688118,0.01878525,0.079971761,-0.02605799,-0.014464314,0.020017923,0.053221188
255,-0.044864447,-0.127354888,-0.110755429,-0.040294839,-0.008851858,-0.074686617,-0.108124436,-0.059275787,-0.072928392,-0.046710642,-0.04240771,0.001344632,0.013637918,-0.039593821,-0.030113115,6.421001691,0.018184953,0.081872087,-0.025914593,-0.015079226,0.020253657,0.055723957
256,-0.188107255,-0.007986557,0.048973148,0.02915801,-0.082280505,-0.158156205,-0.039147135,0.019658603,-0.00768769,0.018356598,-0.068383526,-0.002737411,-0.052965935,-0.028881564,-0.034348575,11.13772324,0.016448377,0.077079944,-0.023887757,-0.013036611,0.018460309,0.053070625
257,-0.095432879,0.014728488,-0.127554179,0.024677627,-0.197355378,-0.07145497,-0.054576326,-0.10861097,-0.049781703,0.001438248,-0.057453445,-0.01453378,0.000141788,-0.020258988,-0.05194244,8.625688644,0.01851896,0.081585219,-0.025730204,-0.014826453,0.020045067,0.055315359
258,-0.10765153,-0.106701016,-0.046795658,-0.014296048,0.039165907,-0.073919638,0.014640223,-0.047777979,-0.069677328,0.017842829,-0.010578231,-0.012111064,-0.058612827,-0.009592351,-0.005557834,11.85426385,0.016130059,0.076940527,-0.024430789,-0.013021663,0.018853342,0.052948478
259,-0.198686793,-0.099760391,-0.085507628,-0.018061696,0.025214603,-0.141821036,-0.000385421,-0.01891566,-0.046670786,-0.001462676,0.008819805,-0.064394886,-0.048452264,-0.037957897,-0.041846419,13.29614758,0.016227329,0.074292785,-0.024122165,-0.012411753,0.018411251,0.050488084
260,-0.12891201,-0.05146778,-0.112460469,-0.148838431,-0.032891171,0.020392007,-0.014128293,0.000861093,0.017380228,-0.039858093,-0.02524766,-0.017288764,-0.053015844,-0.054451038,-0.038948874,9.50204239,0.016666299,0.075095154,-0.024443415,-0.012885088,0.018978727,0.051189402
261,-0.113955364,-0.083323993,-0.017383913,-0.104924948,-0.076090008,-0.182542726,-0.032341863,-0.10927053,-0.113296746,-0.027318964,0.011849908,-0.041327122,-0.024298974,0.007442758,0.012080451,0.938912137,0.020409214,0.088402872,-0.026319091,-0.017738496,0.021098639,0.060892203
262,-0.130341491,-0.196706256,0.009865526,-0.122457121,-0.169291297,-0.008667482,-0.063409956,-0.104649075,-0.077206784,-0.003797689,-0.013859108,-0.057676922,0.014419971,0.014744418,-0.008809346,14.18547892,0.016301668,0.071343949,-0.024431277,-0.011623457,0.01792326,0.047155967
263,-0.170420244,0.013199123,-0.188510644,-0.11367784,-0.153877972,-0.095787299,-0.040263952,-0.010097694,-0.029586825,0.019898382,-0.068103607,-0.020250589,-0.038239961,0.002086812,-0.040727194,9.874393504,0.016925833,0.075926441,-0.023731716,-0.013401653,0.017901963,0.050932474
264,0.009470775,-0.022828017,0.017239151,-0.043516118,-0.05666981,-0.025113607,0.004863001,-0.022338462,-0.053026385,-0.065800087,-0.076801686,-0.065287858,0.00233168,-0.029599482,0.005396202,8.153538069,0.017832776,0.082732021,-0.025430342,-0.014547284,0.020320057,0.057398471
265,-0.095776346,-0.108514605,-0.029878332,-0.174536492,-0.04290161,0.014847003,0.017069451,-0.094872596,0.01383691,-0.040845958,-0.061126794,-0.02145028,-0.059914359,0.006059473,-0.042540965,1.588762212,0.019655677,0.084846366,-0.026046865,-0.016646342,0.021248,0.058753914
266,-0.122210483,-0.06469446,-0.135564325,-0.132610236,-0.119269984,-0.044030804,-0.10362635,0.011089674,-0.083119111,-0.035578097,-0.062431304,-0.041540718,0.015405037,-0.02290215,-0.028511609,6.711630185,0.018119594,0.079346473,-0.025285583,-0.014709464,0.019561912,0.053601281
267,-0.103657219,-0.172595116,-0.056938187,-0.136567259,0.044239323,-0.033986633,-0.060493817,-0.103958165,0.014472714,-0.002448148,0.015803832,-0.037114059,-0.012043957,-0.03072731,0.009178001,16.0325565,0.014832019,0.068894603,-0.023064462,-0.010646706,0.017018691,0.045800497
268,-0.172932566,-0.050588504,-0.158927141,0.045313672,0.018200793,-0.084833185,-0.101165456,0.009224146,-0.004993755,-0.017490247,-0.015595868,-0.05486701,0.016408461,-0.036491439,-0.01472848,1.38647605,0.019405205,0.087793805,-0.025819322,-0.017641249,0.020953027,0.061664104
269,-0.057505446,-0.145472362,-0.010167871,-0.141103788,-0.189811483,0.022806632,-0.033543353,-0.057580862,-0.087402568,0.012305417,-0.046279948,-0.040224491,-0.0015498,-0.03587094,-0.038488637,16.30642349,0.015832838,0.069784935,-0.024053793,-0.010860232,0.017745303,0.045800005
270,-0.056695563,-0.166515396,-0.194712661,-0.002686317,-0.145528108,0.0275472,-0.068787568,-0.106022194,-0.050831492,-0.013099015,0.008089259,0.004939775,-0.028380355,-0.012703909,0.008424376,17.80137168,0.015377391,0.068480414,-0.023103587,-0.010429182,0.016620594,0.044242619
271,-0.1438547,-0.066773111,-0.136600059,-0.128102325,-0.003253178,-0.148448667,-0.038328467,-0.021199411,-0.0429587,0.010362118,-0.020584105,0.010627548,0.007157899,-0.025669059,-0.049997153,14.07701668,0.015748323,0.071969763,-0.023686737,-0.011838806,0.017610007,0.048206443
272,-0.08608388,0.011660389,-0.013753844,-0.102546167,-0.078677966,0.040006339,-0.083006713,-0.1090407,-0.092504582,-0.012561171,-0.027501054,-0.008534462,-0.057155956,-0.008682611,-0.020085515,5.744805854,0.018154314,0.081534362,-0.025899681,-0.014687741,0.02057842,0.056127023
273,0.011991464,-0.044167654,0.004182758,-0.021227943,0.004131907,0.018068901,-0.113275638,-0.037950026,-0.073892608,-0.079873848,-0.02449427,-0.000873363,0.008581617,-0.016796713,0.01766995,5.76706443,0.018403808,0.083945648,-0.026261858,-0.015042159,0.021141924,0.058545999
274,-0.182913899,0.008965007,0.029112466,-0.137950149,-0.083616181,-0.165656279,-0.052669752,0.016838343,-0.004021954,-0.012336312,-0.015765016,-0.069080129,-0.030945019,-0.026515048,0.014147996,19.00604535,0.014579524,0.066004898,-0.02222494,-0.009415605,0.016046502,0.043447589
275,-0.029425019,-0.157952809,-0.175391781,-0.135621108,0.016323669,-0.129174748,-0.006286686,0.006270522,0.001098062,-0.052961989,-0.052922245,-0.07527199,-0.046969255,-0.002128844,-0.009839477,7.328368881,0.01786878,0.07970221,-0.025123356,-0.014477597,0.019392112,0.053953058
276,-0.110884916,-0.189830075,-0.079346185,-0.12347904,0.00731468,0.000632492,-0.102151704,-0.06494092,-0.093527843,0.015398243,-0.024959837,-0.060250708,0.00064714,0.016644219,-0.031660607,3.097101071,0.019431849,0.085445034,-0.026443603,-0.01704362,0.021225715,0.059164524
277,-0.189711936,0.028572415,-0.087764852,0.032501332,-0.076604772,-0.058185648,-0.058983229,-0.034781233,-0.073426558,-0.054110693,-0.073717147,0.008575889,-0.004256496,-0.006878152,0.00088739,14.50896905,0.015706543,0.072550886,-0.023698968,-0.011462902,0.017892241,0.048817035
278,-0.123496098,-0.088147014,-0.066033806,-0.050862581,0.004447703,-0.123608608,-0.051805865,-0.095526336,-0.112393649,-0.074961902,-0.044076269,-0.042596552,0.014333025,0.0014006,0.007942356,3.573756669,0.019498788,0.085635324,-0.026052303,-0.016415512,0.02077386,0.058835113
279,-0.0693942,0.007676416,-0.069657754,0.021067401,-0.072744626,-0.032545616,-0.096915458,0.01256001,-0.05941988,0.013220929,0.006835153,-0.005617682,-0.007838641,-0.016882557,-0.059206155,5.535973044,0.01807513,0.085016481,-0.025138488,-0.015911326,0.02018206,0.059608299
280,-0.059570079,-0.102964802,-0.117732322,-0.192360896,-0.035331389,-0.099737269,-0.030688105,-0.063422432,0.005349197,-0.057689471,-0.012106962,-0.077043902,0.008729306,0.015368397,-0.001920827,16.94125755,0.014954567,0.068096505,-0.022738926,-0.010413556,0.016496983,0.044425628
281,-0.139628218,-0.186929152,-0.182420143,-0.087715357,-0.060036961,-0.147637283,-0.104883698,0.014509704,0.018908313,-0.020575001,-0.051825505,0.002250878,-0.005685599,-0.031229213,-0.005798779,2.457294822,0.019265557,0.083443998,-0.025581391,-0.016716756,0.019892774,0.056864461
282,-0.106125527,-0.002747576,-0.13478599,0.025699858,-0.171492259,-0.076621423,-0.055969745,-0.093403798,-0.002365807,-0.056849727,-0.068849006,-0.055127086,-0.058910056,0.018299083,-0.031495867,16.74234361,0.01596831,0.070339074,-0.02355496,-0.010728521,0.017433244,0.045861074
283,-0.161888378,-0.081941221,-0.049354453,-0.004290542,-0.102925932,-0.015775113,-0.094587562,-0.039982527,-0.047532222,-0.006441783,-0.020142813,-0.070653122,0.00962818,0.009505713,-0.028809248,7.89347698,0.017549624,0.080129987,-0.024970137,-0.014711427,0.01961868,0.055151491
284,-0.17540268,-0.168718737,-0.03041236,-0.036857258,-0.053860387,-0.116558431,-0.039746279,-0.073480526,-0.080855889,0.009822635,-0.076159039,-0.068522409,-0.047681976,0.001326477,-0.043241144,16.25092909,0.015611743,0.070182086,-0.02361123,-0.011089543,0.017451404,0.046276598
285,-0.108562417,-0.077981127,0.046480745,0.04230255,-0.052940997,-0.131970842,-0.009117698,-0.040490674,0.008131004,-0.002019741,-0.019451912,-0.051255384,-0.008958825,-0.045726041,-0.034765963,1.828291454,0.01923662,0.089266476,-0.025186737,-0.017672517,0.020569523,0.062991762
286,-0.055249157,-0.071228381,-0.061326449,-0.001431097,-0.007346699,-0.108752333,-0.101684169,-0.01240585,-0.03791675,-0.014678337,0.018564582,-0.030395025,-0.043989831,-0.014902069,0.013856277,2.310596716,0.019020208,0.086929405,-0.025662822,-0.016802118,0.02062619,0.060619094
287,0.017737385,-0.031658611,-0.179485198,-0.094667314,0.027602692,-0.097398584,-0.011464063,-0.106985218,-0.102035656,0.018590586,-0.066787484,-0.050754485,-0.037579774,-0.033335478,-0.045047649,2.693328997,0.02138847,0.090836023,-0.027705118,-0.017940713,0.022804128,0.063068052
288,-0.185627093,-0.119829853,-0.079805418,-0.192582917,0.017473186,0.036673708,-0.00569042,-0.010720992,-0.049285474,0.003404858,0.013577882,-0.037497314,-0.002702496,-0.001439901,0.006856298,0.029732997,0.018961806,0.085574832,-0.024753767,-0.017432456,0.019950936,0.060254064
289,0.04265862,-0.04693004,0.005245428,-0.002442303,-0.031852865,-0.024910747,-0.116922657,-0.02473941,-0.092023942,-0.039346977,-0.069152708,-0.072351637,0.012906063,0.016218308,0.003531991,7.840352367,0.018240621,0.084064185,-0.025995902,-0.014890559,0.020691215,0.058314143
290,-0.094173673,-0.143058346,-0.078037079,-0.006717033,-0.022357731,-0.197627103,-0.022213616,-0.008997852,-0.03015335,-0.055697006,-0.03596253,-0.073154469,-0.049004125,-0.009339336,-0.022029506,5.118484215,0.018925865,0.083743368,-0.025799199,-0.01577274,0.020352627,0.057349738
291,-0.102306701,-0.114752208,-0.142429565,0.044798615,-0.026783431,-0.156482991,-0.1138817,-0.068899807,0.006375054,-0.071672034,-0.042201778,-0.020089718,0.016923984,-0.038561636,0.016112281,19.9299284,0.015008018,0.067323414,-0.022836164,-0.009796578,0.016521525,0.043597736
292,-0.030191895,-0.021837582,-0.086149815,0.036644369,-0.16513974,0.001331787,-0.065410585,-0.08735542,-0.085482704,-0.015604849,0.012996779,-0.018321489,0.011675542,-0.050501406,-0.058084345,17.93549831,0.015719975,0.07159862,-0.023174378,-0.010852034,0.017320464,0.04746156
293,-0.088296762,0.030195919,-0.174987801,-0.11657351,0.013324343,-0.104294291,-0.095440816,-0.039082669,-0.118264344,-0.06552183,-0.06586858,-0.01379699,-0.025698306,0.01968467,-0.045709267,19.83849514,0.01549508,0.067296686,-0.023323427,-0.009514338,0.017058064,0.04392626
294,-0.019418874,-0.111447253,-0.151747196,-0.029714274,0.037381495,-0.178162279,-0.090293586,-0.081262995,-0.070559944,-0.011791884,-0.072121307,-0.045365107,-0.052474049,-0.054000631,-0.006704244,11.36572038,0.01796882,0.07812385,-0.02605728,-0.013197018,0.019977085,0.052323539
295,-0.083274145,-0.184631591,-0.15100838,-0.161425421,-0.129363293,0.025364486,-0.016422196,-0.109835256,-0.099744998,-0.063542693,-0.072616639,0.009112707,-0.022022401,0.013567588,3.64E-05,5.037380426,0.019053573,0.080693937,-0.026041274,-0.015326109,0.020134423,0.053972317
296,-0.110544288,-0.134333927,-0.004728001,-0.013732346,-0.019943094,-0.132671069,-0.095633583,-0.089346073,0.017003792,-0.067572161,-0.021838531,-0.038234688,-0.019496566,-0.010938103,-0.035842182,4.275256845,0.018886589,0.083302199,-0.025722309,-0.015671068,0.020353507,0.057132571
297,-0.067998954,-0.072966126,-0.184529183,0.017288792,-0.07723869,-0.114675103,0.010604529,-0.113568132,-0.066341157,-0.044269427,0.004452816,-0.049360182,-0.027576889,-0.041254554,-0.039217541,11.6487795,0.017622825,0.07808795,-0.025614583,-0.013479741,0.019537636,0.052430716
298,-0.0743939,0.044205853,0.043144953,-0.199714767,-0.024525028,-0.164814815,-0.04371919,-0.063281096,0.013661889,-0.001972356,-0.050567759,-0.023721584,-0.036103402,-0.007316403,-0.007822808,10.36378663,0.01672402,0.07651084,-0.024223405,-0.012745614,0.018509552,0.052268556
299,-0.039858644,-0.009788133,-0.037909534,0.008442996,-0.069496406,0.042531386,-0.039934718,-0.043266876,-0.071555682,-0.021531644,0.005665567,-0.03117889,-0.034509287,-0.001386845,-0.040219072,10.77882792,0.016666418,0.079072054,-0.025074086,-0.013388007,0.019734457,0.054716301
300,0.036570916,-0.118818011,-0.093452036,-0.125946266,-0.048220301,-0.181539741,-0.048037583,0.001248564,-0.095641032,-0.076223615,-0.00246664,0.019773944,-0.001126559,-0.030358126,-0.052720515,4.952292906,0.019391749,0.084364184,-0.026396564,-0.015862164,0.020744372,0.057509892
301,0.030365191,-0.057333304,-0.117267329,-0.085588413,-0.034609379,-0.110297419,-0.035723326,-0.027464297,0.018590719,-0.072604384,-0.033318178,0.013104348,-0.01628082,0.018498888,-0.012118811,15.11877087,0.015659087,0.072600076,-0.023815616,-0.011418296,0.017759255,0.048440748
302,-0.020690441,-0.077117485,0.03838971,-0.162916592,-0.079315725,-0.089542026,-0.109166262,-0.048620732,-0.028286703,-0.033295459,0.002759942,-0.014752575,-0.045657433,-0.047274331,-0.013193457,18.29947388,0.014917445,0.066937303,-0.022605003,-0.009519574,0.016510041,0.043635025
303,0.028438263,0.012401123,-0.084075594,-0.044000316,-0.049276689,-0.180327091,-0.101814123,-0.01591015,-0.091160096,-0.063150582,-0.077051256,-0.011826904,-0.007653897,-0.056892802,-0.023945396,0.640025462,0.022096296,0.091744597,-0.028045569,-0.018122843,0.02311713,0.063418766
304,-0.1434811,-0.158166074,0.002642753,-0.145265544,-0.049679688,-0.125491235,-0.093076999,-0.049663928,-0.025917233,0.002441321,-0.022829953,0.002563566,0.010684489,-0.017538673,-0.052951268,13.0193698,0.015818245,0.071846995,-0.02343817,-0.011855032,0.017287893,0.047923928
305,-0.149821599,-0.037760723,-0.14748995,0.021441181,-0.01317099,0.047740528,-0.089447102,-0.058141736,-0.117049383,0.004791584,0.005016668,-0.069721178,-0.056702057,-0.012163108,-0.016914527,18.36944475,0.015054083,0.069432723,-0.023200612,-0.010327995,0.017499192,0.046417108
306,0.044324107,0.007181554,-0.156264802,-0.07849993,-0.067430542,-0.179997096,-0.021998446,-0.061442532,-0.117589298,-0.004807985,-0.063113639,-0.029578971,-0.055986399,-0.008536942,-0.049129071,18.73816128,0.016503497,0.071748199,-0.02415296,-0.010688326,0.017832821,0.047005957
307,-0.159031266,-0.075378187,-0.163071262,-0.046639807,-0.095495588,0.018828315,-0.017386198,0.013634271,-0.058683017,-0.038605499,-0.077966932,-0.017570747,-0.003564244,-0.042478112,-0.033382362,2.020202592,0.01935783,0.085680525,-0.025565529,-0.017176167,0.020761086,0.059335341
308,-0.150478057,-0.086447792,-0.190661223,0.015205484,-0.095692851,-0.087570374,-0.019300458,-0.078776327,0.006998615,-0.01717304,-0.030531188,-0.039922886,0.017901758,0.002319936,0.014889941,10.40724192,0.016625674,0.077158191,-0.024327702,-0.013753302,0.018359659,0.052138831
309,-0.043178066,-0.054105999,0.046079542,-0.193841853,-0.196445338,0.015209148,0.006589021,0.013921471,0.004772428,-0.015239306,-0.050058266,-0.070311943,0.004151357,-0.026810909,-0.054441307,12.63290171,0.016745066,0.074895508,-0.024244625,-0.012418201,0.018729669,0.050889699
310,-0.015243355,0.023556617,0.042245609,-0.060080146,-0.110657817,-0.178987483,-0.02402367,-0.111290087,-0.065223612,-0.007811732,-0.003548419,-0.061708895,-0.021774993,-0.033522132,0.01846106,15.4623802,0.016233627,0.074684064,-0.023508582,-0.011618142,0.017641359,0.050097308
311,-0.027152483,-0.149787675,-0.007182284,-0.161131091,-0.006635746,-0.057794146,-0.03671688,-0.032276609,-0.013289594,-0.048923915,-0.062084902,-0.025475602,-0.019360679,-0.025920612,-0.035545365,6.658330922,0.017697123,0.079951749,-0.025227944,-0.014493079,0.019774846,0.054636308
312,-0.107421998,-0.157261303,0.011872589,0.014663841,-0.18457155,0.009172967,-0.059775732,-0.022713224,-0.046294788,0.007073851,0.01134527,0.011303018,-0.015560466,-0.005584911,-0.050195374,18.60473853,0.014916454,0.068202019,-0.022929514,-0.010188976,0.016763765,0.045087005
313,-0.168005781,-0.183414252,0.03881601,0.005320048,-0.09373436,-0.033179206,-0.114282063,-0.096101475,-0.048587945,-0.047323656,-0.064427815,-0.024307588,0.005954527,-0.024349312,0.010546733,7.278924935,0.018120771,0.079366717,-0.026067364,-0.014269388,0.020187336,0.05389087
314,-0.058659499,-0.057836155,-0.14006434,-0.087015609,-0.062808757,-0.038135743,-0.016052957,-0.015653304,0.011515463,-0.032647252,-0.074428334,-0.061949661,0.017314343,-0.024418513,-0.009536949,15.52573414,0.015266934,0.071340697,-0.023304276,-0.011378709,0.01744942,0.047554854
315,-0.064567357,-0.104624161,-0.056547322,-0.17320979,-0.145947715,0.039864504,-0.070295399,-0.012790208,-0.073454743,-0.016625945,-0.047574184,-0.05954349,-0.002473117,-0.021325334,0.011983393,19.53266606,0.014636755,0.065016,-0.022400003,-0.009282806,0.016172942,0.041936067
316,-0.062890776,-0.122673528,-0.061152444,-0.16937989,0.014970221,-0.081146594,-0.005421145,-0.050418245,-0.113935327,-0.048701716,0.007015443,0.008173455,-0.026430866,0.000973023,-0.007702821,11.01607101,0.016538801,0.075570907,-0.024208805,-0.012763934,0.018420473,0.051048917
317,-0.089845283,-0.079590076,-0.001858945,-0.024041209,-0.185878216,-0.078120974,0.004256134,-0.086816199,-0.089583272,-0.030256582,-0.050353987,-0.060912071,-0.043197085,-0.039615138,-0.002308814,8.441761748,0.018324928,0.080488065,-0.0257415,-0.014438557,0.020065687,0.054441839
318,-0.097820567,-0.012955931,-0.026207218,-0.119089029,-0.120341136,0.005245276,-0.062533879,-0.087627053,-0.01701924,0.0132546,-0.039003652,0.016866745,-0.038581915,-0.045450642,0.00298988,10.65395386,0.016555796,0.075513865,-0.024475106,-0.012718234,0.018784105,0.051179896
319,0.045992298,-0.074606157,-0.149990642,-0.065296071,-0.11230979,-0.192642442,-0.040841437,-0.088436954,0.006068589,-0.03158897,-0.063762089,-0.005349299,-0.006239213,-0.011949236,-0.0404961,19.32587844,0.015888983,0.069369244,-0.023341275,-0.010189977,0.016742713,0.044558739
320,-0.072847399,-0.155114217,-0.175898749,0.013803074,-0.192286375,-0.02172459,-0.0340334,-0.085596929,-0.019307825,0.001635416,-0.03696143,0.01769218,-0.046705055,0.010241905,-0.057934258,8.662567637,0.017933988,0.07952437,-0.025486182,-0.014555761,0.019344655,0.05341535
321,-0.188961627,0.006521217,-0.016716493,-0.064962518,-0.156780265,-0.183764196,-0.029622788,-0.032963064,-0.116001614,-0.038053843,-0.026604104,-0.062200943,-0.03962183,-0.014607251,0.019433458,14.29654796,0.016251417,0.072268708,-0.023661187,-0.01149893,0.01749125,0.047890717
322,-0.028381214,0.031818876,0.023822925,-0.048782383,0.025804273,-0.061181613,-0.011779862,-0.085305695,-0.005909241,-0.041664011,-0.045720757,-0.011132422,-0.017267342,-0.036383623,-0.022990905,16.09376381,0.015407958,0.073229112,-0.023906743,-0.011067827,0.018428707,0.050062901
323,-0.138104238,-0.027821497,-0.071031199,0.001504075,-0.089910024,0.004923527,-0.007703721,-0.084023084,-0.023220656,-0.025272511,-0.007999503,-0.028893763,-0.029817234,0.005052599,0.003053481,16.65721798,0.014769464,0.070227064,-0.023358674,-0.010759369,0.017437913,0.04701943
324,-0.023313874,0.040068376,-0.051544131,-0.04741616,-0.014669878,-0.050223577,-0.084446799,-0.103578972,-0.045820308,-0.028411212,-0.002022064,-0.040871303,-0.018348415,-0.02161656,-0.053921587,10.57978059,0.017103087,0.07911134,-0.025024367,-0.013297647,0.019579509,0.054324832
325,-0.009233031,-0.029338939,-0.103575875,0.026655654,0.015294182,-0.122583563,-0.013345766,-0.094511677,-9.13E-05,-0.034225771,-0.045346771,-0.035637069,0.005279134,0.011264862,0.011500966,7.402518106,0.018089712,0.084233673,-0.025954593,-0.01528599,0.020427428,0.058458838
326,0.019839561,-0.042375309,-0.049714945,-0.028351932,-0.176861077,0.046041998,-0.078295279,-0.112301482,-0.067450555,-0.012209102,-0.071862449,-0.027589022,-0.004056372,-0.047062217,0.004192722,6.196319777,0.019471366,0.084642673,-0.027216537,-0.015645409,0.021745969,0.057851216
327,-0.105551599,-0.078857199,-0.012292875,-0.069365063,-0.136444903,-0.022986239,0.015297995,-0.004638625,-0.036568551,-0.005463322,-0.011790194,-0.048171302,-0.018197119,-0.034309336,0.0022143,12.79697617,0.01563499,0.074302486,-0.02350137,-0.012413355,0.017809118,0.050430098
328,-0.14100774,-0.185524902,-0.183817804,-0.016191915,-0.046466411,-0.098544852,-0.077808613,-0.044382026,-0.078750851,-0.056743859,-0.025802155,-0.017129834,-0.021046128,0.00395331,-0.019716342,8.88683731,0.01726931,0.076971836,-0.025074572,-0.013740453,0.018889926,0.051375667
329,0.024910689,-0.095126766,-0.028282507,-0.167478059,-0.01247203,-0.070729039,-0.115176602,0.008375075,0.011076268,-0.072217789,-0.03769508,-0.006733699,-0.059380803,-0.018232496,-0.037018662,14.77755699,0.015881941,0.070646083,-0.024201397,-0.010746438,0.018174094,0.046786467
330,0.025421362,-0.144481328,-0.100101586,0.027068536,0.038155563,-0.086296026,-0.047104575,-0.014201915,0.009821187,-0.028786156,-0.039524185,-0.051634985,-0.054505133,-0.051316551,0.001953397,15.57524922,0.015632023,0.073861857,-0.02446595,-0.011691282,0.018468916,0.049751545
331,-0.151418588,0.034192357,-0.054981129,-0.156257434,-0.086250917,-0.06491619,-0.069116082,-0.080751972,-0.082054104,-0.000920673,-0.053451812,-0.064983089,-0.047044168,-0.001129978,0.001618457,12.1470145,0.016351923,0.073442877,-0.023976363,-0.012004678,0.018036061,0.049171505
332,-0.184203643,-0.181648087,-0.183062765,-0.153786004,-0.111353025,-0.067264993,-0.105059788,0.017717531,-0.033261606,0.004529505,-0.038313274,-0.068011999,-0.036321204,-0.048016788,-0.004398693,9.573023767,0.017186124,0.073680299,-0.024034135,-0.013140739,0.017786646,0.04868617
333,-0.102573634,-0.128205535,-0.035899036,0.022689485,-0.131635698,-0.188244344,-0.017970064,0.011416234,0.002938001,-0.037639334,0.012140359,-0.007793369,-0.025525401,0.010876092,0.016323864,12.54574754,0.01600588,0.075116135,-0.023683162,-0.012723033,0.017625456,0.050665186
334,-0.179514637,-0.003685316,0.023265507,0.034676362,-0.132549086,-0.084358607,0.019768289,0.017012052,-0.034261843,-0.008337223,-0.039818136,0.004341138,-0.021373597,-0.02963461,0.001437588,3.699784588,0.017977561,0.08509241,-0.024362025,-0.016297251,0.019527727,0.059847329
335,-0.022993709,-0.062973428,-0.108473326,-0.011352989,-0.015823531,0.04139667,-0.096344391,-0.026150162,-0.014238798,-0.002748354,-0.024179045,-0.008284751,0.002957961,-0.012817241,-0.048286321,18.24432209,0.014702638,0.070147585,-0.023433403,-0.010502896,0.017679166,0.047143357
336,-0.066969164,-0.059008029,-0.041482509,-0.090695217,0.02429172,-0.014627149,-0.068319301,-0.066876418,-0.08517326,-0.011393415,-0.019620886,0.007002658,0.008074845,0.016568456,-0.059193321,12.05688986,0.01619381,0.076249419,-0.024515821,-0.012694645,0.018923312,0.052311192
337,-0.150906944,-0.131289436,-0.050661556,-0.18542829,-0.192654002,-0.117060518,-0.070316574,-0.05016649,-0.118125554,-0.079431551,0.015191097,-0.064742119,-0.055029585,-0.000655517,-0.01344036,1.75635703,0.021128375,0.083585595,-0.027008679,-0.016545994,0.021440814,0.056183771
338,-0.070641664,-0.151378017,-0.078697553,-0.016731247,-0.133415795,-0.041005035,-0.11904396,-0.035921388,-0.021387393,-0.005593875,-0.079977484,-0.036357763,0.001435183,-0.035401192,-0.045277618,17.62112672,0.015494761,0.068959074,-0.023415688,-0.010499014,0.017174471,0.044892045
339,-0.1263481,-0.140246027,-0.167768348,-0.10879827,-0.152657614,-0.18540915,-0.076240844,-0.062288719,-0.050671929,-0.058992993,-0.018708746,0.006406291,-0.045315231,-0.051076435,-0.040810857,8.722445787,0.018038525,0.075545876,-0.024844138,-0.013357929,0.018490703,0.049372458
340,-0.191533595,0.000971264,0.030254178,0.033388228,0.008861159,-0.177914623,-0.077334315,-0.095346839,-0.100144489,0.015600357,-7.06E-06,-0.020532469,0.012379053,0.006325069,-0.058944615,9.225657397,0.018350466,0.082494397,-0.025074921,-0.014605889,0.01989575,0.057592348
341,-0.070244076,0.039993209,0.03603091,-0.030975464,-0.130115414,-0.018432596,-0.079976227,-0.10257085,-0.093903367,-0.019754238,-0.039370563,0.01897883,-0.049288145,-0.049704728,0.007702728,8.559178313,0.01791326,0.080344119,-0.02549531,-0.013751599,0.020138532,0.055046105
342,-0.142381372,-0.039236626,0.017981883,-0.184182265,-0.123703899,0.047063574,0.009878527,-0.076476009,-0.062408594,-0.02991435,-0.027977911,-0.036665304,-0.037392604,-0.007433603,0.004806596,5.885008984,0.017978303,0.079880398,-0.025551625,-0.01456671,0.020116057,0.054981414
343,-0.120031527,-0.061172517,0.047694142,0.02007616,-0.064264446,-0.17667046,-0.092441784,-0.073337041,0.000413302,-0.017617977,-0.058842733,-0.063943311,-0.040005907,-0.035731568,-0.003083774,0.598204668,0.020548998,0.08959817,-0.026214212,-0.017834033,0.021430855,0.062256095
344,-0.009630527,-0.001627381,-0.113111806,-0.160133238,-0.198830542,-0.013069579,-0.058226765,-0.061089852,-0.081256962,-0.043555257,-0.073096782,-0.005158707,0.004675802,-0.040490957,-0.05409997,6.457388773,0.018795669,0.081398557,-0.025772439,-0.014995351,0.020224696,0.054768733
345,-0.030874205,-0.049046625,-0.129394338,-0.130329375,0.046735881,-0.173004161,-0.012719012,-0.04230432,0.003475412,-0.001104252,-0.053595829,-0.049042382,-0.003091829,-0.059369297,-0.03491571,8.237304922,0.018134923,0.081226504,-0.025540829,-0.014710935,0.020098294,0.055789959
346,-0.045480424,-0.182006345,0.025172092,-0.1073148,0.014034707,-0.003619079,0.009058845,-0.016632746,-0.074574374,-0.069425628,-0.078401933,-0.05041106,-0.032865999,-0.027006322,-0.042399888,12.20545476,0.016781574,0.075863839,-0.024572378,-0.012450675,0.019108259,0.051561517
347,-0.066617011,-0.068260197,0.019003208,-0.037599328,-0.17883284,-0.110655896,-0.03356544,-0.103344419,-0.098279963,-0.074628446,-0.005366454,-0.011559643,-0.058555949,-0.046844582,-0.050466984,1.288356467,0.021066437,0.088055148,-0.027065301,-0.017203981,0.021978074,0.060126439
348,-0.004209905,-0.13541766,-0.036698316,-0.007115185,-0.036699632,0.007822367,-0.092040228,-0.094445293,-0.087967167,0.000916018,0.008538779,-0.014072683,0.010953898,-0.007612164,-0.050877469,9.765239921,0.017308913,0.080772257,-0.025401919,-0.014234852,0.019829689,0.055584236
349,-0.078310739,-0.052185807,-0.043052415,-0.18247313,0.029703725,-0.004080153,-0.059348389,-0.026846803,-0.007593069,-0.043260784,-0.007447785,-0.068359575,-0.046505159,-0.053902802,-0.029319924,9.044268419,0.017184436,0.076577532,-0.025144534,-0.013117702,0.019695801,0.052474838
350,-0.18373962,-0.015726988,0.00717407,-0.167635441,-0.147102684,0.03128261,-0.049770155,-0.048584867,-0.01201631,-0.067307643,-0.070794387,-0.027245988,-0.02234698,-0.024950016,-0.004002862,4.063929393,0.019040995,0.080370767,-0.026387846,-0.014934955,0.02095105,0.055090801
351,-0.091426012,0.027537131,-0.073954197,-0.064075106,-0.156055731,-0.028134324,0.017546112,-0.044658277,-0.022143723,-0.03897565,-0.004660738,-0.04435218,0.0166977,-0.031175732,-0.037305818,16.10282708,0.015111824,0.071327104,-0.023001708,-0.011208711,0.017243351,0.047745942
352,-0.024817684,-0.168924265,-0.166575758,-0.095259089,-0.141284933,0.044580315,-0.031468776,-0.055573193,-0.019801684,-0.022077634,0.015715221,-0.048570902,0.004209645,-0.043579553,0.010346943,3.932173563,0.018654583,0.084288698,-0.025420725,-0.016513204,0.019865493,0.057627226
353,-0.021287222,-0.085080976,-0.19664198,0.011753064,-0.067790363,-0.015462854,-0.082337888,0.000588678,-0.027932192,-0.077587781,-0.031716183,-0.075705099,0.013836874,-0.008211298,-0.013881209,3.718003506,0.019252761,0.086096344,-0.026202152,-0.01667659,0.020908126,0.059345973
354,0.01851374,-0.064101259,-0.064158454,-0.059222056,-0.009901597,0.036968197,-0.057000781,-0.027204257,-0.080687372,-0.042337339,-0.010444176,-0.071211303,0.015062677,-0.038334698,0.00066969,4.754484681,0.018768552,0.086239105,-0.026104475,-0.016283657,0.021187538,0.060352854
355,0.04992619,-0.147738927,-0.11825256,-0.198264209,-0.028638847,0.018677758,-0.023732362,-0.046299698,-0.075358707,-0.049198269,-0.079289434,-0.02795129,-0.045432189,0.00340814,0.004519324,17.55774496,0.015113481,0.068233627,-0.023107729,-0.010156406,0.016910087,0.04434996
356,0.014933661,-0.080658004,-0.073024519,-0.034450083,-0.031134228,-0.106170581,0.015067877,-0.075369196,-0.009642631,0.010507731,-0.059295295,-0.003598214,-0.0546964,-0.037062671,0.008607687,0.825749207,0.01999423,0.090224634,-0.025891316,-0.018004405,0.021104133,0.062986709
357,-0.163751095,0.0039496,-0.113454716,-0.112282523,-0.104146694,-0.066859433,-0.030005056,-0.000591705,-0.07996866,-0.027510112,-0.065003613,-0.004139921,-0.038608046,0.001944905,-0.028195264,2.099331019,0.019041595,0.084449447,-0.02523857,-0.016527334,0.020105817,0.05815733
358,0.048398779,-0.101187797,-0.130583258,-0.071109772,-0.017708963,-0.109986167,-0.10847477,-0.031054854,-0.013001703,0.014995136,-0.023378199,-0.058835364,0.017718852,-0.038102494,-0.022363064,4.869077512,0.019154507,0.086651269,-0.02605337,-0.016730232,0.020655849,0.059872878
359,-0.092473891,-0.109211157,-0.104324146,0.015660867,-0.141944718,-0.173929544,-0.022432792,-0.07209218,-0.10062001,-0.018314251,-0.043307926,-0.078893996,-0.023364503,-0.003173987,-0.029696797,6.352840662,0.019886995,0.085103239,-0.026934105,-0.016200298,0.021218508,0.057871942
360,-0.152092257,-0.173389497,-0.003923345,-0.148128755,-0.102098495,-0.166350123,-0.083748579,0.00403211,-0.066674737,-0.022979277,-0.009308404,0.015572079,-0.036492597,0.019515155,-0.018373262,17.54603403,0.014912384,0.066106197,-0.022363597,-0.009877629,0.015801774,0.042712236
361,-0.135026412,-0.006665798,-0.0408846,-0.165051022,-0.091802852,-0.149276741,-0.106733956,-0.016991832,-0.109258222,-0.049368078,-0.018422176,-0.011265944,0.009226812,-0.041509945,-0.019147187,9.26756106,0.017423986,0.076126078,-0.024645959,-0.013137435,0.018696279,0.051122135
362,0.00433176,-0.015123651,-0.021197492,-0.052026735,-0.117624591,-0.004668051,-0.085540738,-0.090903869,-0.091807888,0.018877164,-0.029618287,-0.030564274,-0.049531629,0.004397611,-0.044245884,12.0080161,0.016815113,0.077540951,-0.024905064,-0.012853403,0.019215516,0.05260382
363,0.034994322,-0.022289346,0.037427327,-0.039380583,-0.122978313,-0.162916675,-0.024167633,-0.053547423,-0.071341363,-0.052009128,-0.075476207,-0.070904402,-0.023824587,-0.000101653,-0.024699729,3.763777633,0.020279656,0.088868541,-0.026418572,-0.016884514,0.02139126,0.061332731
364,-0.06321648,-0.160545407,-0.098587698,-0.068098515,-0.045580525,0.012969519,-0.095149326,-0.105943782,0.007255051,-0.04513508,0.012322293,-0.043598184,-0.053725461,-0.051886149,-0.023099161,6.015293962,0.018321534,0.080072841,-0.025838618,-0.014636676,0.020270948,0.054272467
365,-0.048774707,-0.142072882,-0.04520778,0.003040343,0.023362493,-0.029980344,-0.04603646,-0.038678866,-0.0622229,-0.07834431,-0.048035569,-0.073751257,-0.019886413,-0.0479335,-0.017682659,11.77041808,0.01674786,0.077008541,-0.025197764,-0.012792289,0.019560442,0.052338207
366,-0.114979006,-0.197012655,-0.160455973,-0.178359276,-0.050050468,-0.126169768,0.001085863,-0.112975728,-0.052391244,-0.059372338,0.018819088,0.012082904,0.009576495,-0.031697489,-0.039978406,9.358446092,0.017009383,0.075522997,-0.024207593,-0.013511778,0.017901651,0.050063516
367,-0.08093193,0.010485637,-0.045822852,0.03200594,-0.161740067,-0.157286323,5.35E-05,-0.118587178,-0.086278594,-0.067925882,-0.072475488,0.017463306,0.011138036,0.005901335,0.004363702,14.36067372,0.017150659,0.075566575,-0.024157293,-0.012211935,0.018181902,0.05038967
368,-0.029193348,-0.008459947,-0.026701399,-0.118635023,-0.04464006,-0.14230028,-0.114974115,-0.072434964,-0.00916962,0.016923426,-0.03417216,-0.046365412,0.007535105,0.009684597,-0.020384019,8.065927164,0.017620788,0.080914993,-0.024723321,-0.014537307,0.019189124,0.055512571
369,0.035654707,-0.154312042,-0.098772159,0.046933461,-0.03937454,0.021615083,-0.111863841,-0.054092843,-0.010027989,0.006751806,0.006671236,-0.006822596,-0.043314885,-0.043855785,0.0172983,0.319776869,0.019697408,0.090343637,-0.026268112,-0.018079212,0.021240118,0.063177046
370,0.047546013,-0.092083053,-0.174314207,-0.19809925,0.020293365,0.038617694,-0.075814291,-0.053117618,-0.079743356,0.010083979,-0.056392471,-0.035255871,-0.050317425,0.017035243,-0.001359812,14.80893522,0.015723713,0.071937601,-0.023909956,-0.011341471,0.017886945,0.047816616
371,-0.072475456,-0.041846377,-0.018578952,-0.115055437,-0.16848294,-0.180759236,-0.102801442,0.014227524,0.009126145,-0.045346947,0.016380829,-0.015996731,-0.003623937,0.011486638,-0.04779438,16.7794537,0.015463975,0.069250121,-0.022136772,-0.010560664,0.016096254,0.045372972
372,-0.050822353,-0.177245689,-0.068906936,0.008798208,-0.081810831,-0.119979528,-0.037339822,-0.080284634,-0.032663125,-0.005112003,-0.044570873,0.013389693,-0.044050405,-0.02503262,0.009491374,8.523092093,0.017645286,0.080229509,-0.025278961,-0.014444837,0.019326049,0.054290525
373,0.031427847,-0.01739218,-0.075607986,-0.187620656,0.019547123,-0.135037189,-0.015293573,-0.004177196,-0.035728064,-0.019385597,-0.009586375,-0.038384419,-0.022601032,-0.058666517,0.018129513,2.298673089,0.019234642,0.087237252,-0.025449458,-0.016906317,0.020514889,0.06081295
374,-0.162900336,0.042655173,-0.002723192,-0.155184656,-0.120896312,-0.189833954,-0.045687981,-0.083449228,-0.055659514,-0.007309595,0.013149988,-0.07522393,-0.037737846,0.004912165,0.015433245,4.210549435,0.019129809,0.083470438,-0.025237942,-0.015802021,0.019837066,0.057309766
375,-0.006229612,-0.070400263,-0.091236547,-0.165933281,-0.01711238,0.049598308,-0.107878326,0.010678917,-0.110050505,-0.072271171,-0.028917405,-0.059482907,-0.024042782,-0.019576264,-0.039549454,6.592741521,0.018849209,0.08088128,-0.026271126,-0.014512938,0.02095822,0.055385719
376,-0.136311904,-0.171551823,-0.0432644,0.035888648,0.024714217,-0.189096049,0.005070687,-0.050920367,-0.062805277,-0.069678577,-0.023073387,-0.049846417,-0.006139539,0.009975466,0.001108826,18.16066034,0.015302304,0.07015938,-0.023447706,-0.010773589,0.017274336,0.046614218
377,-0.111419495,-0.040481146,-0.033221842,-0.111025869,-0.107984787,-0.035025633,-0.117521873,-0.101419145,-0.031454305,-0.039535819,-0.031011237,-0.076780677,-0.005350304,-0.028107459,-0.053607066,16.97871387,0.015502429,0.068347865,-0.023130412,-0.010233615,0.017137735,0.044784035
378,-0.109299847,-0.085639394,-0.189005848,-0.195713137,0.033987927,-0.088890095,-0.00239367,-0.071602571,-0.097326795,0.013542206,-0.06077841,-0.015483403,-0.02291311,0.008144517,-0.018580959,5.454334587,0.018514157,0.082157517,-0.025284592,-0.015637142,0.019775549,0.056192643
379,0.035091812,-0.059478055,-0.035129048,-0.176663786,-0.103486779,-0.031556425,-0.062708063,0.009679246,-0.115083985,-0.068327206,0.016050563,-0.013638182,-0.041720193,-0.023428923,0.017478051,10.95175681,0.017094738,0.075864558,-0.024854554,-0.012588633,0.019139003,0.050994759
380,-0.190619768,-0.139829607,-0.122031382,-0.057729302,-0.10052533,-0.187948291,-0.065908739,0.005529509,-0.099613094,-0.055408798,-0.009220406,0.003765834,0.010552636,-0.057788451,-0.015094074,16.18348949,0.015508643,0.068600235,-0.023248749,-0.010794273,0.016683964,0.044541916
381,-0.181976744,-0.179690646,-0.197841426,-0.106098386,-0.051836636,0.030922077,0.003909673,-0.086305437,-0.097000792,-0.043953501,-0.001466703,0.006576365,-0.032322827,-0.04219458,-0.001038425,6.230363903,0.017734893,0.078570974,-0.025054669,-0.014665748,0.019283785,0.053016568
382,-0.047251704,-0.10329674,-0.158733,0.029388433,-0.087269137,0.030609413,-0.014414709,0.018179149,-0.07444733,0.01396005,-0.016370231,-0.001374285,-0.017744478,-0.02762133,-0.031851118,3.411827018,0.018441246,0.087029327,-0.025182273,-0.017048518,0.02017296,0.06087921
383,-0.14033788,-0.145911519,0.021155554,-0.103373588,-0.058961066,-0.129529524,-0.11604866,-0.014889729,-0.11578665,-0.042630148,-0.026819486,-0.034432953,0.018200111,-0.037550042,0.014293421,14.7001235,0.01581764,0.070648928,-0.023542259,-0.011117653,0.017310482,0.046721624
384,-0.16817868,-0.115674169,-0.171681078,-0.042799162,-0.089214694,-0.146841216,-0.043196786,-0.028601025,-0.049335351,-0.023917217,-0.029905964,-0.035795599,0.000475433,-0.004023378,-0.040197375,16.80556404,0.015254687,0.069041993,-0.022998573,-0.010896079,0.016610771,0.045021437
385,0.010968547,-0.150801729,-0.062637449,-0.02188667,-0.162406261,-0.140913018,-0.074514932,-0.034007659,-0.111344884,-0.053810479,-0.034379755,-0.062323889,-0.032653968,-0.016492677,0.016850811,11.32161933,0.017839373,0.077755815,-0.025713676,-0.013197483,0.019279873,0.051476836
386,-0.113286649,-0.082597588,-0.053214958,-0.147858762,-0.174306237,-0.105471136,0.003406111,-0.013878051,-0.035252768,-0.075923233,-0.075693748,-0.066522913,-0.010880334,-0.015455049,-0.034473083,14.02911271,0.015930897,0.071046608,-0.023347597,-0.011464385,0.017204634,0.046540584
387,-0.129435557,0.024917493,-0.146367934,0.012368381,-0.182917593,-0.139152938,-0.030379729,0.002602971,-0.083624389,-0.060080036,0.00323003,-0.025502797,0.006092251,0.011181609,-0.046273368,10.94462934,0.017348218,0.077893489,-0.024404441,-0.013550315,0.018643547,0.052615507
388,0.008678041,-0.000483765,-0.03263851,-0.066544191,-0.188715268,-0.090566468,-0.113679462,-0.113345499,-0.010595939,-0.054668135,-0.03298704,-0.028606368,-0.042511801,0.007817495,-0.027209225,13.05229263,0.017087635,0.074635485,-0.024199844,-0.011856793,0.01815436,0.049218675
389,-0.130930136,-0.034899199,-0.10721176,-0.096851235,-0.177840191,-0.196849392,-0.090118039,0.015437714,-0.01795649,-0.033591495,0.001902849,-0.028467118,-0.002182869,0.018755808,-0.04584636,9.943306485,0.017280595,0.076471597,-0.023635534,-0.013437046,0.017714898,0.05118293
390,-0.012396302,0.022244086,-0.066883076,-0.154407271,-0.158984125,-0.10139532,-0.118285319,-0.037703315,-0.095107099,0.005411215,-0.036417951,-0.072247323,0.019847575,-0.059120719,-0.002803038,18.97603871,0.015578011,0.068363236,-0.022596021,-0.00991768,0.016500668,0.044268524
391,-0.145442889,-0.091159815,-0.07704272,-0.072988444,-0.068246345,-0.157700746,-0.018391473,-0.067633347,-0.026729865,-0.044719263,-0.017800574,0.018353986,-0.000108585,-0.032246772,-0.059459769,11.40679351,0.01633806,0.074745052,-0.023957985,-0.012775046,0.017959324,0.050105243
392,-0.004603025,-0.096197273,-0.15512503,-0.031503235,-0.193346461,-0.128030173,-0.063888757,-0.118893429,-0.104724263,-0.030592605,-0.037210749,0.018638154,0.013370796,-0.019387328,-0.004455101,2.166177684,0.021019719,0.089281166,-0.027352216,-0.017884447,0.02144257,0.060519666
393,-0.197047538,-0.173759377,-0.007532555,0.041765906,-0.023231928,0.04864046,-0.084288093,-0.006853725,-0.068462888,-0.049658092,-0.005093492,-0.067996047,-0.052603393,-0.01991431,0.010950161,3.371654499,0.019203776,0.08408172,-0.026051637,-0.015982261,0.021238524,0.058646763
394,-0.1770336,-0.098564967,-0.119904186,-0.121659332,0.030313504,-0.193964234,0.015647008,-0.105296331,-0.066915875,-0.021267039,-0.055930737,-0.032340559,-0.020542905,0.01894492,-0.04218024,2.580451992,0.020055033,0.086086549,-0.026139559,-0.017075154,0.020876038,0.059221806
395,-0.002162742,0.021296345,-0.197344402,-0.153355154,0.012354185,-0.080312266,-0.082186589,0.019031177,-0.072541415,0.01963908,0.007857132,0.007406622,-0.042079637,-0.055197281,-0.057474276,17.67260512,0.015671562,0.070402783,-0.023975032,-0.01059349,0.017845913,0.046877814
396,-0.133804374,-0.102113017,-0.08625921,-0.061831231,-0.174623667,-0.118861543,-0.035642961,-0.090151467,0.009472078,0.019279942,-0.016932425,-0.052373687,-0.007212541,-0.023981305,-0.044590082,16.4381885,0.015562547,0.069708976,-0.022965517,-0.011097905,0.016676604,0.045588897
397,-0.047924216,-0.186340629,-0.122893163,0.043391107,-0.06664435,-0.035828398,-0.002508578,-0.105543928,-0.110889829,0.016252976,-0.008638377,0.001729415,-0.055768528,-0.003656036,-0.015585075,1.330890647,0.020137136,0.089717692,-0.026898768,-0.018087582,0.02159131,0.062182011
398,-0.012787674,-0.039812969,0.007650626,-0.048721323,-0.050688007,-0.085846272,-0.042008417,-0.002701665,-0.065860369,-0.055063785,-0.031417965,-0.045960756,-0.031094145,0.0191135,-0.039129103,9.672799985,0.0172521,0.079870154,-0.025099833,-0.01368683,0.019655424,0.054881357
399,-0.147479927,-0.141717707,-0.138783721,-0.150459038,-0.001216602,-0.136941419,-0.053407505,-0.057246603,-0.08932805,-0.069771604,-0.04516797,-0.065546535,-0.039933075,-0.040845319,-0.029014145,5.205989143,0.019217694,0.080339662,-0.026177323,-0.015023787,0.020441029,0.053947519
